/*******************************************************************************
 * Size: 24 px
 * Bpp: 4
 * Opts: --font /fonts/Gabarito-Medium.ttf -o /fonts/font_medium_24_data.c --size 24 --bpp 4 --format lvgl --no-compress --range 0x20-0x7F, 0xA0-0xFF
 ******************************************************************************/

#ifdef __has_include
    #if __has_include("lvgl.h")
        #ifndef LV_LVGL_H_INCLUDE_SIMPLE
            #define LV_LVGL_H_INCLUDE_SIMPLE
        #endif
    #endif
#endif

#ifdef LV_LVGL_H_INCLUDE_SIMPLE
    #include "lvgl.h"
#else
    #include "lvgl/lvgl.h"
#endif



#ifndef FONT_MEDIUM_24_DATA
#define FONT_MEDIUM_24_DATA 1
#endif

#if FONT_MEDIUM_24_DATA

/*-----------------
 *    BITMAPS
 *----------------*/

/*Store the image of the glyphs*/
static LV_ATTRIBUTE_LARGE_CONST const uint8_t glyph_bitmap[] = {
    /* U+0020 " " */

    /* U+0021 "!" */
    0x3f, 0xff, 0x22, 0xff, 0xf1, 0x2f, 0xff, 0x11,
    0xff, 0xf0, 0x1f, 0xff, 0x00, 0xff, 0xf0, 0x0f,
    0xff, 0x00, 0xff, 0xe0, 0x0f, 0xfe, 0x00, 0xef,
    0xc0, 0x0c, 0xfb, 0x00, 0x9d, 0x80, 0x00, 0x00,
    0x00, 0xae, 0xa0, 0x6f, 0xff, 0x56, 0xff, 0xf5,
    0x0b, 0xfa, 0x00,

    /* U+0022 "\"" */
    0x5f, 0xf6, 0x6f, 0xf4, 0x5f, 0xf6, 0x6f, 0xf4,
    0x5f, 0xf6, 0x6f, 0xf4, 0x4f, 0xf6, 0x6f, 0xf4,
    0x1f, 0xf6, 0x3f, 0xf4, 0x0e, 0xf6, 0x0f, 0xf4,
    0x0b, 0xf6, 0x0d, 0xf4, 0x00, 0x10, 0x00, 0x10,

    /* U+0023 "#" */
    0x00, 0x00, 0x09, 0xfc, 0x00, 0x5f, 0xf0, 0x00,
    0x00, 0x00, 0x0c, 0xf9, 0x00, 0x8f, 0xd0, 0x00,
    0x00, 0x00, 0x0f, 0xf6, 0x00, 0xbf, 0xa0, 0x00,
    0x00, 0x22, 0x4f, 0xf5, 0x22, 0xff, 0x92, 0x20,
    0x00, 0xff, 0xff, 0xff, 0xff, 0xff, 0xff, 0xf1,
    0x00, 0xff, 0xff, 0xff, 0xff, 0xff, 0xff, 0xf1,
    0x00, 0x00, 0xbf, 0xa0, 0x07, 0xfe, 0x00, 0x00,
    0x00, 0x00, 0xef, 0x70, 0x0a, 0xfb, 0x00, 0x00,
    0x00, 0x02, 0xff, 0x30, 0x0d, 0xf8, 0x00, 0x00,
    0x02, 0x27, 0xff, 0x32, 0x3f, 0xf7, 0x22, 0x00,
    0x1f, 0xff, 0xff, 0xff, 0xff, 0xff, 0xfe, 0x00,
    0x1f, 0xff, 0xff, 0xff, 0xff, 0xff, 0xfe, 0x00,
    0x00, 0x0e, 0xf7, 0x00, 0xaf, 0xb0, 0x00, 0x00,
    0x00, 0x1f, 0xf4, 0x00, 0xdf, 0x80, 0x00, 0x00,
    0x00, 0x4f, 0xf1, 0x00, 0xff, 0x50, 0x00, 0x00,
    0x00, 0x7f, 0xe0, 0x03, 0xff, 0x20, 0x00, 0x00,

    /* U+0024 "$" */
    0x00, 0x00, 0x06, 0x84, 0x00, 0x00, 0x00, 0x00,
    0x0c, 0xf8, 0x00, 0x00, 0x00, 0x00, 0x0c, 0xf8,
    0x00, 0x00, 0x00, 0x04, 0xcf, 0xff, 0xc5, 0x00,
    0x00, 0x7f, 0xff, 0xff, 0xff, 0xa0, 0x02, 0xff,
    0xfb, 0x9c, 0xff, 0xf7, 0x08, 0xff, 0x60, 0x00,
    0x4e, 0x80, 0x0a, 0xff, 0x20, 0x00, 0x00, 0x00,
    0x08, 0xff, 0xa0, 0x00, 0x00, 0x00, 0x02, 0xff,
    0xfe, 0x83, 0x00, 0x00, 0x00, 0x5f, 0xff, 0xff,
    0xe8, 0x00, 0x00, 0x01, 0x7c, 0xff, 0xff, 0xd1,
    0x00, 0x00, 0x00, 0x05, 0xef, 0xfa, 0x00, 0x00,
    0x00, 0x00, 0x2f, 0xfe, 0x00, 0x75, 0x00, 0x00,
    0x0e, 0xff, 0x0d, 0xff, 0x50, 0x00, 0x4f, 0xfc,
    0x08, 0xff, 0xfd, 0xac, 0xff, 0xf5, 0x00, 0xbf,
    0xff, 0xff, 0xff, 0x70, 0x00, 0x05, 0xbf, 0xff,
    0xa3, 0x00, 0x00, 0x00, 0x0c, 0xf8, 0x00, 0x00,
    0x00, 0x00, 0x0c, 0xf8, 0x00, 0x00, 0x00, 0x00,
    0x06, 0x84, 0x00, 0x00,

    /* U+0025 "%" */
    0x00, 0x8e, 0xfc, 0x50, 0x00, 0x00, 0x00, 0xb3,
    0x00, 0x0b, 0xff, 0xff, 0xf6, 0x00, 0x00, 0x0b,
    0xfe, 0x00, 0x4f, 0xf7, 0x3a, 0xff, 0x00, 0x00,
    0xaf, 0xf4, 0x00, 0x6f, 0xe0, 0x02, 0xff, 0x10,
    0x08, 0xff, 0x50, 0x00, 0x4f, 0xf7, 0x3a, 0xff,
    0x00, 0x7f, 0xf7, 0x00, 0x00, 0x0b, 0xff, 0xff,
    0xf6, 0x05, 0xff, 0x80, 0x00, 0x00, 0x00, 0x8e,
    0xfd, 0x50, 0x3f, 0xfa, 0x00, 0x00, 0x00, 0x00,
    0x00, 0x00, 0x02, 0xef, 0xb0, 0x00, 0x00, 0x00,
    0x00, 0x00, 0x00, 0x1e, 0xfd, 0x00, 0x01, 0x00,
    0x00, 0x00, 0x00, 0x01, 0xdf, 0xe1, 0x1a, 0xff,
    0xf8, 0x00, 0x00, 0x00, 0x0c, 0xfe, 0x20, 0xcf,
    0xff, 0xff, 0x90, 0x00, 0x00, 0xaf, 0xf3, 0x03,
    0xff, 0x50, 0x8f, 0xf1, 0x00, 0x08, 0xff, 0x50,
    0x05, 0xfe, 0x00, 0x2f, 0xf2, 0x00, 0x7f, 0xf6,
    0x00, 0x03, 0xff, 0x73, 0xaf, 0xf0, 0x03, 0xff,
    0x80, 0x00, 0x00, 0xaf, 0xff, 0xff, 0x70, 0x00,
    0x79, 0x00, 0x00, 0x00, 0x07, 0xdf, 0xd5, 0x00,

    /* U+0026 "&" */
    0x00, 0x07, 0xcf, 0xfd, 0x70, 0x00, 0x00, 0x00,
    0xcf, 0xff, 0xff, 0xfd, 0x10, 0x00, 0x07, 0xff,
    0xfd, 0xce, 0xfb, 0x10, 0x00, 0x0c, 0xff, 0x40,
    0x00, 0x30, 0x00, 0x00, 0x0b, 0xff, 0x40, 0x00,
    0x00, 0x00, 0x00, 0x04, 0xff, 0xfc, 0xa8, 0x88,
    0x88, 0x88, 0x00, 0x6f, 0xff, 0xff, 0xff, 0xff,
    0xff, 0x03, 0xef, 0xff, 0xff, 0xff, 0xff, 0xff,
    0x0e, 0xff, 0x61, 0x00, 0x1f, 0xfb, 0x00, 0x7f,
    0xf7, 0x00, 0x00, 0x1f, 0xfb, 0x00, 0x9f, 0xf3,
    0x00, 0x00, 0x2f, 0xfa, 0x00, 0x8f, 0xf5, 0x00,
    0x00, 0x6f, 0xf8, 0x00, 0x5f, 0xfd, 0x20, 0x02,
    0xef, 0xf4, 0x00, 0x0d, 0xff, 0xfd, 0xdf, 0xff,
    0xc0, 0x00, 0x02, 0xdf, 0xff, 0xff, 0xfe, 0x20,
    0x00, 0x00, 0x07, 0xce, 0xfd, 0x70, 0x00, 0x00,

    /* U+0027 "'" */
    0x5f, 0xf6, 0x5f, 0xf6, 0x5f, 0xf6, 0x4f, 0xf6,
    0x1f, 0xf6, 0x0e, 0xf6, 0x0b, 0xf6, 0x00, 0x10,

    /* U+0028 "(" */
    0x00, 0x00, 0x00, 0x00, 0x00, 0x00, 0x6e, 0x30,
    0x00, 0x04, 0xff, 0xe0, 0x00, 0x1e, 0xff, 0x60,
    0x00, 0xaf, 0xf9, 0x00, 0x02, 0xff, 0xe0, 0x00,
    0x09, 0xff, 0x60, 0x00, 0x0e, 0xfe, 0x00, 0x00,
    0x2f, 0xfa, 0x00, 0x00, 0x5f, 0xf6, 0x00, 0x00,
    0x7f, 0xf4, 0x00, 0x00, 0x8f, 0xf3, 0x00, 0x00,
    0x8f, 0xf2, 0x00, 0x00, 0x7f, 0xf3, 0x00, 0x00,
    0x6f, 0xf5, 0x00, 0x00, 0x3f, 0xf8, 0x00, 0x00,
    0x0f, 0xfd, 0x00, 0x00, 0x0b, 0xff, 0x30, 0x00,
    0x04, 0xff, 0xc0, 0x00, 0x00, 0xcf, 0xf5, 0x00,
    0x00, 0x4f, 0xfe, 0x20, 0x00, 0x08, 0xff, 0xd0,
    0x00, 0x00, 0xbf, 0x80, 0x00, 0x00, 0x05, 0x00,

    /* U+0029 ")" */
    0x00, 0x00, 0x00, 0x00, 0xac, 0x00, 0x00, 0x9f,
    0xfb, 0x00, 0x01, 0xef, 0xf6, 0x00, 0x03, 0xff,
    0xf1, 0x00, 0x08, 0xff, 0x90, 0x00, 0x1e, 0xfe,
    0x00, 0x00, 0x8f, 0xf5, 0x00, 0x03, 0xff, 0x80,
    0x00, 0x0f, 0xfc, 0x00, 0x00, 0xdf, 0xd0, 0x00,
    0x0c, 0xff, 0x00, 0x00, 0xcf, 0xf0, 0x00, 0x0d,
    0xfe, 0x00, 0x00, 0xff, 0xd0, 0x00, 0x2f, 0xfa,
    0x00, 0x06, 0xff, 0x60, 0x00, 0xcf, 0xf1, 0x00,
    0x5f, 0xfb, 0x00, 0x0e, 0xff, 0x30, 0x0a, 0xff,
    0xa0, 0x07, 0xff, 0xe1, 0x00, 0x3e, 0xf3, 0x00,
    0x00, 0x23, 0x00, 0x00,

    /* U+002A "*" */
    0x00, 0x03, 0x10, 0x32, 0x00, 0x00, 0x8f, 0x90,
    0xbf, 0x60, 0x00, 0x2f, 0xf4, 0xfe, 0x10, 0x03,
    0x16, 0xff, 0xf3, 0x13, 0x1f, 0xff, 0xff, 0xff,
    0xfe, 0x1d, 0xca, 0xff, 0xfa, 0xcc, 0x00, 0x09,
    0xfd, 0xf7, 0x00, 0x00, 0x5f, 0xe1, 0xff, 0x30,
    0x00, 0x5e, 0x70, 0x9d, 0x30, 0x00, 0x00, 0x00,
    0x10, 0x00,

    /* U+002B "+" */
    0x00, 0x00, 0x38, 0x81, 0x00, 0x00, 0x00, 0x00,
    0x6f, 0xf3, 0x00, 0x00, 0x00, 0x00, 0x6f, 0xf3,
    0x00, 0x00, 0x00, 0x00, 0x6f, 0xf3, 0x00, 0x00,
    0x00, 0x00, 0x6f, 0xf3, 0x00, 0x00, 0x69, 0x99,
    0xff, 0xfd, 0x99, 0x97, 0xaf, 0xff, 0xff, 0xff,
    0xff, 0xfc, 0xaf, 0xff, 0xff, 0xff, 0xff, 0xfc,
    0x00, 0x00, 0x6f, 0xf3, 0x00, 0x00, 0x00, 0x00,
    0x6f, 0xf3, 0x00, 0x00, 0x00, 0x00, 0x6f, 0xf3,
    0x00, 0x00, 0x00, 0x00, 0x6f, 0xf3, 0x00, 0x00,
    0x00, 0x00, 0x38, 0x81, 0x00, 0x00,

    /* U+002C "," */
    0x4d, 0xf7, 0x0a, 0xff, 0xf4, 0x0b, 0xff, 0x70,
    0x6f, 0xf5, 0x07, 0xff, 0x10, 0xdf, 0x80, 0x8f,
    0xb0, 0x07, 0x90, 0x00,

    /* U+002D "-" */
    0x29, 0x99, 0x99, 0x99, 0x03, 0xff, 0xff, 0xff,
    0xf1, 0x3f, 0xff, 0xff, 0xff, 0x10,

    /* U+002E "." */
    0x00, 0x20, 0x03, 0xef, 0xa0, 0xcf, 0xff, 0x4b,
    0xff, 0xf3, 0x1c, 0xf8, 0x00,

    /* U+002F "/" */
    0x00, 0x00, 0x00, 0x00, 0x15, 0x00, 0x00, 0x00,
    0x00, 0x00, 0x8f, 0xd1, 0x00, 0x00, 0x00, 0x01,
    0xff, 0xb0, 0x00, 0x00, 0x00, 0x08, 0xff, 0x40,
    0x00, 0x00, 0x00, 0x0f, 0xfc, 0x00, 0x00, 0x00,
    0x00, 0x7f, 0xf4, 0x00, 0x00, 0x00, 0x00, 0xef,
    0xc0, 0x00, 0x00, 0x00, 0x07, 0xff, 0x40, 0x00,
    0x00, 0x00, 0x0e, 0xfd, 0x00, 0x00, 0x00, 0x00,
    0x6f, 0xf5, 0x00, 0x00, 0x00, 0x00, 0xef, 0xd0,
    0x00, 0x00, 0x00, 0x06, 0xff, 0x50, 0x00, 0x00,
    0x00, 0x0d, 0xfd, 0x00, 0x00, 0x00, 0x00, 0x5f,
    0xf6, 0x00, 0x00, 0x00, 0x00, 0xdf, 0xe0, 0x00,
    0x00, 0x00, 0x05, 0xff, 0x60, 0x00, 0x00, 0x00,
    0x0d, 0xfe, 0x00, 0x00, 0x00, 0x00, 0x5f, 0xf7,
    0x00, 0x00, 0x00, 0x00, 0xcf, 0xe0, 0x00, 0x00,
    0x00, 0x00, 0x29, 0x70, 0x00, 0x00, 0x00, 0x00,

    /* U+0030 "0" */
    0x00, 0x01, 0x8d, 0xfd, 0x91, 0x00, 0x00, 0x01,
    0xdf, 0xff, 0xff, 0xe3, 0x00, 0x00, 0xcf, 0xff,
    0xce, 0xff, 0xe0, 0x00, 0x5f, 0xfd, 0x10, 0x0c,
    0xff, 0x70, 0x0a, 0xff, 0x40, 0x00, 0x3f, 0xfc,
    0x00, 0xef, 0xf0, 0x00, 0x00, 0xdf, 0xf0, 0x0f,
    0xfc, 0x00, 0x00, 0x0a, 0xff, 0x21, 0xff, 0xb0,
    0x00, 0x00, 0x9f, 0xf3, 0x1f, 0xfb, 0x00, 0x00,
    0x09, 0xff, 0x30, 0xff, 0xc0, 0x00, 0x00, 0xaf,
    0xf2, 0x0e, 0xfe, 0x00, 0x00, 0x0d, 0xff, 0x00,
    0xaf, 0xf3, 0x00, 0x02, 0xff, 0xc0, 0x05, 0xff,
    0xc1, 0x00, 0xbf, 0xf7, 0x00, 0x0c, 0xff, 0xec,
    0xef, 0xfe, 0x00, 0x00, 0x1d, 0xff, 0xff, 0xff,
    0x30, 0x00, 0x00, 0x18, 0xdf, 0xd9, 0x10, 0x00,

    /* U+0031 "1" */
    0x00, 0x00, 0xbf, 0x80, 0x14, 0xcf, 0xf8, 0x3f,
    0xff, 0xff, 0x83, 0xff, 0xff, 0xf8, 0x29, 0x65,
    0xff, 0x80, 0x00, 0x3f, 0xf8, 0x00, 0x03, 0xff,
    0x80, 0x00, 0x3f, 0xf8, 0x00, 0x03, 0xff, 0x80,
    0x00, 0x3f, 0xf8, 0x00, 0x03, 0xff, 0x80, 0x00,
    0x3f, 0xf8, 0x00, 0x03, 0xff, 0x80, 0x00, 0x3f,
    0xf8, 0x00, 0x03, 0xff, 0x80, 0x00, 0x3f, 0xf8,

    /* U+0032 "2" */
    0x00, 0x05, 0xcf, 0xfd, 0x70, 0x00, 0x00, 0xaf,
    0xff, 0xff, 0xfc, 0x00, 0x09, 0xff, 0xfc, 0xcf,
    0xff, 0x70, 0x1e, 0xfe, 0x30, 0x04, 0xff, 0xc0,
    0x01, 0x92, 0x00, 0x00, 0xef, 0xd0, 0x00, 0x00,
    0x00, 0x00, 0xff, 0xc0, 0x00, 0x00, 0x00, 0x07,
    0xff, 0x70, 0x00, 0x00, 0x00, 0x3f, 0xfe, 0x10,
    0x00, 0x00, 0x01, 0xef, 0xf5, 0x00, 0x00, 0x00,
    0x1d, 0xff, 0x80, 0x00, 0x00, 0x00, 0xcf, 0xfa,
    0x00, 0x00, 0x00, 0x0c, 0xff, 0xb0, 0x00, 0x00,
    0x00, 0xbf, 0xfc, 0x00, 0x00, 0x00, 0x09, 0xff,
    0xfb, 0xaa, 0xaa, 0xa1, 0x0d, 0xff, 0xff, 0xff,
    0xff, 0xf2, 0x0d, 0xff, 0xff, 0xff, 0xff, 0xf2,

    /* U+0033 "3" */
    0x00, 0x06, 0xce, 0xfd, 0x81, 0x00, 0x01, 0xdf,
    0xff, 0xff, 0xfe, 0x10, 0x0d, 0xff, 0xeb, 0xcf,
    0xff, 0x90, 0x02, 0xc6, 0x00, 0x03, 0xff, 0xc0,
    0x00, 0x00, 0x00, 0x00, 0xff, 0xa0, 0x00, 0x00,
    0x01, 0x4b, 0xff, 0x30, 0x00, 0x02, 0xff, 0xff,
    0xf4, 0x00, 0x00, 0x02, 0xff, 0xff, 0xfe, 0x30,
    0x00, 0x00, 0x67, 0x9e, 0xff, 0xe0, 0x00, 0x00,
    0x00, 0x00, 0xcf, 0xf4, 0x00, 0x00, 0x00, 0x00,
    0x6f, 0xf7, 0x00, 0x20, 0x00, 0x00, 0x6f, 0xf6,
    0x07, 0xf6, 0x00, 0x02, 0xdf, 0xf3, 0x2f, 0xff,
    0xeb, 0xcf, 0xff, 0xc0, 0x04, 0xef, 0xff, 0xff,
    0xfd, 0x20, 0x00, 0x18, 0xdf, 0xfd, 0x81, 0x00,

    /* U+0034 "4" */
    0x00, 0x00, 0x2f, 0xfa, 0x00, 0x00, 0x00, 0x00,
    0x09, 0xff, 0x30, 0x00, 0x00, 0x00, 0x00, 0xff,
    0xd0, 0x00, 0x00, 0x00, 0x00, 0x6f, 0xf7, 0x00,
    0x00, 0x00, 0x00, 0x0c, 0xff, 0x10, 0x00, 0x00,
    0x00, 0x03, 0xff, 0xa0, 0x01, 0x75, 0x00, 0x00,
    0x9f, 0xf4, 0x00, 0x6f, 0xb0, 0x00, 0x0f, 0xfd,
    0x00, 0x0d, 0xfb, 0x00, 0x06, 0xff, 0x70, 0x03,
    0xff, 0xb0, 0x00, 0xcf, 0xfc, 0xbb, 0xff, 0xff,
    0xba, 0x1f, 0xff, 0xff, 0xff, 0xff, 0xff, 0xf1,
    0xff, 0xff, 0xff, 0xff, 0xff, 0xff, 0x00, 0x00,
    0x00, 0x02, 0xff, 0xb0, 0x00, 0x00, 0x00, 0x00,
    0x2f, 0xfb, 0x00, 0x00, 0x00, 0x00, 0x02, 0xff,
    0xb0, 0x00, 0x00, 0x00, 0x00, 0x2f, 0xfb, 0x00,

    /* U+0035 "5" */
    0x08, 0xff, 0xff, 0xff, 0xff, 0xe0, 0x08, 0xff,
    0xff, 0xff, 0xff, 0xe0, 0x08, 0xff, 0xdb, 0xbb,
    0xbb, 0x90, 0x08, 0xff, 0x20, 0x00, 0x00, 0x00,
    0x08, 0xff, 0x20, 0x00, 0x00, 0x00, 0x08, 0xff,
    0x8c, 0xfe, 0xb4, 0x00, 0x08, 0xff, 0xff, 0xff,
    0xff, 0x60, 0x08, 0xff, 0xfe, 0xdf, 0xff, 0xf2,
    0x06, 0xef, 0x40, 0x01, 0xcf, 0xf9, 0x00, 0x00,
    0x00, 0x00, 0x2f, 0xfd, 0x00, 0x00, 0x00, 0x00,
    0x0f, 0xfe, 0x00, 0x00, 0x00, 0x00, 0x1f, 0xfc,
    0x02, 0xcc, 0x10, 0x00, 0xbf, 0xf9, 0x0b, 0xff,
    0xfc, 0xbe, 0xff, 0xf2, 0x01, 0xcf, 0xff, 0xff,
    0xff, 0x50, 0x00, 0x06, 0xbe, 0xfe, 0x92, 0x00,

    /* U+0036 "6" */
    0x00, 0x00, 0x4b, 0xdf, 0xea, 0x40, 0x00, 0x00,
    0xaf, 0xff, 0xff, 0xff, 0xa0, 0x00, 0x9f, 0xff,
    0xca, 0xcf, 0xf5, 0x00, 0x3f, 0xff, 0x40, 0x00,
    0x14, 0x00, 0x0a, 0xff, 0x60, 0x00, 0x00, 0x00,
    0x00, 0xef, 0xf0, 0x16, 0x87, 0x30, 0x00, 0x1f,
    0xfb, 0x7f, 0xff, 0xff, 0xa0, 0x03, 0xff, 0xff,
    0xff, 0xff, 0xff, 0xa0, 0x4f, 0xff, 0xe4, 0x01,
    0x7f, 0xff, 0x23, 0xff, 0xf3, 0x00, 0x00, 0x9f,
    0xf6, 0x1f, 0xff, 0x00, 0x00, 0x05, 0xff, 0x80,
    0xef, 0xf1, 0x00, 0x00, 0x7f, 0xf6, 0x09, 0xff,
    0xa0, 0x00, 0x2e, 0xff, 0x20, 0x1f, 0xff, 0xea,
    0xbf, 0xff, 0xb0, 0x00, 0x4f, 0xff, 0xff, 0xff,
    0xd1, 0x00, 0x00, 0x29, 0xdf, 0xfd, 0x70, 0x00,

    /* U+0037 "7" */
    0x5f, 0xff, 0xff, 0xff, 0xff, 0xf3, 0x5f, 0xff,
    0xff, 0xff, 0xff, 0xf3, 0x4b, 0xbb, 0xbb, 0xbb,
    0xff, 0xf2, 0x00, 0x00, 0x00, 0x04, 0xff, 0xa0,
    0x00, 0x00, 0x00, 0x0c, 0xff, 0x30, 0x00, 0x00,
    0x00, 0x4f, 0xfb, 0x00, 0x00, 0x00, 0x00, 0xcf,
    0xf3, 0x00, 0x00, 0x00, 0x04, 0xff, 0xb0, 0x00,
    0x00, 0x00, 0x0c, 0xff, 0x40, 0x00, 0x00, 0x00,
    0x4f, 0xfc, 0x00, 0x00, 0x00, 0x00, 0xcf, 0xf4,
    0x00, 0x00, 0x00, 0x04, 0xff, 0xc0, 0x00, 0x00,
    0x00, 0x0c, 0xff, 0x50, 0x00, 0x00, 0x00, 0x4f,
    0xfd, 0x00, 0x00, 0x00, 0x00, 0xcf, 0xf5, 0x00,
    0x00, 0x00, 0x04, 0xff, 0xd0, 0x00, 0x00, 0x00,

    /* U+0038 "8" */
    0x00, 0x4b, 0xef, 0xea, 0x30, 0x00, 0x7f, 0xff,
    0xff, 0xff, 0x60, 0x2f, 0xff, 0xdb, 0xef, 0xff,
    0x16, 0xff, 0x80, 0x00, 0xaf, 0xf5, 0x7f, 0xf4,
    0x00, 0x05, 0xff, 0x53, 0xff, 0xc3, 0x03, 0xdf,
    0xf1, 0x09, 0xff, 0xff, 0xff, 0xf7, 0x00, 0x0e,
    0xff, 0xff, 0xfd, 0x00, 0x0b, 0xff, 0xda, 0xdf,
    0xfb, 0x08, 0xff, 0x60, 0x00, 0x8f, 0xf6, 0xdf,
    0xe0, 0x00, 0x00, 0xff, 0xcf, 0xfe, 0x00, 0x00,
    0x0f, 0xfd, 0xdf, 0xf7, 0x00, 0x09, 0xff, 0xb7,
    0xff, 0xfd, 0xbe, 0xff, 0xf5, 0x0b, 0xff, 0xff,
    0xff, 0xf9, 0x00, 0x05, 0xbe, 0xfe, 0xb5, 0x00,

    /* U+0039 "9" */
    0x00, 0x06, 0xce, 0xfd, 0xa3, 0x00, 0x00, 0x1c,
    0xff, 0xff, 0xff, 0xf7, 0x00, 0x0a, 0xff, 0xfb,
    0xac, 0xff, 0xf4, 0x01, 0xff, 0xe2, 0x00, 0x03,
    0xff, 0xd0, 0x3f, 0xf9, 0x00, 0x00, 0x0b, 0xff,
    0x13, 0xff, 0xb0, 0x00, 0x00, 0xdf, 0xf5, 0x0f,
    0xff, 0x92, 0x02, 0xaf, 0xff, 0x60, 0x8f, 0xff,
    0xff, 0xff, 0xff, 0xf7, 0x00, 0x9f, 0xff, 0xff,
    0xa8, 0xff, 0x60, 0x00, 0x26, 0x86, 0x20, 0xaf,
    0xf5, 0x00, 0x00, 0x00, 0x00, 0x0e, 0xff, 0x20,
    0x00, 0x00, 0x00, 0x05, 0xff, 0xd0, 0x00, 0x64,
    0x00, 0x03, 0xef, 0xf7, 0x00, 0x3f, 0xfd, 0xac,
    0xff, 0xfd, 0x00, 0x07, 0xff, 0xff, 0xff, 0xfc,
    0x10, 0x00, 0x02, 0x9d, 0xff, 0xc6, 0x00, 0x00,

    /* U+003A ":" */
    0x1c, 0xf7, 0x0b, 0xff, 0xf3, 0xcf, 0xff, 0x43,
    0xff, 0xb0, 0x00, 0x20, 0x00, 0x00, 0x00, 0x00,
    0x00, 0x00, 0x02, 0x00, 0x3e, 0xfa, 0x0c, 0xff,
    0xf4, 0xbf, 0xff, 0x31, 0xcf, 0x80,

    /* U+003B ";" */
    0x1c, 0xf7, 0x0b, 0xff, 0xf3, 0xcf, 0xff, 0x43,
    0xff, 0xa0, 0x00, 0x20, 0x00, 0x00, 0x00, 0x00,
    0x00, 0x00, 0x24, 0x00, 0x7f, 0xfc, 0x07, 0xff,
    0xf5, 0x09, 0xff, 0x70, 0x6f, 0xf4, 0x09, 0xfe,
    0x01, 0xff, 0x40, 0xbf, 0x60, 0x03, 0x40, 0x00,

    /* U+003C "<" */
    0x00, 0x00, 0x00, 0x00, 0x03, 0x00, 0x00, 0x00,
    0x00, 0x01, 0x9f, 0x60, 0x00, 0x00, 0x00, 0x5e,
    0xff, 0xd0, 0x00, 0x00, 0x2b, 0xff, 0xfa, 0x10,
    0x00, 0x08, 0xff, 0xfd, 0x40, 0x00, 0x04, 0xdf,
    0xff, 0x70, 0x00, 0x00, 0x0f, 0xff, 0xd2, 0x00,
    0x00, 0x00, 0x0e, 0xff, 0xf6, 0x00, 0x00, 0x00,
    0x01, 0x9f, 0xff, 0xc3, 0x00, 0x00, 0x00, 0x03,
    0xdf, 0xff, 0x80, 0x00, 0x00, 0x00, 0x07, 0xff,
    0xfe, 0x50, 0x00, 0x00, 0x00, 0x1b, 0xff, 0xd0,
    0x00, 0x00, 0x00, 0x00, 0x5e, 0x30, 0x00, 0x00,
    0x00, 0x00, 0x00, 0x00,

    /* U+003D "=" */
    0x3f, 0xff, 0xff, 0xff, 0xff, 0xf5, 0x3f, 0xff,
    0xff, 0xff, 0xff, 0xf5, 0x16, 0x66, 0x66, 0x66,
    0x66, 0x62, 0x00, 0x00, 0x00, 0x00, 0x00, 0x00,
    0x16, 0x66, 0x66, 0x66, 0x66, 0x62, 0x3f, 0xff,
    0xff, 0xff, 0xff, 0xf5, 0x3f, 0xff, 0xff, 0xff,
    0xff, 0xf5,

    /* U+003E ">" */
    0x00, 0x10, 0x00, 0x00, 0x00, 0x00, 0x05, 0xf7,
    0x00, 0x00, 0x00, 0x00, 0x0c, 0xff, 0xd3, 0x00,
    0x00, 0x00, 0x00, 0x9f, 0xff, 0x91, 0x00, 0x00,
    0x00, 0x03, 0xcf, 0xfe, 0x60, 0x00, 0x00, 0x00,
    0x06, 0xff, 0xfc, 0x30, 0x00, 0x00, 0x00, 0x1a,
    0xff, 0xf1, 0x00, 0x00, 0x00, 0x3c, 0xff, 0xe1,
    0x00, 0x00, 0x19, 0xff, 0xfa, 0x10, 0x00, 0x05,
    0xef, 0xfd, 0x30, 0x00, 0x02, 0xbf, 0xff, 0x70,
    0x00, 0x00, 0x0c, 0xff, 0xb1, 0x00, 0x00, 0x00,
    0x04, 0xd4, 0x00, 0x00, 0x00, 0x00, 0x00, 0x00,
    0x00, 0x00, 0x00, 0x00,

    /* U+003F "?" */
    0x00, 0x00, 0x69, 0xb9, 0x50, 0x00, 0x00, 0x5e,
    0xff, 0xff, 0xfd, 0x20, 0x08, 0xff, 0xff, 0xff,
    0xff, 0xd0, 0x0e, 0xff, 0x82, 0x04, 0xdf, 0xf7,
    0x02, 0xe3, 0x00, 0x00, 0x3f, 0xfb, 0x00, 0x00,
    0x00, 0x00, 0x0f, 0xfd, 0x00, 0x00, 0x00, 0x00,
    0x2f, 0xfc, 0x00, 0x00, 0x00, 0x00, 0xaf, 0xf8,
    0x00, 0x00, 0x00, 0x0a, 0xff, 0xf1, 0x00, 0x00,
    0x04, 0xdf, 0xff, 0x40, 0x00, 0x00, 0x6f, 0xff,
    0xe4, 0x00, 0x00, 0x00, 0x2f, 0xfb, 0x10, 0x00,
    0x00, 0x00, 0x07, 0x50, 0x00, 0x00, 0x00, 0x00,
    0x00, 0x00, 0x00, 0x00, 0x00, 0x00, 0x1c, 0xe7,
    0x00, 0x00, 0x00, 0x00, 0x9f, 0xff, 0x20, 0x00,
    0x00, 0x00, 0x9f, 0xff, 0x30, 0x00, 0x00, 0x00,
    0x1c, 0xf8, 0x00, 0x00,

    /* U+0040 "@" */
    0x00, 0x00, 0x01, 0x7c, 0xef, 0xec, 0x71, 0x00,
    0x00, 0x00, 0x00, 0x08, 0xff, 0xff, 0xff, 0xff,
    0xf8, 0x00, 0x00, 0x00, 0x1c, 0xff, 0xfc, 0x97,
    0x9b, 0xff, 0xfc, 0x00, 0x00, 0x0c, 0xff, 0xb2,
    0x00, 0x00, 0x02, 0xcf, 0xfb, 0x00, 0x08, 0xff,
    0x90, 0x00, 0x00, 0x00, 0x00, 0xaf, 0xf5, 0x01,
    0xff, 0xc0, 0x03, 0xbf, 0xfa, 0x4f, 0x90, 0xef,
    0xc0, 0x7f, 0xf4, 0x04, 0xff, 0xff, 0xff, 0xf5,
    0x08, 0xff, 0x1b, 0xfe, 0x01, 0xef, 0xe3, 0x1f,
    0xff, 0x20, 0x5f, 0xf3, 0xdf, 0xb0, 0x6f, 0xf4,
    0x00, 0xef, 0xf0, 0x03, 0xff, 0x4f, 0xf9, 0x0a,
    0xff, 0x00, 0x0f, 0xfb, 0x00, 0x5f, 0xf2, 0xef,
    0xb0, 0xbf, 0xe0, 0x01, 0xff, 0x90, 0x0a, 0xfe,
    0x0c, 0xfd, 0x09, 0xff, 0x42, 0xbf, 0xfc, 0x16,
    0xff, 0x70, 0x8f, 0xf3, 0x2f, 0xff, 0xff, 0xef,
    0xff, 0xff, 0xb0, 0x03, 0xff, 0xb0, 0x4c, 0xfd,
    0x60, 0x7d, 0xfd, 0x60, 0x00, 0x0b, 0xff, 0x90,
    0x00, 0x00, 0x00, 0x00, 0x10, 0x00, 0x00, 0x1e,
    0xff, 0xb2, 0x00, 0x00, 0x00, 0x7f, 0x30, 0x00,
    0x00, 0x3e, 0xff, 0xfc, 0xa8, 0x9b, 0xff, 0xfd,
    0x00, 0x00, 0x00, 0x1a, 0xff, 0xff, 0xff, 0xff,
    0xfc, 0x20, 0x00, 0x00, 0x00, 0x02, 0x8c, 0xef,
    0xfd, 0x94, 0x00, 0x00, 0x00,

    /* U+0041 "A" */
    0x00, 0x00, 0x00, 0xef, 0xfd, 0x00, 0x00, 0x00,
    0x00, 0x00, 0x05, 0xff, 0xff, 0x30, 0x00, 0x00,
    0x00, 0x00, 0x0b, 0xff, 0xff, 0x90, 0x00, 0x00,
    0x00, 0x00, 0x1f, 0xfb, 0xcf, 0xe0, 0x00, 0x00,
    0x00, 0x00, 0x6f, 0xf5, 0x7f, 0xf5, 0x00, 0x00,
    0x00, 0x00, 0xcf, 0xf0, 0x1f, 0xfa, 0x00, 0x00,
    0x00, 0x02, 0xff, 0xa0, 0x0c, 0xff, 0x00, 0x00,
    0x00, 0x08, 0xff, 0x40, 0x06, 0xff, 0x60, 0x00,
    0x00, 0x0d, 0xfe, 0x00, 0x01, 0xff, 0xb0, 0x00,
    0x00, 0x3f, 0xf8, 0x00, 0x00, 0xbf, 0xf1, 0x00,
    0x00, 0x9f, 0xff, 0xff, 0xff, 0xff, 0xf7, 0x00,
    0x00, 0xef, 0xff, 0xff, 0xff, 0xff, 0xfd, 0x00,
    0x05, 0xff, 0xf9, 0x99, 0x99, 0x9f, 0xff, 0x20,
    0x0b, 0xff, 0x10, 0x00, 0x00, 0x04, 0xff, 0x80,
    0x1f, 0xfc, 0x00, 0x00, 0x00, 0x00, 0xef, 0xe0,
    0x6f, 0xf6, 0x00, 0x00, 0x00, 0x00, 0x9f, 0xf4,

    /* U+0042 "B" */
    0x2f, 0xff, 0xff, 0xfe, 0xc6, 0x00, 0x02, 0xff,
    0xff, 0xff, 0xff, 0xfc, 0x00, 0x2f, 0xff, 0xaa,
    0xbd, 0xff, 0xf6, 0x02, 0xff, 0x90, 0x00, 0x09,
    0xff, 0x90, 0x2f, 0xf9, 0x00, 0x00, 0x3f, 0xfa,
    0x02, 0xff, 0x90, 0x00, 0x06, 0xff, 0x70, 0x2f,
    0xff, 0x77, 0x7a, 0xff, 0xd0, 0x02, 0xff, 0xff,
    0xff, 0xff, 0xf3, 0x00, 0x2f, 0xff, 0xff, 0xff,
    0xff, 0xf3, 0x02, 0xff, 0x90, 0x00, 0x17, 0xff,
    0xc0, 0x2f, 0xf9, 0x00, 0x00, 0x0b, 0xff, 0x12,
    0xff, 0x90, 0x00, 0x00, 0xaf, 0xf3, 0x2f, 0xf9,
    0x00, 0x00, 0x3f, 0xff, 0x12, 0xff, 0xfa, 0xaa,
    0xcf, 0xff, 0xc0, 0x2f, 0xff, 0xff, 0xff, 0xff,
    0xe2, 0x02, 0xff, 0xff, 0xff, 0xfd, 0x81, 0x00,

    /* U+0043 "C" */
    0x00, 0x00, 0x05, 0xad, 0xff, 0xeb, 0x50, 0x00,
    0x00, 0x00, 0x2d, 0xff, 0xff, 0xff, 0xff, 0xd2,
    0x00, 0x00, 0x3f, 0xff, 0xfe, 0xbb, 0xef, 0xff,
    0xe2, 0x00, 0x1e, 0xff, 0xd3, 0x00, 0x00, 0x3c,
    0xff, 0xd0, 0x09, 0xff, 0xc0, 0x00, 0x00, 0x00,
    0x0b, 0xe9, 0x10, 0xff, 0xf1, 0x00, 0x00, 0x00,
    0x00, 0x00, 0x00, 0x3f, 0xfb, 0x00, 0x00, 0x00,
    0x00, 0x00, 0x00, 0x05, 0xff, 0x80, 0x00, 0x00,
    0x00, 0x00, 0x00, 0x00, 0x5f, 0xf8, 0x00, 0x00,
    0x00, 0x00, 0x00, 0x00, 0x03, 0xff, 0xb0, 0x00,
    0x00, 0x00, 0x00, 0x00, 0x00, 0x0f, 0xff, 0x10,
    0x00, 0x00, 0x00, 0x00, 0x00, 0x00, 0xaf, 0xfc,
    0x00, 0x00, 0x00, 0x00, 0xce, 0x91, 0x01, 0xef,
    0xfd, 0x30, 0x00, 0x03, 0xcf, 0xfd, 0x00, 0x04,
    0xff, 0xff, 0xec, 0xce, 0xff, 0xfe, 0x20, 0x00,
    0x03, 0xdf, 0xff, 0xff, 0xff, 0xfd, 0x20, 0x00,
    0x00, 0x00, 0x6b, 0xef, 0xfe, 0xb5, 0x00, 0x00,

    /* U+0044 "D" */
    0x2f, 0xff, 0xff, 0xfd, 0xb6, 0x10, 0x00, 0x02,
    0xff, 0xff, 0xff, 0xff, 0xff, 0x60, 0x00, 0x2f,
    0xff, 0xaa, 0xbc, 0xff, 0xff, 0x80, 0x02, 0xff,
    0x90, 0x00, 0x01, 0xaf, 0xff, 0x40, 0x2f, 0xf9,
    0x00, 0x00, 0x00, 0x8f, 0xfd, 0x02, 0xff, 0x90,
    0x00, 0x00, 0x00, 0xef, 0xf2, 0x2f, 0xf9, 0x00,
    0x00, 0x00, 0x09, 0xff, 0x62, 0xff, 0x90, 0x00,
    0x00, 0x00, 0x6f, 0xf7, 0x2f, 0xf9, 0x00, 0x00,
    0x00, 0x06, 0xff, 0x72, 0xff, 0x90, 0x00, 0x00,
    0x00, 0x8f, 0xf6, 0x2f, 0xf9, 0x00, 0x00, 0x00,
    0x0d, 0xff, 0x32, 0xff, 0x90, 0x00, 0x00, 0x07,
    0xff, 0xd0, 0x2f, 0xf9, 0x00, 0x00, 0x19, 0xff,
    0xf5, 0x02, 0xff, 0xfa, 0xaa, 0xcf, 0xff, 0xf8,
    0x00, 0x2f, 0xff, 0xff, 0xff, 0xff, 0xf6, 0x00,
    0x02, 0xff, 0xff, 0xff, 0xec, 0x71, 0x00, 0x00,

    /* U+0045 "E" */
    0x2f, 0xff, 0xff, 0xff, 0xff, 0xe2, 0xff, 0xff,
    0xff, 0xff, 0xfe, 0x2f, 0xff, 0xaa, 0xaa, 0xaa,
    0x92, 0xff, 0x90, 0x00, 0x00, 0x00, 0x2f, 0xf9,
    0x00, 0x00, 0x00, 0x02, 0xff, 0x90, 0x00, 0x00,
    0x00, 0x2f, 0xff, 0xaa, 0xaa, 0xa5, 0x02, 0xff,
    0xff, 0xff, 0xff, 0x80, 0x2f, 0xff, 0xff, 0xff,
    0xf8, 0x02, 0xff, 0x90, 0x00, 0x00, 0x00, 0x2f,
    0xf9, 0x00, 0x00, 0x00, 0x02, 0xff, 0x90, 0x00,
    0x00, 0x00, 0x2f, 0xf9, 0x00, 0x00, 0x00, 0x02,
    0xff, 0xfa, 0xaa, 0xaa, 0xa9, 0x2f, 0xff, 0xff,
    0xff, 0xff, 0xe2, 0xff, 0xff, 0xff, 0xff, 0xfe,

    /* U+0046 "F" */
    0x2f, 0xff, 0xff, 0xff, 0xff, 0xb2, 0xff, 0xff,
    0xff, 0xff, 0xfb, 0x2f, 0xff, 0xaa, 0xaa, 0xaa,
    0x72, 0xff, 0x90, 0x00, 0x00, 0x00, 0x2f, 0xf9,
    0x00, 0x00, 0x00, 0x02, 0xff, 0x90, 0x00, 0x00,
    0x00, 0x2f, 0xff, 0xaa, 0xaa, 0xa4, 0x02, 0xff,
    0xff, 0xff, 0xff, 0x60, 0x2f, 0xff, 0xff, 0xff,
    0xf6, 0x02, 0xff, 0x90, 0x00, 0x00, 0x00, 0x2f,
    0xf9, 0x00, 0x00, 0x00, 0x02, 0xff, 0x90, 0x00,
    0x00, 0x00, 0x2f, 0xf9, 0x00, 0x00, 0x00, 0x02,
    0xff, 0x90, 0x00, 0x00, 0x00, 0x2f, 0xf9, 0x00,
    0x00, 0x00, 0x02, 0xff, 0x90, 0x00, 0x00, 0x00,

    /* U+0047 "G" */
    0x00, 0x00, 0x05, 0xad, 0xff, 0xeb, 0x60, 0x00,
    0x00, 0x00, 0x2d, 0xff, 0xff, 0xff, 0xff, 0xd2,
    0x00, 0x00, 0x3f, 0xff, 0xfe, 0xbb, 0xdf, 0xff,
    0xf4, 0x00, 0x1e, 0xff, 0xd3, 0x00, 0x00, 0x2a,
    0xff, 0xe1, 0x09, 0xff, 0xc0, 0x00, 0x00, 0x00,
    0x07, 0x84, 0x00, 0xef, 0xf2, 0x00, 0x00, 0x00,
    0x00, 0x00, 0x00, 0x3f, 0xfb, 0x00, 0x00, 0x00,
    0x00, 0x00, 0x00, 0x05, 0xff, 0x80, 0x00, 0x04,
    0xff, 0xff, 0xff, 0xfc, 0x5f, 0xf8, 0x00, 0x00,
    0x4f, 0xff, 0xff, 0xff, 0xd3, 0xff, 0xb0, 0x00,
    0x02, 0x99, 0x99, 0x9f, 0xfc, 0x0f, 0xff, 0x10,
    0x00, 0x00, 0x00, 0x05, 0xff, 0x80, 0xaf, 0xfc,
    0x00, 0x00, 0x00, 0x01, 0xef, 0xf3, 0x01, 0xef,
    0xfc, 0x30, 0x00, 0x04, 0xef, 0xfa, 0x00, 0x04,
    0xff, 0xff, 0xdb, 0xbe, 0xff, 0xfc, 0x00, 0x00,
    0x03, 0xdf, 0xff, 0xff, 0xff, 0xfa, 0x00, 0x00,
    0x00, 0x00, 0x6b, 0xef, 0xfd, 0x93, 0x00, 0x00,

    /* U+0048 "H" */
    0x2f, 0xf9, 0x00, 0x00, 0x00, 0x0f, 0xfc, 0x2f,
    0xf9, 0x00, 0x00, 0x00, 0x0f, 0xfc, 0x2f, 0xf9,
    0x00, 0x00, 0x00, 0x0f, 0xfc, 0x2f, 0xf9, 0x00,
    0x00, 0x00, 0x0f, 0xfc, 0x2f, 0xf9, 0x00, 0x00,
    0x00, 0x0f, 0xfc, 0x2f, 0xf9, 0x00, 0x00, 0x00,
    0x0f, 0xfc, 0x2f, 0xff, 0xaa, 0xaa, 0xaa, 0xbf,
    0xfc, 0x2f, 0xff, 0xff, 0xff, 0xff, 0xff, 0xfc,
    0x2f, 0xff, 0xff, 0xff, 0xff, 0xff, 0xfc, 0x2f,
    0xf9, 0x00, 0x00, 0x00, 0x0f, 0xfc, 0x2f, 0xf9,
    0x00, 0x00, 0x00, 0x0f, 0xfc, 0x2f, 0xf9, 0x00,
    0x00, 0x00, 0x0f, 0xfc, 0x2f, 0xf9, 0x00, 0x00,
    0x00, 0x0f, 0xfc, 0x2f, 0xf9, 0x00, 0x00, 0x00,
    0x0f, 0xfc, 0x2f, 0xf9, 0x00, 0x00, 0x00, 0x0f,
    0xfc, 0x2f, 0xf9, 0x00, 0x00, 0x00, 0x0f, 0xfc,

    /* U+0049 "I" */
    0x2f, 0xf9, 0x2f, 0xf9, 0x2f, 0xf9, 0x2f, 0xf9,
    0x2f, 0xf9, 0x2f, 0xf9, 0x2f, 0xf9, 0x2f, 0xf9,
    0x2f, 0xf9, 0x2f, 0xf9, 0x2f, 0xf9, 0x2f, 0xf9,
    0x2f, 0xf9, 0x2f, 0xf9, 0x2f, 0xf9, 0x2f, 0xf9,

    /* U+004A "J" */
    0x00, 0x00, 0x00, 0x00, 0xaf, 0xf2, 0x00, 0x00,
    0x00, 0x00, 0xaf, 0xf2, 0x00, 0x00, 0x00, 0x00,
    0xaf, 0xf2, 0x00, 0x00, 0x00, 0x00, 0xaf, 0xf2,
    0x00, 0x00, 0x00, 0x00, 0xaf, 0xf2, 0x00, 0x00,
    0x00, 0x00, 0xaf, 0xf2, 0x00, 0x00, 0x00, 0x00,
    0xaf, 0xf2, 0x00, 0x00, 0x00, 0x00, 0xaf, 0xf2,
    0x00, 0x00, 0x00, 0x00, 0xaf, 0xf2, 0x00, 0x00,
    0x00, 0x00, 0xaf, 0xf2, 0x0e, 0xeb, 0x00, 0x00,
    0xaf, 0xf2, 0x0f, 0xfd, 0x00, 0x00, 0xbf, 0xf1,
    0x0d, 0xff, 0x40, 0x03, 0xff, 0xf0, 0x07, 0xff,
    0xfc, 0xbf, 0xff, 0x90, 0x00, 0xcf, 0xff, 0xff,
    0xfd, 0x00, 0x00, 0x07, 0xcf, 0xfd, 0x70, 0x00,

    /* U+004B "K" */
    0x2f, 0xf9, 0x00, 0x00, 0x05, 0xff, 0xe3, 0x2f,
    0xf9, 0x00, 0x00, 0x5f, 0xff, 0x30, 0x2f, 0xf9,
    0x00, 0x04, 0xff, 0xf3, 0x00, 0x2f, 0xf9, 0x00,
    0x4f, 0xff, 0x40, 0x00, 0x2f, 0xf9, 0x03, 0xff,
    0xf4, 0x00, 0x00, 0x2f, 0xf9, 0x3f, 0xff, 0x50,
    0x00, 0x00, 0x2f, 0xfc, 0xef, 0xf5, 0x00, 0x00,
    0x00, 0x2f, 0xff, 0xff, 0x60, 0x00, 0x00, 0x00,
    0x2f, 0xff, 0xff, 0x80, 0x00, 0x00, 0x00, 0x2f,
    0xfd, 0xff, 0xf8, 0x00, 0x00, 0x00, 0x2f, 0xf9,
    0x4f, 0xff, 0x70, 0x00, 0x00, 0x2f, 0xf9, 0x04,
    0xff, 0xf6, 0x00, 0x00, 0x2f, 0xf9, 0x00, 0x5f,
    0xff, 0x60, 0x00, 0x2f, 0xf9, 0x00, 0x05, 0xff,
    0xf5, 0x00, 0x2f, 0xf9, 0x00, 0x00, 0x6f, 0xff,
    0x40, 0x2f, 0xf9, 0x00, 0x00, 0x07, 0xff, 0xf4,

    /* U+004C "L" */
    0x2f, 0xf9, 0x00, 0x00, 0x00, 0x02, 0xff, 0x90,
    0x00, 0x00, 0x00, 0x2f, 0xf9, 0x00, 0x00, 0x00,
    0x02, 0xff, 0x90, 0x00, 0x00, 0x00, 0x2f, 0xf9,
    0x00, 0x00, 0x00, 0x02, 0xff, 0x90, 0x00, 0x00,
    0x00, 0x2f, 0xf9, 0x00, 0x00, 0x00, 0x02, 0xff,
    0x90, 0x00, 0x00, 0x00, 0x2f, 0xf9, 0x00, 0x00,
    0x00, 0x02, 0xff, 0x90, 0x00, 0x00, 0x00, 0x2f,
    0xf9, 0x00, 0x00, 0x00, 0x02, 0xff, 0x90, 0x00,
    0x00, 0x00, 0x2f, 0xf9, 0x00, 0x00, 0x00, 0x02,
    0xff, 0xfa, 0xaa, 0xaa, 0xa4, 0x2f, 0xff, 0xff,
    0xff, 0xff, 0x72, 0xff, 0xff, 0xff, 0xff, 0xf7,

    /* U+004D "M" */
    0x00, 0x06, 0xff, 0x50, 0x00, 0x00, 0x00, 0x6f,
    0xf5, 0x00, 0x00, 0x00, 0x9f, 0xfb, 0x00, 0x00,
    0x00, 0x0c, 0xff, 0x80, 0x00, 0x00, 0x0c, 0xff,
    0xf1, 0x00, 0x00, 0x02, 0xff, 0xfb, 0x00, 0x00,
    0x00, 0xff, 0xff, 0x70, 0x00, 0x00, 0x8f, 0xff,
    0xe0, 0x00, 0x00, 0x2f, 0xff, 0xfd, 0x00, 0x00,
    0x0e, 0xff, 0xff, 0x10, 0x00, 0x05, 0xff, 0xaf,
    0xf3, 0x00, 0x04, 0xff, 0xaf, 0xf4, 0x00, 0x00,
    0x7f, 0xf3, 0xff, 0x90, 0x00, 0xaf, 0xe4, 0xff,
    0x70, 0x00, 0x0a, 0xff, 0x0b, 0xfe, 0x00, 0x0f,
    0xfa, 0x1f, 0xf9, 0x00, 0x00, 0xdf, 0xd0, 0x6f,
    0xf5, 0x06, 0xff, 0x40, 0xef, 0xc0, 0x00, 0x0f,
    0xfa, 0x00, 0xff, 0xb0, 0xcf, 0xe0, 0x0c, 0xff,
    0x00, 0x03, 0xff, 0x80, 0x0a, 0xff, 0x3f, 0xf9,
    0x00, 0x9f, 0xf2, 0x00, 0x6f, 0xf5, 0x00, 0x4f,
    0xfd, 0xff, 0x30, 0x06, 0xff, 0x50, 0x09, 0xff,
    0x20, 0x00, 0xef, 0xff, 0xd0, 0x00, 0x4f, 0xf8,
    0x00, 0xcf, 0xf0, 0x00, 0x08, 0xff, 0xf7, 0x00,
    0x01, 0xff, 0xb0, 0x0f, 0xfd, 0x00, 0x00, 0x2f,
    0xff, 0x10, 0x00, 0x0e, 0xfe, 0x02, 0xff, 0xa0,
    0x00, 0x00, 0xcf, 0xb0, 0x00, 0x00, 0xcf, 0xf1,

    /* U+004E "N" */
    0x2f, 0xfa, 0x00, 0x00, 0x00, 0x02, 0xff, 0xa2,
    0xff, 0xf6, 0x00, 0x00, 0x00, 0x2f, 0xfa, 0x2f,
    0xff, 0xf2, 0x00, 0x00, 0x02, 0xff, 0xa2, 0xff,
    0xff, 0xd0, 0x00, 0x00, 0x2f, 0xfa, 0x2f, 0xff,
    0xff, 0xa0, 0x00, 0x02, 0xff, 0xa2, 0xff, 0xbe,
    0xff, 0x60, 0x00, 0x2f, 0xfa, 0x2f, 0xf9, 0x3f,
    0xff, 0x30, 0x02, 0xff, 0xa2, 0xff, 0x90, 0x6f,
    0xfd, 0x00, 0x2f, 0xfa, 0x2f, 0xf9, 0x00, 0xaf,
    0xfa, 0x02, 0xff, 0xa2, 0xff, 0x90, 0x00, 0xdf,
    0xf6, 0x2f, 0xfa, 0x2f, 0xf9, 0x00, 0x02, 0xff,
    0xf5, 0xff, 0xa2, 0xff, 0x90, 0x00, 0x05, 0xff,
    0xff, 0xfa, 0x2f, 0xf9, 0x00, 0x00, 0x08, 0xff,
    0xff, 0xa2, 0xff, 0x90, 0x00, 0x00, 0x0b, 0xff,
    0xfa, 0x2f, 0xf9, 0x00, 0x00, 0x00, 0x1e, 0xff,
    0xa2, 0xff, 0x90, 0x00, 0x00, 0x00, 0x3f, 0xfa,

    /* U+004F "O" */
    0x00, 0x00, 0x04, 0x9d, 0xff, 0xea, 0x50, 0x00,
    0x00, 0x00, 0x02, 0xcf, 0xff, 0xff, 0xff, 0xfd,
    0x30, 0x00, 0x00, 0x3f, 0xff, 0xfe, 0xcc, 0xef,
    0xff, 0xf5, 0x00, 0x01, 0xef, 0xfd, 0x40, 0x00,
    0x03, 0xbf, 0xff, 0x20, 0x09, 0xff, 0xc0, 0x00,
    0x00, 0x00, 0x0a, 0xff, 0xb0, 0x0e, 0xff, 0x20,
    0x00, 0x00, 0x00, 0x00, 0xef, 0xf1, 0x3f, 0xfb,
    0x00, 0x00, 0x00, 0x00, 0x00, 0x8f, 0xf5, 0x5f,
    0xf8, 0x00, 0x00, 0x00, 0x00, 0x00, 0x6f, 0xf7,
    0x5f, 0xf8, 0x00, 0x00, 0x00, 0x00, 0x00, 0x6f,
    0xf7, 0x3f, 0xfb, 0x00, 0x00, 0x00, 0x00, 0x00,
    0x8f, 0xf5, 0x0e, 0xff, 0x20, 0x00, 0x00, 0x00,
    0x00, 0xef, 0xf1, 0x08, 0xff, 0xc0, 0x00, 0x00,
    0x00, 0x0a, 0xff, 0xb0, 0x01, 0xef, 0xfd, 0x40,
    0x00, 0x03, 0xcf, 0xff, 0x20, 0x00, 0x3f, 0xff,
    0xfe, 0xcc, 0xef, 0xff, 0xf5, 0x00, 0x00, 0x02,
    0xcf, 0xff, 0xff, 0xff, 0xfd, 0x30, 0x00, 0x00,
    0x00, 0x04, 0x9d, 0xff, 0xea, 0x50, 0x00, 0x00,

    /* U+0050 "P" */
    0x2f, 0xff, 0xff, 0xfe, 0xb5, 0x00, 0x02, 0xff,
    0xff, 0xff, 0xff, 0xfa, 0x00, 0x2f, 0xff, 0xaa,
    0xbd, 0xff, 0xf8, 0x02, 0xff, 0x90, 0x00, 0x05,
    0xff, 0xf1, 0x2f, 0xf9, 0x00, 0x00, 0x0a, 0xff,
    0x42, 0xff, 0x90, 0x00, 0x00, 0x8f, 0xf6, 0x2f,
    0xf9, 0x00, 0x00, 0x0a, 0xff, 0x42, 0xff, 0x90,
    0x00, 0x05, 0xff, 0xf1, 0x2f, 0xff, 0xaa, 0xad,
    0xff, 0xf8, 0x02, 0xff, 0xff, 0xff, 0xff, 0xfb,
    0x00, 0x2f, 0xff, 0xff, 0xfe, 0xb5, 0x00, 0x02,
    0xff, 0x90, 0x00, 0x00, 0x00, 0x00, 0x2f, 0xf9,
    0x00, 0x00, 0x00, 0x00, 0x02, 0xff, 0x90, 0x00,
    0x00, 0x00, 0x00, 0x2f, 0xf9, 0x00, 0x00, 0x00,
    0x00, 0x02, 0xff, 0x90, 0x00, 0x00, 0x00, 0x00,

    /* U+0051 "Q" */
    0x00, 0x00, 0x04, 0x9d, 0xff, 0xea, 0x50, 0x00,
    0x00, 0x00, 0x02, 0xcf, 0xff, 0xff, 0xff, 0xfd,
    0x30, 0x00, 0x00, 0x3f, 0xff, 0xfe, 0xcc, 0xef,
    0xff, 0xf5, 0x00, 0x01, 0xef, 0xfd, 0x40, 0x00,
    0x03, 0xbf, 0xff, 0x20, 0x09, 0xff, 0xc0, 0x00,
    0x00, 0x00, 0x0a, 0xff, 0xb0, 0x0e, 0xff, 0x20,
    0x00, 0x00, 0x00, 0x00, 0xef, 0xf1, 0x3f, 0xfb,
    0x00, 0x00, 0x00, 0x00, 0x00, 0x8f, 0xf5, 0x5f,
    0xf8, 0x00, 0x00, 0x00, 0x00, 0x00, 0x6f, 0xf7,
    0x5f, 0xf8, 0x00, 0x00, 0x00, 0x00, 0x00, 0x6f,
    0xf7, 0x3f, 0xfb, 0x00, 0x00, 0x07, 0xee, 0x50,
    0x8f, 0xf5, 0x0e, 0xff, 0x20, 0x00, 0x00, 0xef,
    0xe1, 0xef, 0xf1, 0x08, 0xff, 0xc0, 0x00, 0x00,
    0x4f, 0xff, 0xff, 0xb0, 0x01, 0xef, 0xfd, 0x40,
    0x00, 0x0d, 0xff, 0xff, 0x20, 0x00, 0x3f, 0xff,
    0xfe, 0xcc, 0xef, 0xff, 0xf5, 0x00, 0x00, 0x02,
    0xcf, 0xff, 0xff, 0xff, 0xff, 0xf8, 0x00, 0x00,
    0x00, 0x04, 0x9d, 0xff, 0xea, 0x5b, 0xff, 0x20,
    0x00, 0x00, 0x00, 0x00, 0x00, 0x00, 0x01, 0x88,
    0x50,

    /* U+0052 "R" */
    0x2f, 0xff, 0xff, 0xfe, 0xc6, 0x00, 0x02, 0xff,
    0xff, 0xff, 0xff, 0xfc, 0x10, 0x2f, 0xff, 0xaa,
    0xac, 0xff, 0xfc, 0x02, 0xff, 0x90, 0x00, 0x02,
    0xef, 0xf4, 0x2f, 0xf9, 0x00, 0x00, 0x06, 0xff,
    0x82, 0xff, 0x90, 0x00, 0x00, 0x5f, 0xf9, 0x2f,
    0xf9, 0x00, 0x00, 0x09, 0xff, 0x72, 0xff, 0x90,
    0x00, 0x28, 0xff, 0xf2, 0x2f, 0xff, 0xff, 0xff,
    0xff, 0xf8, 0x02, 0xff, 0xff, 0xff, 0xff, 0xf8,
    0x00, 0x2f, 0xff, 0xaa, 0xff, 0xfc, 0x00, 0x02,
    0xff, 0x90, 0x00, 0xcf, 0xf4, 0x00, 0x2f, 0xf9,
    0x00, 0x03, 0xff, 0xc0, 0x02, 0xff, 0x90, 0x00,
    0x0a, 0xff, 0x60, 0x2f, 0xf9, 0x00, 0x00, 0x2f,
    0xfe, 0x02, 0xff, 0x90, 0x00, 0x00, 0x8f, 0xf8,

    /* U+0053 "S" */
    0x00, 0x02, 0x9d, 0xfe, 0xc7, 0x10, 0x00, 0x06,
    0xff, 0xff, 0xff, 0xfe, 0x30, 0x02, 0xff, 0xfe,
    0xbc, 0xff, 0xfe, 0x10, 0x7f, 0xf9, 0x00, 0x01,
    0xae, 0x50, 0x08, 0xff, 0x40, 0x00, 0x00, 0x00,
    0x00, 0x6f, 0xfa, 0x00, 0x00, 0x00, 0x00, 0x01,
    0xef, 0xfd, 0x83, 0x00, 0x00, 0x00, 0x02, 0xdf,
    0xff, 0xff, 0xa3, 0x00, 0x00, 0x00, 0x5a, 0xef,
    0xff, 0xf7, 0x00, 0x00, 0x00, 0x00, 0x39, 0xff,
    0xf3, 0x00, 0x00, 0x00, 0x00, 0x06, 0xff, 0x90,
    0x4d, 0x70, 0x00, 0x00, 0x2f, 0xfa, 0x1f, 0xff,
    0x70, 0x00, 0x09, 0xff, 0x80, 0x6f, 0xff, 0xeb,
    0xbd, 0xff, 0xf2, 0x00, 0x7f, 0xff, 0xff, 0xff,
    0xf5, 0x00, 0x00, 0x29, 0xdf, 0xfd, 0x92, 0x00,

    /* U+0054 "T" */
    0xcf, 0xff, 0xff, 0xff, 0xff, 0xff, 0xf4, 0xcf,
    0xff, 0xff, 0xff, 0xff, 0xff, 0xf4, 0x8a, 0xaa,
    0xaf, 0xff, 0xba, 0xaa, 0xa2, 0x00, 0x00, 0x0c,
    0xff, 0x00, 0x00, 0x00, 0x00, 0x00, 0x0c, 0xff,
    0x00, 0x00, 0x00, 0x00, 0x00, 0x0c, 0xff, 0x00,
    0x00, 0x00, 0x00, 0x00, 0x0c, 0xff, 0x00, 0x00,
    0x00, 0x00, 0x00, 0x0c, 0xff, 0x00, 0x00, 0x00,
    0x00, 0x00, 0x0c, 0xff, 0x00, 0x00, 0x00, 0x00,
    0x00, 0x0c, 0xff, 0x00, 0x00, 0x00, 0x00, 0x00,
    0x0c, 0xff, 0x00, 0x00, 0x00, 0x00, 0x00, 0x0c,
    0xff, 0x00, 0x00, 0x00, 0x00, 0x00, 0x0c, 0xff,
    0x00, 0x00, 0x00, 0x00, 0x00, 0x0c, 0xff, 0x00,
    0x00, 0x00, 0x00, 0x00, 0x0c, 0xff, 0x00, 0x00,
    0x00, 0x00, 0x00, 0x0c, 0xff, 0x00, 0x00, 0x00,

    /* U+0055 "U" */
    0x4f, 0xf8, 0x00, 0x00, 0x00, 0x2f, 0xf9, 0x4f,
    0xf8, 0x00, 0x00, 0x00, 0x2f, 0xf9, 0x4f, 0xf8,
    0x00, 0x00, 0x00, 0x2f, 0xf9, 0x4f, 0xf8, 0x00,
    0x00, 0x00, 0x2f, 0xf9, 0x4f, 0xf8, 0x00, 0x00,
    0x00, 0x2f, 0xf9, 0x4f, 0xf8, 0x00, 0x00, 0x00,
    0x2f, 0xf9, 0x4f, 0xf8, 0x00, 0x00, 0x00, 0x2f,
    0xf9, 0x4f, 0xf8, 0x00, 0x00, 0x00, 0x2f, 0xf9,
    0x4f, 0xf8, 0x00, 0x00, 0x00, 0x2f, 0xf9, 0x4f,
    0xf8, 0x00, 0x00, 0x00, 0x3f, 0xf9, 0x2f, 0xfa,
    0x00, 0x00, 0x00, 0x5f, 0xf8, 0x0f, 0xff, 0x10,
    0x00, 0x00, 0xaf, 0xf6, 0x0b, 0xff, 0xb1, 0x00,
    0x06, 0xff, 0xf1, 0x03, 0xff, 0xff, 0xcb, 0xef,
    0xff, 0x80, 0x00, 0x5f, 0xff, 0xff, 0xff, 0xf9,
    0x00, 0x00, 0x02, 0x8d, 0xff, 0xda, 0x40, 0x00,

    /* U+0056 "V" */
    0x9f, 0xf3, 0x00, 0x00, 0x00, 0x00, 0xcf, 0xf1,
    0x3f, 0xf9, 0x00, 0x00, 0x00, 0x02, 0xff, 0xa0,
    0x0e, 0xfe, 0x00, 0x00, 0x00, 0x08, 0xff, 0x50,
    0x08, 0xff, 0x40, 0x00, 0x00, 0x0d, 0xfe, 0x00,
    0x02, 0xff, 0xa0, 0x00, 0x00, 0x3f, 0xf9, 0x00,
    0x00, 0xdf, 0xf0, 0x00, 0x00, 0x9f, 0xf3, 0x00,
    0x00, 0x7f, 0xf5, 0x00, 0x00, 0xef, 0xe0, 0x00,
    0x00, 0x1f, 0xfb, 0x00, 0x04, 0xff, 0x80, 0x00,
    0x00, 0x0b, 0xff, 0x10, 0x0a, 0xff, 0x20, 0x00,
    0x00, 0x06, 0xff, 0x70, 0x0f, 0xfd, 0x00, 0x00,
    0x00, 0x00, 0xff, 0xc0, 0x5f, 0xf7, 0x00, 0x00,
    0x00, 0x00, 0xaf, 0xf2, 0xbf, 0xf1, 0x00, 0x00,
    0x00, 0x00, 0x4f, 0xf9, 0xff, 0xb0, 0x00, 0x00,
    0x00, 0x00, 0x0e, 0xff, 0xff, 0x60, 0x00, 0x00,
    0x00, 0x00, 0x09, 0xff, 0xff, 0x00, 0x00, 0x00,
    0x00, 0x00, 0x03, 0xff, 0xfa, 0x00, 0x00, 0x00,

    /* U+0057 "W" */
    0x7f, 0xf5, 0x00, 0x00, 0x00, 0xff, 0xf2, 0x00,
    0x00, 0x00, 0xff, 0xd2, 0xff, 0x90, 0x00, 0x00,
    0x1f, 0xff, 0x70, 0x00, 0x00, 0x4f, 0xf8, 0x0e,
    0xfe, 0x00, 0x00, 0x06, 0xff, 0xfc, 0x00, 0x00,
    0x08, 0xff, 0x40, 0x9f, 0xf2, 0x00, 0x00, 0xbf,
    0xff, 0xf1, 0x00, 0x00, 0xcf, 0xf0, 0x05, 0xff,
    0x60, 0x00, 0x1f, 0xfe, 0xff, 0x60, 0x00, 0x1f,
    0xfb, 0x00, 0x1f, 0xfb, 0x00, 0x05, 0xff, 0x5e,
    0xfb, 0x00, 0x05, 0xff, 0x60, 0x00, 0xcf, 0xf0,
    0x00, 0xaf, 0xf0, 0xaf, 0xf1, 0x00, 0x9f, 0xf2,
    0x00, 0x08, 0xff, 0x30, 0x0f, 0xfb, 0x05, 0xff,
    0x50, 0x0e, 0xfd, 0x00, 0x00, 0x3f, 0xf8, 0x04,
    0xff, 0x60, 0x0f, 0xfa, 0x02, 0xff, 0x90, 0x00,
    0x00, 0xef, 0xc0, 0x9f, 0xf1, 0x00, 0xbf, 0xf0,
    0x6f, 0xf5, 0x00, 0x00, 0x0a, 0xff, 0x1e, 0xfc,
    0x00, 0x06, 0xff, 0x4b, 0xff, 0x00, 0x00, 0x00,
    0x6f, 0xf8, 0xff, 0x70, 0x00, 0x1f, 0xf9, 0xff,
    0xc0, 0x00, 0x00, 0x01, 0xff, 0xff, 0xf2, 0x00,
    0x00, 0xcf, 0xff, 0xf7, 0x00, 0x00, 0x00, 0x0d,
    0xff, 0xfd, 0x00, 0x00, 0x07, 0xff, 0xff, 0x30,
    0x00, 0x00, 0x00, 0x8f, 0xff, 0x80, 0x00, 0x00,
    0x2f, 0xff, 0xe0, 0x00, 0x00, 0x00, 0x04, 0xff,
    0xf3, 0x00, 0x00, 0x00, 0xdf, 0xfa, 0x00, 0x00,

    /* U+0058 "X" */
    0x3f, 0xff, 0x20, 0x00, 0x00, 0x04, 0xff, 0xe1,
    0x07, 0xff, 0xc0, 0x00, 0x00, 0x1e, 0xff, 0x50,
    0x00, 0xcf, 0xf7, 0x00, 0x00, 0xaf, 0xf9, 0x00,
    0x00, 0x1e, 0xff, 0x30, 0x05, 0xff, 0xd0, 0x00,
    0x00, 0x05, 0xff, 0xd0, 0x1f, 0xff, 0x30, 0x00,
    0x00, 0x00, 0x9f, 0xf9, 0xcf, 0xf7, 0x00, 0x00,
    0x00, 0x00, 0x0d, 0xff, 0xff, 0xb0, 0x00, 0x00,
    0x00, 0x00, 0x03, 0xff, 0xff, 0x10, 0x00, 0x00,
    0x00, 0x00, 0x05, 0xff, 0xff, 0x00, 0x00, 0x00,
    0x00, 0x00, 0x2f, 0xff, 0xff, 0xa0, 0x00, 0x00,
    0x00, 0x00, 0xcf, 0xf7, 0xdf, 0xf6, 0x00, 0x00,
    0x00, 0x08, 0xff, 0xb0, 0x3f, 0xff, 0x20, 0x00,
    0x00, 0x4f, 0xfe, 0x10, 0x07, 0xff, 0xd0, 0x00,
    0x01, 0xef, 0xf5, 0x00, 0x00, 0xbf, 0xf9, 0x00,
    0x0b, 0xff, 0xa0, 0x00, 0x00, 0x1e, 0xff, 0x50,
    0x6f, 0xfd, 0x00, 0x00, 0x00, 0x05, 0xff, 0xe1,

    /* U+0059 "Y" */
    0x0c, 0xff, 0x50, 0x00, 0x00, 0x09, 0xff, 0x60,
    0x3f, 0xfd, 0x00, 0x00, 0x02, 0xff, 0xe0, 0x00,
    0xbf, 0xf5, 0x00, 0x00, 0xaf, 0xf5, 0x00, 0x02,
    0xff, 0xd0, 0x00, 0x2f, 0xfd, 0x00, 0x00, 0x0a,
    0xff, 0x50, 0x0a, 0xff, 0x40, 0x00, 0x00, 0x2f,
    0xfd, 0x02, 0xff, 0xc0, 0x00, 0x00, 0x00, 0x9f,
    0xf6, 0xbf, 0xf3, 0x00, 0x00, 0x00, 0x01, 0xff,
    0xff, 0xfb, 0x00, 0x00, 0x00, 0x00, 0x08, 0xff,
    0xff, 0x20, 0x00, 0x00, 0x00, 0x00, 0x0f, 0xff,
    0xb0, 0x00, 0x00, 0x00, 0x00, 0x00, 0xaf, 0xf5,
    0x00, 0x00, 0x00, 0x00, 0x00, 0x08, 0xff, 0x30,
    0x00, 0x00, 0x00, 0x00, 0x00, 0x8f, 0xf3, 0x00,
    0x00, 0x00, 0x00, 0x00, 0x08, 0xff, 0x30, 0x00,
    0x00, 0x00, 0x00, 0x00, 0x8f, 0xf3, 0x00, 0x00,
    0x00, 0x00, 0x00, 0x08, 0xff, 0x30, 0x00, 0x00,

    /* U+005A "Z" */
    0xbf, 0xff, 0xff, 0xff, 0xff, 0xf8, 0xbf, 0xff,
    0xff, 0xff, 0xff, 0xf8, 0x7a, 0xaa, 0xaa, 0xaa,
    0xff, 0xf5, 0x00, 0x00, 0x00, 0x07, 0xff, 0xa0,
    0x00, 0x00, 0x00, 0x3f, 0xfd, 0x00, 0x00, 0x00,
    0x00, 0xdf, 0xf3, 0x00, 0x00, 0x00, 0x0a, 0xff,
    0x80, 0x00, 0x00, 0x00, 0x5f, 0xfc, 0x00, 0x00,
    0x00, 0x02, 0xff, 0xf2, 0x00, 0x00, 0x00, 0x0c,
    0xff, 0x50, 0x00, 0x00, 0x00, 0x8f, 0xfa, 0x00,
    0x00, 0x00, 0x04, 0xff, 0xd0, 0x00, 0x00, 0x00,
    0x1e, 0xff, 0x30, 0x00, 0x00, 0x00, 0xbf, 0xff,
    0xaa, 0xaa, 0xaa, 0xa6, 0xef, 0xff, 0xff, 0xff,
    0xff, 0xfa, 0xef, 0xff, 0xff, 0xff, 0xff, 0xfa,

    /* U+005B "[" */
    0x28, 0xad, 0x88, 0x14, 0xff, 0xff, 0xf2, 0x4f,
    0xff, 0xff, 0x24, 0xff, 0x80, 0x00, 0x4f, 0xf8,
    0x00, 0x04, 0xff, 0x80, 0x00, 0x4f, 0xf8, 0x00,
    0x04, 0xff, 0x80, 0x00, 0x4f, 0xf8, 0x00, 0x04,
    0xff, 0x80, 0x00, 0x4f, 0xf8, 0x00, 0x04, 0xff,
    0x80, 0x00, 0x4f, 0xf8, 0x00, 0x04, 0xff, 0x80,
    0x00, 0x4f, 0xf8, 0x00, 0x04, 0xff, 0x80, 0x00,
    0x4f, 0xf8, 0x00, 0x04, 0xff, 0x80, 0x00, 0x4f,
    0xf8, 0x00, 0x04, 0xff, 0x80, 0x00, 0x4f, 0xff,
    0x88, 0x14, 0xff, 0xff, 0xf2, 0x4f, 0xff, 0xff,
    0x20,

    /* U+005C "\\" */
    0x03, 0x30, 0x00, 0x00, 0x00, 0x00, 0xaf, 0xc0,
    0x00, 0x00, 0x00, 0x00, 0x8f, 0xf4, 0x00, 0x00,
    0x00, 0x00, 0x1f, 0xfb, 0x00, 0x00, 0x00, 0x00,
    0x08, 0xff, 0x30, 0x00, 0x00, 0x00, 0x01, 0xff,
    0xb0, 0x00, 0x00, 0x00, 0x00, 0x9f, 0xf3, 0x00,
    0x00, 0x00, 0x00, 0x1f, 0xfa, 0x00, 0x00, 0x00,
    0x00, 0x09, 0xff, 0x20, 0x00, 0x00, 0x00, 0x02,
    0xff, 0xa0, 0x00, 0x00, 0x00, 0x00, 0xaf, 0xf2,
    0x00, 0x00, 0x00, 0x00, 0x2f, 0xfa, 0x00, 0x00,
    0x00, 0x00, 0x0a, 0xff, 0x20, 0x00, 0x00, 0x00,
    0x02, 0xff, 0x90, 0x00, 0x00, 0x00, 0x00, 0xaf,
    0xf1, 0x00, 0x00, 0x00, 0x00, 0x3f, 0xf9, 0x00,
    0x00, 0x00, 0x00, 0x0b, 0xff, 0x10, 0x00, 0x00,
    0x00, 0x03, 0xff, 0x80, 0x00, 0x00, 0x00, 0x00,
    0xbf, 0xf1, 0x00, 0x00, 0x00, 0x00, 0x4b, 0x40,

    /* U+005D "]" */
    0x68, 0x9e, 0x86, 0xbf, 0xff, 0xfb, 0xbf, 0xff,
    0xfb, 0x00, 0x0f, 0xfb, 0x00, 0x0f, 0xfb, 0x00,
    0x0f, 0xfb, 0x00, 0x0f, 0xfb, 0x00, 0x0f, 0xfb,
    0x00, 0x0f, 0xfb, 0x00, 0x0f, 0xfb, 0x00, 0x0f,
    0xfb, 0x00, 0x0f, 0xfb, 0x00, 0x0f, 0xfb, 0x00,
    0x0f, 0xfb, 0x00, 0x0f, 0xfb, 0x00, 0x0f, 0xfb,
    0x00, 0x0f, 0xfb, 0x00, 0x0f, 0xfb, 0x00, 0x0f,
    0xfb, 0x00, 0x0f, 0xfb, 0x58, 0x9f, 0xfb, 0xbf,
    0xff, 0xfb, 0xbf, 0xff, 0xfb,

    /* U+005E "^" */
    0x00, 0x00, 0x00, 0x10, 0x00, 0x00, 0x00, 0x00,
    0x1c, 0xd2, 0x00, 0x00, 0x00, 0x02, 0xdf, 0xfe,
    0x30, 0x00, 0x00, 0x3e, 0xfe, 0xef, 0xf4, 0x00,
    0x05, 0xff, 0xd2, 0x1d, 0xff, 0x60, 0x0b, 0xfc,
    0x10, 0x00, 0xbf, 0xc0, 0x00, 0x80, 0x00, 0x00,
    0x07, 0x10,

    /* U+005F "_" */
    0x24, 0x44, 0x44, 0x44, 0x44, 0x44, 0x29, 0xff,
    0xff, 0xff, 0xff, 0xff, 0xfb, 0x9f, 0xff, 0xff,
    0xff, 0xff, 0xff, 0xb0,

    /* U+0060 "`" */
    0x00, 0x00, 0x00, 0x06, 0xd1, 0x00, 0x0c, 0xfe,
    0x20, 0x00, 0xbf, 0xe3, 0x00, 0x0a, 0xfa, 0x00,
    0x00, 0x60,

    /* U+0061 "a" */
    0x00, 0x5a, 0xdf, 0xfc, 0x70, 0x00, 0x1f, 0xff,
    0xff, 0xff, 0xa0, 0x00, 0xab, 0x76, 0x8e, 0xff,
    0x40, 0x00, 0x00, 0x00, 0x5f, 0xf8, 0x00, 0x4b,
    0xff, 0xc8, 0xff, 0x90, 0x6f, 0xff, 0xff, 0xff,
    0xfa, 0x0f, 0xff, 0x95, 0x6f, 0xff, 0xa3, 0xff,
    0xb0, 0x00, 0x4f, 0xfa, 0x3f, 0xfb, 0x00, 0x04,
    0xff, 0xa0, 0xff, 0xf9, 0x56, 0xef, 0xfa, 0x06,
    0xff, 0xff, 0xff, 0xff, 0xa0, 0x05, 0xcf, 0xfc,
    0x5a, 0xfa,

    /* U+0062 "b" */
    0x9f, 0xf3, 0x00, 0x00, 0x00, 0x00, 0x9f, 0xf3,
    0x00, 0x00, 0x00, 0x00, 0x9f, 0xf3, 0x00, 0x00,
    0x00, 0x00, 0x9f, 0xf3, 0x00, 0x00, 0x00, 0x00,
    0x9f, 0xf5, 0x9d, 0xfe, 0xa2, 0x00, 0x9f, 0xff,
    0xff, 0xff, 0xff, 0x40, 0x9f, 0xff, 0xe9, 0x9d,
    0xff, 0xe1, 0x9f, 0xff, 0x10, 0x00, 0xbf, 0xf8,
    0x9f, 0xf5, 0x00, 0x00, 0x2f, 0xfc, 0x9f, 0xf2,
    0x00, 0x00, 0x0f, 0xfe, 0x9f, 0xf2, 0x00, 0x00,
    0x0f, 0xfe, 0x9f, 0xf5, 0x00, 0x00, 0x2f, 0xfc,
    0x9f, 0xfd, 0x10, 0x00, 0xbf, 0xf7, 0x9f, 0xff,
    0xe9, 0x9d, 0xff, 0xe1, 0x9f, 0xfd, 0xff, 0xff,
    0xff, 0x40, 0x9f, 0xa1, 0x8d, 0xfe, 0x92, 0x00,

    /* U+0063 "c" */
    0x00, 0x03, 0x9d, 0xfe, 0xa3, 0x00, 0x00, 0x6f,
    0xff, 0xff, 0xff, 0x70, 0x04, 0xff, 0xfe, 0xbd,
    0xff, 0xf5, 0x0c, 0xff, 0x90, 0x00, 0x6f, 0xe7,
    0x1f, 0xfd, 0x00, 0x00, 0x04, 0x00, 0x3f, 0xf9,
    0x00, 0x00, 0x00, 0x00, 0x3f, 0xfa, 0x00, 0x00,
    0x00, 0x00, 0x1f, 0xfd, 0x00, 0x00, 0x05, 0x00,
    0x0c, 0xff, 0x90, 0x00, 0x6f, 0xf7, 0x04, 0xff,
    0xfe, 0xbd, 0xff, 0xf5, 0x00, 0x6f, 0xff, 0xff,
    0xff, 0x70, 0x00, 0x02, 0x9d, 0xfe, 0xa3, 0x00,

    /* U+0064 "d" */
    0x00, 0x00, 0x00, 0x00, 0x08, 0xff, 0x40, 0x00,
    0x00, 0x00, 0x00, 0x8f, 0xf4, 0x00, 0x00, 0x00,
    0x00, 0x08, 0xff, 0x40, 0x00, 0x00, 0x00, 0x00,
    0x8f, 0xf4, 0x00, 0x04, 0xbe, 0xfc, 0x68, 0xff,
    0x40, 0x08, 0xff, 0xff, 0xff, 0xff, 0xf4, 0x05,
    0xff, 0xfc, 0x8b, 0xff, 0xff, 0x40, 0xdf, 0xf7,
    0x00, 0x04, 0xff, 0xf4, 0x1f, 0xfd, 0x00, 0x00,
    0x0f, 0xff, 0x43, 0xff, 0x90, 0x00, 0x00, 0xcf,
    0xf4, 0x3f, 0xf9, 0x00, 0x00, 0x0c, 0xff, 0x41,
    0xff, 0xd0, 0x00, 0x00, 0xff, 0xf4, 0x0d, 0xff,
    0x70, 0x00, 0x4f, 0xff, 0x40, 0x5f, 0xff, 0xc8,
    0xaf, 0xff, 0xf4, 0x00, 0x8f, 0xff, 0xff, 0xfe,
    0xff, 0x40, 0x00, 0x4b, 0xef, 0xc6, 0x0f, 0xf4,

    /* U+0065 "e" */
    0x00, 0x03, 0xae, 0xfe, 0xa3, 0x00, 0x00, 0x07,
    0xff, 0xff, 0xff, 0xf6, 0x00, 0x04, 0xff, 0xd6,
    0x35, 0xdf, 0xf3, 0x00, 0xcf, 0xe1, 0x00, 0x01,
    0xff, 0xc0, 0x1f, 0xfb, 0x22, 0x22, 0x2c, 0xff,
    0x13, 0xff, 0xff, 0xff, 0xff, 0xff, 0xf3, 0x3f,
    0xff, 0xff, 0xff, 0xff, 0xff, 0x41, 0xff, 0x90,
    0x00, 0x00, 0x00, 0x00, 0x0c, 0xff, 0x20, 0x00,
    0x09, 0xa2, 0x00, 0x4f, 0xfe, 0x75, 0x6c, 0xff,
    0x80, 0x00, 0x7f, 0xff, 0xff, 0xff, 0xb0, 0x00,
    0x00, 0x3a, 0xef, 0xeb, 0x50, 0x00,

    /* U+0066 "f" */
    0x00, 0x03, 0xcf, 0xf6, 0x00, 0x2f, 0xff, 0xf8,
    0x00, 0x8f, 0xfe, 0xb6, 0x00, 0xaf, 0xf3, 0x00,
    0x6f, 0xff, 0xff, 0xf4, 0x6f, 0xff, 0xff, 0xf4,
    0x39, 0xff, 0xfa, 0x92, 0x00, 0xbf, 0xf1, 0x00,
    0x00, 0xbf, 0xf1, 0x00, 0x00, 0xbf, 0xf1, 0x00,
    0x00, 0xbf, 0xf1, 0x00, 0x00, 0xbf, 0xf1, 0x00,
    0x00, 0xbf, 0xf1, 0x00, 0x00, 0xbf, 0xf1, 0x00,
    0x00, 0xbf, 0xf1, 0x00, 0x00, 0xbf, 0xf1, 0x00,

    /* U+0067 "g" */
    0x00, 0x04, 0xbe, 0xfd, 0x70, 0xdf, 0x50, 0x08,
    0xff, 0xff, 0xff, 0xef, 0xf5, 0x05, 0xff, 0xfb,
    0x78, 0xef, 0xff, 0x50, 0xcf, 0xf6, 0x00, 0x02,
    0xff, 0xf5, 0x0f, 0xfd, 0x00, 0x00, 0x0b, 0xff,
    0x52, 0xff, 0xb0, 0x00, 0x00, 0x8f, 0xf5, 0x1f,
    0xfc, 0x00, 0x00, 0x09, 0xff, 0x50, 0xef, 0xf2,
    0x00, 0x00, 0xff, 0xf5, 0x09, 0xff, 0xd4, 0x02,
    0xaf, 0xff, 0x50, 0x0d, 0xff, 0xff, 0xff, 0xff,
    0xf5, 0x00, 0x1b, 0xff, 0xff, 0xeb, 0xff, 0x50,
    0x00, 0x02, 0x55, 0x30, 0x7f, 0xf4, 0x00, 0x03,
    0x00, 0x00, 0x0a, 0xff, 0x20, 0x2c, 0xf5, 0x00,
    0x02, 0xff, 0xd0, 0x01, 0xff, 0xfa, 0x79, 0xff,
    0xf5, 0x00, 0x04, 0xff, 0xff, 0xff, 0xf8, 0x00,
    0x00, 0x02, 0x9e, 0xfe, 0xb4, 0x00, 0x00,

    /* U+0068 "h" */
    0x9f, 0xf3, 0x00, 0x00, 0x00, 0x09, 0xff, 0x30,
    0x00, 0x00, 0x00, 0x9f, 0xf3, 0x00, 0x00, 0x00,
    0x09, 0xff, 0x30, 0x00, 0x00, 0x00, 0x9f, 0xf3,
    0x3b, 0xef, 0xd6, 0x09, 0xff, 0xdf, 0xff, 0xff,
    0xf4, 0x9f, 0xff, 0xfd, 0xcf, 0xff, 0xa9, 0xff,
    0xf5, 0x00, 0x2f, 0xfd, 0x9f, 0xf6, 0x00, 0x00,
    0xef, 0xe9, 0xff, 0x30, 0x00, 0x0d, 0xfe, 0x9f,
    0xf3, 0x00, 0x00, 0xdf, 0xe9, 0xff, 0x30, 0x00,
    0x0d, 0xfe, 0x9f, 0xf3, 0x00, 0x00, 0xdf, 0xe9,
    0xff, 0x30, 0x00, 0x0d, 0xfe, 0x9f, 0xf3, 0x00,
    0x00, 0xdf, 0xe9, 0xff, 0x30, 0x00, 0x0d, 0xfe,

    /* U+0069 "i" */
    0x5e, 0xd2, 0xdf, 0xf8, 0xaf, 0xf6, 0x06, 0x50,
    0x00, 0x00, 0x8f, 0xf4, 0x8f, 0xf4, 0x8f, 0xf4,
    0x8f, 0xf4, 0x8f, 0xf4, 0x8f, 0xf4, 0x8f, 0xf4,
    0x8f, 0xf4, 0x8f, 0xf4, 0x8f, 0xf4, 0x8f, 0xf4,
    0x8f, 0xf4,

    /* U+006A "j" */
    0x00, 0x3e, 0xe3, 0x00, 0xaf, 0xfb, 0x00, 0x8f,
    0xf8, 0x00, 0x06, 0x60, 0x00, 0x00, 0x00, 0x00,
    0x6f, 0xf6, 0x00, 0x6f, 0xf6, 0x00, 0x6f, 0xf6,
    0x00, 0x6f, 0xf6, 0x00, 0x6f, 0xf6, 0x00, 0x6f,
    0xf6, 0x00, 0x6f, 0xf6, 0x00, 0x6f, 0xf6, 0x00,
    0x6f, 0xf6, 0x00, 0x6f, 0xf6, 0x00, 0x6f, 0xf6,
    0x00, 0x6f, 0xf6, 0x00, 0x6f, 0xf6, 0x00, 0x7f,
    0xf5, 0x08, 0xdf, 0xf4, 0x1f, 0xff, 0xe0, 0x0e,
    0xfc, 0x30,

    /* U+006B "k" */
    0x9f, 0xf2, 0x00, 0x00, 0x00, 0x09, 0xff, 0x20,
    0x00, 0x00, 0x00, 0x9f, 0xf2, 0x00, 0x00, 0x00,
    0x09, 0xff, 0x20, 0x00, 0x00, 0x00, 0x9f, 0xf2,
    0x00, 0x2e, 0xff, 0x39, 0xff, 0x20, 0x1d, 0xff,
    0x50, 0x9f, 0xf2, 0x0c, 0xff, 0x70, 0x09, 0xff,
    0x2b, 0xff, 0x80, 0x00, 0x9f, 0xfc, 0xff, 0xa0,
    0x00, 0x09, 0xff, 0xff, 0xf0, 0x00, 0x00, 0x9f,
    0xff, 0xff, 0x30, 0x00, 0x09, 0xff, 0x7f, 0xfe,
    0x10, 0x00, 0x9f, 0xf2, 0x7f, 0xfc, 0x00, 0x09,
    0xff, 0x20, 0xaf, 0xfa, 0x00, 0x9f, 0xf2, 0x00,
    0xcf, 0xf7, 0x09, 0xff, 0x20, 0x01, 0xef, 0xf5,

    /* U+006C "l" */
    0x9f, 0xf2, 0x09, 0xff, 0x20, 0x9f, 0xf2, 0x09,
    0xff, 0x20, 0x9f, 0xf2, 0x09, 0xff, 0x20, 0x9f,
    0xf2, 0x09, 0xff, 0x20, 0x9f, 0xf2, 0x09, 0xff,
    0x20, 0x9f, 0xf2, 0x09, 0xff, 0x20, 0x9f, 0xf3,
    0x08, 0xff, 0xd3, 0x4f, 0xff, 0x60, 0x8e, 0xf5,

    /* U+006D "m" */
    0x9f, 0xa0, 0x6c, 0xff, 0xc3, 0x03, 0xae, 0xfd,
    0x60, 0x9f, 0xfc, 0xff, 0xff, 0xfe, 0x9f, 0xff,
    0xff, 0xf5, 0x9f, 0xff, 0xfd, 0xcf, 0xff, 0xff,
    0xec, 0xff, 0xfb, 0x9f, 0xff, 0x30, 0x07, 0xff,
    0xf7, 0x00, 0x2f, 0xfd, 0x9f, 0xf5, 0x00, 0x03,
    0xff, 0xe0, 0x00, 0x0d, 0xfe, 0x9f, 0xf3, 0x00,
    0x03, 0xff, 0x90, 0x00, 0x0d, 0xff, 0x9f, 0xf3,
    0x00, 0x03, 0xff, 0x90, 0x00, 0x0d, 0xff, 0x9f,
    0xf3, 0x00, 0x03, 0xff, 0x90, 0x00, 0x0d, 0xff,
    0x9f, 0xf3, 0x00, 0x03, 0xff, 0x90, 0x00, 0x0d,
    0xff, 0x9f, 0xf3, 0x00, 0x03, 0xff, 0x90, 0x00,
    0x0d, 0xff, 0x9f, 0xf3, 0x00, 0x03, 0xff, 0x90,
    0x00, 0x0d, 0xff, 0x9f, 0xf3, 0x00, 0x03, 0xff,
    0x90, 0x00, 0x0d, 0xff,

    /* U+006E "n" */
    0x9f, 0xa0, 0x5b, 0xef, 0xd6, 0x09, 0xff, 0xcf,
    0xff, 0xff, 0xf4, 0x9f, 0xff, 0xfd, 0xcf, 0xff,
    0xa9, 0xff, 0xf5, 0x00, 0x2f, 0xfd, 0x9f, 0xf6,
    0x00, 0x00, 0xef, 0xe9, 0xff, 0x30, 0x00, 0x0d,
    0xfe, 0x9f, 0xf3, 0x00, 0x00, 0xdf, 0xe9, 0xff,
    0x30, 0x00, 0x0d, 0xfe, 0x9f, 0xf3, 0x00, 0x00,
    0xdf, 0xe9, 0xff, 0x30, 0x00, 0x0d, 0xfe, 0x9f,
    0xf3, 0x00, 0x00, 0xdf, 0xe9, 0xff, 0x30, 0x00,
    0x0d, 0xfe,

    /* U+006F "o" */
    0x00, 0x02, 0x9d, 0xfe, 0xc6, 0x00, 0x00, 0x06,
    0xff, 0xff, 0xff, 0xfd, 0x10, 0x03, 0xff, 0xfe,
    0xbd, 0xff, 0xfc, 0x00, 0xbf, 0xfa, 0x00, 0x03,
    0xef, 0xf5, 0x1f, 0xfe, 0x00, 0x00, 0x05, 0xff,
    0xa3, 0xff, 0xa0, 0x00, 0x00, 0x1f, 0xfc, 0x3f,
    0xfa, 0x00, 0x00, 0x01, 0xff, 0xc1, 0xff, 0xe0,
    0x00, 0x00, 0x5f, 0xfa, 0x0b, 0xff, 0xa0, 0x00,
    0x3e, 0xff, 0x50, 0x3f, 0xff, 0xfc, 0xdf, 0xff,
    0xc0, 0x00, 0x6f, 0xff, 0xff, 0xff, 0xc1, 0x00,
    0x00, 0x29, 0xdf, 0xec, 0x60, 0x00,

    /* U+0070 "p" */
    0x9f, 0xa1, 0x8d, 0xfe, 0xa2, 0x00, 0x9f, 0xfd,
    0xff, 0xff, 0xff, 0x40, 0x9f, 0xff, 0xe9, 0x9d,
    0xff, 0xe1, 0x9f, 0xfe, 0x10, 0x00, 0xbf, 0xf8,
    0x9f, 0xf5, 0x00, 0x00, 0x2f, 0xfc, 0x9f, 0xf2,
    0x00, 0x00, 0x0f, 0xfe, 0x9f, 0xf2, 0x00, 0x00,
    0x0f, 0xfe, 0x9f, 0xf5, 0x00, 0x00, 0x2f, 0xfc,
    0x9f, 0xfd, 0x10, 0x00, 0xbf, 0xf8, 0x9f, 0xff,
    0xe9, 0x9d, 0xff, 0xe1, 0x9f, 0xff, 0xff, 0xff,
    0xff, 0x40, 0x9f, 0xf5, 0x9d, 0xfe, 0xa2, 0x00,
    0x9f, 0xf3, 0x00, 0x00, 0x00, 0x00, 0x9f, 0xf3,
    0x00, 0x00, 0x00, 0x00, 0x9f, 0xf3, 0x00, 0x00,
    0x00, 0x00, 0x9f, 0xf3, 0x00, 0x00, 0x00, 0x00,
    0x9f, 0xf3, 0x00, 0x00, 0x00, 0x00,

    /* U+0071 "q" */
    0x00, 0x04, 0xbe, 0xfc, 0x60, 0xff, 0x40, 0x08,
    0xff, 0xff, 0xff, 0xef, 0xf4, 0x05, 0xff, 0xfc,
    0x8b, 0xff, 0xff, 0x40, 0xdf, 0xf7, 0x00, 0x04,
    0xff, 0xf4, 0x1f, 0xfd, 0x00, 0x00, 0x0f, 0xff,
    0x43, 0xff, 0x90, 0x00, 0x00, 0xcf, 0xf4, 0x3f,
    0xf9, 0x00, 0x00, 0x0c, 0xff, 0x41, 0xff, 0xd0,
    0x00, 0x00, 0xff, 0xf4, 0x0d, 0xff, 0x70, 0x00,
    0x4f, 0xff, 0x40, 0x5f, 0xff, 0xb8, 0xaf, 0xff,
    0xf4, 0x00, 0x8f, 0xff, 0xff, 0xff, 0xff, 0x40,
    0x00, 0x4b, 0xef, 0xc6, 0x8f, 0xf4, 0x00, 0x00,
    0x00, 0x00, 0x08, 0xff, 0x40, 0x00, 0x00, 0x00,
    0x00, 0x8f, 0xf4, 0x00, 0x00, 0x00, 0x00, 0x08,
    0xff, 0x40, 0x00, 0x00, 0x00, 0x00, 0x8f, 0xf4,
    0x00, 0x00, 0x00, 0x00, 0x08, 0xff, 0x40,

    /* U+0072 "r" */
    0x9f, 0xa1, 0xaf, 0xf9, 0xff, 0xef, 0xff, 0x9f,
    0xff, 0xfc, 0xb9, 0xff, 0xc0, 0x00, 0x9f, 0xf3,
    0x00, 0x09, 0xff, 0x30, 0x00, 0x9f, 0xf3, 0x00,
    0x09, 0xff, 0x30, 0x00, 0x9f, 0xf3, 0x00, 0x09,
    0xff, 0x30, 0x00, 0x9f, 0xf3, 0x00, 0x09, 0xff,
    0x30, 0x00,

    /* U+0073 "s" */
    0x00, 0x2a, 0xef, 0xd8, 0x10, 0x03, 0xff, 0xff,
    0xff, 0xe3, 0x0b, 0xff, 0x87, 0xbf, 0xf4, 0x0d,
    0xfa, 0x00, 0x05, 0x20, 0x0b, 0xff, 0x72, 0x00,
    0x00, 0x03, 0xff, 0xff, 0xe8, 0x10, 0x00, 0x29,
    0xef, 0xff, 0xe1, 0x00, 0x00, 0x03, 0xaf, 0xf8,
    0x01, 0xa2, 0x00, 0x0f, 0xfa, 0x0e, 0xff, 0x85,
    0x9f, 0xf7, 0x05, 0xff, 0xff, 0xff, 0xd0, 0x00,
    0x3a, 0xef, 0xd8, 0x10,

    /* U+0074 "t" */
    0x00, 0x08, 0x81, 0x00, 0x00, 0x3f, 0xf3, 0x00,
    0x00, 0x7f, 0xf3, 0x00, 0x5f, 0xff, 0xff, 0xfc,
    0x5f, 0xff, 0xff, 0xfc, 0x39, 0xff, 0xfc, 0x97,
    0x00, 0x8f, 0xf3, 0x00, 0x00, 0x8f, 0xf3, 0x00,
    0x00, 0x8f, 0xf3, 0x00, 0x00, 0x8f, 0xf3, 0x00,
    0x00, 0x8f, 0xf3, 0x00, 0x00, 0x8f, 0xf5, 0x00,
    0x00, 0x6f, 0xff, 0xb9, 0x00, 0x1e, 0xff, 0xfc,
    0x00, 0x02, 0xae, 0xfa,

    /* U+0075 "u" */
    0xbf, 0xf1, 0x00, 0x00, 0xff, 0xdb, 0xff, 0x10,
    0x00, 0x0f, 0xfd, 0xbf, 0xf1, 0x00, 0x00, 0xff,
    0xdb, 0xff, 0x10, 0x00, 0x0f, 0xfd, 0xbf, 0xf1,
    0x00, 0x00, 0xff, 0xdb, 0xff, 0x10, 0x00, 0x0f,
    0xfd, 0xbf, 0xf1, 0x00, 0x00, 0xff, 0xda, 0xff,
    0x20, 0x00, 0x0f, 0xfd, 0x9f, 0xf6, 0x00, 0x3c,
    0xff, 0xd5, 0xff, 0xfc, 0xdf, 0xff, 0xfd, 0x0e,
    0xff, 0xff, 0xfe, 0xef, 0xd0, 0x2b, 0xef, 0xd7,
    0x06, 0xfd,

    /* U+0076 "v" */
    0x7f, 0xf8, 0x00, 0x00, 0x2f, 0xfc, 0x1f, 0xfd,
    0x00, 0x00, 0x7f, 0xf6, 0x0b, 0xff, 0x30, 0x00,
    0xdf, 0xf1, 0x05, 0xff, 0x80, 0x02, 0xff, 0xa0,
    0x00, 0xef, 0xd0, 0x07, 0xff, 0x40, 0x00, 0x8f,
    0xf3, 0x0c, 0xfe, 0x00, 0x00, 0x2f, 0xf8, 0x2f,
    0xf9, 0x00, 0x00, 0x0c, 0xfe, 0x7f, 0xf3, 0x00,
    0x00, 0x06, 0xff, 0xff, 0xd0, 0x00, 0x00, 0x01,
    0xff, 0xff, 0x70, 0x00, 0x00, 0x00, 0xaf, 0xff,
    0x20, 0x00, 0x00, 0x00, 0x4f, 0xfc, 0x00, 0x00,

    /* U+0077 "w" */
    0x9f, 0xf2, 0x00, 0x07, 0xff, 0x30, 0x00, 0x5f,
    0xf5, 0x4f, 0xf7, 0x00, 0x0c, 0xff, 0x80, 0x00,
    0xaf, 0xf0, 0x0f, 0xfb, 0x00, 0x1f, 0xff, 0xd0,
    0x00, 0xef, 0xb0, 0x0a, 0xff, 0x00, 0x6f, 0xff,
    0xf2, 0x02, 0xff, 0x60, 0x05, 0xff, 0x40, 0xbf,
    0xce, 0xf7, 0x07, 0xff, 0x20, 0x01, 0xff, 0x80,
    0xff, 0x7a, 0xfc, 0x0b, 0xfd, 0x00, 0x00, 0xcf,
    0xd5, 0xff, 0x25, 0xff, 0x2f, 0xf8, 0x00, 0x00,
    0x7f, 0xfb, 0xfc, 0x00, 0xff, 0xbf, 0xf3, 0x00,
    0x00, 0x2f, 0xff, 0xf7, 0x00, 0xaf, 0xff, 0xe0,
    0x00, 0x00, 0x0d, 0xff, 0xf2, 0x00, 0x5f, 0xff,
    0x90, 0x00, 0x00, 0x08, 0xff, 0xd0, 0x00, 0x1f,
    0xff, 0x40, 0x00, 0x00, 0x03, 0xff, 0x80, 0x00,
    0x0b, 0xff, 0x00, 0x00,

    /* U+0078 "x" */
    0x4f, 0xfe, 0x00, 0x00, 0xdf, 0xf5, 0x0a, 0xff,
    0x90, 0x08, 0xff, 0xa0, 0x01, 0xef, 0xf3, 0x2f,
    0xfe, 0x10, 0x00, 0x4f, 0xfc, 0xcf, 0xf5, 0x00,
    0x00, 0x09, 0xff, 0xff, 0xa0, 0x00, 0x00, 0x00,
    0xff, 0xff, 0x10, 0x00, 0x00, 0x01, 0xff, 0xff,
    0x10, 0x00, 0x00, 0x0a, 0xff, 0xff, 0xa0, 0x00,
    0x00, 0x4f, 0xfc, 0xbf, 0xf5, 0x00, 0x01, 0xef,
    0xf2, 0x2f, 0xfe, 0x10, 0x0a, 0xff, 0x80, 0x07,
    0xff, 0xb0, 0x5f, 0xfd, 0x00, 0x00, 0xdf, 0xf6,

    /* U+0079 "y" */
    0x7f, 0xf6, 0x00, 0x00, 0x0d, 0xff, 0x11, 0xff,
    0xd0, 0x00, 0x04, 0xff, 0x90, 0x09, 0xff, 0x40,
    0x00, 0xbf, 0xf2, 0x00, 0x3f, 0xfa, 0x00, 0x2f,
    0xfb, 0x00, 0x00, 0xcf, 0xf1, 0x09, 0xff, 0x40,
    0x00, 0x05, 0xff, 0x80, 0xff, 0xd0, 0x00, 0x00,
    0x0e, 0xfe, 0x7f, 0xf7, 0x00, 0x00, 0x00, 0x7f,
    0xff, 0xff, 0x10, 0x00, 0x00, 0x01, 0xff, 0xff,
    0x90, 0x00, 0x00, 0x00, 0x09, 0xff, 0xf2, 0x00,
    0x00, 0x00, 0x00, 0x5f, 0xfc, 0x00, 0x00, 0x00,
    0x00, 0x08, 0xff, 0x50, 0x00, 0x00, 0x00, 0x00,
    0xef, 0xe0, 0x00, 0x00, 0x00, 0x00, 0x6f, 0xf7,
    0x00, 0x00, 0x00, 0x00, 0x0d, 0xff, 0x10, 0x00,
    0x00, 0x00, 0x04, 0xff, 0x90, 0x00, 0x00, 0x00,
    0x00, 0xbf, 0xf2, 0x00, 0x00, 0x00, 0x00,

    /* U+007A "z" */
    0x0f, 0xff, 0xff, 0xff, 0xff, 0x10, 0xff, 0xff,
    0xff, 0xff, 0xf1, 0x08, 0x88, 0x88, 0xdf, 0xfc,
    0x00, 0x00, 0x00, 0x2e, 0xfe, 0x10, 0x00, 0x00,
    0x0d, 0xff, 0x30, 0x00, 0x00, 0x0a, 0xff, 0x60,
    0x00, 0x00, 0x07, 0xff, 0xa0, 0x00, 0x00, 0x04,
    0xff, 0xc0, 0x00, 0x00, 0x01, 0xef, 0xe1, 0x00,
    0x00, 0x00, 0xcf, 0xfc, 0x88, 0x88, 0x81, 0x1f,
    0xff, 0xff, 0xff, 0xff, 0x21, 0xff, 0xff, 0xff,
    0xff, 0xf2,

    /* U+007B "{" */
    0x02, 0xbf, 0xf8, 0x3f, 0xff, 0xf8, 0xbf, 0xfc,
    0x84, 0xdf, 0xf0, 0x00, 0x9f, 0xf1, 0x00, 0x1f,
    0xf8, 0x00, 0x06, 0xff, 0x30, 0x00, 0xcf, 0xc0,
    0x00, 0x7f, 0xf1, 0x00, 0xcf, 0xf1, 0x5d, 0xff,
    0xa0, 0xcf, 0xff, 0x10, 0x8f, 0xff, 0x90, 0x01,
    0xdf, 0xf1, 0x00, 0x7f, 0xf1, 0x00, 0xcf, 0xc0,
    0x05, 0xff, 0x30, 0x1e, 0xf9, 0x00, 0x9f, 0xf1,
    0x00, 0xcf, 0xf0, 0x00, 0xbf, 0xfc, 0x84, 0x3f,
    0xff, 0xf8, 0x03, 0xbf, 0xf8,

    /* U+007C "|" */
    0x1b, 0xb5, 0x2f, 0xf7, 0x2f, 0xf7, 0x2f, 0xf7,
    0x2f, 0xf7, 0x2f, 0xf7, 0x2f, 0xf7, 0x2f, 0xf7,
    0x2f, 0xf7, 0x2f, 0xf7, 0x2f, 0xf7, 0x2f, 0xf7,
    0x2f, 0xf7, 0x2f, 0xf7, 0x2f, 0xf7, 0x2f, 0xf7,
    0x2f, 0xf7, 0x2f, 0xf7, 0x2f, 0xf7, 0x2f, 0xf7,
    0x2f, 0xf7, 0x2f, 0xf7, 0x2f, 0xf7,

    /* U+007D "}" */
    0xef, 0xe8, 0x00, 0xef, 0xff, 0xc0, 0x79, 0xef,
    0xf5, 0x00, 0x6f, 0xf7, 0x00, 0x7f, 0xf3, 0x00,
    0xef, 0xa0, 0x09, 0xfe, 0x10, 0x2f, 0xf6, 0x00,
    0x8f, 0xf1, 0x00, 0x7f, 0xf6, 0x00, 0x1f, 0xff,
    0xa2, 0x05, 0xff, 0xf7, 0x1e, 0xff, 0xd3, 0x7f,
    0xf8, 0x00, 0x8f, 0xf1, 0x00, 0x3f, 0xf5, 0x00,
    0x09, 0xfe, 0x10, 0x01, 0xef, 0x90, 0x00, 0x7f,
    0xf3, 0x00, 0x6f, 0xf7, 0x79, 0xff, 0xf5, 0xef,
    0xff, 0xc0, 0xef, 0xe8, 0x10,

    /* U+007E "~" */
    0x00, 0x00, 0x00, 0x00, 0x00, 0x01, 0x00, 0x00,
    0x5c, 0xfd, 0x81, 0x00, 0x0d, 0xb2, 0x06, 0xff,
    0xff, 0xfe, 0x85, 0xcf, 0xf3, 0x2f, 0xfd, 0x68,
    0xef, 0xff, 0xff, 0x80, 0x1a, 0xe1, 0x00, 0x08,
    0xdf, 0xd6, 0x00, 0x00, 0x00, 0x00, 0x00, 0x00,
    0x00, 0x00,

    /* U+00A0 " " */

    /* U+00A1 "¡" */
    0x0b, 0xfa, 0x06, 0xff, 0xf5, 0x6f, 0xff, 0x50,
    0xaf, 0xa0, 0x00, 0x00, 0x00, 0x9d, 0x80, 0x0c,
    0xfc, 0x00, 0xdf, 0xd0, 0x0f, 0xfe, 0x00, 0xff,
    0xf0, 0x0f, 0xff, 0x00, 0xff, 0xf0, 0x1f, 0xff,
    0x01, 0xff, 0xf1, 0x2f, 0xff, 0x12, 0xff, 0xf2,
    0x3f, 0xff, 0x20,

    /* U+00A2 "¢" */
    0x00, 0x00, 0x0a, 0xff, 0x10, 0x00, 0x00, 0x00,
    0x06, 0xff, 0xfc, 0x50, 0x00, 0x00, 0x1c, 0xff,
    0xff, 0xff, 0xc1, 0x00, 0x0c, 0xff, 0xfb, 0xbf,
    0xff, 0xb0, 0x05, 0xff, 0xc1, 0x00, 0x3e, 0xff,
    0x20, 0xbf, 0xf3, 0x00, 0x00, 0x5c, 0x30, 0x0e,
    0xfe, 0x00, 0x00, 0x00, 0x00, 0x00, 0xff, 0xc0,
    0x00, 0x00, 0x00, 0x00, 0x0f, 0xfd, 0x00, 0x00,
    0x00, 0x00, 0x00, 0xdf, 0xf1, 0x00, 0x00, 0x14,
    0x00, 0x08, 0xff, 0x80, 0x00, 0x0b, 0xfc, 0x10,
    0x1f, 0xff, 0x94, 0x5b, 0xff, 0xd0, 0x00, 0x5f,
    0xff, 0xff, 0xff, 0xe3, 0x00, 0x00, 0x4c, 0xff,
    0xff, 0xa2, 0x00, 0x00, 0x00, 0x0c, 0xff, 0x20,
    0x00, 0x00, 0x00, 0x00, 0xaf, 0xf1, 0x00, 0x00,

    /* U+00A3 "£" */
    0x00, 0x19, 0xdf, 0xea, 0x30, 0x00, 0x2e, 0xff,
    0xff, 0xff, 0x70, 0x0b, 0xff, 0xfb, 0xcf, 0xff,
    0x30, 0xff, 0xe1, 0x00, 0x4f, 0x60, 0x2f, 0xfa,
    0x00, 0x00, 0x10, 0x00, 0xff, 0xb0, 0x00, 0x00,
    0x00, 0x0b, 0xff, 0x10, 0x00, 0x00, 0x07, 0xcf,
    0xfe, 0x77, 0x73, 0x00, 0xff, 0xff, 0xff, 0xff,
    0x70, 0x0f, 0xff, 0xff, 0xff, 0xf7, 0x00, 0x00,
    0x4f, 0xf5, 0x00, 0x00, 0x00, 0x07, 0xff, 0x40,
    0x00, 0x00, 0x00, 0xdf, 0xf0, 0x00, 0x00, 0x01,
    0xbf, 0xff, 0xbb, 0xbb, 0xb6, 0xcf, 0xff, 0xff,
    0xff, 0xff, 0x98, 0xff, 0xff, 0xff, 0xff, 0xf9,

    /* U+00A4 "¤" */
    0x00, 0x00, 0x00, 0x00, 0x00, 0x00, 0x00, 0x00,
    0xa5, 0x00, 0x00, 0x00, 0x2c, 0x10, 0x0b, 0xff,
    0x9b, 0xef, 0xc8, 0xef, 0xd1, 0x06, 0xff, 0xff,
    0xff, 0xff, 0xff, 0x90, 0x00, 0x9f, 0xff, 0xbb,
    0xff, 0xff, 0x00, 0x00, 0x9f, 0xf5, 0x00, 0x2f,
    0xfd, 0x00, 0x00, 0xcf, 0xd0, 0x00, 0x0a, 0xff,
    0x00, 0x00, 0xcf, 0xd0, 0x00, 0x0a, 0xff, 0x00,
    0x00, 0x9f, 0xf5, 0x00, 0x2f, 0xfd, 0x00, 0x00,
    0x9f, 0xff, 0xbb, 0xff, 0xff, 0x00, 0x06, 0xff,
    0xff, 0xff, 0xff, 0xff, 0x90, 0x0a, 0xff, 0x9b,
    0xef, 0xc9, 0xef, 0xd1, 0x00, 0xa5, 0x00, 0x00,
    0x00, 0x3c, 0x10, 0x00, 0x00, 0x00, 0x00, 0x00,
    0x00, 0x00,

    /* U+00A5 "¥" */
    0x48, 0x80, 0x00, 0x00, 0x01, 0x88, 0x33, 0xff,
    0x70, 0x00, 0x00, 0x9f, 0xf1, 0x0b, 0xfe, 0x00,
    0x00, 0x1f, 0xf9, 0x00, 0x3f, 0xf7, 0x00, 0x08,
    0xff, 0x10, 0x00, 0xbf, 0xe0, 0x01, 0xff, 0x90,
    0x00, 0x03, 0xff, 0x60, 0x8f, 0xf1, 0x00, 0x00,
    0x0b, 0xfd, 0x1f, 0xf9, 0x00, 0x00, 0x67, 0x9f,
    0xfc, 0xff, 0x87, 0x60, 0x0f, 0xff, 0xff, 0xff,
    0xff, 0xfe, 0x00, 0xff, 0xff, 0xff, 0xff, 0xff,
    0xe0, 0x00, 0x00, 0x0f, 0xfd, 0x00, 0x00, 0x00,
    0xff, 0xff, 0xff, 0xff, 0xff, 0xe0, 0x0f, 0xff,
    0xff, 0xff, 0xff, 0xfe, 0x00, 0x66, 0x66, 0xff,
    0xe6, 0x66, 0x50, 0x00, 0x00, 0x0f, 0xfd, 0x00,
    0x00, 0x00, 0x00, 0x00, 0xff, 0xd0, 0x00, 0x00,

    /* U+00A6 "¦" */
    0x2e, 0xe6, 0x2f, 0xf7, 0x2f, 0xf7, 0x2f, 0xf7,
    0x2f, 0xf7, 0x2f, 0xf7, 0x2f, 0xf7, 0x2f, 0xf7,
    0x2f, 0xf7, 0x2f, 0xf7, 0x00, 0x00, 0x00, 0x00,
    0x00, 0x00, 0x2e, 0xe6, 0x2f, 0xf7, 0x2f, 0xf7,
    0x2f, 0xf7, 0x2f, 0xf7, 0x2f, 0xf7, 0x2f, 0xf7,
    0x2f, 0xf7, 0x2f, 0xf7, 0x2f, 0xf7,

    /* U+00A7 "§" */
    0x00, 0x03, 0xae, 0xfe, 0xa4, 0x00, 0x00, 0x7f,
    0xff, 0xff, 0xff, 0x80, 0x02, 0xff, 0xfb, 0x9b,
    0xff, 0xf3, 0x06, 0xff, 0x70, 0x00, 0x3b, 0x30,
    0x07, 0xff, 0x50, 0x00, 0x00, 0x00, 0x03, 0xff,
    0xe4, 0x00, 0x00, 0x00, 0x00, 0xaf, 0xff, 0xf9,
    0x40, 0x00, 0x00, 0x5f, 0xff, 0xff, 0xfd, 0x30,
    0x01, 0xff, 0xb5, 0x8d, 0xff, 0xf2, 0x07, 0xff,
    0x20, 0x00, 0x8f, 0xf8, 0x08, 0xff, 0x50, 0x00,
    0x2f, 0xf9, 0x05, 0xff, 0xf7, 0x10, 0x7f, 0xf6,
    0x00, 0xdf, 0xff, 0xff, 0xff, 0xb0, 0x00, 0x1a,
    0xff, 0xff, 0xff, 0x40, 0x00, 0x00, 0x16, 0xaf,
    0xff, 0xf2, 0x00, 0x00, 0x00, 0x01, 0xcf, 0xf7,
    0x01, 0xb6, 0x00, 0x00, 0x4f, 0xf8, 0x0e, 0xff,
    0x40, 0x00, 0x8f, 0xf6, 0x08, 0xff, 0xfb, 0x9b,
    0xff, 0xf1, 0x00, 0xaf, 0xff, 0xff, 0xff, 0x40,
    0x00, 0x05, 0xbe, 0xfd, 0x92, 0x00,

    /* U+00A8 "¨" */
    0x03, 0x50, 0x00, 0x54, 0x03, 0xff, 0xa0, 0x9f,
    0xf5, 0x6f, 0xfd, 0x0b, 0xff, 0x81, 0xcf, 0x60,
    0x4e, 0xd2,

    /* U+00A9 "©" */
    0x00, 0x00, 0x6b, 0xdd, 0xb6, 0x00, 0x00, 0x00,
    0x3d, 0xff, 0xff, 0xff, 0xe3, 0x00, 0x02, 0xff,
    0xb4, 0x11, 0x4b, 0xff, 0x30, 0x0d, 0xf8, 0x00,
    0x00, 0x00, 0x7f, 0xe0, 0x5f, 0xc0, 0x09, 0xef,
    0xb2, 0x0b, 0xf6, 0xaf, 0x50, 0xbf, 0xfe, 0xfe,
    0x04, 0xfb, 0xdf, 0x22, 0xfe, 0x10, 0x63, 0x01,
    0xfe, 0xdf, 0x24, 0xfb, 0x00, 0x00, 0x01, 0xfe,
    0xbf, 0x41, 0xff, 0x31, 0x96, 0x04, 0xfc, 0x6f,
    0xb0, 0x9f, 0xff, 0xfd, 0x0a, 0xf7, 0x0e, 0xf6,
    0x06, 0xbc, 0x91, 0x6f, 0xe1, 0x04, 0xff, 0x92,
    0x00, 0x29, 0xff, 0x40, 0x00, 0x4e, 0xff, 0xff,
    0xff, 0xf5, 0x00, 0x00, 0x01, 0x8d, 0xff, 0xd8,
    0x10, 0x00,

    /* U+00AA "ª" */
    0x02, 0x9d, 0xfe, 0x91, 0x00, 0x4f, 0xfe, 0xff,
    0xb0, 0x00, 0x30, 0x03, 0xff, 0x20, 0x1a, 0xef,
    0xaf, 0xf4, 0x0d, 0xff, 0xcf, 0xff, 0x43, 0xff,
    0x10, 0x2f, 0xf4, 0x3f, 0xf1, 0x03, 0xff, 0x40,
    0xdf, 0xfd, 0xff, 0xf4, 0x01, 0xaf, 0xf9, 0x7c,
    0x30,

    /* U+00AB "«" */
    0x00, 0x01, 0xef, 0xd0, 0x0c, 0xfe, 0x10, 0x00,
    0xaf, 0xf3, 0x08, 0xff, 0x50, 0x00, 0x6f, 0xf8,
    0x04, 0xff, 0xa0, 0x00, 0x2f, 0xfc, 0x01, 0xef,
    0xe0, 0x00, 0x0c, 0xff, 0x20, 0xaf, 0xf3, 0x00,
    0x00, 0x9f, 0xf4, 0x07, 0xff, 0x60, 0x00, 0x00,
    0xdf, 0xe1, 0x0c, 0xff, 0x20, 0x00, 0x03, 0xff,
    0xb0, 0x1e, 0xfc, 0x00, 0x00, 0x07, 0xff, 0x60,
    0x5f, 0xf8, 0x00, 0x00, 0x09, 0xba, 0x00, 0x8b,
    0xa1,

    /* U+00AC "¬" */
    0x59, 0x99, 0x99, 0x99, 0x9f, 0xfc, 0x8f, 0xff,
    0xff, 0xff, 0xff, 0xff, 0x8f, 0xff, 0xff, 0xff,
    0xff, 0xff, 0x00, 0x00, 0x00, 0x00, 0x0f, 0xfa,
    0x00, 0x00, 0x00, 0x00, 0x0f, 0xfa, 0x00, 0x00,
    0x00, 0x00, 0x0f, 0xfa, 0x00, 0x00, 0x00, 0x00,
    0x0f, 0xfa,

    /* U+00AE "®" */
    0x00, 0x00, 0x6b, 0xdd, 0xb6, 0x00, 0x00, 0x00,
    0x3d, 0xff, 0xff, 0xff, 0xe3, 0x00, 0x02, 0xff,
    0xb4, 0x11, 0x4b, 0xff, 0x30, 0x0d, 0xf8, 0x37,
    0x76, 0x20, 0x7f, 0xe0, 0x5f, 0xc0, 0x7f, 0xff,
    0xf6, 0x0b, 0xf6, 0xaf, 0x50, 0x7f, 0x95, 0xfd,
    0x04, 0xfb, 0xdf, 0x20, 0x7f, 0x41, 0xee, 0x01,
    0xfe, 0xdf, 0x20, 0x7f, 0xff, 0xf8, 0x01, 0xfe,
    0xbf, 0x40, 0x7f, 0xff, 0xf0, 0x04, 0xfc, 0x6f,
    0xb0, 0x7f, 0x48, 0xf6, 0x0a, 0xf7, 0x0e, 0xf6,
    0x26, 0x10, 0x64, 0x6f, 0xe1, 0x04, 0xff, 0x92,
    0x00, 0x29, 0xff, 0x40, 0x00, 0x4e, 0xff, 0xff,
    0xff, 0xf5, 0x00, 0x00, 0x01, 0x8d, 0xff, 0xd8,
    0x10, 0x00,

    /* U+00AF "¯" */
    0x11, 0x11, 0x11, 0x1d, 0xff, 0xff, 0xfe, 0xdf,
    0xff, 0xff, 0xe0,

    /* U+00B0 "°" */
    0x00, 0x00, 0x21, 0x00, 0x00, 0x00, 0x6e, 0xff,
    0xd4, 0x00, 0x08, 0xff, 0xff, 0xff, 0x30, 0x1f,
    0xf9, 0x12, 0xdf, 0xc0, 0x4f, 0xf0, 0x00, 0x5f,
    0xf0, 0x4f, 0xf1, 0x00, 0x5f, 0xf0, 0x0f, 0xfb,
    0x34, 0xef, 0xb0, 0x05, 0xff, 0xff, 0xff, 0x20,
    0x00, 0x4b, 0xfe, 0xa2, 0x00,

    /* U+00B1 "±" */
    0x00, 0x00, 0x6f, 0xf3, 0x00, 0x00, 0x00, 0x00,
    0x6f, 0xf3, 0x00, 0x00, 0x00, 0x00, 0x6f, 0xf3,
    0x00, 0x00, 0xaf, 0xff, 0xff, 0xff, 0xff, 0xfc,
    0xaf, 0xff, 0xff, 0xff, 0xff, 0xfc, 0x69, 0x99,
    0xff, 0xfc, 0x99, 0x97, 0x00, 0x00, 0x6f, 0xf3,
    0x00, 0x00, 0x00, 0x00, 0x6f, 0xf3, 0x00, 0x00,
    0x00, 0x00, 0x6f, 0xf3, 0x00, 0x00, 0x00, 0x00,
    0x6f, 0xf3, 0x00, 0x00, 0x00, 0x00, 0x02, 0x20,
    0x00, 0x00, 0x00, 0x00, 0x00, 0x00, 0x00, 0x00,
    0x69, 0x99, 0x99, 0x99, 0x99, 0x97, 0xaf, 0xff,
    0xff, 0xff, 0xff, 0xfc, 0xaf, 0xff, 0xff, 0xff,
    0xff, 0xfc,

    /* U+00B2 "²" */
    0x01, 0x9e, 0xfb, 0x20, 0x0d, 0xff, 0xff, 0xe1,
    0x1b, 0xe5, 0x4f, 0xf6, 0x00, 0x10, 0x0e, 0xf6,
    0x00, 0x00, 0x8f, 0xe1, 0x00, 0x06, 0xff, 0x50,
    0x00, 0x5f, 0xf7, 0x00, 0x05, 0xff, 0xc3, 0x32,
    0x2f, 0xff, 0xff, 0xf9, 0x4f, 0xff, 0xff, 0xf9,

    /* U+00B3 "³" */
    0x04, 0xcf, 0xea, 0x10, 0x5f, 0xff, 0xff, 0xc0,
    0x1d, 0x72, 0x7f, 0xf0, 0x00, 0x00, 0x7f, 0xc0,
    0x00, 0x9f, 0xff, 0x60, 0x00, 0x7c, 0xef, 0xf3,
    0x00, 0x00, 0x0e, 0xf8, 0x0c, 0xa2, 0x4f, 0xf6,
    0x4f, 0xff, 0xff, 0xe1, 0x04, 0xcf, 0xea, 0x10,

    /* U+00B4 "´" */
    0x00, 0x00, 0x00, 0x00, 0x1c, 0x80, 0x01, 0xdf,
    0xd1, 0x2d, 0xfc, 0x10, 0x8f, 0xc0, 0x00, 0x06,
    0x00, 0x00,

    /* U+00B5 "µ" */
    0xbf, 0xf1, 0x00, 0x00, 0xff, 0xdb, 0xff, 0x10,
    0x00, 0x0f, 0xfd, 0xbf, 0xf1, 0x00, 0x00, 0xff,
    0xdb, 0xff, 0x10, 0x00, 0x0f, 0xfd, 0xbf, 0xf1,
    0x00, 0x00, 0xff, 0xdb, 0xff, 0x10, 0x00, 0x0f,
    0xfd, 0xff, 0xf3, 0x00, 0x00, 0xff, 0xdf, 0xff,
    0x30, 0x00, 0x0f, 0xfd, 0xff, 0xf8, 0x00, 0x3c,
    0xff, 0xdf, 0xff, 0xfc, 0xdf, 0xff, 0xfd, 0xbf,
    0xff, 0xff, 0xfe, 0xef, 0xdb, 0xff, 0xff, 0xd7,
    0x06, 0xfd, 0xbf, 0xf1, 0x00, 0x00, 0x00, 0x0b,
    0xff, 0x10, 0x00, 0x00, 0x00, 0xbf, 0xf1, 0x00,
    0x00, 0x00, 0x0b, 0xff, 0x10, 0x00, 0x00, 0x00,
    0xbf, 0xf1, 0x00, 0x00, 0x00, 0x00,

    /* U+00B6 "¶" */
    0x00, 0x00, 0x37, 0x9a, 0xaa, 0xaa, 0xaa, 0x80,
    0x03, 0xdf, 0xff, 0xff, 0xff, 0xff, 0xfc, 0x03,
    0xff, 0xff, 0xff, 0xff, 0xff, 0xfa, 0x20, 0xef,
    0xff, 0xff, 0x30, 0x0d, 0xff, 0x00, 0x5f, 0xff,
    0xff, 0xf3, 0x00, 0xdf, 0xf0, 0x09, 0xff, 0xff,
    0xff, 0x30, 0x0d, 0xff, 0x00, 0xbf, 0xff, 0xff,
    0xf3, 0x00, 0xdf, 0xf0, 0x0a, 0xff, 0xff, 0xff,
    0x30, 0x0d, 0xff, 0x00, 0x8f, 0xff, 0xff, 0xf3,
    0x00, 0xdf, 0xf0, 0x02, 0xff, 0xff, 0xff, 0x30,
    0x0d, 0xff, 0x00, 0x09, 0xff, 0xff, 0xf3, 0x00,
    0xdf, 0xf0, 0x00, 0x0a, 0xff, 0xff, 0x30, 0x0d,
    0xff, 0x00, 0x00, 0x05, 0xcf, 0xf3, 0x00, 0xdf,
    0xf0, 0x00, 0x00, 0x00, 0x01, 0x00, 0x0d, 0xff,
    0x00, 0x00, 0x00, 0x00, 0x00, 0x00, 0xdf, 0xf0,
    0x00, 0x00, 0x00, 0x00, 0x00, 0x0d, 0xfe, 0x00,
    0x00, 0x19, 0x70, 0x00, 0x00, 0xff, 0xc0, 0x00,
    0x0c, 0xff, 0x30, 0x00, 0x9f, 0xf8, 0x00, 0x00,
    0x4f, 0xff, 0xb9, 0xcf, 0xff, 0x20, 0x00, 0x00,
    0x6f, 0xff, 0xff, 0xff, 0x60, 0x00, 0x00, 0x00,
    0x3a, 0xef, 0xea, 0x30, 0x00, 0x00,

    /* U+00B7 "·" */
    0x00, 0x20, 0x03, 0xef, 0xa0, 0xcf, 0xff, 0x4b,
    0xff, 0xf3, 0x1c, 0xf8, 0x00,

    /* U+00B8 "¸" */
    0x00, 0xbf, 0x00, 0x00, 0x0e, 0xff, 0x60, 0x00,
    0x33, 0xcf, 0x00, 0xaa, 0x8e, 0xd0, 0x09, 0xef,
    0xd3, 0x00,

    /* U+00B9 "¹" */
    0x00, 0x1f, 0xd3, 0x6e, 0xfd, 0xcf, 0xff, 0xdb,
    0xdf, 0xfd, 0x00, 0x8f, 0xd0, 0x08, 0xfd, 0x00,
    0x8f, 0xd0, 0x08, 0xfd, 0x00, 0x8f, 0xd0, 0x08,
    0xfd,

    /* U+00BA "º" */
    0x00, 0x00, 0x12, 0x00, 0x00, 0x00, 0x5d, 0xff,
    0xfa, 0x10, 0x05, 0xff, 0xff, 0xff, 0xe1, 0x0e,
    0xfd, 0x30, 0x6f, 0xf8, 0x3f, 0xf5, 0x00, 0x0b,
    0xfc, 0x4f, 0xf2, 0x00, 0x09, 0xfe, 0x2f, 0xf6,
    0x00, 0x0c, 0xfc, 0x0d, 0xfe, 0x64, 0xaf, 0xf6,
    0x03, 0xff, 0xff, 0xff, 0xc0, 0x00, 0x2a, 0xef,
    0xd7, 0x00,

    /* U+00BB "»" */
    0x0d, 0xfe, 0x10, 0xbf, 0xf3, 0x00, 0x00, 0x2f,
    0xfb, 0x01, 0xef, 0xd0, 0x00, 0x00, 0x7f, 0xf7,
    0x05, 0xff, 0x90, 0x00, 0x00, 0xbf, 0xf2, 0x09,
    0xff, 0x40, 0x00, 0x01, 0xff, 0xd0, 0x0d, 0xfe,
    0x10, 0x00, 0x3f, 0xfa, 0x02, 0xff, 0xc0, 0x00,
    0x0d, 0xfe, 0x10, 0xcf, 0xf2, 0x00, 0x0a, 0xff,
    0x40, 0x8f, 0xf6, 0x00, 0x05, 0xff, 0x80, 0x3f,
    0xfa, 0x00, 0x00, 0x9b, 0xa0, 0x08, 0xba, 0x10,
    0x00,

    /* U+00BC "¼" */
    0x00, 0x00, 0x00, 0x00, 0x00, 0x00, 0x01, 0x00,
    0x00, 0x00, 0x00, 0x0a, 0x90, 0x00, 0x00, 0x00,
    0x0e, 0xa1, 0x00, 0x00, 0x03, 0xbf, 0xd0, 0x00,
    0x00, 0x00, 0x9f, 0xd0, 0x00, 0x00, 0xcf, 0xff,
    0xd0, 0x00, 0x00, 0x04, 0xff, 0x30, 0x00, 0x00,
    0xcf, 0xff, 0xd0, 0x00, 0x00, 0x0e, 0xf8, 0x00,
    0x00, 0x00, 0x10, 0x8f, 0xd0, 0x00, 0x00, 0x9f,
    0xd0, 0x00, 0x00, 0x00, 0x00, 0x8f, 0xd0, 0x00,
    0x04, 0xff, 0x30, 0x00, 0x00, 0x00, 0x00, 0x8f,
    0xd0, 0x00, 0x0e, 0xf8, 0x00, 0x00, 0x00, 0x00,
    0x00, 0x8f, 0xd0, 0x00, 0x9f, 0xd0, 0x03, 0xed,
    0x00, 0x00, 0x00, 0x8f, 0xd0, 0x04, 0xff, 0x30,
    0x08, 0xfb, 0x00, 0x00, 0x00, 0x8f, 0xd0, 0x0d,
    0xf8, 0x00, 0x0d, 0xf6, 0x00, 0x00, 0x00, 0x00,
    0x00, 0x9f, 0xd0, 0x00, 0x3f, 0xf1, 0x2f, 0x90,
    0x00, 0x00, 0x03, 0xff, 0x30, 0x00, 0x8f, 0xb0,
    0x6f, 0x90, 0x00, 0x00, 0x0d, 0xf8, 0x00, 0x00,
    0xdf, 0x93, 0xcf, 0xc2, 0x00, 0x00, 0x9f, 0xd0,
    0x00, 0x02, 0xff, 0xff, 0xff, 0xfe, 0x00, 0x03,
    0xff, 0x30, 0x00, 0x05, 0xff, 0xff, 0xff, 0xfe,
    0x00, 0x0d, 0xf8, 0x00, 0x00, 0x00, 0x00, 0x00,
    0xbf, 0x90, 0x00, 0x8f, 0xd0, 0x00, 0x00, 0x00,
    0x00, 0x00, 0xbf, 0x90, 0x00, 0x4d, 0x30, 0x00,
    0x00, 0x00, 0x00, 0x00, 0x00, 0x00, 0x00, 0x00,
    0x00, 0x00, 0x00, 0x00, 0x00, 0x00, 0x00, 0x00,

    /* U+00BD "½" */
    0x00, 0x00, 0x00, 0x00, 0x00, 0x00, 0x01, 0x00,
    0x00, 0x00, 0x00, 0x0a, 0x90, 0x00, 0x00, 0x00,
    0x0e, 0xa1, 0x00, 0x00, 0x03, 0xbf, 0xd0, 0x00,
    0x00, 0x00, 0x9f, 0xd0, 0x00, 0x00, 0xcf, 0xff,
    0xd0, 0x00, 0x00, 0x04, 0xff, 0x30, 0x00, 0x00,
    0xcf, 0xff, 0xd0, 0x00, 0x00, 0x0e, 0xf8, 0x00,
    0x00, 0x00, 0x10, 0x8f, 0xd0, 0x00, 0x00, 0x9f,
    0xd0, 0x00, 0x00, 0x00, 0x00, 0x8f, 0xd0, 0x00,
    0x04, 0xff, 0x30, 0x00, 0x00, 0x00, 0x00, 0x8f,
    0xd0, 0x00, 0x0e, 0xf8, 0x00, 0x00, 0x00, 0x00,
    0x00, 0x8f, 0xd0, 0x00, 0x9f, 0xd0, 0x03, 0xbf,
    0xe9, 0x00, 0x00, 0x8f, 0xd0, 0x04, 0xff, 0x30,
    0x3f, 0xff, 0xff, 0xb0, 0x00, 0x8f, 0xd0, 0x0d,
    0xf8, 0x00, 0x3c, 0xa3, 0x7f, 0xf1, 0x00, 0x00,
    0x00, 0x9f, 0xd0, 0x00, 0x00, 0x00, 0x3f, 0xf1,
    0x00, 0x00, 0x03, 0xff, 0x30, 0x00, 0x00, 0x00,
    0xcf, 0xb0, 0x00, 0x00, 0x0d, 0xf8, 0x00, 0x00,
    0x00, 0x0a, 0xfe, 0x10, 0x00, 0x00, 0x9f, 0xd0,
    0x00, 0x00, 0x00, 0xaf, 0xf3, 0x00, 0x00, 0x03,
    0xff, 0x30, 0x00, 0x00, 0x09, 0xff, 0x73, 0x31,
    0x00, 0x0d, 0xf8, 0x00, 0x00, 0x00, 0x7f, 0xff,
    0xff, 0xf4, 0x00, 0x8f, 0xd0, 0x00, 0x00, 0x00,
    0x9f, 0xff, 0xff, 0xf4, 0x00, 0x4d, 0x30, 0x00,
    0x00, 0x00, 0x00, 0x00, 0x00, 0x00, 0x00, 0x00,
    0x00, 0x00, 0x00, 0x00, 0x00, 0x00, 0x00, 0x00,

    /* U+00BE "¾" */
    0x00, 0x00, 0x00, 0x00, 0x00, 0x00, 0x00, 0x01,
    0x00, 0x00, 0x00, 0x00, 0x4c, 0xfe, 0x91, 0x00,
    0x00, 0x00, 0x00, 0xce, 0x30, 0x00, 0x00, 0x5f,
    0xff, 0xff, 0xb0, 0x00, 0x00, 0x00, 0x7f, 0xe1,
    0x00, 0x00, 0x01, 0xe8, 0x27, 0xff, 0x00, 0x00,
    0x00, 0x2f, 0xf5, 0x00, 0x00, 0x00, 0x01, 0x00,
    0x5f, 0xe0, 0x00, 0x00, 0x0c, 0xfa, 0x00, 0x00,
    0x00, 0x00, 0x06, 0xdf, 0xf5, 0x00, 0x00, 0x07,
    0xfe, 0x10, 0x00, 0x00, 0x00, 0x00, 0x9f, 0xff,
    0xe1, 0x00, 0x02, 0xff, 0x50, 0x00, 0x00, 0x00,
    0x00, 0x00, 0x03, 0xef, 0x80, 0x00, 0xcf, 0xa0,
    0x01, 0x10, 0x00, 0x00, 0x0a, 0x80, 0x2e, 0xf7,
    0x00, 0x6f, 0xe1, 0x01, 0xff, 0x30, 0x00, 0x04,
    0xff, 0xff, 0xff, 0x10, 0x2f, 0xf5, 0x00, 0x6f,
    0xe0, 0x00, 0x00, 0x05, 0xef, 0xfc, 0x30, 0x0b,
    0xfb, 0x00, 0x0b, 0xf9, 0x01, 0x10, 0x00, 0x00,
    0x10, 0x00, 0x06, 0xfe, 0x10, 0x00, 0xff, 0x40,
    0xfd, 0x00, 0x00, 0x00, 0x00, 0x01, 0xff, 0x60,
    0x00, 0x5f, 0xe0, 0x2f, 0xd0, 0x00, 0x00, 0x00,
    0x00, 0xbf, 0xb0, 0x00, 0x0a, 0xfc, 0x39, 0xff,
    0x30, 0x00, 0x00, 0x00, 0x6f, 0xf1, 0x00, 0x00,
    0xff, 0xff, 0xff, 0xff, 0x10, 0x00, 0x00, 0x1e,
    0xf6, 0x00, 0x00, 0x1f, 0xff, 0xff, 0xff, 0xf1,
    0x00, 0x00, 0x0b, 0xfb, 0x00, 0x00, 0x00, 0x00,
    0x00, 0x7f, 0xd0, 0x00, 0x00, 0x05, 0xff, 0x20,
    0x00, 0x00, 0x00, 0x00, 0x07, 0xfd, 0x00, 0x00,
    0x00, 0x2c, 0x60, 0x00, 0x00, 0x00, 0x00, 0x00,
    0x00, 0x00, 0x00, 0x00, 0x00, 0x00, 0x00, 0x00,
    0x00, 0x00, 0x00, 0x00, 0x00, 0x00,

    /* U+00BF "¿" */
    0x00, 0x00, 0x00, 0x00, 0x00, 0x00, 0x00, 0x00,
    0x9f, 0xc1, 0x00, 0x00, 0x00, 0x04, 0xff, 0xf8,
    0x00, 0x00, 0x00, 0x04, 0xff, 0xf8, 0x00, 0x00,
    0x00, 0x00, 0x9f, 0xb1, 0x00, 0x00, 0x00, 0x00,
    0x00, 0x00, 0x00, 0x00, 0x00, 0x00, 0x1a, 0xa0,
    0x00, 0x00, 0x00, 0x05, 0xef, 0xf4, 0x00, 0x00,
    0x00, 0x9f, 0xff, 0xd4, 0x00, 0x00, 0x09, 0xff,
    0xf8, 0x00, 0x00, 0x00, 0x4f, 0xff, 0x40, 0x00,
    0x00, 0x00, 0xbf, 0xf5, 0x00, 0x00, 0x00, 0x00,
    0xef, 0xf0, 0x00, 0x00, 0x00, 0x00, 0xdf, 0xf1,
    0x00, 0x00, 0x07, 0x00, 0xaf, 0xfa, 0x00, 0x03,
    0xdf, 0xa0, 0x3f, 0xff, 0xec, 0xdf, 0xff, 0xb0,
    0x06, 0xff, 0xff, 0xff, 0xf9, 0x00, 0x00, 0x3a,
    0xef, 0xea, 0x30, 0x00,

    /* U+00C0 "À" */
    0x00, 0x00, 0x02, 0x00, 0x00, 0x00, 0x00, 0x00,
    0x00, 0x00, 0x3f, 0xb0, 0x00, 0x00, 0x00, 0x00,
    0x00, 0x00, 0x2e, 0xfb, 0x00, 0x00, 0x00, 0x00,
    0x00, 0x00, 0x02, 0xdf, 0xc1, 0x00, 0x00, 0x00,
    0x00, 0x00, 0x00, 0x1d, 0xd1, 0x00, 0x00, 0x00,
    0x00, 0x00, 0x00, 0x01, 0x10, 0x00, 0x00, 0x00,
    0x00, 0x00, 0x00, 0x00, 0x00, 0x00, 0x00, 0x00,
    0x00, 0x00, 0x00, 0xef, 0xfd, 0x00, 0x00, 0x00,
    0x00, 0x00, 0x05, 0xff, 0xff, 0x30, 0x00, 0x00,
    0x00, 0x00, 0x0b, 0xff, 0xff, 0x90, 0x00, 0x00,
    0x00, 0x00, 0x1f, 0xfb, 0xcf, 0xe0, 0x00, 0x00,
    0x00, 0x00, 0x6f, 0xf5, 0x7f, 0xf5, 0x00, 0x00,
    0x00, 0x00, 0xcf, 0xf0, 0x1f, 0xfa, 0x00, 0x00,
    0x00, 0x02, 0xff, 0xa0, 0x0c, 0xff, 0x00, 0x00,
    0x00, 0x08, 0xff, 0x40, 0x06, 0xff, 0x60, 0x00,
    0x00, 0x0d, 0xfe, 0x00, 0x01, 0xff, 0xb0, 0x00,
    0x00, 0x3f, 0xf8, 0x00, 0x00, 0xbf, 0xf1, 0x00,
    0x00, 0x9f, 0xff, 0xff, 0xff, 0xff, 0xf7, 0x00,
    0x00, 0xef, 0xff, 0xff, 0xff, 0xff, 0xfd, 0x00,
    0x05, 0xff, 0xf9, 0x99, 0x99, 0x9f, 0xff, 0x20,
    0x0b, 0xff, 0x10, 0x00, 0x00, 0x04, 0xff, 0x80,
    0x1f, 0xfc, 0x00, 0x00, 0x00, 0x00, 0xef, 0xe0,
    0x6f, 0xf6, 0x00, 0x00, 0x00, 0x00, 0x9f, 0xf4,

    /* U+00C1 "Á" */
    0x00, 0x00, 0x00, 0x00, 0x00, 0x20, 0x00, 0x00,
    0x00, 0x00, 0x00, 0x00, 0x1c, 0xe2, 0x00, 0x00,
    0x00, 0x00, 0x00, 0x01, 0xdf, 0xd1, 0x00, 0x00,
    0x00, 0x00, 0x00, 0x2e, 0xfc, 0x10, 0x00, 0x00,
    0x00, 0x00, 0x00, 0x2e, 0xb0, 0x00, 0x00, 0x00,
    0x00, 0x00, 0x00, 0x02, 0x00, 0x00, 0x00, 0x00,
    0x00, 0x00, 0x00, 0x00, 0x00, 0x00, 0x00, 0x00,
    0x00, 0x00, 0x00, 0xef, 0xfd, 0x00, 0x00, 0x00,
    0x00, 0x00, 0x05, 0xff, 0xff, 0x30, 0x00, 0x00,
    0x00, 0x00, 0x0b, 0xff, 0xff, 0x90, 0x00, 0x00,
    0x00, 0x00, 0x1f, 0xfb, 0xcf, 0xe0, 0x00, 0x00,
    0x00, 0x00, 0x6f, 0xf5, 0x7f, 0xf5, 0x00, 0x00,
    0x00, 0x00, 0xcf, 0xf0, 0x1f, 0xfa, 0x00, 0x00,
    0x00, 0x02, 0xff, 0xa0, 0x0c, 0xff, 0x00, 0x00,
    0x00, 0x08, 0xff, 0x40, 0x06, 0xff, 0x60, 0x00,
    0x00, 0x0d, 0xfe, 0x00, 0x01, 0xff, 0xb0, 0x00,
    0x00, 0x3f, 0xf8, 0x00, 0x00, 0xbf, 0xf1, 0x00,
    0x00, 0x9f, 0xff, 0xff, 0xff, 0xff, 0xf7, 0x00,
    0x00, 0xef, 0xff, 0xff, 0xff, 0xff, 0xfd, 0x00,
    0x05, 0xff, 0xf9, 0x99, 0x99, 0x9f, 0xff, 0x20,
    0x0b, 0xff, 0x10, 0x00, 0x00, 0x04, 0xff, 0x80,
    0x1f, 0xfc, 0x00, 0x00, 0x00, 0x00, 0xef, 0xe0,
    0x6f, 0xf6, 0x00, 0x00, 0x00, 0x00, 0x9f, 0xf4,

    /* U+00C2 "Â" */
    0x00, 0x00, 0x00, 0x07, 0x50, 0x00, 0x00, 0x00,
    0x00, 0x00, 0x00, 0x7f, 0xf5, 0x00, 0x00, 0x00,
    0x00, 0x00, 0x07, 0xff, 0xff, 0x50, 0x00, 0x00,
    0x00, 0x00, 0x4f, 0xf4, 0x7f, 0xf3, 0x00, 0x00,
    0x00, 0x00, 0x0a, 0x50, 0x08, 0xa0, 0x00, 0x00,
    0x00, 0x00, 0x00, 0x00, 0x00, 0x00, 0x00, 0x00,
    0x00, 0x00, 0x00, 0x00, 0x00, 0x00, 0x00, 0x00,
    0x00, 0x00, 0x00, 0xef, 0xfd, 0x00, 0x00, 0x00,
    0x00, 0x00, 0x05, 0xff, 0xff, 0x30, 0x00, 0x00,
    0x00, 0x00, 0x0b, 0xff, 0xff, 0x90, 0x00, 0x00,
    0x00, 0x00, 0x1f, 0xfb, 0xcf, 0xe0, 0x00, 0x00,
    0x00, 0x00, 0x6f, 0xf5, 0x7f, 0xf5, 0x00, 0x00,
    0x00, 0x00, 0xcf, 0xf0, 0x1f, 0xfa, 0x00, 0x00,
    0x00, 0x02, 0xff, 0xa0, 0x0c, 0xff, 0x00, 0x00,
    0x00, 0x08, 0xff, 0x40, 0x06, 0xff, 0x60, 0x00,
    0x00, 0x0d, 0xfe, 0x00, 0x01, 0xff, 0xb0, 0x00,
    0x00, 0x3f, 0xf8, 0x00, 0x00, 0xbf, 0xf1, 0x00,
    0x00, 0x9f, 0xff, 0xff, 0xff, 0xff, 0xf7, 0x00,
    0x00, 0xef, 0xff, 0xff, 0xff, 0xff, 0xfd, 0x00,
    0x05, 0xff, 0xf9, 0x99, 0x99, 0x9f, 0xff, 0x20,
    0x0b, 0xff, 0x10, 0x00, 0x00, 0x04, 0xff, 0x80,
    0x1f, 0xfc, 0x00, 0x00, 0x00, 0x00, 0xef, 0xe0,
    0x6f, 0xf6, 0x00, 0x00, 0x00, 0x00, 0x9f, 0xf4,

    /* U+00C3 "Ã" */
    0x00, 0x00, 0x3c, 0xf9, 0x00, 0x84, 0x00, 0x00,
    0x00, 0x01, 0xef, 0xff, 0xb3, 0xef, 0x30, 0x00,
    0x00, 0x03, 0xfe, 0x3b, 0xff, 0xfd, 0x00, 0x00,
    0x00, 0x00, 0x25, 0x00, 0x9f, 0xc2, 0x00, 0x00,
    0x00, 0x00, 0x00, 0x00, 0x00, 0x00, 0x00, 0x00,
    0x00, 0x00, 0x00, 0x00, 0x00, 0x00, 0x00, 0x00,
    0x00, 0x00, 0x00, 0xef, 0xfd, 0x00, 0x00, 0x00,
    0x00, 0x00, 0x05, 0xff, 0xff, 0x30, 0x00, 0x00,
    0x00, 0x00, 0x0b, 0xff, 0xff, 0x90, 0x00, 0x00,
    0x00, 0x00, 0x1f, 0xfb, 0xcf, 0xe0, 0x00, 0x00,
    0x00, 0x00, 0x6f, 0xf5, 0x7f, 0xf5, 0x00, 0x00,
    0x00, 0x00, 0xcf, 0xf0, 0x1f, 0xfa, 0x00, 0x00,
    0x00, 0x02, 0xff, 0xa0, 0x0c, 0xff, 0x00, 0x00,
    0x00, 0x08, 0xff, 0x40, 0x06, 0xff, 0x60, 0x00,
    0x00, 0x0d, 0xfe, 0x00, 0x01, 0xff, 0xb0, 0x00,
    0x00, 0x3f, 0xf8, 0x00, 0x00, 0xbf, 0xf1, 0x00,
    0x00, 0x9f, 0xff, 0xff, 0xff, 0xff, 0xf7, 0x00,
    0x00, 0xef, 0xff, 0xff, 0xff, 0xff, 0xfd, 0x00,
    0x05, 0xff, 0xf9, 0x99, 0x99, 0x9f, 0xff, 0x20,
    0x0b, 0xff, 0x10, 0x00, 0x00, 0x04, 0xff, 0x80,
    0x1f, 0xfc, 0x00, 0x00, 0x00, 0x00, 0xef, 0xe0,
    0x6f, 0xf6, 0x00, 0x00, 0x00, 0x00, 0x9f, 0xf4,

    /* U+00C4 "Ä" */
    0x00, 0x00, 0x15, 0x20, 0x03, 0x50, 0x00, 0x00,
    0x00, 0x00, 0xdf, 0xf2, 0x2f, 0xfb, 0x00, 0x00,
    0x00, 0x00, 0xff, 0xf4, 0x5f, 0xfe, 0x00, 0x00,
    0x00, 0x00, 0x7f, 0xb0, 0x0c, 0xf6, 0x00, 0x00,
    0x00, 0x00, 0x00, 0x00, 0x00, 0x00, 0x00, 0x00,
    0x00, 0x00, 0x00, 0x00, 0x00, 0x00, 0x00, 0x00,
    0x00, 0x00, 0x00, 0xef, 0xfd, 0x00, 0x00, 0x00,
    0x00, 0x00, 0x05, 0xff, 0xff, 0x30, 0x00, 0x00,
    0x00, 0x00, 0x0b, 0xff, 0xff, 0x90, 0x00, 0x00,
    0x00, 0x00, 0x1f, 0xfb, 0xcf, 0xe0, 0x00, 0x00,
    0x00, 0x00, 0x6f, 0xf5, 0x7f, 0xf5, 0x00, 0x00,
    0x00, 0x00, 0xcf, 0xf0, 0x1f, 0xfa, 0x00, 0x00,
    0x00, 0x02, 0xff, 0xa0, 0x0c, 0xff, 0x00, 0x00,
    0x00, 0x08, 0xff, 0x40, 0x06, 0xff, 0x60, 0x00,
    0x00, 0x0d, 0xfe, 0x00, 0x01, 0xff, 0xb0, 0x00,
    0x00, 0x3f, 0xf8, 0x00, 0x00, 0xbf, 0xf1, 0x00,
    0x00, 0x9f, 0xff, 0xff, 0xff, 0xff, 0xf7, 0x00,
    0x00, 0xef, 0xff, 0xff, 0xff, 0xff, 0xfd, 0x00,
    0x05, 0xff, 0xf9, 0x99, 0x99, 0x9f, 0xff, 0x20,
    0x0b, 0xff, 0x10, 0x00, 0x00, 0x04, 0xff, 0x80,
    0x1f, 0xfc, 0x00, 0x00, 0x00, 0x00, 0xef, 0xe0,
    0x6f, 0xf6, 0x00, 0x00, 0x00, 0x00, 0x9f, 0xf4,

    /* U+00C5 "Å" */
    0x00, 0x00, 0x00, 0x8e, 0xe8, 0x00, 0x00, 0x00,
    0x00, 0x00, 0x07, 0xfd, 0xef, 0x50, 0x00, 0x00,
    0x00, 0x00, 0x0a, 0xf2, 0x4f, 0x90, 0x00, 0x00,
    0x00, 0x00, 0x07, 0xfd, 0xef, 0x50, 0x00, 0x00,
    0x00, 0x00, 0x00, 0x8f, 0xe7, 0x00, 0x00, 0x00,
    0x00, 0x00, 0x00, 0x00, 0x00, 0x00, 0x00, 0x00,
    0x00, 0x00, 0x00, 0x00, 0x00, 0x00, 0x00, 0x00,
    0x00, 0x00, 0x00, 0xef, 0xfd, 0x00, 0x00, 0x00,
    0x00, 0x00, 0x05, 0xff, 0xff, 0x30, 0x00, 0x00,
    0x00, 0x00, 0x0b, 0xff, 0xff, 0x90, 0x00, 0x00,
    0x00, 0x00, 0x1f, 0xfb, 0xcf, 0xe0, 0x00, 0x00,
    0x00, 0x00, 0x6f, 0xf5, 0x7f, 0xf5, 0x00, 0x00,
    0x00, 0x00, 0xcf, 0xf0, 0x1f, 0xfa, 0x00, 0x00,
    0x00, 0x02, 0xff, 0xa0, 0x0c, 0xff, 0x00, 0x00,
    0x00, 0x08, 0xff, 0x40, 0x06, 0xff, 0x60, 0x00,
    0x00, 0x0d, 0xfe, 0x00, 0x01, 0xff, 0xb0, 0x00,
    0x00, 0x3f, 0xf8, 0x00, 0x00, 0xbf, 0xf1, 0x00,
    0x00, 0x9f, 0xff, 0xff, 0xff, 0xff, 0xf7, 0x00,
    0x00, 0xef, 0xff, 0xff, 0xff, 0xff, 0xfd, 0x00,
    0x05, 0xff, 0xf9, 0x99, 0x99, 0x9f, 0xff, 0x20,
    0x0b, 0xff, 0x10, 0x00, 0x00, 0x04, 0xff, 0x80,
    0x1f, 0xfc, 0x00, 0x00, 0x00, 0x00, 0xef, 0xe0,
    0x6f, 0xf6, 0x00, 0x00, 0x00, 0x00, 0x9f, 0xf4,

    /* U+00C6 "Æ" */
    0x00, 0x00, 0x00, 0x5f, 0xff, 0xff, 0xff, 0xff,
    0xff, 0x70, 0x00, 0x00, 0x0c, 0xff, 0xff, 0xff,
    0xff, 0xff, 0xf7, 0x00, 0x00, 0x02, 0xff, 0xef,
    0xff, 0xaa, 0xaa, 0xaa, 0x50, 0x00, 0x00, 0x9f,
    0xf5, 0xff, 0xc0, 0x00, 0x00, 0x00, 0x00, 0x00,
    0x0e, 0xfe, 0x0e, 0xfd, 0x00, 0x00, 0x00, 0x00,
    0x00, 0x05, 0xff, 0x80, 0xdf, 0xf0, 0x00, 0x00,
    0x00, 0x00, 0x00, 0xcf, 0xf1, 0x0b, 0xff, 0xba,
    0xaa, 0xa5, 0x00, 0x00, 0x2f, 0xfb, 0x00, 0xaf,
    0xff, 0xff, 0xff, 0x90, 0x00, 0x09, 0xff, 0x40,
    0x08, 0xff, 0xff, 0xff, 0xf9, 0x00, 0x00, 0xff,
    0xfa, 0xaa, 0xff, 0xf5, 0x00, 0x00, 0x00, 0x00,
    0x6f, 0xff, 0xff, 0xff, 0xff, 0x60, 0x00, 0x00,
    0x00, 0x0c, 0xff, 0xff, 0xff, 0xff, 0xf7, 0x00,
    0x00, 0x00, 0x03, 0xff, 0x90, 0x00, 0x02, 0xff,
    0x90, 0x00, 0x00, 0x00, 0x9f, 0xf3, 0x00, 0x00,
    0x1f, 0xff, 0xaa, 0xaa, 0xaa, 0x0f, 0xfc, 0x00,
    0x00, 0x00, 0xff, 0xff, 0xff, 0xff, 0xf6, 0xff,
    0x60, 0x00, 0x00, 0x0e, 0xff, 0xff, 0xff, 0xff,

    /* U+00C7 "Ç" */
    0x00, 0x00, 0x05, 0xad, 0xff, 0xeb, 0x50, 0x00,
    0x00, 0x00, 0x2d, 0xff, 0xff, 0xff, 0xff, 0xd2,
    0x00, 0x00, 0x3f, 0xff, 0xfe, 0xbb, 0xef, 0xff,
    0xe2, 0x00, 0x1e, 0xff, 0xd3, 0x00, 0x00, 0x3c,
    0xff, 0xd0, 0x09, 0xff, 0xc0, 0x00, 0x00, 0x00,
    0x0b, 0xe9, 0x10, 0xff, 0xf1, 0x00, 0x00, 0x00,
    0x00, 0x00, 0x00, 0x3f, 0xfb, 0x00, 0x00, 0x00,
    0x00, 0x00, 0x00, 0x05, 0xff, 0x80, 0x00, 0x00,
    0x00, 0x00, 0x00, 0x00, 0x5f, 0xf8, 0x00, 0x00,
    0x00, 0x00, 0x00, 0x00, 0x03, 0xff, 0xb0, 0x00,
    0x00, 0x00, 0x00, 0x00, 0x00, 0x0f, 0xff, 0x10,
    0x00, 0x00, 0x00, 0x00, 0x00, 0x00, 0xaf, 0xfc,
    0x00, 0x00, 0x00, 0x00, 0xce, 0x91, 0x01, 0xef,
    0xfd, 0x30, 0x00, 0x03, 0xcf, 0xfd, 0x00, 0x04,
    0xff, 0xff, 0xec, 0xce, 0xff, 0xfe, 0x20, 0x00,
    0x03, 0xdf, 0xff, 0xff, 0xff, 0xfd, 0x20, 0x00,
    0x00, 0x00, 0x6b, 0xff, 0xfe, 0xb5, 0x00, 0x00,
    0x00, 0x00, 0x00, 0x06, 0xf8, 0x00, 0x00, 0x00,
    0x00, 0x00, 0x00, 0x00, 0xaf, 0xfd, 0x10, 0x00,
    0x00, 0x00, 0x00, 0x00, 0x00, 0x17, 0xf4, 0x00,
    0x00, 0x00, 0x00, 0x00, 0x06, 0xc8, 0xcf, 0x20,
    0x00, 0x00, 0x00, 0x00, 0x00, 0x5d, 0xfe, 0x70,
    0x00, 0x00, 0x00,

    /* U+00C8 "È" */
    0x00, 0x02, 0x00, 0x00, 0x00, 0x00, 0x05, 0xf9,
    0x00, 0x00, 0x00, 0x00, 0x4f, 0xfa, 0x00, 0x00,
    0x00, 0x00, 0x3e, 0xfb, 0x00, 0x00, 0x00, 0x00,
    0x2e, 0xc0, 0x00, 0x00, 0x00, 0x00, 0x11, 0x00,
    0x00, 0x00, 0x00, 0x00, 0x00, 0x00, 0x02, 0xff,
    0xff, 0xff, 0xff, 0xfe, 0x2f, 0xff, 0xff, 0xff,
    0xff, 0xe2, 0xff, 0xfa, 0xaa, 0xaa, 0xa9, 0x2f,
    0xf9, 0x00, 0x00, 0x00, 0x02, 0xff, 0x90, 0x00,
    0x00, 0x00, 0x2f, 0xf9, 0x00, 0x00, 0x00, 0x02,
    0xff, 0xfa, 0xaa, 0xaa, 0x50, 0x2f, 0xff, 0xff,
    0xff, 0xf8, 0x02, 0xff, 0xff, 0xff, 0xff, 0x80,
    0x2f, 0xf9, 0x00, 0x00, 0x00, 0x02, 0xff, 0x90,
    0x00, 0x00, 0x00, 0x2f, 0xf9, 0x00, 0x00, 0x00,
    0x02, 0xff, 0x90, 0x00, 0x00, 0x00, 0x2f, 0xff,
    0xaa, 0xaa, 0xaa, 0x92, 0xff, 0xff, 0xff, 0xff,
    0xfe, 0x2f, 0xff, 0xff, 0xff, 0xff, 0xe0,

    /* U+00C9 "É" */
    0x00, 0x00, 0x00, 0x01, 0x10, 0x00, 0x00, 0x00,
    0x01, 0xdd, 0x10, 0x00, 0x00, 0x02, 0xef, 0xc1,
    0x00, 0x00, 0x03, 0xef, 0xb0, 0x00, 0x00, 0x00,
    0x4f, 0xa0, 0x00, 0x00, 0x00, 0x00, 0x20, 0x00,
    0x00, 0x00, 0x00, 0x00, 0x00, 0x00, 0x02, 0xff,
    0xff, 0xff, 0xff, 0xfe, 0x2f, 0xff, 0xff, 0xff,
    0xff, 0xe2, 0xff, 0xfa, 0xaa, 0xaa, 0xa9, 0x2f,
    0xf9, 0x00, 0x00, 0x00, 0x02, 0xff, 0x90, 0x00,
    0x00, 0x00, 0x2f, 0xf9, 0x00, 0x00, 0x00, 0x02,
    0xff, 0xfa, 0xaa, 0xaa, 0x50, 0x2f, 0xff, 0xff,
    0xff, 0xf8, 0x02, 0xff, 0xff, 0xff, 0xff, 0x80,
    0x2f, 0xf9, 0x00, 0x00, 0x00, 0x02, 0xff, 0x90,
    0x00, 0x00, 0x00, 0x2f, 0xf9, 0x00, 0x00, 0x00,
    0x02, 0xff, 0x90, 0x00, 0x00, 0x00, 0x2f, 0xff,
    0xaa, 0xaa, 0xaa, 0x92, 0xff, 0xff, 0xff, 0xff,
    0xfe, 0x2f, 0xff, 0xff, 0xff, 0xff, 0xe0,

    /* U+00CA "Ê" */
    0x00, 0x00, 0x08, 0x40, 0x00, 0x00, 0x00, 0x08,
    0xff, 0x40, 0x00, 0x00, 0x08, 0xff, 0xff, 0x40,
    0x00, 0x06, 0xff, 0x38, 0xff, 0x20, 0x00, 0x0b,
    0x40, 0x09, 0x90, 0x00, 0x00, 0x00, 0x00, 0x00,
    0x00, 0x00, 0x00, 0x00, 0x00, 0x00, 0x02, 0xff,
    0xff, 0xff, 0xff, 0xfe, 0x2f, 0xff, 0xff, 0xff,
    0xff, 0xe2, 0xff, 0xfa, 0xaa, 0xaa, 0xa9, 0x2f,
    0xf9, 0x00, 0x00, 0x00, 0x02, 0xff, 0x90, 0x00,
    0x00, 0x00, 0x2f, 0xf9, 0x00, 0x00, 0x00, 0x02,
    0xff, 0xfa, 0xaa, 0xaa, 0x50, 0x2f, 0xff, 0xff,
    0xff, 0xf8, 0x02, 0xff, 0xff, 0xff, 0xff, 0x80,
    0x2f, 0xf9, 0x00, 0x00, 0x00, 0x02, 0xff, 0x90,
    0x00, 0x00, 0x00, 0x2f, 0xf9, 0x00, 0x00, 0x00,
    0x02, 0xff, 0x90, 0x00, 0x00, 0x00, 0x2f, 0xff,
    0xaa, 0xaa, 0xaa, 0x92, 0xff, 0xff, 0xff, 0xff,
    0xfe, 0x2f, 0xff, 0xff, 0xff, 0xff, 0xe0,

    /* U+00CB "Ë" */
    0x00, 0x15, 0x20, 0x03, 0x50, 0x00, 0x0e, 0xfe,
    0x14, 0xff, 0xa0, 0x01, 0xff, 0xf2, 0x6f, 0xfd,
    0x00, 0x09, 0xfa, 0x01, 0xce, 0x50, 0x00, 0x00,
    0x00, 0x00, 0x00, 0x00, 0x00, 0x00, 0x00, 0x00,
    0x00, 0x2f, 0xff, 0xff, 0xff, 0xff, 0xe2, 0xff,
    0xff, 0xff, 0xff, 0xfe, 0x2f, 0xff, 0xaa, 0xaa,
    0xaa, 0x92, 0xff, 0x90, 0x00, 0x00, 0x00, 0x2f,
    0xf9, 0x00, 0x00, 0x00, 0x02, 0xff, 0x90, 0x00,
    0x00, 0x00, 0x2f, 0xff, 0xaa, 0xaa, 0xa5, 0x02,
    0xff, 0xff, 0xff, 0xff, 0x80, 0x2f, 0xff, 0xff,
    0xff, 0xf8, 0x02, 0xff, 0x90, 0x00, 0x00, 0x00,
    0x2f, 0xf9, 0x00, 0x00, 0x00, 0x02, 0xff, 0x90,
    0x00, 0x00, 0x00, 0x2f, 0xf9, 0x00, 0x00, 0x00,
    0x02, 0xff, 0xfa, 0xaa, 0xaa, 0xa9, 0x2f, 0xff,
    0xff, 0xff, 0xff, 0xe2, 0xff, 0xff, 0xff, 0xff,
    0xfe,

    /* U+00CC "Ì" */
    0x01, 0x10, 0x00, 0x1d, 0xd1, 0x00, 0x1c, 0xfe,
    0x20, 0x00, 0xbf, 0xe3, 0x00, 0x0a, 0xf3, 0x00,
    0x00, 0x20, 0x00, 0x00, 0x00, 0x00, 0x2f, 0xf9,
    0x00, 0x2f, 0xf9, 0x00, 0x2f, 0xf9, 0x00, 0x2f,
    0xf9, 0x00, 0x2f, 0xf9, 0x00, 0x2f, 0xf9, 0x00,
    0x2f, 0xf9, 0x00, 0x2f, 0xf9, 0x00, 0x2f, 0xf9,
    0x00, 0x2f, 0xf9, 0x00, 0x2f, 0xf9, 0x00, 0x2f,
    0xf9, 0x00, 0x2f, 0xf9, 0x00, 0x2f, 0xf9, 0x00,
    0x2f, 0xf9, 0x00, 0x2f, 0xf9,

    /* U+00CD "Í" */
    0x00, 0x00, 0x20, 0x00, 0x09, 0xf5, 0x00, 0xaf,
    0xf3, 0x0b, 0xfe, 0x30, 0x0c, 0xe2, 0x00, 0x01,
    0x10, 0x00, 0x00, 0x00, 0x00, 0x2f, 0xf9, 0x00,
    0x2f, 0xf9, 0x00, 0x2f, 0xf9, 0x00, 0x2f, 0xf9,
    0x00, 0x2f, 0xf9, 0x00, 0x2f, 0xf9, 0x00, 0x2f,
    0xf9, 0x00, 0x2f, 0xf9, 0x00, 0x2f, 0xf9, 0x00,
    0x2f, 0xf9, 0x00, 0x2f, 0xf9, 0x00, 0x2f, 0xf9,
    0x00, 0x2f, 0xf9, 0x00, 0x2f, 0xf9, 0x00, 0x2f,
    0xf9, 0x00, 0x2f, 0xf9, 0x00,

    /* U+00CE "Î" */
    0x00, 0x14, 0x00, 0x00, 0x0c, 0xf3, 0x00, 0x0a,
    0xff, 0xe2, 0x09, 0xfe, 0xcf, 0xe1, 0x5e, 0x30,
    0xca, 0x00, 0x00, 0x01, 0x00, 0x00, 0x00, 0x00,
    0x00, 0x2f, 0xf9, 0x00, 0x02, 0xff, 0x90, 0x00,
    0x2f, 0xf9, 0x00, 0x02, 0xff, 0x90, 0x00, 0x2f,
    0xf9, 0x00, 0x02, 0xff, 0x90, 0x00, 0x2f, 0xf9,
    0x00, 0x02, 0xff, 0x90, 0x00, 0x2f, 0xf9, 0x00,
    0x02, 0xff, 0x90, 0x00, 0x2f, 0xf9, 0x00, 0x02,
    0xff, 0x90, 0x00, 0x2f, 0xf9, 0x00, 0x02, 0xff,
    0x90, 0x00, 0x2f, 0xf9, 0x00, 0x02, 0xff, 0x90,
    0x00,

    /* U+00CF "Ï" */
    0x02, 0x51, 0x04, 0x50, 0x1f, 0xfd, 0x5f, 0xf8,
    0x4f, 0xff, 0x8f, 0xfb, 0x0b, 0xf7, 0x2d, 0xe4,
    0x00, 0x00, 0x00, 0x00, 0x00, 0x00, 0x00, 0x00,
    0x00, 0x2f, 0xf9, 0x00, 0x00, 0x2f, 0xf9, 0x00,
    0x00, 0x2f, 0xf9, 0x00, 0x00, 0x2f, 0xf9, 0x00,
    0x00, 0x2f, 0xf9, 0x00, 0x00, 0x2f, 0xf9, 0x00,
    0x00, 0x2f, 0xf9, 0x00, 0x00, 0x2f, 0xf9, 0x00,
    0x00, 0x2f, 0xf9, 0x00, 0x00, 0x2f, 0xf9, 0x00,
    0x00, 0x2f, 0xf9, 0x00, 0x00, 0x2f, 0xf9, 0x00,
    0x00, 0x2f, 0xf9, 0x00, 0x00, 0x2f, 0xf9, 0x00,
    0x00, 0x2f, 0xf9, 0x00, 0x00, 0x2f, 0xf9, 0x00,

    /* U+00D0 "Ð" */
    0x00, 0xaf, 0xff, 0xff, 0xed, 0xa4, 0x00, 0x00,
    0x00, 0x0a, 0xff, 0xff, 0xff, 0xff, 0xfc, 0x10,
    0x00, 0x00, 0xaf, 0xfd, 0xaa, 0xbe, 0xff, 0xfe,
    0x20, 0x00, 0x0a, 0xff, 0x20, 0x00, 0x04, 0xef,
    0xfc, 0x00, 0x00, 0xaf, 0xf2, 0x00, 0x00, 0x01,
    0xef, 0xf6, 0x00, 0x0a, 0xff, 0x20, 0x00, 0x00,
    0x05, 0xff, 0xb0, 0x48, 0xff, 0xfb, 0x88, 0x50,
    0x00, 0x0f, 0xfe, 0x07, 0xff, 0xff, 0xff, 0xf9,
    0x00, 0x00, 0xef, 0xf0, 0x7f, 0xff, 0xff, 0xff,
    0x90, 0x00, 0x0e, 0xff, 0x00, 0x0a, 0xff, 0x20,
    0x00, 0x00, 0x00, 0xff, 0xf0, 0x00, 0xaf, 0xf2,
    0x00, 0x00, 0x00, 0x5f, 0xfc, 0x00, 0x0a, 0xff,
    0x20, 0x00, 0x00, 0x1d, 0xff, 0x60, 0x00, 0xaf,
    0xf2, 0x00, 0x00, 0x4d, 0xff, 0xd0, 0x00, 0x0a,
    0xff, 0xca, 0xab, 0xef, 0xff, 0xf2, 0x00, 0x00,
    0xaf, 0xff, 0xff, 0xff, 0xff, 0xc2, 0x00, 0x00,
    0x0a, 0xff, 0xff, 0xfe, 0xda, 0x40, 0x00, 0x00,

    /* U+00D1 "Ñ" */
    0x00, 0x00, 0x4d, 0xf7, 0x00, 0x93, 0x00, 0x00,
    0x00, 0x2f, 0xff, 0xf9, 0x3f, 0xf1, 0x00, 0x00,
    0x05, 0xfc, 0x3d, 0xff, 0xfb, 0x00, 0x00, 0x00,
    0x04, 0x40, 0x1b, 0xfb, 0x10, 0x00, 0x00, 0x00,
    0x00, 0x00, 0x00, 0x00, 0x00, 0x00, 0x00, 0x00,
    0x00, 0x00, 0x00, 0x00, 0x00, 0x2f, 0xfa, 0x00,
    0x00, 0x00, 0x02, 0xff, 0xa2, 0xff, 0xf6, 0x00,
    0x00, 0x00, 0x2f, 0xfa, 0x2f, 0xff, 0xf2, 0x00,
    0x00, 0x02, 0xff, 0xa2, 0xff, 0xff, 0xd0, 0x00,
    0x00, 0x2f, 0xfa, 0x2f, 0xff, 0xff, 0xa0, 0x00,
    0x02, 0xff, 0xa2, 0xff, 0xbe, 0xff, 0x60, 0x00,
    0x2f, 0xfa, 0x2f, 0xf9, 0x3f, 0xff, 0x30, 0x02,
    0xff, 0xa2, 0xff, 0x90, 0x6f, 0xfd, 0x00, 0x2f,
    0xfa, 0x2f, 0xf9, 0x00, 0xaf, 0xfa, 0x02, 0xff,
    0xa2, 0xff, 0x90, 0x00, 0xdf, 0xf6, 0x2f, 0xfa,
    0x2f, 0xf9, 0x00, 0x02, 0xff, 0xf5, 0xff, 0xa2,
    0xff, 0x90, 0x00, 0x05, 0xff, 0xff, 0xfa, 0x2f,
    0xf9, 0x00, 0x00, 0x08, 0xff, 0xff, 0xa2, 0xff,
    0x90, 0x00, 0x00, 0x0b, 0xff, 0xfa, 0x2f, 0xf9,
    0x00, 0x00, 0x00, 0x1e, 0xff, 0xa2, 0xff, 0x90,
    0x00, 0x00, 0x00, 0x3f, 0xfa,

    /* U+00D2 "Ò" */
    0x00, 0x00, 0x00, 0x00, 0x00, 0x00, 0x00, 0x00,
    0x00, 0x00, 0x00, 0x00, 0xc8, 0x00, 0x00, 0x00,
    0x00, 0x00, 0x00, 0x00, 0x03, 0xff, 0xa0, 0x00,
    0x00, 0x00, 0x00, 0x00, 0x00, 0x00, 0x3e, 0xfb,
    0x00, 0x00, 0x00, 0x00, 0x00, 0x00, 0x00, 0x02,
    0xef, 0x30, 0x00, 0x00, 0x00, 0x00, 0x00, 0x00,
    0x00, 0x24, 0x00, 0x00, 0x00, 0x00, 0x00, 0x00,
    0x00, 0x00, 0x00, 0x00, 0x00, 0x00, 0x00, 0x00,
    0x00, 0x04, 0x9d, 0xff, 0xea, 0x50, 0x00, 0x00,
    0x00, 0x02, 0xcf, 0xff, 0xff, 0xff, 0xfd, 0x30,
    0x00, 0x00, 0x3f, 0xff, 0xfe, 0xcc, 0xef, 0xff,
    0xf5, 0x00, 0x01, 0xef, 0xfd, 0x40, 0x00, 0x03,
    0xbf, 0xff, 0x20, 0x09, 0xff, 0xc0, 0x00, 0x00,
    0x00, 0x0a, 0xff, 0xb0, 0x0e, 0xff, 0x20, 0x00,
    0x00, 0x00, 0x00, 0xef, 0xf1, 0x3f, 0xfb, 0x00,
    0x00, 0x00, 0x00, 0x00, 0x8f, 0xf5, 0x5f, 0xf8,
    0x00, 0x00, 0x00, 0x00, 0x00, 0x6f, 0xf7, 0x5f,
    0xf8, 0x00, 0x00, 0x00, 0x00, 0x00, 0x6f, 0xf7,
    0x3f, 0xfb, 0x00, 0x00, 0x00, 0x00, 0x00, 0x8f,
    0xf5, 0x0e, 0xff, 0x20, 0x00, 0x00, 0x00, 0x00,
    0xef, 0xf1, 0x08, 0xff, 0xc0, 0x00, 0x00, 0x00,
    0x0a, 0xff, 0xb0, 0x01, 0xef, 0xfd, 0x40, 0x00,
    0x03, 0xcf, 0xff, 0x20, 0x00, 0x3f, 0xff, 0xfe,
    0xcc, 0xef, 0xff, 0xf5, 0x00, 0x00, 0x02, 0xcf,
    0xff, 0xff, 0xff, 0xfd, 0x30, 0x00, 0x00, 0x00,
    0x04, 0x9d, 0xff, 0xea, 0x50, 0x00, 0x00,

    /* U+00D3 "Ó" */
    0x00, 0x00, 0x00, 0x00, 0x00, 0x00, 0x00, 0x00,
    0x00, 0x00, 0x00, 0x00, 0x00, 0x00, 0x8d, 0x10,
    0x00, 0x00, 0x00, 0x00, 0x00, 0x00, 0x09, 0xff,
    0x40, 0x00, 0x00, 0x00, 0x00, 0x00, 0x00, 0xaf,
    0xf4, 0x00, 0x00, 0x00, 0x00, 0x00, 0x00, 0x03,
    0xfe, 0x30, 0x00, 0x00, 0x00, 0x00, 0x00, 0x00,
    0x00, 0x42, 0x00, 0x00, 0x00, 0x00, 0x00, 0x00,
    0x00, 0x00, 0x00, 0x00, 0x00, 0x00, 0x00, 0x00,
    0x00, 0x04, 0x9d, 0xff, 0xea, 0x50, 0x00, 0x00,
    0x00, 0x02, 0xcf, 0xff, 0xff, 0xff, 0xfd, 0x30,
    0x00, 0x00, 0x3f, 0xff, 0xfe, 0xcc, 0xef, 0xff,
    0xf5, 0x00, 0x01, 0xef, 0xfd, 0x40, 0x00, 0x03,
    0xbf, 0xff, 0x20, 0x09, 0xff, 0xc0, 0x00, 0x00,
    0x00, 0x0a, 0xff, 0xb0, 0x0e, 0xff, 0x20, 0x00,
    0x00, 0x00, 0x00, 0xef, 0xf1, 0x3f, 0xfb, 0x00,
    0x00, 0x00, 0x00, 0x00, 0x8f, 0xf5, 0x5f, 0xf8,
    0x00, 0x00, 0x00, 0x00, 0x00, 0x6f, 0xf7, 0x5f,
    0xf8, 0x00, 0x00, 0x00, 0x00, 0x00, 0x6f, 0xf7,
    0x3f, 0xfb, 0x00, 0x00, 0x00, 0x00, 0x00, 0x8f,
    0xf5, 0x0e, 0xff, 0x20, 0x00, 0x00, 0x00, 0x00,
    0xef, 0xf1, 0x08, 0xff, 0xc0, 0x00, 0x00, 0x00,
    0x0a, 0xff, 0xb0, 0x01, 0xef, 0xfd, 0x40, 0x00,
    0x03, 0xcf, 0xff, 0x20, 0x00, 0x3f, 0xff, 0xfe,
    0xcc, 0xef, 0xff, 0xf5, 0x00, 0x00, 0x02, 0xcf,
    0xff, 0xff, 0xff, 0xfd, 0x30, 0x00, 0x00, 0x00,
    0x04, 0x9d, 0xff, 0xea, 0x50, 0x00, 0x00,

    /* U+00D4 "Ô" */
    0x00, 0x00, 0x00, 0x00, 0x57, 0x00, 0x00, 0x00,
    0x00, 0x00, 0x00, 0x00, 0x05, 0xff, 0x60, 0x00,
    0x00, 0x00, 0x00, 0x00, 0x00, 0x4f, 0xff, 0xf6,
    0x00, 0x00, 0x00, 0x00, 0x00, 0x03, 0xff, 0x66,
    0xff, 0x40, 0x00, 0x00, 0x00, 0x00, 0x00, 0xb7,
    0x00, 0x8d, 0x10, 0x00, 0x00, 0x00, 0x00, 0x00,
    0x00, 0x00, 0x01, 0x00, 0x00, 0x00, 0x00, 0x00,
    0x00, 0x00, 0x00, 0x00, 0x00, 0x00, 0x00, 0x00,
    0x00, 0x04, 0x9d, 0xff, 0xea, 0x50, 0x00, 0x00,
    0x00, 0x02, 0xcf, 0xff, 0xff, 0xff, 0xfd, 0x30,
    0x00, 0x00, 0x3f, 0xff, 0xfe, 0xcc, 0xef, 0xff,
    0xf5, 0x00, 0x01, 0xef, 0xfd, 0x40, 0x00, 0x03,
    0xbf, 0xff, 0x20, 0x09, 0xff, 0xc0, 0x00, 0x00,
    0x00, 0x0a, 0xff, 0xb0, 0x0e, 0xff, 0x20, 0x00,
    0x00, 0x00, 0x00, 0xef, 0xf1, 0x3f, 0xfb, 0x00,
    0x00, 0x00, 0x00, 0x00, 0x8f, 0xf5, 0x5f, 0xf8,
    0x00, 0x00, 0x00, 0x00, 0x00, 0x6f, 0xf7, 0x5f,
    0xf8, 0x00, 0x00, 0x00, 0x00, 0x00, 0x6f, 0xf7,
    0x3f, 0xfb, 0x00, 0x00, 0x00, 0x00, 0x00, 0x8f,
    0xf5, 0x0e, 0xff, 0x20, 0x00, 0x00, 0x00, 0x00,
    0xef, 0xf1, 0x08, 0xff, 0xc0, 0x00, 0x00, 0x00,
    0x0a, 0xff, 0xb0, 0x01, 0xef, 0xfd, 0x40, 0x00,
    0x03, 0xcf, 0xff, 0x20, 0x00, 0x3f, 0xff, 0xfe,
    0xcc, 0xef, 0xff, 0xf5, 0x00, 0x00, 0x02, 0xcf,
    0xff, 0xff, 0xff, 0xfd, 0x30, 0x00, 0x00, 0x00,
    0x04, 0x9d, 0xff, 0xea, 0x50, 0x00, 0x00,

    /* U+00D5 "Õ" */
    0x00, 0x00, 0x02, 0xcf, 0xc5, 0x19, 0xa2, 0x00,
    0x00, 0x00, 0x00, 0x0e, 0xff, 0xff, 0xff, 0xf2,
    0x00, 0x00, 0x00, 0x00, 0x19, 0xc3, 0x6d, 0xfe,
    0x50, 0x00, 0x00, 0x00, 0x00, 0x00, 0x00, 0x00,
    0x10, 0x00, 0x00, 0x00, 0x00, 0x00, 0x00, 0x00,
    0x00, 0x00, 0x00, 0x00, 0x00, 0x00, 0x00, 0x00,
    0x00, 0x00, 0x00, 0x00, 0x00, 0x00, 0x00, 0x00,
    0x04, 0x9d, 0xff, 0xea, 0x50, 0x00, 0x00, 0x00,
    0x02, 0xcf, 0xff, 0xff, 0xff, 0xfd, 0x30, 0x00,
    0x00, 0x3f, 0xff, 0xfe, 0xcc, 0xef, 0xff, 0xf5,
    0x00, 0x01, 0xef, 0xfd, 0x40, 0x00, 0x03, 0xbf,
    0xff, 0x20, 0x09, 0xff, 0xc0, 0x00, 0x00, 0x00,
    0x0a, 0xff, 0xb0, 0x0e, 0xff, 0x20, 0x00, 0x00,
    0x00, 0x00, 0xef, 0xf1, 0x3f, 0xfb, 0x00, 0x00,
    0x00, 0x00, 0x00, 0x8f, 0xf5, 0x5f, 0xf8, 0x00,
    0x00, 0x00, 0x00, 0x00, 0x6f, 0xf7, 0x5f, 0xf8,
    0x00, 0x00, 0x00, 0x00, 0x00, 0x6f, 0xf7, 0x3f,
    0xfb, 0x00, 0x00, 0x00, 0x00, 0x00, 0x8f, 0xf5,
    0x0e, 0xff, 0x20, 0x00, 0x00, 0x00, 0x00, 0xef,
    0xf1, 0x08, 0xff, 0xc0, 0x00, 0x00, 0x00, 0x0a,
    0xff, 0xb0, 0x01, 0xef, 0xfd, 0x40, 0x00, 0x03,
    0xcf, 0xff, 0x20, 0x00, 0x3f, 0xff, 0xfe, 0xcc,
    0xef, 0xff, 0xf5, 0x00, 0x00, 0x02, 0xcf, 0xff,
    0xff, 0xff, 0xfd, 0x30, 0x00, 0x00, 0x00, 0x04,
    0x9d, 0xff, 0xea, 0x50, 0x00, 0x00,

    /* U+00D6 "Ö" */
    0x00, 0x00, 0x06, 0xfc, 0x10, 0xaf, 0x80, 0x00,
    0x00, 0x00, 0x00, 0x0e, 0xff, 0x63, 0xff, 0xf0,
    0x00, 0x00, 0x00, 0x00, 0x0b, 0xff, 0x31, 0xff,
    0xd0, 0x00, 0x00, 0x00, 0x00, 0x00, 0x53, 0x00,
    0x26, 0x10, 0x00, 0x00, 0x00, 0x00, 0x00, 0x00,
    0x00, 0x00, 0x00, 0x00, 0x00, 0x00, 0x00, 0x00,
    0x00, 0x00, 0x00, 0x00, 0x00, 0x00, 0x00, 0x00,
    0x04, 0x9d, 0xff, 0xea, 0x50, 0x00, 0x00, 0x00,
    0x02, 0xcf, 0xff, 0xff, 0xff, 0xfd, 0x30, 0x00,
    0x00, 0x3f, 0xff, 0xfe, 0xcc, 0xef, 0xff, 0xf5,
    0x00, 0x01, 0xef, 0xfd, 0x40, 0x00, 0x03, 0xbf,
    0xff, 0x20, 0x09, 0xff, 0xc0, 0x00, 0x00, 0x00,
    0x0a, 0xff, 0xb0, 0x0e, 0xff, 0x20, 0x00, 0x00,
    0x00, 0x00, 0xef, 0xf1, 0x3f, 0xfb, 0x00, 0x00,
    0x00, 0x00, 0x00, 0x8f, 0xf5, 0x5f, 0xf8, 0x00,
    0x00, 0x00, 0x00, 0x00, 0x6f, 0xf7, 0x5f, 0xf8,
    0x00, 0x00, 0x00, 0x00, 0x00, 0x6f, 0xf7, 0x3f,
    0xfb, 0x00, 0x00, 0x00, 0x00, 0x00, 0x8f, 0xf5,
    0x0e, 0xff, 0x20, 0x00, 0x00, 0x00, 0x00, 0xef,
    0xf1, 0x08, 0xff, 0xc0, 0x00, 0x00, 0x00, 0x0a,
    0xff, 0xb0, 0x01, 0xef, 0xfd, 0x40, 0x00, 0x03,
    0xcf, 0xff, 0x20, 0x00, 0x3f, 0xff, 0xfe, 0xcc,
    0xef, 0xff, 0xf5, 0x00, 0x00, 0x02, 0xcf, 0xff,
    0xff, 0xff, 0xfd, 0x30, 0x00, 0x00, 0x00, 0x04,
    0x9d, 0xff, 0xea, 0x50, 0x00, 0x00,

    /* U+00D7 "×" */
    0x00, 0x50, 0x00, 0x00, 0x05, 0x00, 0x0a, 0xf8,
    0x00, 0x00, 0x7f, 0xb0, 0x1e, 0xff, 0x80, 0x06,
    0xff, 0xe2, 0x02, 0xef, 0xf8, 0x6f, 0xfe, 0x30,
    0x00, 0x2e, 0xff, 0xff, 0xe3, 0x00, 0x00, 0x02,
    0xff, 0xff, 0x30, 0x00, 0x00, 0x06, 0xff, 0xff,
    0x80, 0x00, 0x00, 0x6f, 0xff, 0xff, 0xf8, 0x00,
    0x06, 0xff, 0xe3, 0x2e, 0xff, 0x80, 0x1f, 0xfe,
    0x30, 0x02, 0xef, 0xf3, 0x04, 0xe3, 0x00, 0x00,
    0x2e, 0x50, 0x00, 0x00, 0x00, 0x00, 0x00, 0x00,

    /* U+00D8 "Ø" */
    0x00, 0x00, 0x00, 0x00, 0x00, 0x00, 0x00, 0x63,
    0x00, 0x00, 0x00, 0x04, 0x9d, 0xff, 0xea, 0x56,
    0xff, 0x50, 0x00, 0x02, 0xcf, 0xff, 0xff, 0xff,
    0xff, 0xfe, 0x10, 0x00, 0x3f, 0xff, 0xfe, 0xcc,
    0xef, 0xff, 0xf8, 0x00, 0x01, 0xef, 0xfd, 0x40,
    0x00, 0x0f, 0xff, 0xff, 0x20, 0x09, 0xff, 0xc0,
    0x00, 0x00, 0xbf, 0xff, 0xff, 0xb0, 0x0e, 0xff,
    0x20, 0x00, 0x08, 0xff, 0xa0, 0xef, 0xf1, 0x3f,
    0xfb, 0x00, 0x00, 0x6f, 0xfc, 0x00, 0x8f, 0xf5,
    0x5f, 0xf8, 0x00, 0x03, 0xff, 0xe1, 0x00, 0x6f,
    0xf7, 0x5f, 0xf8, 0x00, 0x2e, 0xff, 0x20, 0x00,
    0x6f, 0xf7, 0x3f, 0xfb, 0x00, 0xdf, 0xf4, 0x00,
    0x00, 0x8f, 0xf5, 0x0e, 0xff, 0x2b, 0xff, 0x70,
    0x00, 0x00, 0xef, 0xf1, 0x08, 0xff, 0xff, 0xfa,
    0x00, 0x00, 0x0a, 0xff, 0xb0, 0x01, 0xef, 0xff,
    0xf0, 0x00, 0x03, 0xcf, 0xff, 0x20, 0x00, 0x7f,
    0xff, 0xfe, 0xcc, 0xef, 0xff, 0xf5, 0x00, 0x02,
    0xef, 0xff, 0xff, 0xff, 0xff, 0xfd, 0x30, 0x00,
    0x05, 0xff, 0x44, 0x9d, 0xff, 0xea, 0x50, 0x00,
    0x00, 0x00, 0x26, 0x00, 0x00, 0x00, 0x00, 0x00,
    0x00, 0x00,

    /* U+00D9 "Ù" */
    0x00, 0x00, 0x10, 0x00, 0x00, 0x00, 0x00, 0x00,
    0x01, 0xed, 0x10, 0x00, 0x00, 0x00, 0x00, 0x01,
    0xcf, 0xd2, 0x00, 0x00, 0x00, 0x00, 0x00, 0x0c,
    0xfe, 0x20, 0x00, 0x00, 0x00, 0x00, 0x00, 0xbf,
    0x30, 0x00, 0x00, 0x00, 0x00, 0x00, 0x02, 0x00,
    0x00, 0x00, 0x00, 0x00, 0x00, 0x00, 0x00, 0x00,
    0x00, 0x4f, 0xf8, 0x00, 0x00, 0x00, 0x2f, 0xf9,
    0x4f, 0xf8, 0x00, 0x00, 0x00, 0x2f, 0xf9, 0x4f,
    0xf8, 0x00, 0x00, 0x00, 0x2f, 0xf9, 0x4f, 0xf8,
    0x00, 0x00, 0x00, 0x2f, 0xf9, 0x4f, 0xf8, 0x00,
    0x00, 0x00, 0x2f, 0xf9, 0x4f, 0xf8, 0x00, 0x00,
    0x00, 0x2f, 0xf9, 0x4f, 0xf8, 0x00, 0x00, 0x00,
    0x2f, 0xf9, 0x4f, 0xf8, 0x00, 0x00, 0x00, 0x2f,
    0xf9, 0x4f, 0xf8, 0x00, 0x00, 0x00, 0x2f, 0xf9,
    0x4f, 0xf8, 0x00, 0x00, 0x00, 0x3f, 0xf9, 0x2f,
    0xfa, 0x00, 0x00, 0x00, 0x5f, 0xf8, 0x0f, 0xff,
    0x10, 0x00, 0x00, 0xaf, 0xf6, 0x0b, 0xff, 0xb1,
    0x00, 0x06, 0xff, 0xf1, 0x03, 0xff, 0xff, 0xcb,
    0xef, 0xff, 0x80, 0x00, 0x5f, 0xff, 0xff, 0xff,
    0xf9, 0x00, 0x00, 0x02, 0x8d, 0xff, 0xda, 0x40,
    0x00,

    /* U+00DA "Ú" */
    0x00, 0x00, 0x00, 0x00, 0x02, 0x00, 0x00, 0x00,
    0x00, 0x00, 0x00, 0xaf, 0x40, 0x00, 0x00, 0x00,
    0x00, 0x0b, 0xfe, 0x30, 0x00, 0x00, 0x00, 0x01,
    0xcf, 0xe2, 0x00, 0x00, 0x00, 0x00, 0x01, 0xdd,
    0x10, 0x00, 0x00, 0x00, 0x00, 0x00, 0x11, 0x00,
    0x00, 0x00, 0x00, 0x00, 0x00, 0x00, 0x00, 0x00,
    0x00, 0x4f, 0xf8, 0x00, 0x00, 0x00, 0x2f, 0xf9,
    0x4f, 0xf8, 0x00, 0x00, 0x00, 0x2f, 0xf9, 0x4f,
    0xf8, 0x00, 0x00, 0x00, 0x2f, 0xf9, 0x4f, 0xf8,
    0x00, 0x00, 0x00, 0x2f, 0xf9, 0x4f, 0xf8, 0x00,
    0x00, 0x00, 0x2f, 0xf9, 0x4f, 0xf8, 0x00, 0x00,
    0x00, 0x2f, 0xf9, 0x4f, 0xf8, 0x00, 0x00, 0x00,
    0x2f, 0xf9, 0x4f, 0xf8, 0x00, 0x00, 0x00, 0x2f,
    0xf9, 0x4f, 0xf8, 0x00, 0x00, 0x00, 0x2f, 0xf9,
    0x4f, 0xf8, 0x00, 0x00, 0x00, 0x3f, 0xf9, 0x2f,
    0xfa, 0x00, 0x00, 0x00, 0x5f, 0xf8, 0x0f, 0xff,
    0x10, 0x00, 0x00, 0xaf, 0xf6, 0x0b, 0xff, 0xb1,
    0x00, 0x06, 0xff, 0xf1, 0x03, 0xff, 0xff, 0xcb,
    0xef, 0xff, 0x80, 0x00, 0x5f, 0xff, 0xff, 0xff,
    0xf9, 0x00, 0x00, 0x02, 0x8d, 0xff, 0xda, 0x40,
    0x00,

    /* U+00DB "Û" */
    0x00, 0x00, 0x00, 0x48, 0x00, 0x00, 0x00, 0x00,
    0x00, 0x04, 0xff, 0x80, 0x00, 0x00, 0x00, 0x00,
    0x4f, 0xff, 0xf8, 0x00, 0x00, 0x00, 0x02, 0xff,
    0x74, 0xff, 0x60, 0x00, 0x00, 0x00, 0x87, 0x00,
    0x5c, 0x00, 0x00, 0x00, 0x00, 0x00, 0x00, 0x00,
    0x00, 0x00, 0x00, 0x00, 0x00, 0x00, 0x00, 0x00,
    0x00, 0x4f, 0xf8, 0x00, 0x00, 0x00, 0x2f, 0xf9,
    0x4f, 0xf8, 0x00, 0x00, 0x00, 0x2f, 0xf9, 0x4f,
    0xf8, 0x00, 0x00, 0x00, 0x2f, 0xf9, 0x4f, 0xf8,
    0x00, 0x00, 0x00, 0x2f, 0xf9, 0x4f, 0xf8, 0x00,
    0x00, 0x00, 0x2f, 0xf9, 0x4f, 0xf8, 0x00, 0x00,
    0x00, 0x2f, 0xf9, 0x4f, 0xf8, 0x00, 0x00, 0x00,
    0x2f, 0xf9, 0x4f, 0xf8, 0x00, 0x00, 0x00, 0x2f,
    0xf9, 0x4f, 0xf8, 0x00, 0x00, 0x00, 0x2f, 0xf9,
    0x4f, 0xf8, 0x00, 0x00, 0x00, 0x3f, 0xf9, 0x2f,
    0xfa, 0x00, 0x00, 0x00, 0x5f, 0xf8, 0x0f, 0xff,
    0x10, 0x00, 0x00, 0xaf, 0xf6, 0x0b, 0xff, 0xb1,
    0x00, 0x06, 0xff, 0xf1, 0x03, 0xff, 0xff, 0xcb,
    0xef, 0xff, 0x80, 0x00, 0x5f, 0xff, 0xff, 0xff,
    0xf9, 0x00, 0x00, 0x02, 0x8d, 0xff, 0xda, 0x40,
    0x00,

    /* U+00DC "Ü" */
    0x00, 0x05, 0xed, 0x10, 0x9f, 0x90, 0x00, 0x00,
    0x0c, 0xff, 0x72, 0xff, 0xf1, 0x00, 0x00, 0x09,
    0xff, 0x40, 0xef, 0xe0, 0x00, 0x00, 0x00, 0x53,
    0x00, 0x26, 0x10, 0x00, 0x00, 0x00, 0x00, 0x00,
    0x00, 0x00, 0x00, 0x00, 0x00, 0x00, 0x00, 0x00,
    0x00, 0x00, 0x4f, 0xf8, 0x00, 0x00, 0x00, 0x2f,
    0xf9, 0x4f, 0xf8, 0x00, 0x00, 0x00, 0x2f, 0xf9,
    0x4f, 0xf8, 0x00, 0x00, 0x00, 0x2f, 0xf9, 0x4f,
    0xf8, 0x00, 0x00, 0x00, 0x2f, 0xf9, 0x4f, 0xf8,
    0x00, 0x00, 0x00, 0x2f, 0xf9, 0x4f, 0xf8, 0x00,
    0x00, 0x00, 0x2f, 0xf9, 0x4f, 0xf8, 0x00, 0x00,
    0x00, 0x2f, 0xf9, 0x4f, 0xf8, 0x00, 0x00, 0x00,
    0x2f, 0xf9, 0x4f, 0xf8, 0x00, 0x00, 0x00, 0x2f,
    0xf9, 0x4f, 0xf8, 0x00, 0x00, 0x00, 0x3f, 0xf9,
    0x2f, 0xfa, 0x00, 0x00, 0x00, 0x5f, 0xf8, 0x0f,
    0xff, 0x10, 0x00, 0x00, 0xaf, 0xf6, 0x0b, 0xff,
    0xb1, 0x00, 0x06, 0xff, 0xf1, 0x03, 0xff, 0xff,
    0xcb, 0xef, 0xff, 0x80, 0x00, 0x5f, 0xff, 0xff,
    0xff, 0xf9, 0x00, 0x00, 0x02, 0x8d, 0xff, 0xda,
    0x40, 0x00,

    /* U+00DD "Ý" */
    0x00, 0x00, 0x00, 0x00, 0x01, 0x10, 0x00, 0x00,
    0x00, 0x00, 0x00, 0x02, 0xdd, 0x10, 0x00, 0x00,
    0x00, 0x00, 0x02, 0xef, 0xc0, 0x00, 0x00, 0x00,
    0x00, 0x03, 0xff, 0xb0, 0x00, 0x00, 0x00, 0x00,
    0x00, 0x4f, 0xa0, 0x00, 0x00, 0x00, 0x00, 0x00,
    0x00, 0x20, 0x00, 0x00, 0x00, 0x00, 0x00, 0x00,
    0x00, 0x00, 0x00, 0x00, 0x00, 0xcf, 0xf5, 0x00,
    0x00, 0x00, 0x9f, 0xf6, 0x03, 0xff, 0xd0, 0x00,
    0x00, 0x2f, 0xfe, 0x00, 0x0b, 0xff, 0x50, 0x00,
    0x0a, 0xff, 0x50, 0x00, 0x2f, 0xfd, 0x00, 0x02,
    0xff, 0xd0, 0x00, 0x00, 0xaf, 0xf5, 0x00, 0xaf,
    0xf4, 0x00, 0x00, 0x02, 0xff, 0xd0, 0x2f, 0xfc,
    0x00, 0x00, 0x00, 0x09, 0xff, 0x6b, 0xff, 0x30,
    0x00, 0x00, 0x00, 0x1f, 0xff, 0xff, 0xb0, 0x00,
    0x00, 0x00, 0x00, 0x8f, 0xff, 0xf2, 0x00, 0x00,
    0x00, 0x00, 0x00, 0xff, 0xfb, 0x00, 0x00, 0x00,
    0x00, 0x00, 0x0a, 0xff, 0x50, 0x00, 0x00, 0x00,
    0x00, 0x00, 0x8f, 0xf3, 0x00, 0x00, 0x00, 0x00,
    0x00, 0x08, 0xff, 0x30, 0x00, 0x00, 0x00, 0x00,
    0x00, 0x8f, 0xf3, 0x00, 0x00, 0x00, 0x00, 0x00,
    0x08, 0xff, 0x30, 0x00, 0x00, 0x00, 0x00, 0x00,
    0x8f, 0xf3, 0x00, 0x00, 0x00,

    /* U+00DE "Þ" */
    0x2f, 0xf9, 0x00, 0x00, 0x00, 0x00, 0x02, 0xff,
    0x90, 0x00, 0x00, 0x00, 0x00, 0x2f, 0xff, 0xff,
    0xfe, 0xb4, 0x00, 0x02, 0xff, 0xff, 0xff, 0xff,
    0xf9, 0x00, 0x2f, 0xff, 0xaa, 0xad, 0xff, 0xf6,
    0x02, 0xff, 0x90, 0x00, 0x06, 0xff, 0xe0, 0x2f,
    0xf9, 0x00, 0x00, 0x0b, 0xff, 0x42, 0xff, 0x90,
    0x00, 0x00, 0x8f, 0xf6, 0x2f, 0xf9, 0x00, 0x00,
    0x09, 0xff, 0x52, 0xff, 0x90, 0x00, 0x00, 0xdf,
    0xf2, 0x2f, 0xf9, 0x00, 0x03, 0xbf, 0xfd, 0x02,
    0xff, 0xff, 0xff, 0xff, 0xff, 0x30, 0x2f, 0xff,
    0xff, 0xff, 0xfe, 0x40, 0x02, 0xff, 0xfa, 0xaa,
    0x96, 0x00, 0x00, 0x2f, 0xf9, 0x00, 0x00, 0x00,
    0x00, 0x02, 0xff, 0x90, 0x00, 0x00, 0x00, 0x00,

    /* U+00DF "ß" */
    0x00, 0x29, 0xdf, 0xeb, 0x50, 0x00, 0x03, 0xef,
    0xff, 0xff, 0xfa, 0x00, 0x0e, 0xff, 0xeb, 0xcf,
    0xff, 0x50, 0x5f, 0xfc, 0x00, 0x07, 0xff, 0x90,
    0x8f, 0xf4, 0x00, 0x06, 0xff, 0x70, 0x9f, 0xf2,
    0x00, 0x4f, 0xfd, 0x10, 0x9f, 0xf2, 0x02, 0xff,
    0xd1, 0x00, 0x9f, 0xf2, 0x08, 0xff, 0x40, 0x00,
    0x9f, 0xf2, 0x07, 0xff, 0xa0, 0x00, 0x9f, 0xf2,
    0x00, 0xcf, 0xfc, 0x10, 0x9f, 0xf2, 0x00, 0x08,
    0xff, 0xe1, 0x9f, 0xf2, 0x00, 0x00, 0x4f, 0xfa,
    0x9f, 0xf2, 0x09, 0x00, 0x0b, 0xfe, 0x9f, 0xf3,
    0xdf, 0xc6, 0x6f, 0xfd, 0x9f, 0xf2, 0x6f, 0xff,
    0xff, 0xf6, 0x9f, 0xf2, 0x03, 0xbe, 0xfc, 0x50,

    /* U+00E0 "à" */
    0x00, 0x00, 0x00, 0x00, 0x00, 0x00, 0x01, 0xd7,
    0x00, 0x00, 0x00, 0x00, 0x5f, 0xf8, 0x00, 0x00,
    0x00, 0x00, 0x5f, 0xf9, 0x00, 0x00, 0x00, 0x00,
    0x4f, 0xf2, 0x00, 0x00, 0x00, 0x00, 0x33, 0x00,
    0x00, 0x00, 0x00, 0x00, 0x00, 0x00, 0x00, 0x05,
    0xad, 0xff, 0xc7, 0x00, 0x01, 0xff, 0xff, 0xff,
    0xfa, 0x00, 0x0a, 0xb7, 0x68, 0xef, 0xf4, 0x00,
    0x00, 0x00, 0x05, 0xff, 0x80, 0x04, 0xbf, 0xfc,
    0x8f, 0xf9, 0x06, 0xff, 0xff, 0xff, 0xff, 0xa0,
    0xff, 0xf9, 0x56, 0xff, 0xfa, 0x3f, 0xfb, 0x00,
    0x04, 0xff, 0xa3, 0xff, 0xb0, 0x00, 0x4f, 0xfa,
    0x0f, 0xff, 0x95, 0x6e, 0xff, 0xa0, 0x6f, 0xff,
    0xff, 0xff, 0xfa, 0x00, 0x5c, 0xff, 0xc5, 0xaf,
    0xa0,

    /* U+00E1 "á" */
    0x00, 0x00, 0x00, 0x00, 0x00, 0x00, 0x00, 0x00,
    0x00, 0x9b, 0x00, 0x00, 0x00, 0x00, 0xaf, 0xf3,
    0x00, 0x00, 0x00, 0xbf, 0xe3, 0x00, 0x00, 0x00,
    0x4f, 0xe2, 0x00, 0x00, 0x00, 0x00, 0x51, 0x00,
    0x00, 0x00, 0x00, 0x00, 0x00, 0x00, 0x00, 0x05,
    0xad, 0xff, 0xc7, 0x00, 0x01, 0xff, 0xff, 0xff,
    0xfa, 0x00, 0x0a, 0xb7, 0x68, 0xef, 0xf4, 0x00,
    0x00, 0x00, 0x05, 0xff, 0x80, 0x04, 0xbf, 0xfc,
    0x8f, 0xf9, 0x06, 0xff, 0xff, 0xff, 0xff, 0xa0,
    0xff, 0xf9, 0x56, 0xff, 0xfa, 0x3f, 0xfb, 0x00,
    0x04, 0xff, 0xa3, 0xff, 0xb0, 0x00, 0x4f, 0xfa,
    0x0f, 0xff, 0x95, 0x6e, 0xff, 0xa0, 0x6f, 0xff,
    0xff, 0xff, 0xfa, 0x00, 0x5c, 0xff, 0xc5, 0xaf,
    0xa0,

    /* U+00E2 "â" */
    0x00, 0x00, 0x08, 0x50, 0x00, 0x00, 0x00, 0x09,
    0xff, 0x60, 0x00, 0x00, 0x0a, 0xff, 0xff, 0x70,
    0x00, 0x05, 0xfe, 0x34, 0xff, 0x30, 0x00, 0x06,
    0x20, 0x03, 0x40, 0x00, 0x00, 0x00, 0x00, 0x00,
    0x00, 0x00, 0x5a, 0xdf, 0xfc, 0x70, 0x00, 0x1f,
    0xff, 0xff, 0xff, 0xa0, 0x00, 0xab, 0x76, 0x8e,
    0xff, 0x40, 0x00, 0x00, 0x00, 0x5f, 0xf8, 0x00,
    0x4b, 0xff, 0xc8, 0xff, 0x90, 0x6f, 0xff, 0xff,
    0xff, 0xfa, 0x0f, 0xff, 0x95, 0x6f, 0xff, 0xa3,
    0xff, 0xb0, 0x00, 0x4f, 0xfa, 0x3f, 0xfb, 0x00,
    0x04, 0xff, 0xa0, 0xff, 0xf9, 0x56, 0xef, 0xfa,
    0x06, 0xff, 0xff, 0xff, 0xff, 0xa0, 0x05, 0xcf,
    0xfc, 0x5a, 0xfa,

    /* U+00E3 "ã" */
    0x00, 0x3d, 0xff, 0xff, 0xff, 0x20, 0x1f, 0xff,
    0xff, 0xfe, 0x50, 0x00, 0x22, 0x22, 0x21, 0x00,
    0x00, 0x00, 0x00, 0x00, 0x00, 0x00, 0x00, 0x5a,
    0xdf, 0xfc, 0x70, 0x00, 0x1f, 0xff, 0xff, 0xff,
    0xa0, 0x00, 0xab, 0x76, 0x8e, 0xff, 0x40, 0x00,
    0x00, 0x00, 0x5f, 0xf8, 0x00, 0x4b, 0xff, 0xc8,
    0xff, 0x90, 0x6f, 0xff, 0xff, 0xff, 0xfa, 0x0f,
    0xff, 0x95, 0x6f, 0xff, 0xa3, 0xff, 0xb0, 0x00,
    0x4f, 0xfa, 0x3f, 0xfb, 0x00, 0x04, 0xff, 0xa0,
    0xff, 0xf9, 0x56, 0xef, 0xfa, 0x06, 0xff, 0xff,
    0xff, 0xff, 0xa0, 0x05, 0xcf, 0xfc, 0x5a, 0xfa,

    /* U+00E4 "ä" */
    0x00, 0x7f, 0xb0, 0x0c, 0xf6, 0x00, 0x0f, 0xff,
    0x45, 0xff, 0xe0, 0x00, 0xdf, 0xf2, 0x3f, 0xfb,
    0x00, 0x01, 0x62, 0x00, 0x35, 0x00, 0x00, 0x5a,
    0xdf, 0xfc, 0x70, 0x00, 0x1f, 0xff, 0xff, 0xff,
    0xa0, 0x00, 0xab, 0x76, 0x8e, 0xff, 0x40, 0x00,
    0x00, 0x00, 0x5f, 0xf8, 0x00, 0x4b, 0xff, 0xc8,
    0xff, 0x90, 0x6f, 0xff, 0xff, 0xff, 0xfa, 0x0f,
    0xff, 0x95, 0x6f, 0xff, 0xa3, 0xff, 0xb0, 0x00,
    0x4f, 0xfa, 0x3f, 0xfb, 0x00, 0x04, 0xff, 0xa0,
    0xff, 0xf9, 0x56, 0xef, 0xfa, 0x06, 0xff, 0xff,
    0xff, 0xff, 0xa0, 0x05, 0xcf, 0xfc, 0x5a, 0xfa,

    /* U+00E5 "å" */
    0x00, 0x00, 0x8e, 0xe7, 0x00, 0x00, 0x00, 0x6f,
    0xee, 0xf5, 0x00, 0x00, 0x0a, 0xf2, 0x4f, 0x90,
    0x00, 0x00, 0x7f, 0xde, 0xf5, 0x00, 0x00, 0x00,
    0x8f, 0xe7, 0x00, 0x00, 0x00, 0x00, 0x00, 0x00,
    0x00, 0x00, 0x00, 0x00, 0x00, 0x00, 0x00, 0x05,
    0xad, 0xff, 0xc7, 0x00, 0x01, 0xff, 0xff, 0xff,
    0xfa, 0x00, 0x0a, 0xb7, 0x68, 0xef, 0xf4, 0x00,
    0x00, 0x00, 0x05, 0xff, 0x80, 0x04, 0xbf, 0xfc,
    0x8f, 0xf9, 0x06, 0xff, 0xff, 0xff, 0xff, 0xa0,
    0xff, 0xf9, 0x56, 0xff, 0xfa, 0x3f, 0xfb, 0x00,
    0x04, 0xff, 0xa3, 0xff, 0xb0, 0x00, 0x4f, 0xfa,
    0x0f, 0xff, 0x95, 0x6e, 0xff, 0xa0, 0x6f, 0xff,
    0xff, 0xff, 0xfa, 0x00, 0x5c, 0xff, 0xc5, 0xaf,
    0xa0,

    /* U+00E6 "æ" */
    0x00, 0x5a, 0xdf, 0xec, 0x50, 0x5c, 0xef, 0xc6,
    0x00, 0x00, 0x2f, 0xff, 0xff, 0xff, 0xff, 0xff,
    0xff, 0xfa, 0x00, 0x00, 0xbb, 0x76, 0x8f, 0xff,
    0xfd, 0x77, 0xdf, 0xf5, 0x00, 0x00, 0x00, 0x00,
    0x7f, 0xff, 0x00, 0x01, 0xff, 0xb0, 0x00, 0x4b,
    0xfe, 0xb8, 0xff, 0xf0, 0x00, 0x0b, 0xfe, 0x00,
    0x6f, 0xff, 0xff, 0xff, 0xff, 0xff, 0xff, 0xff,
    0xf0, 0x0f, 0xff, 0x95, 0x6f, 0xff, 0xff, 0xff,
    0xff, 0xff, 0x03, 0xff, 0xb0, 0x00, 0x6f, 0xff,
    0x00, 0x00, 0x00, 0x00, 0x3f, 0xfb, 0x00, 0x04,
    0xff, 0xf0, 0x00, 0x06, 0xc4, 0x00, 0xff, 0xf9,
    0x56, 0xef, 0xff, 0xd6, 0x58, 0xff, 0xa0, 0x07,
    0xff, 0xff, 0xff, 0xb9, 0xff, 0xff, 0xff, 0xd1,
    0x00, 0x05, 0xcf, 0xfd, 0x70, 0x05, 0xbe, 0xfd,
    0x70, 0x00,

    /* U+00E7 "ç" */
    0x00, 0x03, 0x9d, 0xfe, 0xa3, 0x00, 0x00, 0x6f,
    0xff, 0xff, 0xff, 0x70, 0x04, 0xff, 0xfe, 0xbd,
    0xff, 0xf5, 0x0c, 0xff, 0x90, 0x00, 0x6f, 0xe7,
    0x1f, 0xfd, 0x00, 0x00, 0x04, 0x00, 0x3f, 0xf9,
    0x00, 0x00, 0x00, 0x00, 0x3f, 0xfa, 0x00, 0x00,
    0x00, 0x00, 0x1f, 0xfd, 0x00, 0x00, 0x05, 0x00,
    0x0c, 0xff, 0x90, 0x00, 0x6f, 0xf7, 0x04, 0xff,
    0xfe, 0xbd, 0xff, 0xf5, 0x00, 0x6f, 0xff, 0xff,
    0xff, 0x70, 0x00, 0x02, 0x9f, 0xfe, 0xa3, 0x00,
    0x00, 0x00, 0x0c, 0xf3, 0x00, 0x00, 0x00, 0x00,
    0x0f, 0xff, 0x80, 0x00, 0x00, 0x00, 0x01, 0x1d,
    0xe0, 0x00, 0x00, 0x00, 0xba, 0x9f, 0xc0, 0x00,
    0x00, 0x00, 0x9e, 0xfc, 0x20, 0x00,

    /* U+00E8 "è" */
    0x00, 0x00, 0x00, 0x00, 0x00, 0x00, 0x00, 0x00,
    0x6d, 0x20, 0x00, 0x00, 0x00, 0x00, 0x0b, 0xfe,
    0x20, 0x00, 0x00, 0x00, 0x00, 0x0b, 0xfe, 0x30,
    0x00, 0x00, 0x00, 0x00, 0x0a, 0xfa, 0x00, 0x00,
    0x00, 0x00, 0x00, 0x06, 0x00, 0x00, 0x00, 0x00,
    0x00, 0x00, 0x00, 0x00, 0x00, 0x00, 0x00, 0x3a,
    0xef, 0xea, 0x30, 0x00, 0x00, 0x7f, 0xff, 0xff,
    0xff, 0x60, 0x00, 0x4f, 0xfd, 0x63, 0x5d, 0xff,
    0x30, 0x0c, 0xfe, 0x10, 0x00, 0x1f, 0xfc, 0x01,
    0xff, 0xb2, 0x22, 0x22, 0xcf, 0xf1, 0x3f, 0xff,
    0xff, 0xff, 0xff, 0xff, 0x33, 0xff, 0xff, 0xff,
    0xff, 0xff, 0xf4, 0x1f, 0xf9, 0x00, 0x00, 0x00,
    0x00, 0x00, 0xcf, 0xf2, 0x00, 0x00, 0x9a, 0x20,
    0x04, 0xff, 0xe7, 0x56, 0xcf, 0xf8, 0x00, 0x07,
    0xff, 0xff, 0xff, 0xfb, 0x00, 0x00, 0x03, 0xae,
    0xfe, 0xb5, 0x00, 0x00,

    /* U+00E9 "é" */
    0x00, 0x00, 0x00, 0x00, 0x00, 0x00, 0x00, 0x00,
    0x00, 0x00, 0x2d, 0x50, 0x00, 0x00, 0x00, 0x00,
    0x3e, 0xfb, 0x00, 0x00, 0x00, 0x00, 0x4f, 0xfa,
    0x00, 0x00, 0x00, 0x00, 0x0b, 0xf9, 0x00, 0x00,
    0x00, 0x00, 0x00, 0x06, 0x00, 0x00, 0x00, 0x00,
    0x00, 0x00, 0x00, 0x00, 0x00, 0x00, 0x00, 0x3a,
    0xef, 0xea, 0x30, 0x00, 0x00, 0x7f, 0xff, 0xff,
    0xff, 0x60, 0x00, 0x4f, 0xfd, 0x63, 0x5d, 0xff,
    0x30, 0x0c, 0xfe, 0x10, 0x00, 0x1f, 0xfc, 0x01,
    0xff, 0xb2, 0x22, 0x22, 0xcf, 0xf1, 0x3f, 0xff,
    0xff, 0xff, 0xff, 0xff, 0x33, 0xff, 0xff, 0xff,
    0xff, 0xff, 0xf4, 0x1f, 0xf9, 0x00, 0x00, 0x00,
    0x00, 0x00, 0xcf, 0xf2, 0x00, 0x00, 0x9a, 0x20,
    0x04, 0xff, 0xe7, 0x56, 0xcf, 0xf8, 0x00, 0x07,
    0xff, 0xff, 0xff, 0xfb, 0x00, 0x00, 0x03, 0xae,
    0xfe, 0xb5, 0x00, 0x00,

    /* U+00EA "ê" */
    0x00, 0x00, 0x01, 0xa1, 0x00, 0x00, 0x00, 0x00,
    0x02, 0xdf, 0xd2, 0x00, 0x00, 0x00, 0x02, 0xef,
    0xff, 0xe2, 0x00, 0x00, 0x00, 0xcf, 0xa0, 0xaf,
    0xc0, 0x00, 0x00, 0x01, 0x80, 0x00, 0x71, 0x00,
    0x00, 0x00, 0x00, 0x00, 0x00, 0x00, 0x00, 0x00,
    0x03, 0xae, 0xfe, 0xa3, 0x00, 0x00, 0x07, 0xff,
    0xff, 0xff, 0xf6, 0x00, 0x04, 0xff, 0xd6, 0x35,
    0xdf, 0xf3, 0x00, 0xcf, 0xe1, 0x00, 0x01, 0xff,
    0xc0, 0x1f, 0xfb, 0x22, 0x22, 0x2c, 0xff, 0x13,
    0xff, 0xff, 0xff, 0xff, 0xff, 0xf3, 0x3f, 0xff,
    0xff, 0xff, 0xff, 0xff, 0x41, 0xff, 0x90, 0x00,
    0x00, 0x00, 0x00, 0x0c, 0xff, 0x20, 0x00, 0x09,
    0xa2, 0x00, 0x4f, 0xfe, 0x75, 0x6c, 0xff, 0x80,
    0x00, 0x7f, 0xff, 0xff, 0xff, 0xb0, 0x00, 0x00,
    0x3a, 0xef, 0xeb, 0x50, 0x00,

    /* U+00EB "ë" */
    0x00, 0x1c, 0xe5, 0x04, 0xed, 0x10, 0x00, 0x06,
    0xff, 0xd0, 0xcf, 0xf7, 0x00, 0x00, 0x4f, 0xfa,
    0x09, 0xff, 0x40, 0x00, 0x00, 0x35, 0x00, 0x05,
    0x40, 0x00, 0x00, 0x03, 0xae, 0xfe, 0xa3, 0x00,
    0x00, 0x07, 0xff, 0xff, 0xff, 0xf6, 0x00, 0x04,
    0xff, 0xd6, 0x35, 0xdf, 0xf3, 0x00, 0xcf, 0xe1,
    0x00, 0x01, 0xff, 0xc0, 0x1f, 0xfb, 0x22, 0x22,
    0x2c, 0xff, 0x13, 0xff, 0xff, 0xff, 0xff, 0xff,
    0xf3, 0x3f, 0xff, 0xff, 0xff, 0xff, 0xff, 0x41,
    0xff, 0x90, 0x00, 0x00, 0x00, 0x00, 0x0c, 0xff,
    0x20, 0x00, 0x09, 0xa2, 0x00, 0x4f, 0xfe, 0x75,
    0x6c, 0xff, 0x80, 0x00, 0x7f, 0xff, 0xff, 0xff,
    0xb0, 0x00, 0x00, 0x3a, 0xef, 0xeb, 0x50, 0x00,

    /* U+00EC "ì" */
    0x02, 0x00, 0x00, 0x5f, 0x90, 0x00, 0x4f, 0xfa,
    0x00, 0x03, 0xef, 0xb0, 0x00, 0x2e, 0xc0, 0x00,
    0x01, 0x10, 0x00, 0x00, 0x00, 0x00, 0x8f, 0xf4,
    0x00, 0x8f, 0xf4, 0x00, 0x8f, 0xf4, 0x00, 0x8f,
    0xf4, 0x00, 0x8f, 0xf4, 0x00, 0x8f, 0xf4, 0x00,
    0x8f, 0xf4, 0x00, 0x8f, 0xf4, 0x00, 0x8f, 0xf4,
    0x00, 0x8f, 0xf4, 0x00, 0x8f, 0xf4, 0x00, 0x8f,
    0xf4,

    /* U+00ED "í" */
    0x00, 0x01, 0x10, 0x00, 0x2d, 0xd1, 0x02, 0xef,
    0xc1, 0x3e, 0xfb, 0x00, 0x4f, 0xa0, 0x00, 0x02,
    0x00, 0x00, 0x00, 0x00, 0x00, 0x8f, 0xf4, 0x00,
    0x8f, 0xf4, 0x00, 0x8f, 0xf4, 0x00, 0x8f, 0xf4,
    0x00, 0x8f, 0xf4, 0x00, 0x8f, 0xf4, 0x00, 0x8f,
    0xf4, 0x00, 0x8f, 0xf4, 0x00, 0x8f, 0xf4, 0x00,
    0x8f, 0xf4, 0x00, 0x8f, 0xf4, 0x00, 0x8f, 0xf4,
    0x00,

    /* U+00EE "î" */
    0x00, 0x00, 0x00, 0x00, 0x00, 0x0a, 0x60, 0x00,
    0x00, 0xaf, 0xf5, 0x00, 0x09, 0xff, 0xff, 0x50,
    0x1e, 0xf3, 0x6f, 0xa0, 0x01, 0x40, 0x04, 0x00,
    0x00, 0x00, 0x00, 0x00, 0x00, 0x8f, 0xf4, 0x00,
    0x00, 0x8f, 0xf4, 0x00, 0x00, 0x8f, 0xf4, 0x00,
    0x00, 0x8f, 0xf4, 0x00, 0x00, 0x8f, 0xf4, 0x00,
    0x00, 0x8f, 0xf4, 0x00, 0x00, 0x8f, 0xf4, 0x00,
    0x00, 0x8f, 0xf4, 0x00, 0x00, 0x8f, 0xf4, 0x00,
    0x00, 0x8f, 0xf4, 0x00, 0x00, 0x8f, 0xf4, 0x00,
    0x00, 0x8f, 0xf4, 0x00,

    /* U+00EF "ï" */
    0x3e, 0xe3, 0x6f, 0xc0, 0x9f, 0xfa, 0xef, 0xf5,
    0x7f, 0xf7, 0xbf, 0xf3, 0x04, 0x40, 0x05, 0x30,
    0x00, 0x8f, 0xf4, 0x00, 0x00, 0x8f, 0xf4, 0x00,
    0x00, 0x8f, 0xf4, 0x00, 0x00, 0x8f, 0xf4, 0x00,
    0x00, 0x8f, 0xf4, 0x00, 0x00, 0x8f, 0xf4, 0x00,
    0x00, 0x8f, 0xf4, 0x00, 0x00, 0x8f, 0xf4, 0x00,
    0x00, 0x8f, 0xf4, 0x00, 0x00, 0x8f, 0xf4, 0x00,
    0x00, 0x8f, 0xf4, 0x00, 0x00, 0x8f, 0xf4, 0x00,

    /* U+00F0 "ð" */
    0x00, 0x02, 0x00, 0x00, 0x01, 0x00, 0x00, 0x01,
    0xff, 0xa3, 0x2d, 0xc0, 0x00, 0x00, 0x6f, 0xff,
    0xff, 0xfc, 0x10, 0x00, 0x00, 0x38, 0xff, 0xff,
    0x30, 0x00, 0x00, 0x00, 0x8f, 0xff, 0xff, 0x30,
    0x00, 0x00, 0x0b, 0xf5, 0x4f, 0xfd, 0x00, 0x00,
    0x00, 0x13, 0x00, 0x5f, 0xf6, 0x00, 0x00, 0x4b,
    0xef, 0xc5, 0xbf, 0xd0, 0x00, 0x7f, 0xff, 0xff,
    0xfb, 0xff, 0x20, 0x4f, 0xff, 0xc9, 0xaf, 0xff,
    0xf5, 0x0b, 0xff, 0x80, 0x00, 0x3f, 0xff, 0x60,
    0xff, 0xe0, 0x00, 0x00, 0x8f, 0xf6, 0x0f, 0xfc,
    0x00, 0x00, 0x06, 0xff, 0x50, 0xff, 0xe0, 0x00,
    0x00, 0x8f, 0xf2, 0x0a, 0xff, 0x80, 0x00, 0x3f,
    0xfd, 0x00, 0x3f, 0xff, 0xc9, 0xaf, 0xff, 0x40,
    0x00, 0x6f, 0xff, 0xff, 0xff, 0x70, 0x00, 0x00,
    0x2a, 0xef, 0xea, 0x30, 0x00,

    /* U+00F1 "ñ" */
    0x00, 0x7e, 0xff, 0xff, 0xfc, 0x00, 0x6f, 0xff,
    0xff, 0xfc, 0x20, 0x01, 0x22, 0x22, 0x21, 0x00,
    0x00, 0x00, 0x00, 0x00, 0x00, 0x00, 0x9f, 0xa0,
    0x5b, 0xef, 0xd6, 0x09, 0xff, 0xcf, 0xff, 0xff,
    0xf4, 0x9f, 0xff, 0xfd, 0xcf, 0xff, 0xa9, 0xff,
    0xf5, 0x00, 0x2f, 0xfd, 0x9f, 0xf6, 0x00, 0x00,
    0xef, 0xe9, 0xff, 0x30, 0x00, 0x0d, 0xfe, 0x9f,
    0xf3, 0x00, 0x00, 0xdf, 0xe9, 0xff, 0x30, 0x00,
    0x0d, 0xfe, 0x9f, 0xf3, 0x00, 0x00, 0xdf, 0xe9,
    0xff, 0x30, 0x00, 0x0d, 0xfe, 0x9f, 0xf3, 0x00,
    0x00, 0xdf, 0xe9, 0xff, 0x30, 0x00, 0x0d, 0xfe,

    /* U+00F2 "ò" */
    0x00, 0x00, 0x00, 0x00, 0x00, 0x00, 0x00, 0x00,
    0x3e, 0x40, 0x00, 0x00, 0x00, 0x00, 0x08, 0xff,
    0x50, 0x00, 0x00, 0x00, 0x00, 0x07, 0xff, 0x60,
    0x00, 0x00, 0x00, 0x00, 0x06, 0xfe, 0x00, 0x00,
    0x00, 0x00, 0x00, 0x05, 0x20, 0x00, 0x00, 0x00,
    0x00, 0x00, 0x00, 0x00, 0x00, 0x00, 0x00, 0x29,
    0xdf, 0xec, 0x60, 0x00, 0x00, 0x6f, 0xff, 0xff,
    0xff, 0xd1, 0x00, 0x3f, 0xff, 0xeb, 0xdf, 0xff,
    0xc0, 0x0b, 0xff, 0xa0, 0x00, 0x3e, 0xff, 0x51,
    0xff, 0xe0, 0x00, 0x00, 0x5f, 0xfa, 0x3f, 0xfa,
    0x00, 0x00, 0x01, 0xff, 0xc3, 0xff, 0xa0, 0x00,
    0x00, 0x1f, 0xfc, 0x1f, 0xfe, 0x00, 0x00, 0x05,
    0xff, 0xa0, 0xbf, 0xfa, 0x00, 0x03, 0xef, 0xf5,
    0x03, 0xff, 0xff, 0xcd, 0xff, 0xfc, 0x00, 0x06,
    0xff, 0xff, 0xff, 0xfc, 0x10, 0x00, 0x02, 0x9d,
    0xfe, 0xc6, 0x00, 0x00,

    /* U+00F3 "ó" */
    0x00, 0x00, 0x00, 0x00, 0x00, 0x00, 0x00, 0x00,
    0x00, 0x00, 0x0c, 0x90, 0x00, 0x00, 0x00, 0x00,
    0x1c, 0xfe, 0x10, 0x00, 0x00, 0x00, 0x2d, 0xfd,
    0x10, 0x00, 0x00, 0x00, 0x07, 0xfc, 0x10, 0x00,
    0x00, 0x00, 0x00, 0x06, 0x00, 0x00, 0x00, 0x00,
    0x00, 0x00, 0x00, 0x00, 0x00, 0x00, 0x00, 0x29,
    0xdf, 0xec, 0x60, 0x00, 0x00, 0x6f, 0xff, 0xff,
    0xff, 0xd1, 0x00, 0x3f, 0xff, 0xeb, 0xdf, 0xff,
    0xc0, 0x0b, 0xff, 0xa0, 0x00, 0x3e, 0xff, 0x51,
    0xff, 0xe0, 0x00, 0x00, 0x5f, 0xfa, 0x3f, 0xfa,
    0x00, 0x00, 0x01, 0xff, 0xc3, 0xff, 0xa0, 0x00,
    0x00, 0x1f, 0xfc, 0x1f, 0xfe, 0x00, 0x00, 0x05,
    0xff, 0xa0, 0xbf, 0xfa, 0x00, 0x03, 0xef, 0xf5,
    0x03, 0xff, 0xff, 0xcd, 0xff, 0xfc, 0x00, 0x06,
    0xff, 0xff, 0xff, 0xfc, 0x10, 0x00, 0x02, 0x9d,
    0xfe, 0xc6, 0x00, 0x00,

    /* U+00F4 "ô" */
    0x00, 0x00, 0x00, 0x94, 0x00, 0x00, 0x00, 0x00,
    0x00, 0xbf, 0xf4, 0x00, 0x00, 0x00, 0x00, 0xcf,
    0xff, 0xf5, 0x00, 0x00, 0x00, 0x7f, 0xd1, 0x6f,
    0xe1, 0x00, 0x00, 0x00, 0x81, 0x00, 0x53, 0x00,
    0x00, 0x00, 0x00, 0x00, 0x00, 0x00, 0x00, 0x00,
    0x02, 0x9d, 0xfe, 0xc6, 0x00, 0x00, 0x06, 0xff,
    0xff, 0xff, 0xfd, 0x10, 0x03, 0xff, 0xfe, 0xbd,
    0xff, 0xfc, 0x00, 0xbf, 0xfa, 0x00, 0x03, 0xef,
    0xf5, 0x1f, 0xfe, 0x00, 0x00, 0x05, 0xff, 0xa3,
    0xff, 0xa0, 0x00, 0x00, 0x1f, 0xfc, 0x3f, 0xfa,
    0x00, 0x00, 0x01, 0xff, 0xc1, 0xff, 0xe0, 0x00,
    0x00, 0x5f, 0xfa, 0x0b, 0xff, 0xa0, 0x00, 0x3e,
    0xff, 0x50, 0x3f, 0xff, 0xfc, 0xdf, 0xff, 0xc0,
    0x00, 0x6f, 0xff, 0xff, 0xff, 0xc1, 0x00, 0x00,
    0x29, 0xdf, 0xec, 0x60, 0x00,

    /* U+00F5 "õ" */
    0x00, 0x05, 0xef, 0xff, 0xff, 0xe0, 0x00, 0x04,
    0xff, 0xff, 0xff, 0xd3, 0x00, 0x00, 0x12, 0x22,
    0x22, 0x10, 0x00, 0x00, 0x00, 0x00, 0x00, 0x00,
    0x00, 0x00, 0x00, 0x02, 0x9d, 0xfe, 0xc6, 0x00,
    0x00, 0x06, 0xff, 0xff, 0xff, 0xfd, 0x10, 0x03,
    0xff, 0xfe, 0xbd, 0xff, 0xfc, 0x00, 0xbf, 0xfa,
    0x00, 0x03, 0xef, 0xf5, 0x1f, 0xfe, 0x00, 0x00,
    0x05, 0xff, 0xa3, 0xff, 0xa0, 0x00, 0x00, 0x1f,
    0xfc, 0x3f, 0xfa, 0x00, 0x00, 0x01, 0xff, 0xc1,
    0xff, 0xe0, 0x00, 0x00, 0x5f, 0xfa, 0x0b, 0xff,
    0xa0, 0x00, 0x3e, 0xff, 0x50, 0x3f, 0xff, 0xfc,
    0xdf, 0xff, 0xc0, 0x00, 0x6f, 0xff, 0xff, 0xff,
    0xc1, 0x00, 0x00, 0x29, 0xdf, 0xec, 0x60, 0x00,

    /* U+00F6 "ö" */
    0x00, 0x0a, 0xf8, 0x02, 0xde, 0x40, 0x00, 0x02,
    0xff, 0xf1, 0x8f, 0xfb, 0x00, 0x00, 0x1f, 0xfe,
    0x05, 0xff, 0x80, 0x00, 0x00, 0x26, 0x10, 0x04,
    0x50, 0x00, 0x00, 0x02, 0x9d, 0xfe, 0xc6, 0x00,
    0x00, 0x06, 0xff, 0xff, 0xff, 0xfd, 0x10, 0x03,
    0xff, 0xfe, 0xbd, 0xff, 0xfc, 0x00, 0xbf, 0xfa,
    0x00, 0x03, 0xef, 0xf5, 0x1f, 0xfe, 0x00, 0x00,
    0x05, 0xff, 0xa3, 0xff, 0xa0, 0x00, 0x00, 0x1f,
    0xfc, 0x3f, 0xfa, 0x00, 0x00, 0x01, 0xff, 0xc1,
    0xff, 0xe0, 0x00, 0x00, 0x5f, 0xfa, 0x0b, 0xff,
    0xa0, 0x00, 0x3e, 0xff, 0x50, 0x3f, 0xff, 0xfc,
    0xdf, 0xff, 0xc0, 0x00, 0x6f, 0xff, 0xff, 0xff,
    0xc1, 0x00, 0x00, 0x29, 0xdf, 0xec, 0x60, 0x00,

    /* U+00F7 "÷" */
    0x00, 0x00, 0x3b, 0xb2, 0x00, 0x00, 0x00, 0x00,
    0x0e, 0xff, 0xd0, 0x00, 0x00, 0x00, 0x00, 0xff,
    0xfe, 0x00, 0x00, 0x00, 0x00, 0x05, 0xee, 0x50,
    0x00, 0x00, 0x00, 0x00, 0x00, 0x00, 0x00, 0x00,
    0x08, 0x99, 0x99, 0x99, 0x99, 0x99, 0x90, 0xef,
    0xff, 0xff, 0xff, 0xff, 0xff, 0x0e, 0xff, 0xff,
    0xff, 0xff, 0xff, 0xf0, 0x00, 0x00, 0x00, 0x00,
    0x00, 0x00, 0x00, 0x00, 0x03, 0xbb, 0x30, 0x00,
    0x00, 0x00, 0x00, 0xef, 0xfd, 0x00, 0x00, 0x00,
    0x00, 0x0e, 0xff, 0xe0, 0x00, 0x00, 0x00, 0x00,
    0x5e, 0xe5, 0x00, 0x00, 0x00,

    /* U+00F8 "ø" */
    0x00, 0x00, 0x00, 0x00, 0x00, 0x44, 0x00, 0x00,
    0x01, 0x8d, 0xff, 0xda, 0xff, 0x40, 0x00, 0x3e,
    0xff, 0xff, 0xff, 0xff, 0x00, 0x01, 0xef, 0xfd,
    0x88, 0xff, 0xff, 0x10, 0x08, 0xff, 0x80, 0x06,
    0xff, 0xff, 0x80, 0x0d, 0xfd, 0x00, 0x3f, 0xf6,
    0xdf, 0xe0, 0x0f, 0xfa, 0x01, 0xef, 0xa0, 0x9f,
    0xf0, 0x0f, 0xfa, 0x0c, 0xfc, 0x00, 0x9f, 0xf0,
    0x0d, 0xfe, 0x9f, 0xe1, 0x00, 0xdf, 0xe0, 0x08,
    0xff, 0xff, 0x40, 0x08, 0xff, 0x80, 0x01, 0xff,
    0xff, 0x99, 0xdf, 0xfe, 0x10, 0x01, 0xff, 0xff,
    0xff, 0xff, 0xe3, 0x00, 0x03, 0xee, 0x8d, 0xff,
    0xd8, 0x10, 0x00, 0x00, 0x12, 0x00, 0x00, 0x00,
    0x00, 0x00,

    /* U+00F9 "ù" */
    0x00, 0x02, 0x00, 0x00, 0x00, 0x00, 0x09, 0xf5,
    0x00, 0x00, 0x00, 0x00, 0x7f, 0xf6, 0x00, 0x00,
    0x00, 0x00, 0x6f, 0xf7, 0x00, 0x00, 0x00, 0x00,
    0x5f, 0x80, 0x00, 0x00, 0x00, 0x00, 0x20, 0x00,
    0x00, 0x00, 0x00, 0x00, 0x00, 0x00, 0x0b, 0xff,
    0x10, 0x00, 0x0f, 0xfd, 0xbf, 0xf1, 0x00, 0x00,
    0xff, 0xdb, 0xff, 0x10, 0x00, 0x0f, 0xfd, 0xbf,
    0xf1, 0x00, 0x00, 0xff, 0xdb, 0xff, 0x10, 0x00,
    0x0f, 0xfd, 0xbf, 0xf1, 0x00, 0x00, 0xff, 0xdb,
    0xff, 0x10, 0x00, 0x0f, 0xfd, 0xaf, 0xf2, 0x00,
    0x00, 0xff, 0xd9, 0xff, 0x60, 0x03, 0xcf, 0xfd,
    0x5f, 0xff, 0xcd, 0xff, 0xff, 0xd0, 0xef, 0xff,
    0xff, 0xee, 0xfd, 0x02, 0xbe, 0xfd, 0x70, 0x6f,
    0xd0,

    /* U+00FA "ú" */
    0x00, 0x00, 0x00, 0x02, 0x00, 0x00, 0x00, 0x00,
    0x04, 0xfa, 0x00, 0x00, 0x00, 0x05, 0xff, 0x80,
    0x00, 0x00, 0x07, 0xff, 0x70, 0x00, 0x00, 0x00,
    0x8f, 0x60, 0x00, 0x00, 0x00, 0x00, 0x20, 0x00,
    0x00, 0x00, 0x00, 0x00, 0x00, 0x00, 0x0b, 0xff,
    0x10, 0x00, 0x0f, 0xfd, 0xbf, 0xf1, 0x00, 0x00,
    0xff, 0xdb, 0xff, 0x10, 0x00, 0x0f, 0xfd, 0xbf,
    0xf1, 0x00, 0x00, 0xff, 0xdb, 0xff, 0x10, 0x00,
    0x0f, 0xfd, 0xbf, 0xf1, 0x00, 0x00, 0xff, 0xdb,
    0xff, 0x10, 0x00, 0x0f, 0xfd, 0xaf, 0xf2, 0x00,
    0x00, 0xff, 0xd9, 0xff, 0x60, 0x03, 0xcf, 0xfd,
    0x5f, 0xff, 0xcd, 0xff, 0xff, 0xd0, 0xef, 0xff,
    0xff, 0xee, 0xfd, 0x02, 0xbe, 0xfd, 0x70, 0x6f,
    0xd0,

    /* U+00FB "û" */
    0x00, 0x00, 0x1a, 0x20, 0x00, 0x00, 0x00, 0x2d,
    0xfe, 0x20, 0x00, 0x00, 0x2e, 0xff, 0xff, 0x30,
    0x00, 0x0a, 0xfa, 0x07, 0xfb, 0x00, 0x00, 0x07,
    0x00, 0x04, 0x00, 0x00, 0x00, 0x00, 0x00, 0x00,
    0x00, 0xbf, 0xf1, 0x00, 0x00, 0xff, 0xdb, 0xff,
    0x10, 0x00, 0x0f, 0xfd, 0xbf, 0xf1, 0x00, 0x00,
    0xff, 0xdb, 0xff, 0x10, 0x00, 0x0f, 0xfd, 0xbf,
    0xf1, 0x00, 0x00, 0xff, 0xdb, 0xff, 0x10, 0x00,
    0x0f, 0xfd, 0xbf, 0xf1, 0x00, 0x00, 0xff, 0xda,
    0xff, 0x20, 0x00, 0x0f, 0xfd, 0x9f, 0xf6, 0x00,
    0x3c, 0xff, 0xd5, 0xff, 0xfc, 0xdf, 0xff, 0xfd,
    0x0e, 0xff, 0xff, 0xfe, 0xef, 0xd0, 0x2b, 0xef,
    0xd7, 0x06, 0xfd,

    /* U+00FC "ü" */
    0x01, 0xcf, 0x60, 0x4e, 0xd2, 0x00, 0x6f, 0xfe,
    0x0b, 0xff, 0x80, 0x03, 0xff, 0xb0, 0x8f, 0xf5,
    0x00, 0x03, 0x50, 0x00, 0x54, 0x00, 0xbf, 0xf1,
    0x00, 0x00, 0xff, 0xdb, 0xff, 0x10, 0x00, 0x0f,
    0xfd, 0xbf, 0xf1, 0x00, 0x00, 0xff, 0xdb, 0xff,
    0x10, 0x00, 0x0f, 0xfd, 0xbf, 0xf1, 0x00, 0x00,
    0xff, 0xdb, 0xff, 0x10, 0x00, 0x0f, 0xfd, 0xbf,
    0xf1, 0x00, 0x00, 0xff, 0xda, 0xff, 0x20, 0x00,
    0x0f, 0xfd, 0x9f, 0xf6, 0x00, 0x3c, 0xff, 0xd5,
    0xff, 0xfc, 0xdf, 0xff, 0xfd, 0x0e, 0xff, 0xff,
    0xfe, 0xef, 0xd0, 0x2b, 0xef, 0xd7, 0x06, 0xfd,

    /* U+00FD "ý" */
    0x00, 0x00, 0x00, 0x00, 0x20, 0x00, 0x00, 0x00,
    0x00, 0x00, 0x9f, 0x50, 0x00, 0x00, 0x00, 0x00,
    0xaf, 0xf4, 0x00, 0x00, 0x00, 0x00, 0xbf, 0xe3,
    0x00, 0x00, 0x00, 0x00, 0x0c, 0xe2, 0x00, 0x00,
    0x00, 0x00, 0x00, 0x02, 0x00, 0x00, 0x00, 0x00,
    0x00, 0x00, 0x00, 0x00, 0x00, 0x07, 0xff, 0x60,
    0x00, 0x00, 0xdf, 0xf1, 0x1f, 0xfd, 0x00, 0x00,
    0x4f, 0xf9, 0x00, 0x9f, 0xf4, 0x00, 0x0b, 0xff,
    0x20, 0x03, 0xff, 0xa0, 0x02, 0xff, 0xb0, 0x00,
    0x0c, 0xff, 0x10, 0x9f, 0xf4, 0x00, 0x00, 0x5f,
    0xf8, 0x0f, 0xfd, 0x00, 0x00, 0x00, 0xef, 0xe7,
    0xff, 0x70, 0x00, 0x00, 0x07, 0xff, 0xff, 0xf1,
    0x00, 0x00, 0x00, 0x1f, 0xff, 0xf9, 0x00, 0x00,
    0x00, 0x00, 0x9f, 0xff, 0x20, 0x00, 0x00, 0x00,
    0x05, 0xff, 0xc0, 0x00, 0x00, 0x00, 0x00, 0x8f,
    0xf5, 0x00, 0x00, 0x00, 0x00, 0x0e, 0xfe, 0x00,
    0x00, 0x00, 0x00, 0x06, 0xff, 0x70, 0x00, 0x00,
    0x00, 0x00, 0xdf, 0xf1, 0x00, 0x00, 0x00, 0x00,
    0x4f, 0xf9, 0x00, 0x00, 0x00, 0x00, 0x0b, 0xff,
    0x20, 0x00, 0x00, 0x00,

    /* U+00FE "þ" */
    0x9f, 0xf3, 0x00, 0x00, 0x00, 0x00, 0x9f, 0xf3,
    0x00, 0x00, 0x00, 0x00, 0x9f, 0xf3, 0x00, 0x00,
    0x00, 0x00, 0x9f, 0xf3, 0x00, 0x00, 0x00, 0x00,
    0x9f, 0xf4, 0x8d, 0xfe, 0xa2, 0x00, 0x9f, 0xff,
    0xff, 0xff, 0xff, 0x40, 0x9f, 0xff, 0xe9, 0x9d,
    0xff, 0xe1, 0x9f, 0xfe, 0x10, 0x00, 0xbf, 0xf8,
    0x9f, 0xf5, 0x00, 0x00, 0x2f, 0xfc, 0x9f, 0xf2,
    0x00, 0x00, 0x0f, 0xfe, 0x9f, 0xf2, 0x00, 0x00,
    0x0f, 0xfe, 0x9f, 0xf5, 0x00, 0x00, 0x2f, 0xfc,
    0x9f, 0xfd, 0x10, 0x00, 0xbf, 0xf8, 0x9f, 0xff,
    0xe9, 0x9d, 0xff, 0xe1, 0x9f, 0xff, 0xff, 0xff,
    0xff, 0x40, 0x9f, 0xf5, 0x9d, 0xfe, 0xa2, 0x00,
    0x9f, 0xf3, 0x00, 0x00, 0x00, 0x00, 0x9f, 0xf3,
    0x00, 0x00, 0x00, 0x00, 0x9f, 0xf3, 0x00, 0x00,
    0x00, 0x00, 0x9f, 0xf3, 0x00, 0x00, 0x00, 0x00,
    0x9f, 0xf3, 0x00, 0x00, 0x00, 0x00,

    /* U+00FF "ÿ" */
    0x00, 0x3e, 0xd2, 0x08, 0xfa, 0x00, 0x00, 0x0b,
    0xff, 0x90, 0xff, 0xf3, 0x00, 0x00, 0x8f, 0xf6,
    0x0d, 0xff, 0x10, 0x00, 0x00, 0x54, 0x00, 0x16,
    0x20, 0x00, 0x7f, 0xf6, 0x00, 0x00, 0x0d, 0xff,
    0x11, 0xff, 0xd0, 0x00, 0x04, 0xff, 0x90, 0x09,
    0xff, 0x40, 0x00, 0xbf, 0xf2, 0x00, 0x3f, 0xfa,
    0x00, 0x2f, 0xfb, 0x00, 0x00, 0xcf, 0xf1, 0x09,
    0xff, 0x40, 0x00, 0x05, 0xff, 0x80, 0xff, 0xd0,
    0x00, 0x00, 0x0e, 0xfe, 0x7f, 0xf7, 0x00, 0x00,
    0x00, 0x7f, 0xff, 0xff, 0x10, 0x00, 0x00, 0x01,
    0xff, 0xff, 0x90, 0x00, 0x00, 0x00, 0x09, 0xff,
    0xf2, 0x00, 0x00, 0x00, 0x00, 0x5f, 0xfc, 0x00,
    0x00, 0x00, 0x00, 0x08, 0xff, 0x50, 0x00, 0x00,
    0x00, 0x00, 0xef, 0xe0, 0x00, 0x00, 0x00, 0x00,
    0x6f, 0xf7, 0x00, 0x00, 0x00, 0x00, 0x0d, 0xff,
    0x10, 0x00, 0x00, 0x00, 0x04, 0xff, 0x90, 0x00,
    0x00, 0x00, 0x00, 0xbf, 0xf2, 0x00, 0x00, 0x00,
    0x00
};

/*---------------------
 *  GLYPH DESCRIPTION
 *--------------------*/

static const lv_font_fmt_txt_glyph_dsc_t glyph_dsc[] = {
    {.bitmap_index = 0, .adv_w = 0, .box_w = 0, .box_h = 0, .ofs_x = 0, .ofs_y = 0} /* id = 0 reserved */,
    {.bitmap_index = 0, .adv_w = 100, .box_w = 0, .box_h = 0, .ofs_x = 0, .ofs_y = 0},
    {.bitmap_index = 0, .adv_w = 111, .box_w = 5, .box_h = 17, .ofs_x = 1, .ofs_y = 0},
    {.bitmap_index = 43, .adv_w = 127, .box_w = 8, .box_h = 8, .ofs_x = 0, .ofs_y = 8},
    {.bitmap_index = 75, .adv_w = 256, .box_w = 16, .box_h = 16, .ofs_x = 0, .ofs_y = 0},
    {.bitmap_index = 203, .adv_w = 206, .box_w = 12, .box_h = 22, .ofs_x = 0, .ofs_y = -3},
    {.bitmap_index = 335, .adv_w = 284, .box_w = 18, .box_h = 16, .ofs_x = 0, .ofs_y = 0},
    {.bitmap_index = 479, .adv_w = 248, .box_w = 14, .box_h = 16, .ofs_x = 1, .ofs_y = 0},
    {.bitmap_index = 591, .adv_w = 65, .box_w = 4, .box_h = 8, .ofs_x = 0, .ofs_y = 8},
    {.bitmap_index = 607, .adv_w = 135, .box_w = 8, .box_h = 24, .ofs_x = 1, .ofs_y = -4},
    {.bitmap_index = 703, .adv_w = 135, .box_w = 7, .box_h = 24, .ofs_x = 0, .ofs_y = -4},
    {.bitmap_index = 787, .adv_w = 173, .box_w = 10, .box_h = 10, .ofs_x = 0, .ofs_y = 8},
    {.bitmap_index = 837, .adv_w = 257, .box_w = 12, .box_h = 13, .ofs_x = 2, .ofs_y = 2},
    {.bitmap_index = 915, .adv_w = 106, .box_w = 5, .box_h = 8, .ofs_x = 1, .ofs_y = -4},
    {.bitmap_index = 935, .adv_w = 141, .box_w = 9, .box_h = 3, .ofs_x = 0, .ofs_y = 6},
    {.bitmap_index = 949, .adv_w = 105, .box_w = 5, .box_h = 5, .ofs_x = 1, .ofs_y = 0},
    {.bitmap_index = 962, .adv_w = 180, .box_w = 12, .box_h = 20, .ofs_x = 0, .ofs_y = -2},
    {.bitmap_index = 1082, .adv_w = 210, .box_w = 13, .box_h = 16, .ofs_x = 0, .ofs_y = 0},
    {.bitmap_index = 1186, .adv_w = 136, .box_w = 7, .box_h = 16, .ofs_x = 0, .ofs_y = 0},
    {.bitmap_index = 1242, .adv_w = 193, .box_w = 12, .box_h = 16, .ofs_x = 0, .ofs_y = 0},
    {.bitmap_index = 1338, .adv_w = 195, .box_w = 12, .box_h = 16, .ofs_x = 0, .ofs_y = 0},
    {.bitmap_index = 1434, .adv_w = 216, .box_w = 13, .box_h = 16, .ofs_x = 0, .ofs_y = 0},
    {.bitmap_index = 1538, .adv_w = 202, .box_w = 12, .box_h = 16, .ofs_x = 0, .ofs_y = 0},
    {.bitmap_index = 1634, .adv_w = 209, .box_w = 13, .box_h = 16, .ofs_x = 0, .ofs_y = 0},
    {.bitmap_index = 1738, .adv_w = 186, .box_w = 12, .box_h = 16, .ofs_x = 0, .ofs_y = 0},
    {.bitmap_index = 1834, .adv_w = 207, .box_w = 11, .box_h = 16, .ofs_x = 1, .ofs_y = 0},
    {.bitmap_index = 1922, .adv_w = 209, .box_w = 13, .box_h = 16, .ofs_x = 0, .ofs_y = 0},
    {.bitmap_index = 2026, .adv_w = 105, .box_w = 5, .box_h = 12, .ofs_x = 1, .ofs_y = 0},
    {.bitmap_index = 2056, .adv_w = 106, .box_w = 5, .box_h = 16, .ofs_x = 1, .ofs_y = -4},
    {.bitmap_index = 2096, .adv_w = 257, .box_w = 12, .box_h = 14, .ofs_x = 2, .ofs_y = 0},
    {.bitmap_index = 2180, .adv_w = 257, .box_w = 12, .box_h = 7, .ofs_x = 2, .ofs_y = 3},
    {.bitmap_index = 2222, .adv_w = 257, .box_w = 12, .box_h = 14, .ofs_x = 2, .ofs_y = 0},
    {.bitmap_index = 2306, .adv_w = 207, .box_w = 12, .box_h = 18, .ofs_x = 0, .ofs_y = 0},
    {.bitmap_index = 2414, .adv_w = 325, .box_w = 19, .box_h = 19, .ofs_x = 1, .ofs_y = -1},
    {.bitmap_index = 2595, .adv_w = 253, .box_w = 16, .box_h = 16, .ofs_x = 0, .ofs_y = 0},
    {.bitmap_index = 2723, .adv_w = 229, .box_w = 13, .box_h = 16, .ofs_x = 1, .ofs_y = 0},
    {.bitmap_index = 2827, .adv_w = 271, .box_w = 17, .box_h = 16, .ofs_x = 0, .ofs_y = 0},
    {.bitmap_index = 2963, .adv_w = 258, .box_w = 15, .box_h = 16, .ofs_x = 1, .ofs_y = 0},
    {.bitmap_index = 3083, .adv_w = 210, .box_w = 11, .box_h = 16, .ofs_x = 1, .ofs_y = 0},
    {.bitmap_index = 3171, .adv_w = 199, .box_w = 11, .box_h = 16, .ofs_x = 1, .ofs_y = 0},
    {.bitmap_index = 3259, .adv_w = 278, .box_w = 17, .box_h = 16, .ofs_x = 0, .ofs_y = 0},
    {.bitmap_index = 3395, .adv_w = 265, .box_w = 14, .box_h = 16, .ofs_x = 1, .ofs_y = 0},
    {.bitmap_index = 3507, .adv_w = 103, .box_w = 4, .box_h = 16, .ofs_x = 1, .ofs_y = 0},
    {.bitmap_index = 3539, .adv_w = 206, .box_w = 12, .box_h = 16, .ofs_x = 0, .ofs_y = 0},
    {.bitmap_index = 3635, .adv_w = 237, .box_w = 14, .box_h = 16, .ofs_x = 1, .ofs_y = 0},
    {.bitmap_index = 3747, .adv_w = 192, .box_w = 11, .box_h = 16, .ofs_x = 1, .ofs_y = 0},
    {.bitmap_index = 3835, .adv_w = 335, .box_w = 21, .box_h = 16, .ofs_x = 0, .ofs_y = 0},
    {.bitmap_index = 4003, .adv_w = 280, .box_w = 15, .box_h = 16, .ofs_x = 1, .ofs_y = 0},
    {.bitmap_index = 4123, .adv_w = 291, .box_w = 18, .box_h = 16, .ofs_x = 0, .ofs_y = 0},
    {.bitmap_index = 4267, .adv_w = 225, .box_w = 13, .box_h = 16, .ofs_x = 1, .ofs_y = 0},
    {.bitmap_index = 4371, .adv_w = 291, .box_w = 18, .box_h = 17, .ofs_x = 0, .ofs_y = -1},
    {.bitmap_index = 4524, .adv_w = 235, .box_w = 13, .box_h = 16, .ofs_x = 1, .ofs_y = 0},
    {.bitmap_index = 4628, .adv_w = 215, .box_w = 13, .box_h = 16, .ofs_x = 0, .ofs_y = 0},
    {.bitmap_index = 4732, .adv_w = 216, .box_w = 14, .box_h = 16, .ofs_x = 0, .ofs_y = 0},
    {.bitmap_index = 4844, .adv_w = 262, .box_w = 14, .box_h = 16, .ofs_x = 1, .ofs_y = 0},
    {.bitmap_index = 4956, .adv_w = 247, .box_w = 16, .box_h = 16, .ofs_x = 0, .ofs_y = 0},
    {.bitmap_index = 5084, .adv_w = 374, .box_w = 23, .box_h = 16, .ofs_x = 0, .ofs_y = 0},
    {.bitmap_index = 5268, .adv_w = 250, .box_w = 16, .box_h = 16, .ofs_x = 0, .ofs_y = 0},
    {.bitmap_index = 5396, .adv_w = 220, .box_w = 15, .box_h = 16, .ofs_x = -1, .ofs_y = 0},
    {.bitmap_index = 5516, .adv_w = 217, .box_w = 12, .box_h = 16, .ofs_x = 1, .ofs_y = 0},
    {.bitmap_index = 5612, .adv_w = 122, .box_w = 7, .box_h = 23, .ofs_x = 1, .ofs_y = -3},
    {.bitmap_index = 5693, .adv_w = 180, .box_w = 12, .box_h = 20, .ofs_x = 0, .ofs_y = -2},
    {.bitmap_index = 5813, .adv_w = 119, .box_w = 6, .box_h = 23, .ofs_x = 0, .ofs_y = -3},
    {.bitmap_index = 5882, .adv_w = 257, .box_w = 12, .box_h = 7, .ofs_x = 2, .ofs_y = 7},
    {.bitmap_index = 5924, .adv_w = 210, .box_w = 13, .box_h = 3, .ofs_x = 0, .ofs_y = -2},
    {.bitmap_index = 5944, .adv_w = 210, .box_w = 6, .box_h = 6, .ofs_x = 3, .ofs_y = 13},
    {.bitmap_index = 5962, .adv_w = 191, .box_w = 11, .box_h = 12, .ofs_x = 0, .ofs_y = 0},
    {.bitmap_index = 6028, .adv_w = 219, .box_w = 12, .box_h = 16, .ofs_x = 1, .ofs_y = 0},
    {.bitmap_index = 6124, .adv_w = 196, .box_w = 12, .box_h = 12, .ofs_x = 0, .ofs_y = 0},
    {.bitmap_index = 6196, .adv_w = 219, .box_w = 13, .box_h = 16, .ofs_x = 0, .ofs_y = 0},
    {.bitmap_index = 6300, .adv_w = 207, .box_w = 13, .box_h = 12, .ofs_x = 0, .ofs_y = 0},
    {.bitmap_index = 6378, .adv_w = 124, .box_w = 8, .box_h = 16, .ofs_x = 0, .ofs_y = 0},
    {.bitmap_index = 6442, .adv_w = 221, .box_w = 13, .box_h = 17, .ofs_x = 0, .ofs_y = -5},
    {.bitmap_index = 6553, .adv_w = 212, .box_w = 11, .box_h = 16, .ofs_x = 1, .ofs_y = 0},
    {.bitmap_index = 6641, .adv_w = 92, .box_w = 4, .box_h = 17, .ofs_x = 1, .ofs_y = 0},
    {.bitmap_index = 6675, .adv_w = 94, .box_w = 6, .box_h = 22, .ofs_x = -1, .ofs_y = -5},
    {.bitmap_index = 6741, .adv_w = 184, .box_w = 11, .box_h = 16, .ofs_x = 1, .ofs_y = 0},
    {.bitmap_index = 6829, .adv_w = 98, .box_w = 5, .box_h = 16, .ofs_x = 1, .ofs_y = 0},
    {.bitmap_index = 6869, .adv_w = 324, .box_w = 18, .box_h = 12, .ofs_x = 1, .ofs_y = 0},
    {.bitmap_index = 6977, .adv_w = 212, .box_w = 11, .box_h = 12, .ofs_x = 1, .ofs_y = 0},
    {.bitmap_index = 7043, .adv_w = 218, .box_w = 13, .box_h = 12, .ofs_x = 0, .ofs_y = 0},
    {.bitmap_index = 7121, .adv_w = 219, .box_w = 12, .box_h = 17, .ofs_x = 1, .ofs_y = -5},
    {.bitmap_index = 7223, .adv_w = 219, .box_w = 13, .box_h = 17, .ofs_x = 0, .ofs_y = -5},
    {.bitmap_index = 7334, .adv_w = 136, .box_w = 7, .box_h = 12, .ofs_x = 1, .ofs_y = 0},
    {.bitmap_index = 7376, .adv_w = 169, .box_w = 10, .box_h = 12, .ofs_x = 0, .ofs_y = 0},
    {.bitmap_index = 7436, .adv_w = 143, .box_w = 8, .box_h = 15, .ofs_x = 0, .ofs_y = 0},
    {.bitmap_index = 7496, .adv_w = 212, .box_w = 11, .box_h = 12, .ofs_x = 1, .ofs_y = 0},
    {.bitmap_index = 7562, .adv_w = 197, .box_w = 12, .box_h = 12, .ofs_x = 0, .ofs_y = 0},
    {.bitmap_index = 7634, .adv_w = 284, .box_w = 18, .box_h = 12, .ofs_x = 0, .ofs_y = 0},
    {.bitmap_index = 7742, .adv_w = 193, .box_w = 12, .box_h = 12, .ofs_x = 0, .ofs_y = 0},
    {.bitmap_index = 7814, .adv_w = 199, .box_w = 13, .box_h = 17, .ofs_x = 0, .ofs_y = -5},
    {.bitmap_index = 7925, .adv_w = 177, .box_w = 11, .box_h = 12, .ofs_x = 0, .ofs_y = 0},
    {.bitmap_index = 7991, .adv_w = 122, .box_w = 6, .box_h = 23, .ofs_x = 1, .ofs_y = -4},
    {.bitmap_index = 8060, .adv_w = 101, .box_w = 4, .box_h = 23, .ofs_x = 1, .ofs_y = -3},
    {.bitmap_index = 8106, .adv_w = 122, .box_w = 6, .box_h = 23, .ofs_x = 1, .ofs_y = -4},
    {.bitmap_index = 8175, .adv_w = 257, .box_w = 14, .box_h = 6, .ofs_x = 1, .ofs_y = 4},
    {.bitmap_index = 8217, .adv_w = 100, .box_w = 0, .box_h = 0, .ofs_x = 0, .ofs_y = 0},
    {.bitmap_index = 8217, .adv_w = 111, .box_w = 5, .box_h = 17, .ofs_x = 1, .ofs_y = -5},
    {.bitmap_index = 8260, .adv_w = 204, .box_w = 13, .box_h = 16, .ofs_x = 0, .ofs_y = 0},
    {.bitmap_index = 8364, .adv_w = 195, .box_w = 11, .box_h = 16, .ofs_x = 1, .ofs_y = 0},
    {.bitmap_index = 8452, .adv_w = 228, .box_w = 14, .box_h = 14, .ofs_x = 0, .ofs_y = 1},
    {.bitmap_index = 8550, .adv_w = 207, .box_w = 13, .box_h = 16, .ofs_x = 0, .ofs_y = 0},
    {.bitmap_index = 8654, .adv_w = 101, .box_w = 4, .box_h = 23, .ofs_x = 1, .ofs_y = -3},
    {.bitmap_index = 8700, .adv_w = 200, .box_w = 12, .box_h = 21, .ofs_x = 0, .ofs_y = -3},
    {.bitmap_index = 8826, .adv_w = 210, .box_w = 9, .box_h = 4, .ofs_x = 2, .ofs_y = 14},
    {.bitmap_index = 8844, .adv_w = 257, .box_w = 14, .box_h = 14, .ofs_x = 1, .ofs_y = 5},
    {.bitmap_index = 8942, .adv_w = 145, .box_w = 9, .box_h = 9, .ofs_x = 0, .ofs_y = 7},
    {.bitmap_index = 8983, .adv_w = 211, .box_w = 13, .box_h = 10, .ofs_x = 0, .ofs_y = 2},
    {.bitmap_index = 9048, .adv_w = 257, .box_w = 12, .box_h = 7, .ofs_x = 2, .ofs_y = 2},
    {.bitmap_index = 9090, .adv_w = 257, .box_w = 14, .box_h = 14, .ofs_x = 1, .ofs_y = 5},
    {.bitmap_index = 9188, .adv_w = 210, .box_w = 7, .box_h = 3, .ofs_x = 3, .ofs_y = 14},
    {.bitmap_index = 9199, .adv_w = 156, .box_w = 10, .box_h = 9, .ofs_x = 0, .ofs_y = 8},
    {.bitmap_index = 9244, .adv_w = 257, .box_w = 12, .box_h = 15, .ofs_x = 2, .ofs_y = 0},
    {.bitmap_index = 9334, .adv_w = 133, .box_w = 8, .box_h = 10, .ofs_x = 0, .ofs_y = 9},
    {.bitmap_index = 9374, .adv_w = 128, .box_w = 8, .box_h = 10, .ofs_x = 0, .ofs_y = 9},
    {.bitmap_index = 9414, .adv_w = 210, .box_w = 6, .box_h = 6, .ofs_x = 4, .ofs_y = 13},
    {.bitmap_index = 9432, .adv_w = 212, .box_w = 11, .box_h = 17, .ofs_x = 1, .ofs_y = -5},
    {.bitmap_index = 9526, .adv_w = 264, .box_w = 15, .box_h = 21, .ofs_x = 1, .ofs_y = -3},
    {.bitmap_index = 9684, .adv_w = 105, .box_w = 5, .box_h = 5, .ofs_x = 1, .ofs_y = 5},
    {.bitmap_index = 9697, .adv_w = 210, .box_w = 7, .box_h = 5, .ofs_x = 3, .ofs_y = -5},
    {.bitmap_index = 9715, .adv_w = 91, .box_w = 5, .box_h = 10, .ofs_x = 0, .ofs_y = 9},
    {.bitmap_index = 9740, .adv_w = 170, .box_w = 10, .box_h = 10, .ofs_x = 0, .ofs_y = 7},
    {.bitmap_index = 9790, .adv_w = 211, .box_w = 13, .box_h = 10, .ofs_x = 0, .ofs_y = 2},
    {.bitmap_index = 9855, .adv_w = 324, .box_w = 20, .box_h = 20, .ofs_x = 0, .ofs_y = -2},
    {.bitmap_index = 10055, .adv_w = 320, .box_w = 20, .box_h = 20, .ofs_x = 0, .ofs_y = -2},
    {.bitmap_index = 10255, .adv_w = 359, .box_w = 23, .box_h = 20, .ofs_x = 0, .ofs_y = -2},
    {.bitmap_index = 10485, .adv_w = 190, .box_w = 12, .box_h = 18, .ofs_x = 1, .ofs_y = -5},
    {.bitmap_index = 10593, .adv_w = 253, .box_w = 16, .box_h = 23, .ofs_x = 0, .ofs_y = 0},
    {.bitmap_index = 10777, .adv_w = 253, .box_w = 16, .box_h = 23, .ofs_x = 0, .ofs_y = 0},
    {.bitmap_index = 10961, .adv_w = 253, .box_w = 16, .box_h = 23, .ofs_x = 0, .ofs_y = 0},
    {.bitmap_index = 11145, .adv_w = 253, .box_w = 16, .box_h = 22, .ofs_x = 0, .ofs_y = 0},
    {.bitmap_index = 11321, .adv_w = 253, .box_w = 16, .box_h = 22, .ofs_x = 0, .ofs_y = 0},
    {.bitmap_index = 11497, .adv_w = 253, .box_w = 16, .box_h = 23, .ofs_x = 0, .ofs_y = 0},
    {.bitmap_index = 11681, .adv_w = 323, .box_w = 19, .box_h = 16, .ofs_x = 0, .ofs_y = 0},
    {.bitmap_index = 11833, .adv_w = 271, .box_w = 17, .box_h = 21, .ofs_x = 0, .ofs_y = -5},
    {.bitmap_index = 12012, .adv_w = 210, .box_w = 11, .box_h = 23, .ofs_x = 1, .ofs_y = 0},
    {.bitmap_index = 12139, .adv_w = 210, .box_w = 11, .box_h = 23, .ofs_x = 1, .ofs_y = 0},
    {.bitmap_index = 12266, .adv_w = 210, .box_w = 11, .box_h = 23, .ofs_x = 1, .ofs_y = 0},
    {.bitmap_index = 12393, .adv_w = 210, .box_w = 11, .box_h = 22, .ofs_x = 1, .ofs_y = 0},
    {.bitmap_index = 12514, .adv_w = 103, .box_w = 6, .box_h = 23, .ofs_x = -1, .ofs_y = 0},
    {.bitmap_index = 12583, .adv_w = 103, .box_w = 6, .box_h = 23, .ofs_x = 1, .ofs_y = 0},
    {.bitmap_index = 12652, .adv_w = 103, .box_w = 7, .box_h = 23, .ofs_x = 0, .ofs_y = 0},
    {.bitmap_index = 12733, .adv_w = 103, .box_w = 8, .box_h = 22, .ofs_x = -1, .ofs_y = 0},
    {.bitmap_index = 12821, .adv_w = 274, .box_w = 17, .box_h = 16, .ofs_x = 0, .ofs_y = 0},
    {.bitmap_index = 12957, .adv_w = 280, .box_w = 15, .box_h = 22, .ofs_x = 1, .ofs_y = 0},
    {.bitmap_index = 13122, .adv_w = 291, .box_w = 18, .box_h = 23, .ofs_x = 0, .ofs_y = 0},
    {.bitmap_index = 13329, .adv_w = 291, .box_w = 18, .box_h = 23, .ofs_x = 0, .ofs_y = 0},
    {.bitmap_index = 13536, .adv_w = 291, .box_w = 18, .box_h = 23, .ofs_x = 0, .ofs_y = 0},
    {.bitmap_index = 13743, .adv_w = 291, .box_w = 18, .box_h = 22, .ofs_x = 0, .ofs_y = 0},
    {.bitmap_index = 13941, .adv_w = 291, .box_w = 18, .box_h = 22, .ofs_x = 0, .ofs_y = 0},
    {.bitmap_index = 14139, .adv_w = 257, .box_w = 12, .box_h = 12, .ofs_x = 2, .ofs_y = 2},
    {.bitmap_index = 14211, .adv_w = 291, .box_w = 18, .box_h = 18, .ofs_x = 0, .ofs_y = -1},
    {.bitmap_index = 14373, .adv_w = 262, .box_w = 14, .box_h = 23, .ofs_x = 1, .ofs_y = 0},
    {.bitmap_index = 14534, .adv_w = 262, .box_w = 14, .box_h = 23, .ofs_x = 1, .ofs_y = 0},
    {.bitmap_index = 14695, .adv_w = 262, .box_w = 14, .box_h = 23, .ofs_x = 1, .ofs_y = 0},
    {.bitmap_index = 14856, .adv_w = 262, .box_w = 14, .box_h = 22, .ofs_x = 1, .ofs_y = 0},
    {.bitmap_index = 15010, .adv_w = 220, .box_w = 15, .box_h = 23, .ofs_x = -1, .ofs_y = 0},
    {.bitmap_index = 15183, .adv_w = 225, .box_w = 13, .box_h = 16, .ofs_x = 1, .ofs_y = 0},
    {.bitmap_index = 15287, .adv_w = 218, .box_w = 12, .box_h = 16, .ofs_x = 1, .ofs_y = 0},
    {.bitmap_index = 15383, .adv_w = 191, .box_w = 11, .box_h = 19, .ofs_x = 0, .ofs_y = 0},
    {.bitmap_index = 15488, .adv_w = 191, .box_w = 11, .box_h = 19, .ofs_x = 0, .ofs_y = 0},
    {.bitmap_index = 15593, .adv_w = 191, .box_w = 11, .box_h = 18, .ofs_x = 0, .ofs_y = 0},
    {.bitmap_index = 15692, .adv_w = 191, .box_w = 11, .box_h = 16, .ofs_x = 0, .ofs_y = 0},
    {.bitmap_index = 15780, .adv_w = 191, .box_w = 11, .box_h = 16, .ofs_x = 0, .ofs_y = 0},
    {.bitmap_index = 15868, .adv_w = 191, .box_w = 11, .box_h = 19, .ofs_x = 0, .ofs_y = 0},
    {.bitmap_index = 15973, .adv_w = 299, .box_w = 19, .box_h = 12, .ofs_x = 0, .ofs_y = 0},
    {.bitmap_index = 16087, .adv_w = 196, .box_w = 12, .box_h = 17, .ofs_x = 0, .ofs_y = -5},
    {.bitmap_index = 16189, .adv_w = 207, .box_w = 13, .box_h = 19, .ofs_x = 0, .ofs_y = 0},
    {.bitmap_index = 16313, .adv_w = 207, .box_w = 13, .box_h = 19, .ofs_x = 0, .ofs_y = 0},
    {.bitmap_index = 16437, .adv_w = 207, .box_w = 13, .box_h = 18, .ofs_x = 0, .ofs_y = 0},
    {.bitmap_index = 16554, .adv_w = 207, .box_w = 13, .box_h = 16, .ofs_x = 0, .ofs_y = 0},
    {.bitmap_index = 16658, .adv_w = 92, .box_w = 6, .box_h = 19, .ofs_x = -1, .ofs_y = 0},
    {.bitmap_index = 16715, .adv_w = 92, .box_w = 6, .box_h = 19, .ofs_x = 1, .ofs_y = 0},
    {.bitmap_index = 16772, .adv_w = 92, .box_w = 8, .box_h = 19, .ofs_x = -1, .ofs_y = 0},
    {.bitmap_index = 16848, .adv_w = 92, .box_w = 8, .box_h = 16, .ofs_x = -1, .ofs_y = 0},
    {.bitmap_index = 16912, .adv_w = 214, .box_w = 13, .box_h = 18, .ofs_x = 0, .ofs_y = 0},
    {.bitmap_index = 17029, .adv_w = 212, .box_w = 11, .box_h = 16, .ofs_x = 1, .ofs_y = 0},
    {.bitmap_index = 17117, .adv_w = 218, .box_w = 13, .box_h = 19, .ofs_x = 0, .ofs_y = 0},
    {.bitmap_index = 17241, .adv_w = 218, .box_w = 13, .box_h = 19, .ofs_x = 0, .ofs_y = 0},
    {.bitmap_index = 17365, .adv_w = 218, .box_w = 13, .box_h = 18, .ofs_x = 0, .ofs_y = 0},
    {.bitmap_index = 17482, .adv_w = 218, .box_w = 13, .box_h = 16, .ofs_x = 0, .ofs_y = 0},
    {.bitmap_index = 17586, .adv_w = 218, .box_w = 13, .box_h = 16, .ofs_x = 0, .ofs_y = 0},
    {.bitmap_index = 17690, .adv_w = 257, .box_w = 13, .box_h = 13, .ofs_x = 2, .ofs_y = 2},
    {.bitmap_index = 17775, .adv_w = 224, .box_w = 14, .box_h = 14, .ofs_x = 0, .ofs_y = -1},
    {.bitmap_index = 17873, .adv_w = 212, .box_w = 11, .box_h = 19, .ofs_x = 1, .ofs_y = 0},
    {.bitmap_index = 17978, .adv_w = 212, .box_w = 11, .box_h = 19, .ofs_x = 1, .ofs_y = 0},
    {.bitmap_index = 18083, .adv_w = 212, .box_w = 11, .box_h = 18, .ofs_x = 1, .ofs_y = 0},
    {.bitmap_index = 18182, .adv_w = 212, .box_w = 11, .box_h = 16, .ofs_x = 1, .ofs_y = 0},
    {.bitmap_index = 18270, .adv_w = 199, .box_w = 13, .box_h = 24, .ofs_x = 0, .ofs_y = -5},
    {.bitmap_index = 18426, .adv_w = 219, .box_w = 12, .box_h = 21, .ofs_x = 1, .ofs_y = -5},
    {.bitmap_index = 18552, .adv_w = 199, .box_w = 13, .box_h = 21, .ofs_x = 0, .ofs_y = -5}
};

/*---------------------
 *  CHARACTER MAPPING
 *--------------------*/



/*Collect the unicode lists and glyph_id offsets*/
static const lv_font_fmt_txt_cmap_t cmaps[] =
{
    {
        .range_start = 32, .range_length = 95, .glyph_id_start = 1,
        .unicode_list = NULL, .glyph_id_ofs_list = NULL, .list_length = 0, .type = LV_FONT_FMT_TXT_CMAP_FORMAT0_TINY
    },
    {
        .range_start = 160, .range_length = 13, .glyph_id_start = 96,
        .unicode_list = NULL, .glyph_id_ofs_list = NULL, .list_length = 0, .type = LV_FONT_FMT_TXT_CMAP_FORMAT0_TINY
    },
    {
        .range_start = 174, .range_length = 82, .glyph_id_start = 109,
        .unicode_list = NULL, .glyph_id_ofs_list = NULL, .list_length = 0, .type = LV_FONT_FMT_TXT_CMAP_FORMAT0_TINY
    }
};



/*--------------------
 *  ALL CUSTOM DATA
 *--------------------*/

#if LVGL_VERSION_MAJOR == 8
/*Store all the custom data of the font*/
static  lv_font_fmt_txt_glyph_cache_t cache;
#endif

#if LVGL_VERSION_MAJOR >= 8
static const lv_font_fmt_txt_dsc_t font_dsc = {
#else
static lv_font_fmt_txt_dsc_t font_dsc = {
#endif
    .glyph_bitmap = glyph_bitmap,
    .glyph_dsc = glyph_dsc,
    .cmaps = cmaps,
    .kern_dsc = NULL,
    .kern_scale = 0,
    .cmap_num = 3,
    .bpp = 4,
    .kern_classes = 0,
    .bitmap_format = 0,
#if LVGL_VERSION_MAJOR == 8
    .cache = &cache
#endif

};



/*-----------------
 *  PUBLIC FONT
 *----------------*/

/*Initialize a public general font descriptor*/
#if LVGL_VERSION_MAJOR >= 8
const lv_font_t font_medium_24_data = {
#else
lv_font_t font_medium_24_data = {
#endif
    .get_glyph_dsc = lv_font_get_glyph_dsc_fmt_txt,    /*Function pointer to get glyph's data*/
    .get_glyph_bitmap = lv_font_get_bitmap_fmt_txt,    /*Function pointer to get glyph's bitmap*/
    .line_height = 28,          /*The maximum line height required by the font*/
    .base_line = 5,             /*Baseline measured from the bottom of the line*/
#if LV_VERSION_CHECK(9, 6, 0) || LVGL_VERSION_MAJOR >= 10
    .cap_height = 16,           /*Cap height of the font*/
    .x_height = 12,               /*x-height of the font*/
#endif
#if !(LVGL_VERSION_MAJOR == 6 && LVGL_VERSION_MINOR == 0)
    .subpx = LV_FONT_SUBPX_NONE,
#endif
#if LV_VERSION_CHECK(7, 4, 0) || LVGL_VERSION_MAJOR >= 8
    .underline_position = -5,
    .underline_thickness = 2,
#endif

#if LV_VERSION_CHECK(9, 3, 0)
    .static_bitmap = 1,    /*Bitmaps are stored as const so they are always static if not compressed */
#endif

    .dsc = &font_dsc,          /*The custom font data. Will be accessed by `get_glyph_bitmap/dsc` */
#if LV_VERSION_CHECK(8, 2, 0) || LVGL_VERSION_MAJOR >= 9
    .fallback = NULL,
#endif
    .user_data = NULL,
};



#endif /*#if FONT_MEDIUM_24_DATA*/
