/*******************************************************************************
 * Size: 26 px
 * Bpp: 4
 * Opts: --font /fonts/Gabarito-SemiBold.ttf -o /fonts/font_semibold_26_data.c --size 26 --bpp 4 --format lvgl --no-compress --range 0x20-0x7F, 0xA0-0xFF
 ******************************************************************************/

#ifdef __has_include
    #if __has_include("lvgl.h")
        #ifndef LV_LVGL_H_INCLUDE_SIMPLE
            #define LV_LVGL_H_INCLUDE_SIMPLE
        #endif
    #endif
#endif

#ifdef LV_LVGL_H_INCLUDE_SIMPLE
    #include "lvgl.h"
#else
    #include "lvgl/lvgl.h"
#endif



#ifndef FONT_SEMIBOLD_26_DATA
#define FONT_SEMIBOLD_26_DATA 1
#endif

#if FONT_SEMIBOLD_26_DATA

/*-----------------
 *    BITMAPS
 *----------------*/

/*Store the image of the glyphs*/
static LV_ATTRIBUTE_LARGE_CONST const uint8_t glyph_bitmap[] = {
    /* U+0020 " " */

    /* U+0021 "!" */
    0x3c, 0xcc, 0x80, 0x3f, 0xff, 0xa0, 0x3f, 0xff,
    0xa0, 0x2f, 0xff, 0x90, 0x2f, 0xff, 0x90, 0x1f,
    0xff, 0x80, 0x1f, 0xff, 0x80, 0x0f, 0xff, 0x70,
    0x0f, 0xff, 0x70, 0x0f, 0xff, 0x60, 0x0e, 0xff,
    0x50, 0x0c, 0xff, 0x40, 0x0b, 0xff, 0x20, 0x00,
    0x00, 0x00, 0x02, 0x86, 0x00, 0x2f, 0xff, 0xa0,
    0x8f, 0xff, 0xf0, 0x6f, 0xff, 0xd0, 0x09, 0xfd,
    0x30,

    /* U+0022 "\"" */
    0x5f, 0xff, 0x0c, 0xff, 0x95, 0xff, 0xf0, 0xcf,
    0xf9, 0x5f, 0xff, 0x0c, 0xff, 0x95, 0xff, 0xf0,
    0xbf, 0xf9, 0x2f, 0xff, 0x09, 0xff, 0x90, 0xff,
    0xf0, 0x6f, 0xf9, 0x0c, 0xff, 0x02, 0xff, 0x90,
    0x8e, 0xe0, 0x0e, 0xe8,

    /* U+0023 "#" */
    0x00, 0x00, 0x03, 0xff, 0xa0, 0x06, 0xff, 0x80,
    0x00, 0x00, 0x00, 0x5f, 0xf8, 0x00, 0x8f, 0xf5,
    0x00, 0x00, 0x00, 0x08, 0xff, 0x50, 0x0b, 0xff,
    0x20, 0x00, 0x00, 0x00, 0xbf, 0xf2, 0x00, 0xef,
    0xf0, 0x00, 0x00, 0x8a, 0xaf, 0xff, 0xaa, 0xbf,
    0xff, 0xaa, 0x60, 0x0d, 0xff, 0xff, 0xff, 0xff,
    0xff, 0xff, 0xfa, 0x00, 0xdf, 0xff, 0xff, 0xff,
    0xff, 0xff, 0xff, 0xa0, 0x00, 0x07, 0xff, 0x60,
    0x0a, 0xff, 0x30, 0x00, 0x00, 0x00, 0xaf, 0xf3,
    0x00, 0xdf, 0xf0, 0x00, 0x00, 0x00, 0x0d, 0xff,
    0x00, 0x0f, 0xfd, 0x00, 0x00, 0x00, 0x00, 0xff,
    0xd0, 0x03, 0xff, 0xa0, 0x00, 0x01, 0xff, 0xff,
    0xff, 0xff, 0xff, 0xff, 0xff, 0x60, 0x1f, 0xff,
    0xff, 0xff, 0xff, 0xff, 0xff, 0xf6, 0x00, 0xaa,
    0xff, 0xfe, 0xaa, 0xff, 0xfb, 0xaa, 0x40, 0x00,
    0x0c, 0xff, 0x10, 0x0f, 0xfe, 0x00, 0x00, 0x00,
    0x00, 0xff, 0xe0, 0x02, 0xff, 0xb0, 0x00, 0x00,
    0x00, 0x2f, 0xfb, 0x00, 0x5f, 0xf8, 0x00, 0x00,
    0x00, 0x05, 0xff, 0x80, 0x08, 0xff, 0x50, 0x00,
    0x00,

    /* U+0024 "$" */
    0x00, 0x00, 0x06, 0xff, 0x80, 0x00, 0x00, 0x00,
    0x00, 0x06, 0xff, 0x80, 0x00, 0x00, 0x00, 0x00,
    0x3e, 0xff, 0xf6, 0x00, 0x00, 0x00, 0x0a, 0xff,
    0xff, 0xff, 0xf5, 0x00, 0x00, 0xaf, 0xff, 0xff,
    0xff, 0xff, 0x60, 0x03, 0xff, 0xfe, 0x99, 0xcf,
    0xff, 0xb0, 0x08, 0xff, 0xe1, 0x00, 0x05, 0xf7,
    0x00, 0x09, 0xff, 0xd0, 0x00, 0x00, 0x10, 0x00,
    0x07, 0xff, 0xf7, 0x00, 0x00, 0x00, 0x00, 0x02,
    0xff, 0xff, 0xea, 0x51, 0x00, 0x00, 0x00, 0x7f,
    0xff, 0xff, 0xff, 0x91, 0x00, 0x00, 0x05, 0xdf,
    0xff, 0xff, 0xfe, 0x20, 0x00, 0x00, 0x02, 0x7b,
    0xff, 0xff, 0xd0, 0x00, 0x00, 0x00, 0x00, 0x2d,
    0xff, 0xf2, 0x00, 0x05, 0x00, 0x00, 0x04, 0xff,
    0xf4, 0x04, 0xdf, 0x60, 0x00, 0x05, 0xff, 0xf3,
    0x0e, 0xff, 0xfa, 0x53, 0x6e, 0xff, 0xe0, 0x04,
    0xff, 0xff, 0xff, 0xff, 0xff, 0x60, 0x00, 0x6f,
    0xff, 0xff, 0xff, 0xf7, 0x00, 0x00, 0x02, 0x8f,
    0xff, 0xf9, 0x20, 0x00, 0x00, 0x00, 0x06, 0xff,
    0x80, 0x00, 0x00, 0x00, 0x00, 0x06, 0xff, 0x80,
    0x00, 0x00, 0x00, 0x00, 0x06, 0xff, 0x80, 0x00,
    0x00,

    /* U+0025 "%" */
    0x00, 0x4c, 0xfe, 0x91, 0x00, 0x00, 0x00, 0x07,
    0x60, 0x00, 0x06, 0xff, 0xff, 0xfd, 0x10, 0x00,
    0x00, 0x5f, 0xf8, 0x00, 0x1f, 0xff, 0xad, 0xff,
    0x90, 0x00, 0x04, 0xff, 0xf3, 0x00, 0x5f, 0xf7,
    0x00, 0xdf, 0xf0, 0x00, 0x2e, 0xff, 0x50, 0x00,
    0x6f, 0xf5, 0x00, 0xbf, 0xf0, 0x01, 0xdf, 0xf7,
    0x00, 0x00, 0x4f, 0xfb, 0x13, 0xff, 0xd0, 0x0c,
    0xff, 0x90, 0x00, 0x00, 0x0d, 0xff, 0xff, 0xff,
    0x60, 0xaf, 0xfb, 0x00, 0x00, 0x00, 0x02, 0xdf,
    0xff, 0xf9, 0x08, 0xff, 0xd0, 0x00, 0x00, 0x00,
    0x00, 0x06, 0x98, 0x30, 0x6f, 0xfe, 0x10, 0x00,
    0x00, 0x00, 0x00, 0x00, 0x00, 0x04, 0xff, 0xf3,
    0x05, 0x88, 0x40, 0x00, 0x00, 0x00, 0x00, 0x3f,
    0xff, 0x51, 0xcf, 0xff, 0xfb, 0x00, 0x00, 0x00,
    0x01, 0xef, 0xf7, 0x0b, 0xff, 0xff, 0xff, 0x90,
    0x00, 0x00, 0x0d, 0xff, 0x90, 0x1f, 0xfd, 0x12,
    0xef, 0xf0, 0x00, 0x00, 0xbf, 0xfb, 0x00, 0x4f,
    0xf7, 0x00, 0x9f, 0xf2, 0x00, 0x09, 0xff, 0xd0,
    0x00, 0x3f, 0xf9, 0x00, 0xbf, 0xf1, 0x00, 0x7f,
    0xfe, 0x10, 0x00, 0x0e, 0xff, 0xbc, 0xff, 0xc0,
    0x01, 0xef, 0xf3, 0x00, 0x00, 0x04, 0xff, 0xff,
    0xff, 0x20, 0x00, 0x1c, 0x40, 0x00, 0x00, 0x00,
    0x3b, 0xfe, 0xa2, 0x00, 0x00, 0x00, 0x00, 0x00,
    0x00, 0x00, 0x00, 0x00, 0x00, 0x00,

    /* U+0026 "&" */
    0x00, 0x02, 0x9d, 0xfe, 0xb4, 0x00, 0x00, 0x00,
    0x00, 0x4f, 0xff, 0xff, 0xff, 0xa0, 0x00, 0x00,
    0x01, 0xef, 0xff, 0xff, 0xff, 0xf4, 0x00, 0x00,
    0x08, 0xff, 0xfb, 0x67, 0xef, 0x60, 0x00, 0x00,
    0x0c, 0xff, 0xd0, 0x00, 0x14, 0x00, 0x00, 0x00,
    0x0d, 0xff, 0x90, 0x00, 0x00, 0x00, 0x00, 0x00,
    0x0a, 0xff, 0xd0, 0x00, 0x00, 0x00, 0x00, 0x00,
    0x05, 0xff, 0xfa, 0x31, 0x11, 0x11, 0x11, 0x10,
    0x00, 0xaf, 0xff, 0xff, 0xff, 0xff, 0xff, 0xf4,
    0x00, 0x5f, 0xff, 0xff, 0xff, 0xff, 0xff, 0xf4,
    0x07, 0xff, 0xff, 0xff, 0xff, 0xff, 0xff, 0xf4,
    0x2f, 0xff, 0xb2, 0x00, 0x08, 0xff, 0xe0, 0x00,
    0x8f, 0xfe, 0x00, 0x00, 0x08, 0xff, 0xe0, 0x00,
    0xaf, 0xfc, 0x00, 0x00, 0x0a, 0xff, 0xc0, 0x00,
    0x9f, 0xff, 0x20, 0x00, 0x1f, 0xff, 0xa0, 0x00,
    0x4f, 0xff, 0xe8, 0x68, 0xef, 0xff, 0x50, 0x00,
    0x0c, 0xff, 0xff, 0xff, 0xff, 0xfc, 0x00, 0x00,
    0x01, 0xcf, 0xff, 0xff, 0xff, 0xc1, 0x00, 0x00,
    0x00, 0x06, 0xbe, 0xfe, 0xb6, 0x00, 0x00, 0x00,

    /* U+0027 "'" */
    0x5f, 0xff, 0x05, 0xff, 0xf0, 0x5f, 0xff, 0x05,
    0xff, 0xf0, 0x2f, 0xff, 0x00, 0xff, 0xf0, 0x0c,
    0xff, 0x00, 0x8e, 0xe0,

    /* U+0028 "(" */
    0x00, 0x00, 0x08, 0x10, 0x00, 0x00, 0x9f, 0xd2,
    0x00, 0x06, 0xff, 0xfa, 0x00, 0x2f, 0xff, 0xd1,
    0x00, 0xbf, 0xff, 0x20, 0x03, 0xff, 0xf8, 0x00,
    0x09, 0xff, 0xe0, 0x00, 0x0f, 0xff, 0x80, 0x00,
    0x3f, 0xff, 0x30, 0x00, 0x6f, 0xff, 0x00, 0x00,
    0x8f, 0xfc, 0x00, 0x00, 0x9f, 0xfb, 0x00, 0x00,
    0xaf, 0xfa, 0x00, 0x00, 0x9f, 0xfb, 0x00, 0x00,
    0x8f, 0xfc, 0x00, 0x00, 0x6f, 0xff, 0x00, 0x00,
    0x3f, 0xff, 0x30, 0x00, 0x0f, 0xff, 0x80, 0x00,
    0x09, 0xff, 0xe0, 0x00, 0x03, 0xff, 0xf8, 0x00,
    0x00, 0xaf, 0xff, 0x20, 0x00, 0x2f, 0xff, 0xe1,
    0x00, 0x06, 0xff, 0xfa, 0x00, 0x00, 0x9f, 0xd2,
    0x00, 0x00, 0x07, 0x10,

    /* U+0029 ")" */
    0x00, 0x80, 0x00, 0x00, 0x1c, 0xfb, 0x00, 0x00,
    0x8f, 0xff, 0x80, 0x00, 0x0c, 0xff, 0xf4, 0x00,
    0x01, 0xef, 0xfd, 0x00, 0x00, 0x6f, 0xff, 0x50,
    0x00, 0x0d, 0xff, 0xb0, 0x00, 0x06, 0xff, 0xf1,
    0x00, 0x01, 0xff, 0xf5, 0x00, 0x00, 0xdf, 0xf8,
    0x00, 0x00, 0xaf, 0xfa, 0x00, 0x00, 0x9f, 0xfb,
    0x00, 0x00, 0x8f, 0xfc, 0x00, 0x00, 0x9f, 0xfb,
    0x00, 0x00, 0xaf, 0xfa, 0x00, 0x00, 0xdf, 0xf8,
    0x00, 0x01, 0xff, 0xf5, 0x00, 0x06, 0xff, 0xf1,
    0x00, 0x0d, 0xff, 0xb0, 0x00, 0x7f, 0xff, 0x50,
    0x01, 0xef, 0xfc, 0x00, 0x0c, 0xff, 0xf3, 0x00,
    0x8f, 0xff, 0x80, 0x00, 0x1c, 0xfa, 0x00, 0x00,
    0x00, 0x80, 0x00, 0x00,

    /* U+002A "*" */
    0x00, 0x06, 0x70, 0x09, 0x20, 0x00, 0x0a, 0xff,
    0x16, 0xff, 0x40, 0x00, 0x2f, 0xf8, 0xdf, 0xb0,
    0x00, 0x31, 0x5f, 0xff, 0xe2, 0x22, 0x2f, 0xff,
    0xff, 0xff, 0xff, 0xb2, 0xff, 0xff, 0xff, 0xff,
    0xfb, 0x02, 0x05, 0xff, 0xfe, 0x11, 0x20, 0x02,
    0xef, 0x8d, 0xfb, 0x00, 0x00, 0x9f, 0xf1, 0x6f,
    0xf4, 0x00, 0x00, 0x57, 0x00, 0x92, 0x00,

    /* U+002B "+" */
    0x00, 0x00, 0x0f, 0xff, 0x40, 0x00, 0x00, 0x00,
    0x00, 0xff, 0xf4, 0x00, 0x00, 0x00, 0x00, 0x0f,
    0xff, 0x40, 0x00, 0x00, 0x00, 0x00, 0xff, 0xf4,
    0x00, 0x00, 0x13, 0x33, 0x3f, 0xff, 0x73, 0x33,
    0x38, 0xff, 0xff, 0xff, 0xff, 0xff, 0xff, 0x8f,
    0xff, 0xff, 0xff, 0xff, 0xff, 0xf8, 0xff, 0xff,
    0xff, 0xff, 0xff, 0xff, 0x00, 0x00, 0x0f, 0xff,
    0x40, 0x00, 0x00, 0x00, 0x00, 0xff, 0xf4, 0x00,
    0x00, 0x00, 0x00, 0x0f, 0xff, 0x40, 0x00, 0x00,
    0x00, 0x00, 0xff, 0xf4, 0x00, 0x00, 0x00, 0x00,
    0x08, 0x88, 0x20, 0x00, 0x00,

    /* U+002C "," */
    0x01, 0xbf, 0xc3, 0x00, 0xbf, 0xff, 0xe0, 0x03,
    0xef, 0xff, 0x30, 0x05, 0xff, 0xf3, 0x00, 0x4f,
    0xff, 0x00, 0x08, 0xff, 0x90, 0x02, 0xff, 0xe1,
    0x00, 0xcf, 0xf3, 0x00, 0x02, 0xb2, 0x00, 0x00,

    /* U+002D "-" */
    0x02, 0x22, 0x22, 0x22, 0x13, 0xff, 0xff, 0xff,
    0xfd, 0x3f, 0xff, 0xff, 0xff, 0xd3, 0xff, 0xff,
    0xff, 0xfd,

    /* U+002E "." */
    0x08, 0xda, 0x10, 0x8f, 0xff, 0xc0, 0xdf, 0xff,
    0xf0, 0xaf, 0xff, 0xd0, 0x0b, 0xfc, 0x20,

    /* U+002F "/" */
    0x00, 0x00, 0x00, 0x00, 0x00, 0x00, 0x00, 0x00,
    0x00, 0x00, 0x00, 0x00, 0x8d, 0x50, 0x00, 0x00,
    0x00, 0x00, 0x01, 0xff, 0xf6, 0x00, 0x00, 0x00,
    0x00, 0x08, 0xff, 0xe0, 0x00, 0x00, 0x00, 0x00,
    0x0f, 0xff, 0x60, 0x00, 0x00, 0x00, 0x00, 0x7f,
    0xfe, 0x00, 0x00, 0x00, 0x00, 0x00, 0xef, 0xf7,
    0x00, 0x00, 0x00, 0x00, 0x07, 0xff, 0xe0, 0x00,
    0x00, 0x00, 0x00, 0x0e, 0xff, 0x70, 0x00, 0x00,
    0x00, 0x00, 0x6f, 0xfe, 0x00, 0x00, 0x00, 0x00,
    0x00, 0xef, 0xf7, 0x00, 0x00, 0x00, 0x00, 0x06,
    0xff, 0xf1, 0x00, 0x00, 0x00, 0x00, 0x0e, 0xff,
    0x80, 0x00, 0x00, 0x00, 0x00, 0x6f, 0xff, 0x10,
    0x00, 0x00, 0x00, 0x00, 0xdf, 0xf8, 0x00, 0x00,
    0x00, 0x00, 0x05, 0xff, 0xf1, 0x00, 0x00, 0x00,
    0x00, 0x0d, 0xff, 0x90, 0x00, 0x00, 0x00, 0x00,
    0x5f, 0xff, 0x10, 0x00, 0x00, 0x00, 0x00, 0xcf,
    0xf9, 0x00, 0x00, 0x00, 0x00, 0x04, 0xff, 0xf2,
    0x00, 0x00, 0x00, 0x00, 0x0c, 0xff, 0x90, 0x00,
    0x00, 0x00, 0x00, 0x05, 0xdf, 0x20, 0x00, 0x00,
    0x00, 0x00, 0x00, 0x03, 0x00, 0x00, 0x00, 0x00,
    0x00,

    /* U+0030 "0" */
    0x00, 0x00, 0x4b, 0xef, 0xd8, 0x00, 0x00, 0x00,
    0x08, 0xff, 0xff, 0xff, 0xd1, 0x00, 0x00, 0x6f,
    0xff, 0xff, 0xff, 0xfd, 0x00, 0x00, 0xef, 0xff,
    0x86, 0xcf, 0xff, 0x60, 0x06, 0xff, 0xf5, 0x00,
    0x0e, 0xff, 0xd0, 0x0b, 0xff, 0xd0, 0x00, 0x07,
    0xff, 0xf1, 0x0e, 0xff, 0x80, 0x00, 0x02, 0xff,
    0xf5, 0x0f, 0xff, 0x60, 0x00, 0x00, 0xff, 0xf6,
    0x1f, 0xff, 0x50, 0x00, 0x00, 0xef, 0xf8, 0x1f,
    0xff, 0x50, 0x00, 0x00, 0xef, 0xf8, 0x0f, 0xff,
    0x60, 0x00, 0x00, 0xff, 0xf6, 0x0e, 0xff, 0x80,
    0x00, 0x02, 0xff, 0xf5, 0x0b, 0xff, 0xc0, 0x00,
    0x06, 0xff, 0xf1, 0x06, 0xff, 0xf3, 0x00, 0x0d,
    0xff, 0xd0, 0x00, 0xef, 0xff, 0x76, 0xcf, 0xff,
    0x60, 0x00, 0x6f, 0xff, 0xff, 0xff, 0xfd, 0x00,
    0x00, 0x08, 0xff, 0xff, 0xff, 0xd1, 0x00, 0x00,
    0x00, 0x4b, 0xff, 0xd8, 0x00, 0x00,

    /* U+0031 "1" */
    0x00, 0x00, 0x5f, 0xf6, 0x00, 0x02, 0xef, 0xf6,
    0x04, 0x8f, 0xff, 0xf6, 0x4f, 0xff, 0xff, 0xf6,
    0x4f, 0xff, 0xff, 0xf6, 0x3f, 0xc8, 0xff, 0xf6,
    0x00, 0x00, 0xff, 0xf6, 0x00, 0x00, 0xff, 0xf6,
    0x00, 0x00, 0xff, 0xf6, 0x00, 0x00, 0xff, 0xf6,
    0x00, 0x00, 0xff, 0xf6, 0x00, 0x00, 0xff, 0xf6,
    0x00, 0x00, 0xff, 0xf6, 0x00, 0x00, 0xff, 0xf6,
    0x00, 0x00, 0xff, 0xf6, 0x00, 0x00, 0xff, 0xf6,
    0x00, 0x00, 0xff, 0xf6, 0x00, 0x00, 0xff, 0xf6,

    /* U+0032 "2" */
    0x00, 0x01, 0x8d, 0xfe, 0xb5, 0x00, 0x00, 0x04,
    0xff, 0xff, 0xff, 0xfa, 0x00, 0x04, 0xff, 0xff,
    0xff, 0xff, 0xf6, 0x01, 0xef, 0xff, 0x95, 0x8f,
    0xff, 0xc0, 0x07, 0xff, 0x40, 0x00, 0x8f, 0xff,
    0x00, 0x03, 0x50, 0x00, 0x06, 0xff, 0xf0, 0x00,
    0x00, 0x00, 0x00, 0x9f, 0xfd, 0x00, 0x00, 0x00,
    0x00, 0x2f, 0xff, 0x80, 0x00, 0x00, 0x00, 0x0c,
    0xff, 0xf1, 0x00, 0x00, 0x00, 0x0a, 0xff, 0xf6,
    0x00, 0x00, 0x00, 0x09, 0xff, 0xfa, 0x00, 0x00,
    0x00, 0x07, 0xff, 0xfc, 0x00, 0x00, 0x00, 0x06,
    0xff, 0xfd, 0x10, 0x00, 0x00, 0x05, 0xff, 0xfe,
    0x10, 0x00, 0x00, 0x03, 0xff, 0xff, 0x64, 0x44,
    0x44, 0x10, 0xdf, 0xff, 0xff, 0xff, 0xff, 0xf4,
    0x0d, 0xff, 0xff, 0xff, 0xff, 0xff, 0x40, 0xdf,
    0xff, 0xff, 0xff, 0xff, 0xf4,

    /* U+0033 "3" */
    0x00, 0x03, 0xad, 0xfe, 0xc6, 0x00, 0x00, 0x09,
    0xff, 0xff, 0xff, 0xfc, 0x00, 0x0a, 0xff, 0xff,
    0xff, 0xff, 0xf8, 0x00, 0x8f, 0xfc, 0x65, 0x8f,
    0xff, 0xe0, 0x00, 0x78, 0x00, 0x00, 0x8f, 0xff,
    0x00, 0x00, 0x00, 0x00, 0x08, 0xff, 0xd0, 0x00,
    0x00, 0x00, 0x16, 0xff, 0xf7, 0x00, 0x00, 0x0a,
    0xff, 0xff, 0xfa, 0x00, 0x00, 0x00, 0xaf, 0xff,
    0xff, 0x80, 0x00, 0x00, 0x09, 0xef, 0xff, 0xff,
    0xb0, 0x00, 0x00, 0x00, 0x02, 0xaf, 0xff, 0x40,
    0x00, 0x00, 0x00, 0x00, 0xdf, 0xf9, 0x00, 0x00,
    0x00, 0x00, 0x0b, 0xff, 0xb0, 0x0c, 0x60, 0x00,
    0x01, 0xff, 0xf9, 0x1c, 0xff, 0xc6, 0x57, 0xef,
    0xff, 0x51, 0xdf, 0xff, 0xff, 0xff, 0xff, 0xd0,
    0x01, 0xcf, 0xff, 0xff, 0xff, 0xd2, 0x00, 0x00,
    0x5a, 0xef, 0xec, 0x70, 0x00,

    /* U+0034 "4" */
    0x00, 0x00, 0x1f, 0xff, 0x50, 0x00, 0x00, 0x00,
    0x00, 0x06, 0xff, 0xf0, 0x00, 0x00, 0x00, 0x00,
    0x00, 0xcf, 0xfa, 0x00, 0x00, 0x00, 0x00, 0x00,
    0x1f, 0xff, 0x50, 0x00, 0x00, 0x00, 0x00, 0x07,
    0xff, 0xf0, 0x00, 0x00, 0x00, 0x00, 0x00, 0xdf,
    0xf9, 0x00, 0x00, 0x00, 0x00, 0x00, 0x2f, 0xff,
    0x40, 0x05, 0xcb, 0x00, 0x00, 0x08, 0xff, 0xe0,
    0x00, 0xbf, 0xf0, 0x00, 0x00, 0xdf, 0xf9, 0x00,
    0x1f, 0xff, 0x00, 0x00, 0x3f, 0xff, 0x30, 0x06,
    0xff, 0xf0, 0x00, 0x09, 0xff, 0xf5, 0x55, 0xff,
    0xff, 0x55, 0x10, 0xef, 0xff, 0xff, 0xff, 0xff,
    0xff, 0xf5, 0x1f, 0xff, 0xff, 0xff, 0xff, 0xff,
    0xff, 0x51, 0xff, 0xff, 0xff, 0xff, 0xff, 0xff,
    0xf5, 0x00, 0x00, 0x00, 0x00, 0x8f, 0xff, 0x00,
    0x00, 0x00, 0x00, 0x00, 0x08, 0xff, 0xf0, 0x00,
    0x00, 0x00, 0x00, 0x00, 0x8f, 0xff, 0x00, 0x00,
    0x00, 0x00, 0x00, 0x08, 0xff, 0xf0, 0x00,

    /* U+0035 "5" */
    0x8f, 0xff, 0xff, 0xff, 0xff, 0xf0, 0x08, 0xff,
    0xff, 0xff, 0xff, 0xff, 0x00, 0x8f, 0xff, 0xff,
    0xff, 0xff, 0xf0, 0x08, 0xff, 0xf4, 0x44, 0x44,
    0x44, 0x00, 0x8f, 0xfb, 0x00, 0x00, 0x00, 0x00,
    0x08, 0xff, 0xb0, 0x00, 0x00, 0x00, 0x00, 0x8f,
    0xfc, 0x8d, 0xfe, 0xa3, 0x00, 0x08, 0xff, 0xff,
    0xff, 0xff, 0xf6, 0x00, 0x8f, 0xff, 0xff, 0xff,
    0xff, 0xf3, 0x08, 0xff, 0xf9, 0x56, 0xcf, 0xff,
    0xa0, 0x15, 0x95, 0x00, 0x00, 0xdf, 0xff, 0x00,
    0x00, 0x00, 0x00, 0x07, 0xff, 0xf1, 0x00, 0x00,
    0x00, 0x00, 0x7f, 0xff, 0x00, 0x09, 0x20, 0x00,
    0x0c, 0xff, 0xe0, 0x4e, 0xff, 0x84, 0x5c, 0xff,
    0xf9, 0x09, 0xff, 0xff, 0xff, 0xff, 0xfe, 0x10,
    0x08, 0xff, 0xff, 0xff, 0xfe, 0x30, 0x00, 0x03,
    0x9d, 0xff, 0xd8, 0x10, 0x00,

    /* U+0036 "6" */
    0x00, 0x00, 0x18, 0xcf, 0xfd, 0x93, 0x00, 0x00,
    0x03, 0xef, 0xff, 0xff, 0xff, 0xa0, 0x00, 0x3f,
    0xff, 0xff, 0xff, 0xff, 0xd0, 0x00, 0xcf, 0xff,
    0xb4, 0x35, 0xcf, 0x20, 0x05, 0xff, 0xfa, 0x00,
    0x00, 0x02, 0x00, 0x09, 0xff, 0xf1, 0x00, 0x00,
    0x00, 0x00, 0x0e, 0xff, 0xa0, 0x00, 0x20, 0x00,
    0x00, 0x0f, 0xff, 0x74, 0xcf, 0xff, 0xc4, 0x00,
    0x1f, 0xff, 0xcf, 0xff, 0xff, 0xff, 0x60, 0x2f,
    0xff, 0xff, 0xff, 0xff, 0xff, 0xf2, 0x1f, 0xff,
    0xfa, 0x20, 0x2a, 0xff, 0xf8, 0x0f, 0xff, 0xd0,
    0x00, 0x00, 0xdf, 0xfa, 0x0e, 0xff, 0xa0, 0x00,
    0x00, 0xbf, 0xfb, 0x09, 0xff, 0xe0, 0x00, 0x00,
    0xef, 0xf9, 0x03, 0xff, 0xfc, 0x53, 0x5c, 0xff,
    0xf4, 0x00, 0xaf, 0xff, 0xff, 0xff, 0xff, 0xb0,
    0x00, 0x0a, 0xff, 0xff, 0xff, 0xfc, 0x10, 0x00,
    0x00, 0x4b, 0xef, 0xec, 0x60, 0x00,

    /* U+0037 "7" */
    0x4f, 0xff, 0xff, 0xff, 0xff, 0xff, 0x44, 0xff,
    0xff, 0xff, 0xff, 0xff, 0xf4, 0x4f, 0xff, 0xff,
    0xff, 0xff, 0xff, 0x31, 0x44, 0x44, 0x44, 0x4e,
    0xff, 0xe0, 0x00, 0x00, 0x00, 0x01, 0xff, 0xf8,
    0x00, 0x00, 0x00, 0x00, 0x9f, 0xff, 0x10, 0x00,
    0x00, 0x00, 0x1f, 0xff, 0x90, 0x00, 0x00, 0x00,
    0x08, 0xff, 0xf2, 0x00, 0x00, 0x00, 0x00, 0xff,
    0xfa, 0x00, 0x00, 0x00, 0x00, 0x7f, 0xff, 0x30,
    0x00, 0x00, 0x00, 0x0e, 0xff, 0xb0, 0x00, 0x00,
    0x00, 0x06, 0xff, 0xf4, 0x00, 0x00, 0x00, 0x00,
    0xef, 0xfd, 0x00, 0x00, 0x00, 0x00, 0x6f, 0xff,
    0x50, 0x00, 0x00, 0x00, 0x0d, 0xff, 0xe0, 0x00,
    0x00, 0x00, 0x05, 0xff, 0xf7, 0x00, 0x00, 0x00,
    0x00, 0xcf, 0xfe, 0x00, 0x00, 0x00, 0x00, 0x4f,
    0xff, 0x80, 0x00, 0x00, 0x00,

    /* U+0038 "8" */
    0x00, 0x18, 0xdf, 0xfd, 0x92, 0x00, 0x00, 0x3e,
    0xff, 0xff, 0xff, 0xf4, 0x00, 0x0e, 0xff, 0xff,
    0xff, 0xff, 0xf1, 0x05, 0xff, 0xfb, 0x44, 0xaf,
    0xff, 0x70, 0x7f, 0xff, 0x00, 0x00, 0xdf, 0xf9,
    0x06, 0xff, 0xf0, 0x00, 0x0d, 0xff, 0x90, 0x2f,
    0xff, 0xb4, 0x39, 0xff, 0xf4, 0x00, 0x7f, 0xff,
    0xff, 0xff, 0xfa, 0x00, 0x00, 0xbf, 0xff, 0xff,
    0xfe, 0x00, 0x00, 0x8f, 0xff, 0xff, 0xff, 0xfa,
    0x00, 0x5f, 0xff, 0x71, 0x16, 0xff, 0xf7, 0x0c,
    0xff, 0xa0, 0x00, 0x08, 0xff, 0xe0, 0xff, 0xf8,
    0x00, 0x00, 0x6f, 0xff, 0x1e, 0xff, 0xc0, 0x00,
    0x0a, 0xff, 0xf0, 0xbf, 0xff, 0xb5, 0x5a, 0xff,
    0xfd, 0x03, 0xff, 0xff, 0xff, 0xff, 0xff, 0x50,
    0x06, 0xff, 0xff, 0xff, 0xff, 0x80, 0x00, 0x02,
    0x9d, 0xff, 0xd9, 0x30, 0x00,

    /* U+0039 "9" */
    0x00, 0x02, 0x9d, 0xfe, 0xc8, 0x10, 0x00, 0x00,
    0x6f, 0xff, 0xff, 0xff, 0xf4, 0x00, 0x04, 0xff,
    0xff, 0xff, 0xff, 0xff, 0x20, 0x0c, 0xff, 0xf8,
    0x33, 0x8f, 0xff, 0xb0, 0x1f, 0xff, 0x70, 0x00,
    0x06, 0xff, 0xf2, 0x3f, 0xff, 0x30, 0x00, 0x02,
    0xff, 0xf6, 0x2f, 0xff, 0x60, 0x00, 0x05, 0xff,
    0xf9, 0x0f, 0xff, 0xf5, 0x11, 0x5e, 0xff, 0xfa,
    0x09, 0xff, 0xff, 0xff, 0xff, 0xff, 0xfa, 0x01,
    0xdf, 0xff, 0xff, 0xfd, 0xff, 0xf9, 0x00, 0x09,
    0xff, 0xff, 0x81, 0xff, 0xf8, 0x00, 0x00, 0x01,
    0x10, 0x02, 0xff, 0xf6, 0x00, 0x00, 0x00, 0x00,
    0x08, 0xff, 0xf1, 0x00, 0x02, 0x00, 0x00, 0x3f,
    0xff, 0xc0, 0x00, 0xaf, 0x94, 0x37, 0xef, 0xff,
    0x40, 0x06, 0xff, 0xff, 0xff, 0xff, 0xfa, 0x00,
    0x04, 0xef, 0xff, 0xff, 0xff, 0x90, 0x00, 0x00,
    0x07, 0xce, 0xfe, 0xa4, 0x00, 0x00,

    /* U+003A ":" */
    0x0a, 0xfc, 0x10, 0xaf, 0xff, 0xd0, 0xdf, 0xff,
    0xf0, 0x9f, 0xff, 0xc0, 0x09, 0xda, 0x10, 0x00,
    0x00, 0x00, 0x00, 0x00, 0x00, 0x00, 0x00, 0x00,
    0x08, 0xda, 0x10, 0x8f, 0xff, 0xc0, 0xdf, 0xff,
    0xf0, 0xaf, 0xff, 0xd0, 0x0b, 0xfc, 0x20,

    /* U+003B ";" */
    0x00, 0xaf, 0xc2, 0x00, 0x9f, 0xff, 0xd0, 0x0c,
    0xff, 0xff, 0x00, 0x8f, 0xff, 0xc0, 0x00, 0x8d,
    0xb1, 0x00, 0x00, 0x00, 0x00, 0x00, 0x00, 0x00,
    0x00, 0x00, 0x00, 0x00, 0x00, 0x59, 0x60, 0x00,
    0x8f, 0xff, 0xa0, 0x07, 0xff, 0xff, 0x10, 0x08,
    0xff, 0xf3, 0x00, 0x4f, 0xff, 0x10, 0x06, 0xff,
    0xb0, 0x00, 0xdf, 0xf4, 0x00, 0x9f, 0xf8, 0x00,
    0x07, 0xf7, 0x00, 0x00, 0x02, 0x00, 0x00,

    /* U+003C "<" */
    0x00, 0x00, 0x00, 0x00, 0x19, 0x10, 0x00, 0x00,
    0x00, 0x05, 0xef, 0x90, 0x00, 0x00, 0x02, 0xbf,
    0xff, 0xf2, 0x00, 0x00, 0x8f, 0xff, 0xfe, 0x40,
    0x00, 0x4d, 0xff, 0xff, 0x80, 0x00, 0x1a, 0xff,
    0xff, 0xc2, 0x00, 0x00, 0xef, 0xff, 0xe5, 0x00,
    0x00, 0x00, 0xff, 0xff, 0xa1, 0x00, 0x00, 0x00,
    0x6f, 0xff, 0xfe, 0x50, 0x00, 0x00, 0x01, 0xaf,
    0xff, 0xfc, 0x20, 0x00, 0x00, 0x04, 0xdf, 0xff,
    0xf8, 0x00, 0x00, 0x00, 0x08, 0xff, 0xff, 0xd2,
    0x00, 0x00, 0x00, 0x2c, 0xff, 0xd0, 0x00, 0x00,
    0x00, 0x00, 0x6e, 0x30, 0x00, 0x00, 0x00, 0x00,
    0x00, 0x00,

    /* U+003D "=" */
    0x00, 0x00, 0x00, 0x00, 0x00, 0x00, 0x03, 0xff,
    0xff, 0xff, 0xff, 0xff, 0xfa, 0x3f, 0xff, 0xff,
    0xff, 0xff, 0xff, 0xa3, 0xff, 0xff, 0xff, 0xff,
    0xff, 0xfa, 0x00, 0x00, 0x00, 0x00, 0x00, 0x00,
    0x00, 0x00, 0x00, 0x00, 0x00, 0x00, 0x00, 0x3f,
    0xff, 0xff, 0xff, 0xff, 0xff, 0xa3, 0xff, 0xff,
    0xff, 0xff, 0xff, 0xfa, 0x3f, 0xff, 0xff, 0xff,
    0xff, 0xff, 0xa0,

    /* U+003E ">" */
    0x06, 0x10, 0x00, 0x00, 0x00, 0x00, 0x3f, 0xf7,
    0x00, 0x00, 0x00, 0x00, 0xbf, 0xff, 0xd4, 0x00,
    0x00, 0x00, 0x1a, 0xff, 0xff, 0xa1, 0x00, 0x00,
    0x00, 0x4d, 0xff, 0xff, 0x60, 0x00, 0x00, 0x00,
    0x7f, 0xff, 0xfc, 0x30, 0x00, 0x00, 0x02, 0xbf,
    0xff, 0xf5, 0x00, 0x00, 0x00, 0x3f, 0xff, 0xf6,
    0x00, 0x00, 0x09, 0xff, 0xff, 0xb1, 0x00, 0x05,
    0xef, 0xff, 0xe5, 0x00, 0x02, 0xbf, 0xff, 0xf8,
    0x00, 0x00, 0x7f, 0xff, 0xfb, 0x20, 0x00, 0x00,
    0x8f, 0xfe, 0x50, 0x00, 0x00, 0x00, 0x0d, 0x90,
    0x00, 0x00, 0x00, 0x00, 0x00, 0x00, 0x00, 0x00,
    0x00, 0x00,

    /* U+003F "?" */
    0x00, 0x01, 0x7c, 0xef, 0xd8, 0x10, 0x00, 0x04,
    0xef, 0xff, 0xff, 0xfe, 0x40, 0x06, 0xff, 0xff,
    0xff, 0xff, 0xff, 0x10, 0xef, 0xff, 0xb6, 0x6c,
    0xff, 0xf8, 0x03, 0xff, 0x50, 0x00, 0x0d, 0xff,
    0xd0, 0x05, 0x30, 0x00, 0x00, 0x8f, 0xff, 0x00,
    0x00, 0x00, 0x00, 0x0a, 0xff, 0xd0, 0x00, 0x00,
    0x00, 0x04, 0xff, 0xfa, 0x00, 0x00, 0x00, 0x06,
    0xff, 0xff, 0x30, 0x00, 0x00, 0x1a, 0xff, 0xff,
    0x70, 0x00, 0x00, 0x3e, 0xff, 0xff, 0x60, 0x00,
    0x00, 0x00, 0xef, 0xfd, 0x30, 0x00, 0x00, 0x00,
    0x05, 0xf9, 0x00, 0x00, 0x00, 0x00, 0x00, 0x02,
    0x00, 0x00, 0x00, 0x00, 0x00, 0x01, 0x87, 0x00,
    0x00, 0x00, 0x00, 0x01, 0xef, 0xfc, 0x00, 0x00,
    0x00, 0x00, 0x5f, 0xff, 0xf2, 0x00, 0x00, 0x00,
    0x03, 0xff, 0xff, 0x00, 0x00, 0x00, 0x00, 0x07,
    0xed, 0x40, 0x00, 0x00,

    /* U+0040 "@" */
    0x00, 0x00, 0x00, 0x02, 0x7b, 0xde, 0xdb, 0x72,
    0x00, 0x00, 0x00, 0x00, 0x00, 0x02, 0xbf, 0xff,
    0xff, 0xff, 0xff, 0xa1, 0x00, 0x00, 0x00, 0x00,
    0x5f, 0xff, 0xff, 0xff, 0xff, 0xff, 0xfe, 0x30,
    0x00, 0x00, 0x05, 0xff, 0xff, 0xa4, 0x20, 0x14,
    0xaf, 0xff, 0xf2, 0x00, 0x00, 0x2f, 0xff, 0xd2,
    0x00, 0x00, 0x00, 0x04, 0xef, 0xfd, 0x00, 0x00,
    0xbf, 0xfd, 0x10, 0x04, 0x77, 0x20, 0x88, 0x3f,
    0xff, 0x60, 0x03, 0xff, 0xf3, 0x02, 0xdf, 0xff,
    0xfc, 0xfe, 0x08, 0xff, 0xd0, 0x09, 0xff, 0xb0,
    0x1e, 0xff, 0xff, 0xff, 0xfa, 0x02, 0xff, 0xf1,
    0x0d, 0xff, 0x50, 0x9f, 0xfd, 0x31, 0xff, 0xf7,
    0x00, 0xff, 0xf3, 0x0f, 0xff, 0x30, 0xff, 0xf4,
    0x00, 0xff, 0xf4, 0x00, 0xef, 0xf3, 0x0f, 0xff,
    0x13, 0xff, 0xf0, 0x00, 0xff, 0xf1, 0x00, 0xff,
    0xf2, 0x0f, 0xff, 0x24, 0xff, 0xd0, 0x01, 0xff,
    0xf0, 0x04, 0xff, 0xe0, 0x0e, 0xff, 0x43, 0xff,
    0xf3, 0x1b, 0xff, 0xf2, 0x2d, 0xff, 0x80, 0x0b,
    0xff, 0xa0, 0xef, 0xff, 0xff, 0xff, 0xff, 0xff,
    0xfd, 0x00, 0x06, 0xff, 0xf1, 0x4f, 0xff, 0xfe,
    0x6e, 0xff, 0xff, 0xb1, 0x00, 0x00, 0xef, 0xfc,
    0x02, 0x89, 0x61, 0x01, 0x79, 0x83, 0x00, 0x00,
    0x00, 0x6f, 0xff, 0xc1, 0x00, 0x00, 0x00, 0x00,
    0x84, 0x00, 0x00, 0x00, 0x09, 0xff, 0xff, 0x93,
    0x10, 0x02, 0x7e, 0xfe, 0x10, 0x00, 0x00, 0x00,
    0x9f, 0xff, 0xff, 0xff, 0xff, 0xff, 0xff, 0x60,
    0x00, 0x00, 0x00, 0x05, 0xdf, 0xff, 0xff, 0xff,
    0xff, 0xd5, 0x00, 0x00, 0x00, 0x00, 0x00, 0x04,
    0x9c, 0xef, 0xed, 0x95, 0x00, 0x00, 0x00,

    /* U+0041 "A" */
    0x00, 0x00, 0x00, 0x8f, 0xff, 0xc0, 0x00, 0x00,
    0x00, 0x00, 0x00, 0x0d, 0xff, 0xff, 0x20, 0x00,
    0x00, 0x00, 0x00, 0x03, 0xff, 0xff, 0xf7, 0x00,
    0x00, 0x00, 0x00, 0x00, 0x9f, 0xff, 0xff, 0xd0,
    0x00, 0x00, 0x00, 0x00, 0x0e, 0xff, 0x8f, 0xff,
    0x20, 0x00, 0x00, 0x00, 0x04, 0xff, 0xf1, 0xdf,
    0xf7, 0x00, 0x00, 0x00, 0x00, 0x9f, 0xfb, 0x07,
    0xff, 0xd0, 0x00, 0x00, 0x00, 0x0f, 0xff, 0x60,
    0x2f, 0xff, 0x20, 0x00, 0x00, 0x05, 0xff, 0xf1,
    0x00, 0xdf, 0xf8, 0x00, 0x00, 0x00, 0xaf, 0xfb,
    0x00, 0x08, 0xff, 0xd0, 0x00, 0x00, 0x0f, 0xff,
    0x50, 0x00, 0x2f, 0xff, 0x20, 0x00, 0x05, 0xff,
    0xff, 0xff, 0xff, 0xff, 0xf8, 0x00, 0x00, 0xbf,
    0xff, 0xff, 0xff, 0xff, 0xff, 0xd0, 0x00, 0x1f,
    0xff, 0xff, 0xff, 0xff, 0xff, 0xff, 0x30, 0x06,
    0xff, 0xf3, 0x22, 0x22, 0x22, 0xff, 0xf8, 0x00,
    0xcf, 0xfa, 0x00, 0x00, 0x00, 0x08, 0xff, 0xd0,
    0x1f, 0xff, 0x40, 0x00, 0x00, 0x00, 0x3f, 0xff,
    0x37, 0xff, 0xf0, 0x00, 0x00, 0x00, 0x00, 0xef,
    0xf8,

    /* U+0042 "B" */
    0x3f, 0xff, 0xff, 0xff, 0xea, 0x50, 0x00, 0x3f,
    0xff, 0xff, 0xff, 0xff, 0xfb, 0x00, 0x3f, 0xff,
    0xff, 0xff, 0xff, 0xff, 0x60, 0x3f, 0xff, 0x64,
    0x44, 0xaf, 0xff, 0xb0, 0x3f, 0xff, 0x20, 0x00,
    0x0c, 0xff, 0xd0, 0x3f, 0xff, 0x20, 0x00, 0x0b,
    0xff, 0xc0, 0x3f, 0xff, 0x20, 0x00, 0x5f, 0xff,
    0x70, 0x3f, 0xff, 0xff, 0xff, 0xff, 0xfd, 0x00,
    0x3f, 0xff, 0xff, 0xff, 0xff, 0xf2, 0x00, 0x3f,
    0xff, 0xff, 0xff, 0xff, 0xfe, 0x20, 0x3f, 0xff,
    0x20, 0x00, 0x3d, 0xff, 0xd0, 0x3f, 0xff, 0x20,
    0x00, 0x04, 0xff, 0xf2, 0x3f, 0xff, 0x20, 0x00,
    0x02, 0xff, 0xf5, 0x3f, 0xff, 0x20, 0x00, 0x06,
    0xff, 0xf4, 0x3f, 0xff, 0x64, 0x44, 0x7f, 0xff,
    0xf2, 0x3f, 0xff, 0xff, 0xff, 0xff, 0xff, 0xb0,
    0x3f, 0xff, 0xff, 0xff, 0xff, 0xfd, 0x10, 0x3f,
    0xff, 0xff, 0xff, 0xec, 0x70, 0x00,

    /* U+0043 "C" */
    0x00, 0x00, 0x01, 0x7c, 0xef, 0xfd, 0xa4, 0x00,
    0x00, 0x00, 0x00, 0x8f, 0xff, 0xff, 0xff, 0xff,
    0xc1, 0x00, 0x00, 0x0b, 0xff, 0xff, 0xff, 0xff,
    0xff, 0xfe, 0x20, 0x00, 0xaf, 0xff, 0xfb, 0x65,
    0x69, 0xff, 0xff, 0xd0, 0x04, 0xff, 0xfe, 0x40,
    0x00, 0x00, 0x1b, 0xff, 0xf8, 0x0b, 0xff, 0xf3,
    0x00, 0x00, 0x00, 0x00, 0xdc, 0x61, 0x0f, 0xff,
    0xa0, 0x00, 0x00, 0x00, 0x00, 0x00, 0x00, 0x3f,
    0xff, 0x40, 0x00, 0x00, 0x00, 0x00, 0x00, 0x00,
    0x5f, 0xff, 0x20, 0x00, 0x00, 0x00, 0x00, 0x00,
    0x00, 0x5f, 0xff, 0x20, 0x00, 0x00, 0x00, 0x00,
    0x00, 0x00, 0x4f, 0xff, 0x40, 0x00, 0x00, 0x00,
    0x00, 0x00, 0x00, 0x1f, 0xff, 0xa0, 0x00, 0x00,
    0x00, 0x00, 0x00, 0x00, 0x0c, 0xff, 0xf3, 0x00,
    0x00, 0x00, 0x00, 0xdc, 0x61, 0x05, 0xff, 0xfe,
    0x30, 0x00, 0x00, 0x1b, 0xff, 0xf8, 0x00, 0xaf,
    0xff, 0xfb, 0x65, 0x69, 0xff, 0xff, 0xd0, 0x00,
    0x0c, 0xff, 0xff, 0xff, 0xff, 0xff, 0xfe, 0x20,
    0x00, 0x00, 0x9f, 0xff, 0xff, 0xff, 0xff, 0xc1,
    0x00, 0x00, 0x00, 0x02, 0x8c, 0xff, 0xfd, 0xa4,
    0x00, 0x00,

    /* U+0044 "D" */
    0x3f, 0xff, 0xff, 0xff, 0xda, 0x50, 0x00, 0x00,
    0x3f, 0xff, 0xff, 0xff, 0xff, 0xfd, 0x30, 0x00,
    0x3f, 0xff, 0xff, 0xff, 0xff, 0xff, 0xf5, 0x00,
    0x3f, 0xff, 0x64, 0x45, 0x8e, 0xff, 0xff, 0x20,
    0x3f, 0xff, 0x20, 0x00, 0x00, 0x9f, 0xff, 0xc0,
    0x3f, 0xff, 0x20, 0x00, 0x00, 0x0b, 0xff, 0xf2,
    0x3f, 0xff, 0x20, 0x00, 0x00, 0x04, 0xff, 0xf7,
    0x3f, 0xff, 0x20, 0x00, 0x00, 0x00, 0xff, 0xf9,
    0x3f, 0xff, 0x20, 0x00, 0x00, 0x00, 0xdf, 0xfb,
    0x3f, 0xff, 0x20, 0x00, 0x00, 0x00, 0xdf, 0xfb,
    0x3f, 0xff, 0x20, 0x00, 0x00, 0x00, 0xff, 0xf9,
    0x3f, 0xff, 0x20, 0x00, 0x00, 0x03, 0xff, 0xf7,
    0x3f, 0xff, 0x20, 0x00, 0x00, 0x0b, 0xff, 0xf3,
    0x3f, 0xff, 0x20, 0x00, 0x00, 0x9f, 0xff, 0xc0,
    0x3f, 0xff, 0x64, 0x45, 0x8e, 0xff, 0xff, 0x20,
    0x3f, 0xff, 0xff, 0xff, 0xff, 0xff, 0xf6, 0x00,
    0x3f, 0xff, 0xff, 0xff, 0xff, 0xfe, 0x30, 0x00,
    0x3f, 0xff, 0xff, 0xff, 0xda, 0x60, 0x00, 0x00,

    /* U+0045 "E" */
    0x3f, 0xff, 0xff, 0xff, 0xff, 0xfe, 0x3f, 0xff,
    0xff, 0xff, 0xff, 0xfe, 0x3f, 0xff, 0xff, 0xff,
    0xff, 0xfe, 0x3f, 0xff, 0x63, 0x33, 0x33, 0x33,
    0x3f, 0xff, 0x20, 0x00, 0x00, 0x00, 0x3f, 0xff,
    0x20, 0x00, 0x00, 0x00, 0x3f, 0xff, 0x20, 0x00,
    0x00, 0x00, 0x3f, 0xff, 0x64, 0x44, 0x44, 0x10,
    0x3f, 0xff, 0xff, 0xff, 0xff, 0x60, 0x3f, 0xff,
    0xff, 0xff, 0xff, 0x60, 0x3f, 0xff, 0xff, 0xff,
    0xff, 0x60, 0x3f, 0xff, 0x20, 0x00, 0x00, 0x00,
    0x3f, 0xff, 0x20, 0x00, 0x00, 0x00, 0x3f, 0xff,
    0x20, 0x00, 0x00, 0x00, 0x3f, 0xff, 0x64, 0x44,
    0x44, 0x43, 0x3f, 0xff, 0xff, 0xff, 0xff, 0xfe,
    0x3f, 0xff, 0xff, 0xff, 0xff, 0xfe, 0x3f, 0xff,
    0xff, 0xff, 0xff, 0xfe,

    /* U+0046 "F" */
    0x3f, 0xff, 0xff, 0xff, 0xff, 0xfb, 0x3f, 0xff,
    0xff, 0xff, 0xff, 0xfb, 0x3f, 0xff, 0xff, 0xff,
    0xff, 0xfb, 0x3f, 0xff, 0x64, 0x44, 0x44, 0x42,
    0x3f, 0xff, 0x20, 0x00, 0x00, 0x00, 0x3f, 0xff,
    0x20, 0x00, 0x00, 0x00, 0x3f, 0xff, 0x20, 0x00,
    0x00, 0x00, 0x3f, 0xff, 0x64, 0x44, 0x44, 0x10,
    0x3f, 0xff, 0xff, 0xff, 0xff, 0x50, 0x3f, 0xff,
    0xff, 0xff, 0xff, 0x50, 0x3f, 0xff, 0xff, 0xff,
    0xff, 0x50, 0x3f, 0xff, 0x20, 0x00, 0x00, 0x00,
    0x3f, 0xff, 0x20, 0x00, 0x00, 0x00, 0x3f, 0xff,
    0x20, 0x00, 0x00, 0x00, 0x3f, 0xff, 0x20, 0x00,
    0x00, 0x00, 0x3f, 0xff, 0x20, 0x00, 0x00, 0x00,
    0x3f, 0xff, 0x20, 0x00, 0x00, 0x00, 0x3f, 0xff,
    0x20, 0x00, 0x00, 0x00,

    /* U+0047 "G" */
    0x00, 0x00, 0x01, 0x7c, 0xef, 0xfd, 0xa4, 0x00,
    0x00, 0x00, 0x00, 0x08, 0xff, 0xff, 0xff, 0xff,
    0xfc, 0x10, 0x00, 0x00, 0x0b, 0xff, 0xff, 0xff,
    0xff, 0xff, 0xfe, 0x30, 0x00, 0x09, 0xff, 0xff,
    0xb6, 0x56, 0x9e, 0xff, 0xfd, 0x00, 0x03, 0xff,
    0xfe, 0x40, 0x00, 0x00, 0x0a, 0xff, 0xf6, 0x00,
    0xbf, 0xff, 0x30, 0x00, 0x00, 0x00, 0x08, 0x61,
    0x00, 0x0f, 0xff, 0xa0, 0x00, 0x00, 0x00, 0x00,
    0x00, 0x00, 0x03, 0xff, 0xf4, 0x00, 0x00, 0x00,
    0x00, 0x00, 0x00, 0x00, 0x5f, 0xff, 0x20, 0x00,
    0x0a, 0xff, 0xff, 0xff, 0xff, 0x15, 0xff, 0xf2,
    0x00, 0x00, 0xaf, 0xff, 0xff, 0xff, 0xf2, 0x4f,
    0xff, 0x40, 0x00, 0x0a, 0xff, 0xff, 0xff, 0xff,
    0x11, 0xff, 0xf9, 0x00, 0x00, 0x01, 0x11, 0x18,
    0xff, 0xf0, 0x0c, 0xff, 0xf2, 0x00, 0x00, 0x00,
    0x01, 0xef, 0xfa, 0x00, 0x5f, 0xff, 0xe2, 0x00,
    0x00, 0x01, 0xcf, 0xff, 0x30, 0x00, 0xaf, 0xff,
    0xfa, 0x53, 0x58, 0xef, 0xff, 0xa0, 0x00, 0x00,
    0xcf, 0xff, 0xff, 0xff, 0xff, 0xff, 0xb0, 0x00,
    0x00, 0x00, 0x8f, 0xff, 0xff, 0xff, 0xff, 0x80,
    0x00, 0x00, 0x00, 0x00, 0x28, 0xce, 0xfe, 0xc8,
    0x10, 0x00, 0x00,

    /* U+0048 "H" */
    0x3f, 0xff, 0x20, 0x00, 0x00, 0x06, 0xff, 0xf0,
    0x3f, 0xff, 0x20, 0x00, 0x00, 0x06, 0xff, 0xf0,
    0x3f, 0xff, 0x20, 0x00, 0x00, 0x06, 0xff, 0xf0,
    0x3f, 0xff, 0x20, 0x00, 0x00, 0x06, 0xff, 0xf0,
    0x3f, 0xff, 0x20, 0x00, 0x00, 0x06, 0xff, 0xf0,
    0x3f, 0xff, 0x20, 0x00, 0x00, 0x06, 0xff, 0xf0,
    0x3f, 0xff, 0x20, 0x00, 0x00, 0x06, 0xff, 0xf0,
    0x3f, 0xff, 0x64, 0x44, 0x44, 0x4a, 0xff, 0xf0,
    0x3f, 0xff, 0xff, 0xff, 0xff, 0xff, 0xff, 0xf0,
    0x3f, 0xff, 0xff, 0xff, 0xff, 0xff, 0xff, 0xf0,
    0x3f, 0xff, 0xff, 0xff, 0xff, 0xff, 0xff, 0xf0,
    0x3f, 0xff, 0x20, 0x00, 0x00, 0x06, 0xff, 0xf0,
    0x3f, 0xff, 0x20, 0x00, 0x00, 0x06, 0xff, 0xf0,
    0x3f, 0xff, 0x20, 0x00, 0x00, 0x06, 0xff, 0xf0,
    0x3f, 0xff, 0x20, 0x00, 0x00, 0x06, 0xff, 0xf0,
    0x3f, 0xff, 0x20, 0x00, 0x00, 0x06, 0xff, 0xf0,
    0x3f, 0xff, 0x20, 0x00, 0x00, 0x06, 0xff, 0xf0,
    0x3f, 0xff, 0x20, 0x00, 0x00, 0x06, 0xff, 0xf0,

    /* U+0049 "I" */
    0x3f, 0xff, 0x23, 0xff, 0xf2, 0x3f, 0xff, 0x23,
    0xff, 0xf2, 0x3f, 0xff, 0x23, 0xff, 0xf2, 0x3f,
    0xff, 0x23, 0xff, 0xf2, 0x3f, 0xff, 0x23, 0xff,
    0xf2, 0x3f, 0xff, 0x23, 0xff, 0xf2, 0x3f, 0xff,
    0x23, 0xff, 0xf2, 0x3f, 0xff, 0x23, 0xff, 0xf2,
    0x3f, 0xff, 0x23, 0xff, 0xf2,

    /* U+004A "J" */
    0x00, 0x00, 0x00, 0x00, 0x0f, 0xff, 0x70, 0x00,
    0x00, 0x00, 0x00, 0xff, 0xf7, 0x00, 0x00, 0x00,
    0x00, 0x0f, 0xff, 0x70, 0x00, 0x00, 0x00, 0x00,
    0xff, 0xf7, 0x00, 0x00, 0x00, 0x00, 0x0f, 0xff,
    0x70, 0x00, 0x00, 0x00, 0x00, 0xff, 0xf7, 0x00,
    0x00, 0x00, 0x00, 0x0f, 0xff, 0x70, 0x00, 0x00,
    0x00, 0x00, 0xff, 0xf7, 0x00, 0x00, 0x00, 0x00,
    0x0f, 0xff, 0x70, 0x00, 0x00, 0x00, 0x00, 0xff,
    0xf7, 0x00, 0x00, 0x00, 0x00, 0x0f, 0xff, 0x71,
    0xcc, 0xc4, 0x00, 0x00, 0xff, 0xf7, 0x1f, 0xff,
    0x60, 0x00, 0x0f, 0xff, 0x60, 0xff, 0xfa, 0x00,
    0x04, 0xff, 0xf4, 0x0b, 0xff, 0xf9, 0x57, 0xef,
    0xff, 0x00, 0x4f, 0xff, 0xff, 0xff, 0xff, 0x80,
    0x00, 0x8f, 0xff, 0xff, 0xff, 0xb0, 0x00, 0x00,
    0x4a, 0xef, 0xec, 0x50, 0x00,

    /* U+004B "K" */
    0x3f, 0xff, 0x20, 0x00, 0x00, 0xaf, 0xff, 0x90,
    0x3f, 0xff, 0x20, 0x00, 0x08, 0xff, 0xfb, 0x00,
    0x3f, 0xff, 0x20, 0x00, 0x7f, 0xff, 0xc0, 0x00,
    0x3f, 0xff, 0x20, 0x05, 0xff, 0xfd, 0x10, 0x00,
    0x3f, 0xff, 0x20, 0x4f, 0xff, 0xe1, 0x00, 0x00,
    0x3f, 0xff, 0x22, 0xff, 0xff, 0x20, 0x00, 0x00,
    0x3f, 0xff, 0x4e, 0xff, 0xf4, 0x00, 0x00, 0x00,
    0x3f, 0xff, 0xff, 0xff, 0x50, 0x00, 0x00, 0x00,
    0x3f, 0xff, 0xff, 0xf7, 0x00, 0x00, 0x00, 0x00,
    0x3f, 0xff, 0xff, 0xf8, 0x00, 0x00, 0x00, 0x00,
    0x3f, 0xff, 0xff, 0xff, 0x60, 0x00, 0x00, 0x00,
    0x3f, 0xff, 0x5e, 0xff, 0xf5, 0x00, 0x00, 0x00,
    0x3f, 0xff, 0x23, 0xff, 0xff, 0x30, 0x00, 0x00,
    0x3f, 0xff, 0x20, 0x5f, 0xff, 0xe2, 0x00, 0x00,
    0x3f, 0xff, 0x20, 0x07, 0xff, 0xfe, 0x10, 0x00,
    0x3f, 0xff, 0x20, 0x00, 0x9f, 0xff, 0xd0, 0x00,
    0x3f, 0xff, 0x20, 0x00, 0x0a, 0xff, 0xfb, 0x00,
    0x3f, 0xff, 0x20, 0x00, 0x00, 0xcf, 0xff, 0xa0,

    /* U+004C "L" */
    0x3f, 0xff, 0x20, 0x00, 0x00, 0x00, 0x3f, 0xff,
    0x20, 0x00, 0x00, 0x00, 0x3f, 0xff, 0x20, 0x00,
    0x00, 0x00, 0x3f, 0xff, 0x20, 0x00, 0x00, 0x00,
    0x3f, 0xff, 0x20, 0x00, 0x00, 0x00, 0x3f, 0xff,
    0x20, 0x00, 0x00, 0x00, 0x3f, 0xff, 0x20, 0x00,
    0x00, 0x00, 0x3f, 0xff, 0x20, 0x00, 0x00, 0x00,
    0x3f, 0xff, 0x20, 0x00, 0x00, 0x00, 0x3f, 0xff,
    0x20, 0x00, 0x00, 0x00, 0x3f, 0xff, 0x20, 0x00,
    0x00, 0x00, 0x3f, 0xff, 0x20, 0x00, 0x00, 0x00,
    0x3f, 0xff, 0x20, 0x00, 0x00, 0x00, 0x3f, 0xff,
    0x20, 0x00, 0x00, 0x00, 0x3f, 0xff, 0x64, 0x44,
    0x44, 0x41, 0x3f, 0xff, 0xff, 0xff, 0xff, 0xf6,
    0x3f, 0xff, 0xff, 0xff, 0xff, 0xf6, 0x3f, 0xff,
    0xff, 0xff, 0xff, 0xf6,

    /* U+004D "M" */
    0x00, 0x03, 0xff, 0xf1, 0x00, 0x00, 0x00, 0x08,
    0xff, 0xc0, 0x00, 0x00, 0x06, 0xff, 0xf6, 0x00,
    0x00, 0x00, 0x0d, 0xff, 0xf0, 0x00, 0x00, 0x09,
    0xff, 0xfc, 0x00, 0x00, 0x00, 0x3f, 0xff, 0xf2,
    0x00, 0x00, 0x0c, 0xff, 0xff, 0x20, 0x00, 0x00,
    0x9f, 0xff, 0xf5, 0x00, 0x00, 0x0f, 0xff, 0xff,
    0x70, 0x00, 0x00, 0xef, 0xff, 0xf8, 0x00, 0x00,
    0x2f, 0xff, 0xff, 0xd0, 0x00, 0x04, 0xff, 0xff,
    0xfa, 0x00, 0x00, 0x4f, 0xfd, 0xef, 0xf3, 0x00,
    0x09, 0xff, 0xcf, 0xfd, 0x00, 0x00, 0x7f, 0xfb,
    0x9f, 0xf8, 0x00, 0x0f, 0xff, 0x5f, 0xff, 0x00,
    0x00, 0xaf, 0xf9, 0x4f, 0xfe, 0x00, 0x5f, 0xfd,
    0x0f, 0xff, 0x30, 0x00, 0xdf, 0xf7, 0x0f, 0xff,
    0x40, 0xaf, 0xf8, 0x0e, 0xff, 0x60, 0x00, 0xff,
    0xf4, 0x0a, 0xff, 0x90, 0xff, 0xf3, 0x0b, 0xff,
    0x90, 0x02, 0xff, 0xf2, 0x04, 0xff, 0xe6, 0xff,
    0xd0, 0x09, 0xff, 0xb0, 0x05, 0xff, 0xf0, 0x00,
    0xef, 0xff, 0xff, 0x80, 0x06, 0xff, 0xe0, 0x08,
    0xff, 0xd0, 0x00, 0x9f, 0xff, 0xff, 0x20, 0x04,
    0xff, 0xf1, 0x0b, 0xff, 0xa0, 0x00, 0x4f, 0xff,
    0xfd, 0x00, 0x01, 0xff, 0xf4, 0x0e, 0xff, 0x80,
    0x00, 0x0e, 0xff, 0xf7, 0x00, 0x00, 0xff, 0xf7,
    0x1f, 0xff, 0x50, 0x00, 0x09, 0xff, 0xf2, 0x00,
    0x00, 0xcf, 0xf9, 0x3f, 0xff, 0x30, 0x00, 0x03,
    0xff, 0xc0, 0x00, 0x00, 0xaf, 0xfc,

    /* U+004E "N" */
    0x3f, 0xff, 0x30, 0x00, 0x00, 0x00, 0x8f, 0xfe,
    0x3f, 0xff, 0xd0, 0x00, 0x00, 0x00, 0x8f, 0xfe,
    0x3f, 0xff, 0xfa, 0x00, 0x00, 0x00, 0x8f, 0xfe,
    0x3f, 0xff, 0xff, 0x60, 0x00, 0x00, 0x8f, 0xfe,
    0x3f, 0xff, 0xff, 0xf2, 0x00, 0x00, 0x8f, 0xfe,
    0x3f, 0xff, 0xff, 0xfd, 0x00, 0x00, 0x8f, 0xfe,
    0x3f, 0xff, 0xcf, 0xff, 0x90, 0x00, 0x8f, 0xfe,
    0x3f, 0xff, 0x3d, 0xff, 0xf5, 0x00, 0x8f, 0xfe,
    0x3f, 0xff, 0x22, 0xff, 0xff, 0x20, 0x8f, 0xfe,
    0x3f, 0xff, 0x20, 0x6f, 0xff, 0xc0, 0x8f, 0xfe,
    0x3f, 0xff, 0x20, 0x0a, 0xff, 0xf8, 0x8f, 0xfe,
    0x3f, 0xff, 0x20, 0x00, 0xdf, 0xff, 0xcf, 0xfe,
    0x3f, 0xff, 0x20, 0x00, 0x3f, 0xff, 0xff, 0xfe,
    0x3f, 0xff, 0x20, 0x00, 0x07, 0xff, 0xff, 0xfe,
    0x3f, 0xff, 0x20, 0x00, 0x00, 0xbf, 0xff, 0xfe,
    0x3f, 0xff, 0x20, 0x00, 0x00, 0x1e, 0xff, 0xfe,
    0x3f, 0xff, 0x20, 0x00, 0x00, 0x04, 0xff, 0xfe,
    0x3f, 0xff, 0x20, 0x00, 0x00, 0x00, 0x8f, 0xfe,

    /* U+004F "O" */
    0x00, 0x00, 0x01, 0x7b, 0xef, 0xed, 0x94, 0x00,
    0x00, 0x00, 0x00, 0x07, 0xff, 0xff, 0xff, 0xff,
    0xfc, 0x20, 0x00, 0x00, 0x0b, 0xff, 0xff, 0xff,
    0xff, 0xff, 0xff, 0x40, 0x00, 0x09, 0xff, 0xff,
    0xc7, 0x56, 0x9f, 0xff, 0xff, 0x20, 0x03, 0xff,
    0xfe, 0x40, 0x00, 0x00, 0x0a, 0xff, 0xfb, 0x00,
    0xbf, 0xff, 0x40, 0x00, 0x00, 0x00, 0x0b, 0xff,
    0xf3, 0x0f, 0xff, 0xa0, 0x00, 0x00, 0x00, 0x00,
    0x2f, 0xff, 0x83, 0xff, 0xf4, 0x00, 0x00, 0x00,
    0x00, 0x00, 0xcf, 0xfb, 0x5f, 0xff, 0x20, 0x00,
    0x00, 0x00, 0x00, 0x0a, 0xff, 0xd5, 0xff, 0xf2,
    0x00, 0x00, 0x00, 0x00, 0x00, 0xaf, 0xfd, 0x3f,
    0xff, 0x40, 0x00, 0x00, 0x00, 0x00, 0x0c, 0xff,
    0xb0, 0xff, 0xfa, 0x00, 0x00, 0x00, 0x00, 0x02,
    0xff, 0xf8, 0x0b, 0xff, 0xf4, 0x00, 0x00, 0x00,
    0x00, 0xbf, 0xff, 0x30, 0x3f, 0xff, 0xf5, 0x00,
    0x00, 0x01, 0xbf, 0xff, 0xb0, 0x00, 0x9f, 0xff,
    0xfc, 0x86, 0x79, 0xff, 0xff, 0xe2, 0x00, 0x00,
    0xbf, 0xff, 0xff, 0xff, 0xff, 0xff, 0xf4, 0x00,
    0x00, 0x00, 0x7f, 0xff, 0xff, 0xff, 0xff, 0xc2,
    0x00, 0x00, 0x00, 0x00, 0x17, 0xbe, 0xff, 0xd9,
    0x40, 0x00, 0x00,

    /* U+0050 "P" */
    0x3f, 0xff, 0xff, 0xff, 0xd9, 0x20, 0x00, 0x3f,
    0xff, 0xff, 0xff, 0xff, 0xf6, 0x00, 0x3f, 0xff,
    0xff, 0xff, 0xff, 0xff, 0x40, 0x3f, 0xff, 0x64,
    0x45, 0xaf, 0xff, 0xe0, 0x3f, 0xff, 0x20, 0x00,
    0x08, 0xff, 0xf4, 0x3f, 0xff, 0x20, 0x00, 0x01,
    0xff, 0xf7, 0x3f, 0xff, 0x20, 0x00, 0x00, 0xff,
    0xf8, 0x3f, 0xff, 0x20, 0x00, 0x01, 0xff, 0xf7,
    0x3f, 0xff, 0x20, 0x00, 0x09, 0xff, 0xf4, 0x3f,
    0xff, 0x74, 0x46, 0xbf, 0xff, 0xe0, 0x3f, 0xff,
    0xff, 0xff, 0xff, 0xff, 0x50, 0x3f, 0xff, 0xff,
    0xff, 0xff, 0xf6, 0x00, 0x3f, 0xff, 0xff, 0xff,
    0xd9, 0x20, 0x00, 0x3f, 0xff, 0x20, 0x00, 0x00,
    0x00, 0x00, 0x3f, 0xff, 0x20, 0x00, 0x00, 0x00,
    0x00, 0x3f, 0xff, 0x20, 0x00, 0x00, 0x00, 0x00,
    0x3f, 0xff, 0x20, 0x00, 0x00, 0x00, 0x00, 0x3f,
    0xff, 0x20, 0x00, 0x00, 0x00, 0x00,

    /* U+0051 "Q" */
    0x00, 0x00, 0x01, 0x7b, 0xef, 0xed, 0x94, 0x00,
    0x00, 0x00, 0x00, 0x07, 0xff, 0xff, 0xff, 0xff,
    0xfc, 0x20, 0x00, 0x00, 0x0b, 0xff, 0xff, 0xff,
    0xff, 0xff, 0xff, 0x40, 0x00, 0x09, 0xff, 0xff,
    0xc7, 0x56, 0x9f, 0xff, 0xff, 0x20, 0x03, 0xff,
    0xfe, 0x40, 0x00, 0x00, 0x0a, 0xff, 0xfb, 0x00,
    0xbf, 0xff, 0x40, 0x00, 0x00, 0x00, 0x0b, 0xff,
    0xf3, 0x0f, 0xff, 0xa0, 0x00, 0x00, 0x00, 0x00,
    0x2f, 0xff, 0x83, 0xff, 0xf4, 0x00, 0x00, 0x00,
    0x00, 0x00, 0xcf, 0xfb, 0x5f, 0xff, 0x20, 0x00,
    0x00, 0x00, 0x00, 0x0a, 0xff, 0xd5, 0xff, 0xf2,
    0x00, 0x00, 0x00, 0x00, 0x00, 0xaf, 0xfd, 0x3f,
    0xff, 0x40, 0x00, 0x05, 0xdd, 0xc1, 0x0c, 0xff,
    0xb0, 0xff, 0xfa, 0x00, 0x00, 0x0d, 0xff, 0xa2,
    0xff, 0xf8, 0x0b, 0xff, 0xf4, 0x00, 0x00, 0x4f,
    0xff, 0xff, 0xff, 0x30, 0x3f, 0xff, 0xf5, 0x00,
    0x00, 0xaf, 0xff, 0xff, 0xb0, 0x00, 0x9f, 0xff,
    0xfc, 0x86, 0x7b, 0xff, 0xff, 0xe2, 0x00, 0x00,
    0xbf, 0xff, 0xff, 0xff, 0xff, 0xff, 0xf5, 0x00,
    0x00, 0x00, 0x7f, 0xff, 0xff, 0xff, 0xff, 0xff,
    0xa0, 0x00, 0x00, 0x00, 0x17, 0xbe, 0xff, 0xd9,
    0x8f, 0xff, 0x30, 0x00, 0x00, 0x00, 0x00, 0x00,
    0x00, 0x00, 0xaf, 0xfc, 0x00,

    /* U+0052 "R" */
    0x3f, 0xff, 0xff, 0xff, 0xda, 0x40, 0x00, 0x3f,
    0xff, 0xff, 0xff, 0xff, 0xf9, 0x00, 0x3f, 0xff,
    0xff, 0xff, 0xff, 0xff, 0x90, 0x3f, 0xff, 0x64,
    0x45, 0x8f, 0xff, 0xf2, 0x3f, 0xff, 0x20, 0x00,
    0x04, 0xff, 0xf7, 0x3f, 0xff, 0x20, 0x00, 0x00,
    0xef, 0xfa, 0x3f, 0xff, 0x20, 0x00, 0x00, 0xdf,
    0xfa, 0x3f, 0xff, 0x20, 0x00, 0x02, 0xff, 0xf8,
    0x3f, 0xff, 0x20, 0x01, 0x4d, 0xff, 0xf3, 0x3f,
    0xff, 0xff, 0xff, 0xff, 0xff, 0xc0, 0x3f, 0xff,
    0xff, 0xff, 0xff, 0xfd, 0x10, 0x3f, 0xff, 0xff,
    0xff, 0xff, 0xf0, 0x00, 0x3f, 0xff, 0x64, 0x4f,
    0xff, 0xe0, 0x00, 0x3f, 0xff, 0x20, 0x03, 0xff,
    0xf8, 0x00, 0x3f, 0xff, 0x20, 0x00, 0xaf, 0xff,
    0x10, 0x3f, 0xff, 0x20, 0x00, 0x2f, 0xff, 0x90,
    0x3f, 0xff, 0x20, 0x00, 0x09, 0xff, 0xf1, 0x3f,
    0xff, 0x20, 0x00, 0x01, 0xff, 0xfa,

    /* U+0053 "S" */
    0x00, 0x00, 0x6b, 0xef, 0xec, 0x60, 0x00, 0x00,
    0x1d, 0xff, 0xff, 0xff, 0xfe, 0x30, 0x00, 0xdf,
    0xff, 0xff, 0xff, 0xff, 0xf2, 0x05, 0xff, 0xfb,
    0x53, 0x6c, 0xff, 0xd3, 0x08, 0xff, 0xe0, 0x00,
    0x00, 0x78, 0x00, 0x08, 0xff, 0xe0, 0x00, 0x00,
    0x00, 0x00, 0x06, 0xff, 0xfa, 0x20, 0x00, 0x00,
    0x00, 0x00, 0xef, 0xff, 0xfd, 0x84, 0x00, 0x00,
    0x00, 0x3e, 0xff, 0xff, 0xff, 0xd6, 0x00, 0x00,
    0x01, 0x8e, 0xff, 0xff, 0xff, 0xb0, 0x00, 0x00,
    0x00, 0x37, 0xcf, 0xff, 0xf7, 0x00, 0x00, 0x00,
    0x00, 0x04, 0xff, 0xfc, 0x00, 0x48, 0x00, 0x00,
    0x00, 0x9f, 0xfe, 0x1a, 0xff, 0x70, 0x00, 0x00,
    0xbf, 0xfe, 0x0d, 0xff, 0xfc, 0x53, 0x49, 0xff,
    0xfa, 0x03, 0xff, 0xff, 0xff, 0xff, 0xff, 0xf2,
    0x00, 0x3d, 0xff, 0xff, 0xff, 0xfe, 0x40, 0x00,
    0x00, 0x6b, 0xef, 0xec, 0x71, 0x00,

    /* U+0054 "T" */
    0xbf, 0xff, 0xff, 0xff, 0xff, 0xff, 0xff, 0x8b,
    0xff, 0xff, 0xff, 0xff, 0xff, 0xff, 0xf8, 0xbf,
    0xff, 0xff, 0xff, 0xff, 0xff, 0xff, 0x82, 0x44,
    0x44, 0xaf, 0xff, 0x44, 0x44, 0x42, 0x00, 0x00,
    0x06, 0xff, 0xf0, 0x00, 0x00, 0x00, 0x00, 0x00,
    0x6f, 0xff, 0x00, 0x00, 0x00, 0x00, 0x00, 0x06,
    0xff, 0xf0, 0x00, 0x00, 0x00, 0x00, 0x00, 0x6f,
    0xff, 0x00, 0x00, 0x00, 0x00, 0x00, 0x06, 0xff,
    0xf0, 0x00, 0x00, 0x00, 0x00, 0x00, 0x6f, 0xff,
    0x00, 0x00, 0x00, 0x00, 0x00, 0x06, 0xff, 0xf0,
    0x00, 0x00, 0x00, 0x00, 0x00, 0x6f, 0xff, 0x00,
    0x00, 0x00, 0x00, 0x00, 0x06, 0xff, 0xf0, 0x00,
    0x00, 0x00, 0x00, 0x00, 0x6f, 0xff, 0x00, 0x00,
    0x00, 0x00, 0x00, 0x06, 0xff, 0xf0, 0x00, 0x00,
    0x00, 0x00, 0x00, 0x6f, 0xff, 0x00, 0x00, 0x00,
    0x00, 0x00, 0x06, 0xff, 0xf0, 0x00, 0x00, 0x00,
    0x00, 0x00, 0x6f, 0xff, 0x00, 0x00, 0x00,

    /* U+0055 "U" */
    0x5f, 0xff, 0x10, 0x00, 0x00, 0x08, 0xff, 0xd5,
    0xff, 0xf1, 0x00, 0x00, 0x00, 0x8f, 0xfd, 0x5f,
    0xff, 0x10, 0x00, 0x00, 0x08, 0xff, 0xd5, 0xff,
    0xf1, 0x00, 0x00, 0x00, 0x8f, 0xfd, 0x5f, 0xff,
    0x10, 0x00, 0x00, 0x08, 0xff, 0xd5, 0xff, 0xf1,
    0x00, 0x00, 0x00, 0x8f, 0xfd, 0x5f, 0xff, 0x10,
    0x00, 0x00, 0x08, 0xff, 0xd5, 0xff, 0xf1, 0x00,
    0x00, 0x00, 0x8f, 0xfd, 0x5f, 0xff, 0x10, 0x00,
    0x00, 0x08, 0xff, 0xd5, 0xff, 0xf1, 0x00, 0x00,
    0x00, 0x8f, 0xfd, 0x5f, 0xff, 0x10, 0x00, 0x00,
    0x09, 0xff, 0xd4, 0xff, 0xf3, 0x00, 0x00, 0x00,
    0xaf, 0xfc, 0x2f, 0xff, 0x70, 0x00, 0x00, 0x0e,
    0xff, 0xa0, 0xef, 0xfe, 0x10, 0x00, 0x07, 0xff,
    0xf6, 0x08, 0xff, 0xfe, 0x75, 0x5a, 0xff, 0xff,
    0x10, 0x0d, 0xff, 0xff, 0xff, 0xff, 0xff, 0x60,
    0x00, 0x2c, 0xff, 0xff, 0xff, 0xff, 0x70, 0x00,
    0x00, 0x05, 0xbd, 0xfe, 0xd8, 0x20, 0x00,

    /* U+0056 "V" */
    0xaf, 0xfd, 0x00, 0x00, 0x00, 0x00, 0x1f, 0xff,
    0x54, 0xff, 0xf3, 0x00, 0x00, 0x00, 0x06, 0xff,
    0xf0, 0x0e, 0xff, 0x80, 0x00, 0x00, 0x00, 0xcf,
    0xfa, 0x00, 0x9f, 0xfd, 0x00, 0x00, 0x00, 0x1f,
    0xff, 0x50, 0x04, 0xff, 0xf3, 0x00, 0x00, 0x07,
    0xff, 0xf0, 0x00, 0x0e, 0xff, 0x80, 0x00, 0x00,
    0xcf, 0xfa, 0x00, 0x00, 0x9f, 0xfd, 0x00, 0x00,
    0x2f, 0xff, 0x40, 0x00, 0x04, 0xff, 0xf3, 0x00,
    0x07, 0xff, 0xf0, 0x00, 0x00, 0x0e, 0xff, 0x80,
    0x00, 0xcf, 0xfa, 0x00, 0x00, 0x00, 0x9f, 0xfe,
    0x00, 0x2f, 0xff, 0x40, 0x00, 0x00, 0x03, 0xff,
    0xf3, 0x07, 0xff, 0xe0, 0x00, 0x00, 0x00, 0x0e,
    0xff, 0x80, 0xdf, 0xf9, 0x00, 0x00, 0x00, 0x00,
    0x8f, 0xfe, 0x2f, 0xff, 0x40, 0x00, 0x00, 0x00,
    0x03, 0xff, 0xfb, 0xff, 0xe0, 0x00, 0x00, 0x00,
    0x00, 0x0d, 0xff, 0xff, 0xf9, 0x00, 0x00, 0x00,
    0x00, 0x00, 0x8f, 0xff, 0xff, 0x40, 0x00, 0x00,
    0x00, 0x00, 0x03, 0xff, 0xff, 0xe0, 0x00, 0x00,
    0x00, 0x00, 0x00, 0x0d, 0xff, 0xf9, 0x00, 0x00,
    0x00,

    /* U+0057 "W" */
    0x8f, 0xfe, 0x00, 0x00, 0x00, 0x0f, 0xff, 0xc0,
    0x00, 0x00, 0x06, 0xff, 0xf0, 0x3f, 0xff, 0x20,
    0x00, 0x00, 0x5f, 0xff, 0xd0, 0x00, 0x00, 0x0b,
    0xff, 0xb0, 0x0f, 0xff, 0x70, 0x00, 0x00, 0xaf,
    0xff, 0xf2, 0x00, 0x00, 0x0e, 0xff, 0x70, 0x0b,
    0xff, 0xb0, 0x00, 0x00, 0xef, 0xff, 0xf7, 0x00,
    0x00, 0x3f, 0xff, 0x30, 0x06, 0xff, 0xf0, 0x00,
    0x03, 0xff, 0xff, 0xfb, 0x00, 0x00, 0x7f, 0xfe,
    0x00, 0x02, 0xff, 0xf3, 0x00, 0x08, 0xff, 0xff,
    0xff, 0x00, 0x00, 0xbf, 0xfa, 0x00, 0x00, 0xef,
    0xf7, 0x00, 0x0d, 0xff, 0x7e, 0xff, 0x50, 0x00,
    0xff, 0xf6, 0x00, 0x00, 0x9f, 0xfb, 0x00, 0x1f,
    0xff, 0x2a, 0xff, 0xa0, 0x03, 0xff, 0xf2, 0x00,
    0x00, 0x5f, 0xff, 0x00, 0x6f, 0xfd, 0x05, 0xff,
    0xe0, 0x07, 0xff, 0xd0, 0x00, 0x00, 0x1f, 0xff,
    0x40, 0xbf, 0xf9, 0x01, 0xff, 0xf3, 0x0c, 0xff,
    0x90, 0x00, 0x00, 0x0d, 0xff, 0x80, 0xff, 0xf4,
    0x00, 0xcf, 0xf8, 0x0f, 0xff, 0x50, 0x00, 0x00,
    0x08, 0xff, 0xc5, 0xff, 0xf0, 0x00, 0x7f, 0xfd,
    0x4f, 0xff, 0x10, 0x00, 0x00, 0x04, 0xff, 0xfa,
    0xff, 0xa0, 0x00, 0x2f, 0xff, 0xaf, 0xfc, 0x00,
    0x00, 0x00, 0x00, 0xff, 0xff, 0xff, 0x50, 0x00,
    0x0d, 0xff, 0xff, 0xf8, 0x00, 0x00, 0x00, 0x00,
    0xbf, 0xff, 0xff, 0x10, 0x00, 0x09, 0xff, 0xff,
    0xf3, 0x00, 0x00, 0x00, 0x00, 0x7f, 0xff, 0xfc,
    0x00, 0x00, 0x04, 0xff, 0xff, 0xf0, 0x00, 0x00,
    0x00, 0x00, 0x3f, 0xff, 0xf7, 0x00, 0x00, 0x00,
    0xff, 0xff, 0xb0, 0x00, 0x00, 0x00, 0x00, 0x0e,
    0xff, 0xf2, 0x00, 0x00, 0x00, 0xaf, 0xff, 0x70,
    0x00, 0x00,

    /* U+0058 "X" */
    0x3f, 0xff, 0xc0, 0x00, 0x00, 0x00, 0x7f, 0xff,
    0x90, 0x8f, 0xff, 0x70, 0x00, 0x00, 0x2f, 0xff,
    0xd0, 0x00, 0xdf, 0xff, 0x20, 0x00, 0x0c, 0xff,
    0xf3, 0x00, 0x03, 0xff, 0xfc, 0x00, 0x06, 0xff,
    0xf8, 0x00, 0x00, 0x08, 0xff, 0xf7, 0x02, 0xff,
    0xfd, 0x00, 0x00, 0x00, 0x0c, 0xff, 0xf2, 0xbf,
    0xff, 0x30, 0x00, 0x00, 0x00, 0x2f, 0xff, 0xff,
    0xff, 0x80, 0x00, 0x00, 0x00, 0x00, 0x7f, 0xff,
    0xff, 0xc0, 0x00, 0x00, 0x00, 0x00, 0x00, 0xff,
    0xff, 0xf2, 0x00, 0x00, 0x00, 0x00, 0x00, 0x1f,
    0xff, 0xff, 0x20, 0x00, 0x00, 0x00, 0x00, 0x0a,
    0xff, 0xff, 0xfc, 0x00, 0x00, 0x00, 0x00, 0x05,
    0xff, 0xff, 0xff, 0xf7, 0x00, 0x00, 0x00, 0x01,
    0xef, 0xfe, 0x2d, 0xff, 0xf3, 0x00, 0x00, 0x00,
    0xbf, 0xff, 0x50, 0x3f, 0xff, 0xd0, 0x00, 0x00,
    0x6f, 0xff, 0xb0, 0x00, 0x8f, 0xff, 0x90, 0x00,
    0x2f, 0xff, 0xe1, 0x00, 0x00, 0xdf, 0xff, 0x40,
    0x0c, 0xff, 0xf5, 0x00, 0x00, 0x03, 0xff, 0xfe,
    0x07, 0xff, 0xfb, 0x00, 0x00, 0x00, 0x08, 0xff,
    0xfa,

    /* U+0059 "Y" */
    0x0c, 0xff, 0xe0, 0x00, 0x00, 0x00, 0xaf, 0xff,
    0x10, 0x4f, 0xff, 0x70, 0x00, 0x00, 0x2f, 0xff,
    0x80, 0x00, 0xcf, 0xfe, 0x00, 0x00, 0x0a, 0xff,
    0xf1, 0x00, 0x04, 0xff, 0xf7, 0x00, 0x02, 0xff,
    0xf8, 0x00, 0x00, 0x0c, 0xff, 0xe0, 0x00, 0xaf,
    0xfe, 0x00, 0x00, 0x00, 0x3f, 0xff, 0x60, 0x2f,
    0xff, 0x70, 0x00, 0x00, 0x00, 0xbf, 0xfe, 0x0a,
    0xff, 0xe0, 0x00, 0x00, 0x00, 0x03, 0xff, 0xf8,
    0xff, 0xf7, 0x00, 0x00, 0x00, 0x00, 0x0b, 0xff,
    0xff, 0xfe, 0x00, 0x00, 0x00, 0x00, 0x00, 0x3f,
    0xff, 0xff, 0x60, 0x00, 0x00, 0x00, 0x00, 0x00,
    0xcf, 0xff, 0xf0, 0x00, 0x00, 0x00, 0x00, 0x00,
    0x04, 0xff, 0xf9, 0x00, 0x00, 0x00, 0x00, 0x00,
    0x00, 0x1f, 0xff, 0x50, 0x00, 0x00, 0x00, 0x00,
    0x00, 0x01, 0xff, 0xf5, 0x00, 0x00, 0x00, 0x00,
    0x00, 0x00, 0x1f, 0xff, 0x50, 0x00, 0x00, 0x00,
    0x00, 0x00, 0x01, 0xff, 0xf5, 0x00, 0x00, 0x00,
    0x00, 0x00, 0x00, 0x1f, 0xff, 0x50, 0x00, 0x00,
    0x00, 0x00, 0x00, 0x01, 0xff, 0xf5, 0x00, 0x00,
    0x00,

    /* U+005A "Z" */
    0xaf, 0xff, 0xff, 0xff, 0xff, 0xff, 0xda, 0xff,
    0xff, 0xff, 0xff, 0xff, 0xfd, 0xaf, 0xff, 0xff,
    0xff, 0xff, 0xff, 0xc2, 0x44, 0x44, 0x44, 0x4d,
    0xff, 0xf3, 0x00, 0x00, 0x00, 0x05, 0xff, 0xf8,
    0x00, 0x00, 0x00, 0x01, 0xef, 0xfd, 0x00, 0x00,
    0x00, 0x00, 0xbf, 0xff, 0x30, 0x00, 0x00, 0x00,
    0x6f, 0xff, 0x70, 0x00, 0x00, 0x00, 0x2f, 0xff,
    0xc0, 0x00, 0x00, 0x00, 0x0c, 0xff, 0xf2, 0x00,
    0x00, 0x00, 0x07, 0xff, 0xf6, 0x00, 0x00, 0x00,
    0x03, 0xff, 0xfb, 0x00, 0x00, 0x00, 0x00, 0xdf,
    0xfe, 0x10, 0x00, 0x00, 0x00, 0x9f, 0xff, 0x50,
    0x00, 0x00, 0x00, 0x4f, 0xff, 0xe4, 0x44, 0x44,
    0x44, 0x3d, 0xff, 0xff, 0xff, 0xff, 0xff, 0xff,
    0xef, 0xff, 0xff, 0xff, 0xff, 0xff, 0xfe, 0xff,
    0xff, 0xff, 0xff, 0xff, 0xff,

    /* U+005B "[" */
    0x02, 0x25, 0x32, 0x25, 0xff, 0xff, 0xff, 0x5f,
    0xff, 0xff, 0xf5, 0xff, 0xff, 0xff, 0x5f, 0xff,
    0x10, 0x05, 0xff, 0xf1, 0x00, 0x5f, 0xff, 0x10,
    0x05, 0xff, 0xf1, 0x00, 0x5f, 0xff, 0x10, 0x05,
    0xff, 0xf1, 0x00, 0x5f, 0xff, 0x10, 0x05, 0xff,
    0xf1, 0x00, 0x5f, 0xff, 0x10, 0x05, 0xff, 0xf1,
    0x00, 0x5f, 0xff, 0x10, 0x05, 0xff, 0xf1, 0x00,
    0x5f, 0xff, 0x10, 0x05, 0xff, 0xf1, 0x00, 0x5f,
    0xff, 0x10, 0x05, 0xff, 0xf1, 0x00, 0x5f, 0xff,
    0x10, 0x05, 0xff, 0xf3, 0x22, 0x5f, 0xff, 0xff,
    0xf5, 0xff, 0xff, 0xff, 0x5f, 0xff, 0xff, 0xf0,

    /* U+005C "\\" */
    0x00, 0x00, 0x00, 0x00, 0x00, 0x00, 0x00, 0x02,
    0x9e, 0x10, 0x00, 0x00, 0x00, 0x00, 0x0d, 0xff,
    0x80, 0x00, 0x00, 0x00, 0x00, 0x06, 0xff, 0xf1,
    0x00, 0x00, 0x00, 0x00, 0x00, 0xef, 0xf7, 0x00,
    0x00, 0x00, 0x00, 0x00, 0x7f, 0xfe, 0x00, 0x00,
    0x00, 0x00, 0x00, 0x0e, 0xff, 0x70, 0x00, 0x00,
    0x00, 0x00, 0x07, 0xff, 0xe0, 0x00, 0x00, 0x00,
    0x00, 0x00, 0xef, 0xf7, 0x00, 0x00, 0x00, 0x00,
    0x00, 0x7f, 0xfe, 0x00, 0x00, 0x00, 0x00, 0x00,
    0x0f, 0xff, 0x60, 0x00, 0x00, 0x00, 0x00, 0x08,
    0xff, 0xe0, 0x00, 0x00, 0x00, 0x00, 0x01, 0xff,
    0xf6, 0x00, 0x00, 0x00, 0x00, 0x00, 0x8f, 0xfd,
    0x00, 0x00, 0x00, 0x00, 0x00, 0x1f, 0xff, 0x50,
    0x00, 0x00, 0x00, 0x00, 0x09, 0xff, 0xd0, 0x00,
    0x00, 0x00, 0x00, 0x01, 0xff, 0xf5, 0x00, 0x00,
    0x00, 0x00, 0x00, 0x9f, 0xfd, 0x00, 0x00, 0x00,
    0x00, 0x00, 0x1f, 0xff, 0x50, 0x00, 0x00, 0x00,
    0x00, 0x09, 0xff, 0xc0, 0x00, 0x00, 0x00, 0x00,
    0x02, 0xff, 0xf4, 0x00, 0x00, 0x00, 0x00, 0x00,
    0xaf, 0x92, 0x00, 0x00, 0x00, 0x00, 0x00, 0x11,
    0x00,

    /* U+005D "]" */
    0x12, 0x24, 0x32, 0x19, 0xff, 0xff, 0xfa, 0x9f,
    0xff, 0xff, 0xa9, 0xff, 0xff, 0xfa, 0x00, 0x0c,
    0xff, 0xa0, 0x00, 0xcf, 0xfa, 0x00, 0x0c, 0xff,
    0xa0, 0x00, 0xcf, 0xfa, 0x00, 0x0c, 0xff, 0xa0,
    0x00, 0xcf, 0xfa, 0x00, 0x0c, 0xff, 0xa0, 0x00,
    0xcf, 0xfa, 0x00, 0x0c, 0xff, 0xa0, 0x00, 0xcf,
    0xfa, 0x00, 0x0c, 0xff, 0xa0, 0x00, 0xcf, 0xfa,
    0x00, 0x0c, 0xff, 0xa0, 0x00, 0xcf, 0xfa, 0x00,
    0x0c, 0xff, 0xa0, 0x00, 0xcf, 0xfa, 0x00, 0x0c,
    0xff, 0xa1, 0x22, 0xef, 0xfa, 0x9f, 0xff, 0xff,
    0xa9, 0xff, 0xff, 0xfa, 0x9f, 0xff, 0xff, 0xa0,

    /* U+005E "^" */
    0x00, 0x00, 0x00, 0x51, 0x00, 0x00, 0x00, 0x00,
    0x00, 0x8f, 0xd1, 0x00, 0x00, 0x00, 0x00, 0xaf,
    0xff, 0xe2, 0x00, 0x00, 0x00, 0xbf, 0xff, 0xff,
    0xf4, 0x00, 0x01, 0xdf, 0xfe, 0x4b, 0xff, 0xf5,
    0x00, 0xcf, 0xfd, 0x20, 0x09, 0xff, 0xf3, 0x03,
    0xfc, 0x10, 0x00, 0x06, 0xf9, 0x00, 0x03, 0x00,
    0x00, 0x00, 0x03, 0x00,

    /* U+005F "_" */
    0x6c, 0xcc, 0xcc, 0xcc, 0xcc, 0xcc, 0xca, 0x7f,
    0xff, 0xff, 0xff, 0xff, 0xff, 0xfd, 0x7f, 0xff,
    0xff, 0xff, 0xff, 0xff, 0xfd,

    /* U+0060 "`" */
    0x06, 0x30, 0x00, 0x7f, 0xf4, 0x00, 0x3e, 0xff,
    0x50, 0x02, 0xef, 0xf6, 0x00, 0x2d, 0xf6, 0x00,
    0x01, 0x50,

    /* U+0061 "a" */
    0x00, 0x27, 0xce, 0xfe, 0xb5, 0x00, 0x02, 0xff,
    0xff, 0xff, 0xff, 0x80, 0x00, 0xbf, 0xfe, 0xef,
    0xff, 0xf3, 0x00, 0x34, 0x00, 0x03, 0xff, 0xf9,
    0x00, 0x03, 0x78, 0x62, 0xaf, 0xfb, 0x01, 0xbf,
    0xff, 0xff, 0xff, 0xfc, 0x0b, 0xff, 0xff, 0xff,
    0xff, 0xfc, 0x2f, 0xff, 0xb2, 0x05, 0xff, 0xfc,
    0x4f, 0xff, 0x40, 0x00, 0xaf, 0xfc, 0x3f, 0xff,
    0x70, 0x00, 0xdf, 0xfc, 0x0e, 0xff, 0xfb, 0xae,
    0xff, 0xfc, 0x05, 0xff, 0xff, 0xff, 0xff, 0xfc,
    0x00, 0x3a, 0xef, 0xd8, 0x2f, 0xfc,

    /* U+0062 "b" */
    0x8f, 0xfd, 0x00, 0x00, 0x00, 0x00, 0x00, 0x8f,
    0xfd, 0x00, 0x00, 0x00, 0x00, 0x00, 0x8f, 0xfd,
    0x00, 0x00, 0x00, 0x00, 0x00, 0x8f, 0xfd, 0x00,
    0x00, 0x00, 0x00, 0x00, 0x8f, 0xfd, 0x00, 0x00,
    0x00, 0x00, 0x00, 0x8f, 0xfd, 0x4b, 0xef, 0xd8,
    0x10, 0x00, 0x8f, 0xff, 0xff, 0xff, 0xff, 0xe3,
    0x00, 0x8f, 0xff, 0xff, 0xff, 0xff, 0xfe, 0x10,
    0x8f, 0xff, 0xf6, 0x24, 0xcf, 0xff, 0x80, 0x8f,
    0xff, 0x30, 0x00, 0x0d, 0xff, 0xe0, 0x8f, 0xff,
    0x00, 0x00, 0x07, 0xff, 0xf0, 0x8f, 0xff, 0x00,
    0x00, 0x05, 0xff, 0xf1, 0x8f, 0xff, 0x00, 0x00,
    0x08, 0xff, 0xf0, 0x8f, 0xff, 0x60, 0x00, 0x1e,
    0xff, 0xd0, 0x8f, 0xff, 0xf9, 0x67, 0xef, 0xff,
    0x80, 0x8f, 0xff, 0xff, 0xff, 0xff, 0xfe, 0x10,
    0x8f, 0xfd, 0xff, 0xff, 0xff, 0xe3, 0x00, 0x8f,
    0xf2, 0x3a, 0xef, 0xd8, 0x10, 0x00,

    /* U+0063 "c" */
    0x00, 0x01, 0x7c, 0xef, 0xd9, 0x20, 0x00, 0x03,
    0xef, 0xff, 0xff, 0xff, 0x40, 0x01, 0xef, 0xff,
    0xff, 0xff, 0xff, 0x30, 0xaf, 0xff, 0xc6, 0x5a,
    0xff, 0xfb, 0x0f, 0xff, 0xc0, 0x00, 0x08, 0xc6,
    0x03, 0xff, 0xf4, 0x00, 0x00, 0x00, 0x00, 0x4f,
    0xff, 0x20, 0x00, 0x00, 0x00, 0x03, 0xff, 0xf4,
    0x00, 0x00, 0x00, 0x00, 0x0f, 0xff, 0xc0, 0x00,
    0x09, 0xd6, 0x00, 0xaf, 0xff, 0xd7, 0x6a, 0xff,
    0xfb, 0x01, 0xef, 0xff, 0xff, 0xff, 0xff, 0x30,
    0x03, 0xef, 0xff, 0xff, 0xff, 0x40, 0x00, 0x01,
    0x7c, 0xef, 0xd9, 0x10, 0x00,

    /* U+0064 "d" */
    0x00, 0x00, 0x00, 0x00, 0x00, 0xff, 0xf6, 0x00,
    0x00, 0x00, 0x00, 0x00, 0xff, 0xf6, 0x00, 0x00,
    0x00, 0x00, 0x00, 0xff, 0xf6, 0x00, 0x00, 0x00,
    0x00, 0x00, 0xff, 0xf6, 0x00, 0x00, 0x00, 0x00,
    0x00, 0xff, 0xf6, 0x00, 0x02, 0x9d, 0xfe, 0xa3,
    0xff, 0xf6, 0x00, 0x5f, 0xff, 0xff, 0xff, 0xff,
    0xf6, 0x02, 0xff, 0xff, 0xff, 0xff, 0xff, 0xf6,
    0x0b, 0xff, 0xfa, 0x43, 0x7f, 0xff, 0xf6, 0x0f,
    0xff, 0xb0, 0x00, 0x07, 0xff, 0xf6, 0x3f, 0xff,
    0x40, 0x00, 0x00, 0xff, 0xf6, 0x4f, 0xff, 0x30,
    0x00, 0x00, 0xff, 0xf6, 0x3f, 0xff, 0x50, 0x00,
    0x00, 0xff, 0xf6, 0x0f, 0xff, 0xc0, 0x00, 0x07,
    0xff, 0xf6, 0x0b, 0xff, 0xfb, 0x43, 0x8f, 0xff,
    0xf6, 0x02, 0xff, 0xff, 0xff, 0xff, 0xff, 0xf6,
    0x00, 0x5f, 0xff, 0xff, 0xff, 0xdf, 0xf6, 0x00,
    0x02, 0x9d, 0xfe, 0x92, 0x4f, 0xf6,

    /* U+0065 "e" */
    0x00, 0x01, 0x7d, 0xff, 0xd7, 0x10, 0x00, 0x00,
    0x3e, 0xff, 0xff, 0xff, 0xe3, 0x00, 0x02, 0xff,
    0xff, 0xcc, 0xff, 0xff, 0x20, 0x0a, 0xff, 0xc1,
    0x00, 0x1c, 0xff, 0xa0, 0x0f, 0xff, 0x20, 0x00,
    0x03, 0xff, 0xf1, 0x3f, 0xff, 0xff, 0xff, 0xff,
    0xff, 0xf3, 0x4f, 0xff, 0xff, 0xff, 0xff, 0xff,
    0xf5, 0x3f, 0xff, 0x88, 0x88, 0x88, 0x88, 0x82,
    0x0f, 0xff, 0x30, 0x00, 0x00, 0x51, 0x00, 0x0a,
    0xff, 0xd2, 0x00, 0x08, 0xfe, 0x60, 0x02, 0xff,
    0xff, 0xdc, 0xef, 0xff, 0x50, 0x00, 0x4e, 0xff,
    0xff, 0xff, 0xf6, 0x00, 0x00, 0x01, 0x8d, 0xff,
    0xd9, 0x20, 0x00,

    /* U+0066 "f" */
    0x00, 0x00, 0x9e, 0xfe, 0x40, 0x00, 0xcf, 0xff,
    0xf6, 0x00, 0x5f, 0xff, 0xff, 0x60, 0x08, 0xff,
    0xf6, 0x31, 0x00, 0xaf, 0xfc, 0x00, 0x06, 0xff,
    0xff, 0xff, 0xf1, 0x6f, 0xff, 0xff, 0xff, 0x16,
    0xff, 0xff, 0xff, 0xf1, 0x01, 0xcf, 0xfe, 0x11,
    0x00, 0x0a, 0xff, 0xc0, 0x00, 0x00, 0xaf, 0xfc,
    0x00, 0x00, 0x0a, 0xff, 0xc0, 0x00, 0x00, 0xaf,
    0xfc, 0x00, 0x00, 0x0a, 0xff, 0xc0, 0x00, 0x00,
    0xaf, 0xfc, 0x00, 0x00, 0x0a, 0xff, 0xc0, 0x00,
    0x00, 0xaf, 0xfc, 0x00, 0x00, 0x0a, 0xff, 0xc0,
    0x00,

    /* U+0067 "g" */
    0x00, 0x02, 0x9d, 0xfe, 0xa3, 0x3f, 0xf8, 0x00,
    0x5f, 0xff, 0xff, 0xff, 0xcf, 0xf8, 0x03, 0xff,
    0xff, 0xff, 0xff, 0xff, 0xf8, 0x0b, 0xff, 0xf8,
    0x10, 0x4d, 0xff, 0xf8, 0x0f, 0xff, 0xa0, 0x00,
    0x02, 0xff, 0xf8, 0x2f, 0xff, 0x50, 0x00, 0x00,
    0xff, 0xf8, 0x2f, 0xff, 0x50, 0x00, 0x00, 0xff,
    0xf8, 0x0f, 0xff, 0xa0, 0x00, 0x02, 0xff, 0xf8,
    0x0b, 0xff, 0xf8, 0x10, 0x4d, 0xff, 0xf8, 0x03,
    0xff, 0xff, 0xff, 0xff, 0xff, 0xf8, 0x00, 0x5f,
    0xff, 0xff, 0xff, 0xff, 0xf8, 0x00, 0x02, 0x9d,
    0xfe, 0xa3, 0xef, 0xf7, 0x00, 0x00, 0x00, 0x00,
    0x00, 0xff, 0xf5, 0x00, 0x2a, 0x50, 0x00, 0x04,
    0xff, 0xf2, 0x04, 0xff, 0xf5, 0x00, 0x3e, 0xff,
    0xd0, 0x00, 0xdf, 0xff, 0xff, 0xff, 0xff, 0x40,
    0x00, 0x2d, 0xff, 0xff, 0xff, 0xf6, 0x00, 0x00,
    0x00, 0x7c, 0xff, 0xd9, 0x20, 0x00,

    /* U+0068 "h" */
    0x8f, 0xfd, 0x00, 0x00, 0x00, 0x00, 0x08, 0xff,
    0xd0, 0x00, 0x00, 0x00, 0x00, 0x8f, 0xfd, 0x00,
    0x00, 0x00, 0x00, 0x08, 0xff, 0xd0, 0x00, 0x00,
    0x00, 0x00, 0x8f, 0xfd, 0x00, 0x00, 0x00, 0x00,
    0x08, 0xff, 0xd0, 0x6c, 0xff, 0xc4, 0x00, 0x8f,
    0xff, 0xdf, 0xff, 0xff, 0xf4, 0x08, 0xff, 0xff,
    0xff, 0xff, 0xff, 0xb0, 0x8f, 0xff, 0xfb, 0x66,
    0xef, 0xfe, 0x08, 0xff, 0xf4, 0x00, 0x07, 0xff,
    0xf0, 0x8f, 0xfe, 0x00, 0x00, 0x5f, 0xff, 0x08,
    0xff, 0xd0, 0x00, 0x05, 0xff, 0xf0, 0x8f, 0xfd,
    0x00, 0x00, 0x5f, 0xff, 0x08, 0xff, 0xd0, 0x00,
    0x05, 0xff, 0xf0, 0x8f, 0xfd, 0x00, 0x00, 0x5f,
    0xff, 0x08, 0xff, 0xd0, 0x00, 0x05, 0xff, 0xf0,
    0x8f, 0xfd, 0x00, 0x00, 0x5f, 0xff, 0x08, 0xff,
    0xd0, 0x00, 0x05, 0xff, 0xf0,

    /* U+0069 "i" */
    0x3d, 0xf8, 0x0b, 0xff, 0xf2, 0xcf, 0xff, 0x24,
    0xff, 0xa0, 0x00, 0x10, 0x00, 0x00, 0x00, 0x7f,
    0xfe, 0x07, 0xff, 0xe0, 0x7f, 0xfe, 0x07, 0xff,
    0xe0, 0x7f, 0xfe, 0x07, 0xff, 0xe0, 0x7f, 0xfe,
    0x07, 0xff, 0xe0, 0x7f, 0xfe, 0x07, 0xff, 0xe0,
    0x7f, 0xfe, 0x07, 0xff, 0xe0, 0x7f, 0xfe, 0x00,

    /* U+006A "j" */
    0x00, 0x1c, 0xfa, 0x00, 0x09, 0xff, 0xf5, 0x00,
    0x9f, 0xff, 0x50, 0x02, 0xef, 0xc0, 0x00, 0x00,
    0x10, 0x00, 0x00, 0x00, 0x00, 0x00, 0x5f, 0xff,
    0x10, 0x05, 0xff, 0xf1, 0x00, 0x5f, 0xff, 0x10,
    0x05, 0xff, 0xf1, 0x00, 0x5f, 0xff, 0x10, 0x05,
    0xff, 0xf1, 0x00, 0x5f, 0xff, 0x10, 0x05, 0xff,
    0xf1, 0x00, 0x5f, 0xff, 0x10, 0x05, 0xff, 0xf1,
    0x00, 0x5f, 0xff, 0x10, 0x05, 0xff, 0xf1, 0x00,
    0x5f, 0xff, 0x10, 0x05, 0xff, 0xf1, 0x00, 0x9f,
    0xff, 0x02, 0xff, 0xff, 0xd0, 0x2f, 0xff, 0xf6,
    0x01, 0xef, 0xd6, 0x00,

    /* U+006B "k" */
    0x8f, 0xfd, 0x00, 0x00, 0x00, 0x00, 0x08, 0xff,
    0xd0, 0x00, 0x00, 0x00, 0x00, 0x8f, 0xfd, 0x00,
    0x00, 0x00, 0x00, 0x08, 0xff, 0xd0, 0x00, 0x00,
    0x00, 0x00, 0x8f, 0xfd, 0x00, 0x00, 0x00, 0x00,
    0x08, 0xff, 0xd0, 0x00, 0x4f, 0xff, 0x90, 0x8f,
    0xfd, 0x00, 0x3f, 0xff, 0xb0, 0x08, 0xff, 0xd0,
    0x2e, 0xff, 0xc0, 0x00, 0x8f, 0xfd, 0x1d, 0xff,
    0xd1, 0x00, 0x08, 0xff, 0xec, 0xff, 0xe2, 0x00,
    0x00, 0x8f, 0xff, 0xff, 0xf3, 0x00, 0x00, 0x08,
    0xff, 0xff, 0xff, 0x00, 0x00, 0x00, 0x8f, 0xff,
    0xff, 0xfb, 0x00, 0x00, 0x08, 0xff, 0xd8, 0xff,
    0xf8, 0x00, 0x00, 0x8f, 0xfd, 0x0b, 0xff, 0xf5,
    0x00, 0x08, 0xff, 0xd0, 0x0d, 0xff, 0xf2, 0x00,
    0x8f, 0xfd, 0x00, 0x2f, 0xff, 0xd1, 0x08, 0xff,
    0xd0, 0x00, 0x4f, 0xff, 0xb0,

    /* U+006C "l" */
    0x8f, 0xfd, 0x00, 0x8f, 0xfd, 0x00, 0x8f, 0xfd,
    0x00, 0x8f, 0xfd, 0x00, 0x8f, 0xfd, 0x00, 0x8f,
    0xfd, 0x00, 0x8f, 0xfd, 0x00, 0x8f, 0xfd, 0x00,
    0x8f, 0xfd, 0x00, 0x8f, 0xfd, 0x00, 0x8f, 0xfd,
    0x00, 0x8f, 0xfd, 0x00, 0x8f, 0xfd, 0x00, 0x8f,
    0xfd, 0x00, 0x8f, 0xff, 0x60, 0x6f, 0xff, 0xf1,
    0x1f, 0xff, 0xf1, 0x04, 0xcf, 0xe1,

    /* U+006D "m" */
    0x8f, 0xf2, 0x17, 0xdf, 0xeb, 0x20, 0x19, 0xdf,
    0xea, 0x10, 0x8f, 0xfc, 0xff, 0xff, 0xff, 0xe8,
    0xff, 0xff, 0xff, 0xc0, 0x8f, 0xff, 0xff, 0xff,
    0xff, 0xff, 0xff, 0xff, 0xff, 0xf3, 0x8f, 0xff,
    0xfa, 0x68, 0xff, 0xff, 0xf9, 0x5a, 0xff, 0xf7,
    0x8f, 0xff, 0x30, 0x00, 0xcf, 0xff, 0x20, 0x00,
    0xef, 0xf8, 0x8f, 0xfe, 0x00, 0x00, 0xaf, 0xfc,
    0x00, 0x00, 0xdf, 0xf9, 0x8f, 0xfd, 0x00, 0x00,
    0xaf, 0xfb, 0x00, 0x00, 0xdf, 0xfa, 0x8f, 0xfd,
    0x00, 0x00, 0xaf, 0xfb, 0x00, 0x00, 0xdf, 0xfa,
    0x8f, 0xfd, 0x00, 0x00, 0xaf, 0xfb, 0x00, 0x00,
    0xdf, 0xfa, 0x8f, 0xfd, 0x00, 0x00, 0xaf, 0xfb,
    0x00, 0x00, 0xdf, 0xfa, 0x8f, 0xfd, 0x00, 0x00,
    0xaf, 0xfb, 0x00, 0x00, 0xdf, 0xfa, 0x8f, 0xfd,
    0x00, 0x00, 0xaf, 0xfb, 0x00, 0x00, 0xdf, 0xfa,
    0x8f, 0xfd, 0x00, 0x00, 0xaf, 0xfb, 0x00, 0x00,
    0xdf, 0xfa,

    /* U+006E "n" */
    0x8f, 0xf2, 0x06, 0xcf, 0xfc, 0x40, 0x08, 0xff,
    0xbe, 0xff, 0xff, 0xff, 0x40, 0x8f, 0xff, 0xff,
    0xff, 0xff, 0xfb, 0x08, 0xff, 0xff, 0xb6, 0x6e,
    0xff, 0xe0, 0x8f, 0xff, 0x40, 0x00, 0x7f, 0xff,
    0x08, 0xff, 0xe0, 0x00, 0x05, 0xff, 0xf0, 0x8f,
    0xfd, 0x00, 0x00, 0x5f, 0xff, 0x08, 0xff, 0xd0,
    0x00, 0x05, 0xff, 0xf0, 0x8f, 0xfd, 0x00, 0x00,
    0x5f, 0xff, 0x08, 0xff, 0xd0, 0x00, 0x05, 0xff,
    0xf0, 0x8f, 0xfd, 0x00, 0x00, 0x5f, 0xff, 0x08,
    0xff, 0xd0, 0x00, 0x05, 0xff, 0xf0, 0x8f, 0xfd,
    0x00, 0x00, 0x5f, 0xff, 0x00,

    /* U+006F "o" */
    0x00, 0x00, 0x6c, 0xef, 0xda, 0x40, 0x00, 0x00,
    0x3d, 0xff, 0xff, 0xff, 0xfa, 0x00, 0x01, 0xef,
    0xff, 0xff, 0xff, 0xff, 0xa0, 0x09, 0xff, 0xfd,
    0x65, 0x8f, 0xff, 0xf4, 0x0f, 0xff, 0xd0, 0x00,
    0x03, 0xff, 0xfa, 0x2f, 0xff, 0x50, 0x00, 0x00,
    0xaf, 0xfd, 0x4f, 0xff, 0x30, 0x00, 0x00, 0x8f,
    0xff, 0x2f, 0xff, 0x50, 0x00, 0x00, 0xaf, 0xfd,
    0x0f, 0xff, 0xd0, 0x00, 0x03, 0xff, 0xfa, 0x09,
    0xff, 0xfd, 0x75, 0x8f, 0xff, 0xf4, 0x01, 0xef,
    0xff, 0xff, 0xff, 0xff, 0xa0, 0x00, 0x3d, 0xff,
    0xff, 0xff, 0xfa, 0x00, 0x00, 0x00, 0x6c, 0xef,
    0xea, 0x40, 0x00,

    /* U+0070 "p" */
    0x8f, 0xf2, 0x3a, 0xef, 0xd8, 0x10, 0x00, 0x8f,
    0xfd, 0xff, 0xff, 0xff, 0xe3, 0x00, 0x8f, 0xff,
    0xff, 0xff, 0xff, 0xfe, 0x10, 0x8f, 0xff, 0xf9,
    0x57, 0xef, 0xff, 0x80, 0x8f, 0xff, 0x50, 0x00,
    0x1e, 0xff, 0xd0, 0x8f, 0xff, 0x00, 0x00, 0x08,
    0xff, 0xf0, 0x8f, 0xff, 0x00, 0x00, 0x05, 0xff,
    0xf1, 0x8f, 0xff, 0x00, 0x00, 0x07, 0xff, 0xf0,
    0x8f, 0xff, 0x40, 0x00, 0x0d, 0xff, 0xd0, 0x8f,
    0xff, 0xf6, 0x34, 0xcf, 0xff, 0x80, 0x8f, 0xff,
    0xff, 0xff, 0xff, 0xfe, 0x10, 0x8f, 0xff, 0xff,
    0xff, 0xff, 0xe3, 0x00, 0x8f, 0xfd, 0x4b, 0xef,
    0xd8, 0x10, 0x00, 0x8f, 0xfd, 0x00, 0x00, 0x00,
    0x00, 0x00, 0x8f, 0xfd, 0x00, 0x00, 0x00, 0x00,
    0x00, 0x8f, 0xfd, 0x00, 0x00, 0x00, 0x00, 0x00,
    0x8f, 0xfd, 0x00, 0x00, 0x00, 0x00, 0x00, 0x8f,
    0xfd, 0x00, 0x00, 0x00, 0x00, 0x00,

    /* U+0071 "q" */
    0x00, 0x02, 0x9d, 0xfd, 0x92, 0x4f, 0xf6, 0x00,
    0x5f, 0xff, 0xff, 0xff, 0xdf, 0xf6, 0x03, 0xff,
    0xff, 0xff, 0xff, 0xff, 0xf6, 0x0b, 0xff, 0xfb,
    0x43, 0x7f, 0xff, 0xf6, 0x0f, 0xff, 0xb0, 0x00,
    0x07, 0xff, 0xf6, 0x3f, 0xff, 0x50, 0x00, 0x00,
    0xff, 0xf6, 0x4f, 0xff, 0x30, 0x00, 0x00, 0xff,
    0xf6, 0x3f, 0xff, 0x50, 0x00, 0x00, 0xff, 0xf6,
    0x0f, 0xff, 0xb0, 0x00, 0x07, 0xff, 0xf6, 0x0b,
    0xff, 0xfb, 0x43, 0x8f, 0xff, 0xf6, 0x02, 0xff,
    0xff, 0xff, 0xff, 0xff, 0xf6, 0x00, 0x5f, 0xff,
    0xff, 0xff, 0xff, 0xf6, 0x00, 0x02, 0x9d, 0xfe,
    0xa3, 0xff, 0xf6, 0x00, 0x00, 0x00, 0x00, 0x00,
    0xff, 0xf6, 0x00, 0x00, 0x00, 0x00, 0x00, 0xff,
    0xf6, 0x00, 0x00, 0x00, 0x00, 0x00, 0xff, 0xf6,
    0x00, 0x00, 0x00, 0x00, 0x00, 0xff, 0xf6, 0x00,
    0x00, 0x00, 0x00, 0x00, 0xff, 0xf6,

    /* U+0072 "r" */
    0x8f, 0xf1, 0x4c, 0xfd, 0x8f, 0xfd, 0xff, 0xfd,
    0x8f, 0xff, 0xff, 0xfd, 0x8f, 0xff, 0xd8, 0x64,
    0x8f, 0xff, 0x00, 0x00, 0x8f, 0xff, 0x00, 0x00,
    0x8f, 0xfd, 0x00, 0x00, 0x8f, 0xfd, 0x00, 0x00,
    0x8f, 0xfd, 0x00, 0x00, 0x8f, 0xfd, 0x00, 0x00,
    0x8f, 0xfd, 0x00, 0x00, 0x8f, 0xfd, 0x00, 0x00,
    0x8f, 0xfd, 0x00, 0x00,

    /* U+0073 "s" */
    0x00, 0x08, 0xdf, 0xec, 0x70, 0x00, 0x1d, 0xff,
    0xff, 0xff, 0xd2, 0x09, 0xff, 0xfe, 0xff, 0xff,
    0x80, 0xdf, 0xf4, 0x00, 0x5d, 0x60, 0x0c, 0xff,
    0x81, 0x00, 0x00, 0x00, 0x7f, 0xff, 0xfc, 0x72,
    0x00, 0x00, 0x9f, 0xff, 0xff, 0xf8, 0x00, 0x00,
    0x28, 0xdf, 0xff, 0xf6, 0x00, 0x20, 0x00, 0x2b,
    0xff, 0xb0, 0x4f, 0xc2, 0x00, 0x7f, 0xfb, 0x0e,
    0xff, 0xfd, 0xdf, 0xff, 0x70, 0x3e, 0xff, 0xff,
    0xff, 0xb0, 0x00, 0x18, 0xdf, 0xfc, 0x60, 0x00,

    /* U+0074 "t" */
    0x00, 0x0d, 0xff, 0x00, 0x00, 0x01, 0xff, 0xf0,
    0x00, 0x00, 0x5f, 0xff, 0x00, 0x06, 0xff, 0xff,
    0xff, 0xfc, 0x6f, 0xff, 0xff, 0xff, 0xc6, 0xff,
    0xff, 0xff, 0xfc, 0x02, 0x9f, 0xff, 0x22, 0x10,
    0x06, 0xff, 0xf0, 0x00, 0x00, 0x6f, 0xff, 0x00,
    0x00, 0x06, 0xff, 0xf0, 0x00, 0x00, 0x6f, 0xff,
    0x00, 0x00, 0x06, 0xff, 0xf0, 0x00, 0x00, 0x5f,
    0xff, 0xa4, 0x40, 0x02, 0xff, 0xff, 0xfc, 0x00,
    0x0a, 0xff, 0xff, 0xc0, 0x00, 0x07, 0xdf, 0xf9,

    /* U+0075 "u" */
    0xbf, 0xfb, 0x00, 0x00, 0x7f, 0xfe, 0xbf, 0xfb,
    0x00, 0x00, 0x7f, 0xfe, 0xbf, 0xfb, 0x00, 0x00,
    0x7f, 0xfe, 0xbf, 0xfb, 0x00, 0x00, 0x7f, 0xfe,
    0xbf, 0xfb, 0x00, 0x00, 0x7f, 0xfe, 0xbf, 0xfb,
    0x00, 0x00, 0x7f, 0xfe, 0xbf, 0xfb, 0x00, 0x00,
    0x7f, 0xfe, 0xbf, 0xfb, 0x00, 0x00, 0x8f, 0xfe,
    0xaf, 0xfd, 0x00, 0x01, 0xff, 0xfe, 0x8f, 0xff,
    0xa6, 0x9f, 0xff, 0xfe, 0x5f, 0xff, 0xff, 0xff,
    0xff, 0xfe, 0x0c, 0xff, 0xff, 0xff, 0xbf, 0xfe,
    0x01, 0x9e, 0xfe, 0xa3, 0x0c, 0xfe,

    /* U+0076 "v" */
    0x8f, 0xff, 0x10, 0x00, 0x08, 0xff, 0xe0, 0x2f,
    0xff, 0x60, 0x00, 0x0d, 0xff, 0x90, 0x0c, 0xff,
    0xb0, 0x00, 0x2f, 0xff, 0x30, 0x05, 0xff, 0xf1,
    0x00, 0x8f, 0xfd, 0x00, 0x00, 0xff, 0xf6, 0x00,
    0xdf, 0xf8, 0x00, 0x00, 0x9f, 0xfb, 0x02, 0xff,
    0xf2, 0x00, 0x00, 0x3f, 0xff, 0x17, 0xff, 0xc0,
    0x00, 0x00, 0x0d, 0xff, 0x6c, 0xff, 0x70, 0x00,
    0x00, 0x07, 0xff, 0xdf, 0xff, 0x10, 0x00, 0x00,
    0x01, 0xff, 0xff, 0xfb, 0x00, 0x00, 0x00, 0x00,
    0xbf, 0xff, 0xf5, 0x00, 0x00, 0x00, 0x00, 0x5f,
    0xff, 0xf0, 0x00, 0x00, 0x00, 0x00, 0x0f, 0xff,
    0xa0, 0x00, 0x00,

    /* U+0077 "w" */
    0x9f, 0xfb, 0x00, 0x00, 0xbf, 0xf5, 0x00, 0x01,
    0xff, 0xf1, 0x4f, 0xff, 0x00, 0x01, 0xff, 0xfa,
    0x00, 0x06, 0xff, 0xd0, 0x0f, 0xff, 0x40, 0x05,
    0xff, 0xff, 0x00, 0x0a, 0xff, 0x80, 0x0b, 0xff,
    0x80, 0x0a, 0xff, 0xff, 0x40, 0x0e, 0xff, 0x30,
    0x06, 0xff, 0xd0, 0x0f, 0xff, 0xff, 0x90, 0x3f,
    0xfe, 0x00, 0x01, 0xff, 0xf1, 0x5f, 0xfc, 0xff,
    0xe0, 0x7f, 0xf9, 0x00, 0x00, 0xcf, 0xf6, 0xaf,
    0xf5, 0xcf, 0xf3, 0xcf, 0xf4, 0x00, 0x00, 0x8f,
    0xfa, 0xef, 0xf0, 0x7f, 0xf9, 0xff, 0xf0, 0x00,
    0x00, 0x3f, 0xff, 0xff, 0xb0, 0x1f, 0xff, 0xff,
    0xb0, 0x00, 0x00, 0x0e, 0xff, 0xff, 0x50, 0x0c,
    0xff, 0xff, 0x60, 0x00, 0x00, 0x09, 0xff, 0xff,
    0x10, 0x07, 0xff, 0xff, 0x10, 0x00, 0x00, 0x04,
    0xff, 0xfb, 0x00, 0x02, 0xff, 0xfc, 0x00, 0x00,
    0x00, 0x00, 0xff, 0xf6, 0x00, 0x00, 0xdf, 0xf8,
    0x00, 0x00,

    /* U+0078 "x" */
    0x4f, 0xff, 0x90, 0x00, 0x3f, 0xff, 0xb0, 0x0a,
    0xff, 0xf3, 0x00, 0xcf, 0xfe, 0x10, 0x01, 0xef,
    0xfc, 0x06, 0xff, 0xf5, 0x00, 0x00, 0x4f, 0xff,
    0x8f, 0xff, 0xa0, 0x00, 0x00, 0x09, 0xff, 0xff,
    0xfe, 0x10, 0x00, 0x00, 0x00, 0xef, 0xff, 0xf5,
    0x00, 0x00, 0x00, 0x00, 0x9f, 0xff, 0xf0, 0x00,
    0x00, 0x00, 0x01, 0xef, 0xff, 0xf6, 0x00, 0x00,
    0x00, 0x0a, 0xff, 0xff, 0xff, 0x10, 0x00, 0x00,
    0x5f, 0xff, 0x7e, 0xff, 0xb0, 0x00, 0x01, 0xef,
    0xfc, 0x05, 0xff, 0xf6, 0x00, 0x0a, 0xff, 0xf2,
    0x00, 0xbf, 0xff, 0x10, 0x5f, 0xff, 0x80, 0x00,
    0x2f, 0xff, 0xb0,

    /* U+0079 "y" */
    0x8f, 0xfe, 0x00, 0x00, 0x00, 0xff, 0xf7, 0x1f,
    0xff, 0x60, 0x00, 0x06, 0xff, 0xf1, 0x0a, 0xff,
    0xd0, 0x00, 0x0d, 0xff, 0x90, 0x03, 0xff, 0xf4,
    0x00, 0x4f, 0xff, 0x30, 0x00, 0xcf, 0xfb, 0x00,
    0xbf, 0xfc, 0x00, 0x00, 0x5f, 0xff, 0x22, 0xff,
    0xf5, 0x00, 0x00, 0x0e, 0xff, 0x89, 0xff, 0xe0,
    0x00, 0x00, 0x07, 0xff, 0xff, 0xff, 0x70, 0x00,
    0x00, 0x01, 0xff, 0xff, 0xff, 0x10, 0x00, 0x00,
    0x00, 0x9f, 0xff, 0xf9, 0x00, 0x00, 0x00, 0x00,
    0x2f, 0xff, 0xf2, 0x00, 0x00, 0x00, 0x00, 0x0f,
    0xff, 0xb0, 0x00, 0x00, 0x00, 0x00, 0x2f, 0xff,
    0x40, 0x00, 0x00, 0x00, 0x00, 0x9f, 0xfd, 0x00,
    0x00, 0x00, 0x00, 0x01, 0xff, 0xf6, 0x00, 0x00,
    0x00, 0x00, 0x07, 0xff, 0xf0, 0x00, 0x00, 0x00,
    0x00, 0x0e, 0xff, 0x90, 0x00, 0x00, 0x00, 0x00,
    0x5f, 0xff, 0x20, 0x00, 0x00, 0x00,

    /* U+007A "z" */
    0x0e, 0xff, 0xff, 0xff, 0xff, 0xf2, 0x0e, 0xff,
    0xff, 0xff, 0xff, 0xf2, 0x0e, 0xff, 0xff, 0xff,
    0xff, 0xf1, 0x00, 0x00, 0x00, 0x6f, 0xff, 0x70,
    0x00, 0x00, 0x03, 0xff, 0xf9, 0x00, 0x00, 0x00,
    0x1e, 0xff, 0xc0, 0x00, 0x00, 0x00, 0xcf, 0xfe,
    0x10, 0x00, 0x00, 0x0a, 0xff, 0xf2, 0x00, 0x00,
    0x00, 0x8f, 0xff, 0x40, 0x00, 0x00, 0x05, 0xff,
    0xf8, 0x00, 0x00, 0x00, 0x0f, 0xff, 0xff, 0xff,
    0xff, 0xf4, 0x0f, 0xff, 0xff, 0xff, 0xff, 0xf4,
    0x0f, 0xff, 0xff, 0xff, 0xff, 0xf4,

    /* U+007B "{" */
    0x01, 0x9d, 0xff, 0x52, 0xef, 0xff, 0xf6, 0x9f,
    0xff, 0xff, 0x5c, 0xff, 0xf5, 0x31, 0xaf, 0xfb,
    0x00, 0x03, 0xff, 0xe0, 0x00, 0x09, 0xff, 0x80,
    0x00, 0x0d, 0xff, 0x20, 0x00, 0x6f, 0xfa, 0x00,
    0x05, 0xff, 0xd0, 0x05, 0xef, 0xfb, 0x0b, 0xff,
    0xff, 0x30, 0xcf, 0xff, 0xd0, 0x06, 0xef, 0xff,
    0x70, 0x00, 0xaf, 0xfc, 0x00, 0x04, 0xff, 0xd0,
    0x00, 0x8f, 0xf8, 0x00, 0x2f, 0xfe, 0x10, 0x0c,
    0xff, 0x60, 0x05, 0xff, 0xe0, 0x00, 0xbf, 0xfb,
    0x00, 0x0c, 0xff, 0xf5, 0x20, 0x9f, 0xff, 0xff,
    0x51, 0xef, 0xff, 0xf6, 0x01, 0x9d, 0xff, 0x50,

    /* U+007C "|" */
    0x1a, 0xa9, 0x3f, 0xff, 0x3f, 0xff, 0x3f, 0xff,
    0x3f, 0xff, 0x3f, 0xff, 0x3f, 0xff, 0x3f, 0xff,
    0x3f, 0xff, 0x3f, 0xff, 0x3f, 0xff, 0x3f, 0xff,
    0x3f, 0xff, 0x3f, 0xff, 0x3f, 0xff, 0x3f, 0xff,
    0x3f, 0xff, 0x3f, 0xff, 0x3f, 0xff, 0x3f, 0xff,
    0x3f, 0xff, 0x3f, 0xff, 0x3f, 0xff, 0x3f, 0xff,
    0x3f, 0xff,

    /* U+007D "}" */
    0x0e, 0xfe, 0xb4, 0x00, 0x0f, 0xff, 0xff, 0x60,
    0x0f, 0xff, 0xff, 0xf0, 0x03, 0x4b, 0xff, 0xf2,
    0x00, 0x04, 0xff, 0xf1, 0x00, 0x08, 0xff, 0x90,
    0x00, 0x2f, 0xfe, 0x10, 0x00, 0xbf, 0xf5, 0x00,
    0x04, 0xff, 0xd0, 0x00, 0x07, 0xff, 0xc0, 0x00,
    0x05, 0xff, 0xf9, 0x10, 0x00, 0xcf, 0xff, 0xf2,
    0x00, 0x5f, 0xff, 0xf2, 0x01, 0xff, 0xff, 0xa0,
    0x06, 0xff, 0xf2, 0x00, 0x07, 0xff, 0xb0, 0x00,
    0x02, 0xff, 0xe0, 0x00, 0x00, 0x9f, 0xf8, 0x00,
    0x00, 0x1f, 0xff, 0x20, 0x00, 0x08, 0xff, 0xb0,
    0x00, 0x04, 0xff, 0xf1, 0x02, 0x3b, 0xff, 0xf2,
    0x0f, 0xff, 0xff, 0xe0, 0x0f, 0xff, 0xff, 0x60,
    0x0f, 0xfe, 0xb4, 0x00,

    /* U+007E "~" */
    0x00, 0x00, 0x00, 0x00, 0x00, 0x00, 0x00, 0x00,
    0x01, 0x8c, 0xd9, 0x10, 0x00, 0x0d, 0x70, 0x01,
    0xdf, 0xff, 0xff, 0x60, 0x09, 0xff, 0xb0, 0xbf,
    0xff, 0xff, 0xff, 0xee, 0xff, 0xf4, 0x4f, 0xff,
    0x40, 0x5e, 0xff, 0xff, 0xf8, 0x00, 0x4c, 0x60,
    0x00, 0x08, 0xef, 0xd6, 0x00, 0x00, 0x00, 0x00,
    0x00, 0x00, 0x00, 0x00, 0x00,

    /* U+00A0 " " */

    /* U+00A1 "¡" */
    0x03, 0x86, 0x00, 0x3f, 0xff, 0xa0, 0x8f, 0xff,
    0xf0, 0x5f, 0xff, 0xd0, 0x09, 0xfd, 0x30, 0x00,
    0x00, 0x00, 0x08, 0xcc, 0x20, 0x0c, 0xff, 0x40,
    0x0d, 0xff, 0x50, 0x0e, 0xff, 0x60, 0x0f, 0xff,
    0x70, 0x0f, 0xff, 0x80, 0x0f, 0xff, 0x80, 0x1f,
    0xff, 0x90, 0x1f, 0xff, 0x90, 0x2f, 0xff, 0xa0,
    0x2f, 0xff, 0xa0, 0x3f, 0xff, 0xb0, 0x3f, 0xff,
    0xb0,

    /* U+00A2 "¢" */
    0x00, 0x00, 0x07, 0xff, 0xc0, 0x00, 0x00, 0x00,
    0x00, 0x07, 0xff, 0xc0, 0x00, 0x00, 0x00, 0x00,
    0x7f, 0xff, 0xfc, 0x50, 0x00, 0x00, 0x1c, 0xff,
    0xff, 0xff, 0xfb, 0x00, 0x00, 0xcf, 0xff, 0xff,
    0xff, 0xff, 0x90, 0x06, 0xff, 0xfb, 0x31, 0x4e,
    0xff, 0xf2, 0x0c, 0xff, 0xd0, 0x00, 0x02, 0xfb,
    0x30, 0x0f, 0xff, 0x70, 0x00, 0x00, 0x10, 0x00,
    0x1f, 0xff, 0x50, 0x00, 0x00, 0x00, 0x00, 0x0f,
    0xff, 0x60, 0x00, 0x00, 0x00, 0x00, 0x0e, 0xff,
    0xa0, 0x00, 0x00, 0x72, 0x00, 0x0a, 0xff, 0xf3,
    0x00, 0x07, 0xff, 0x91, 0x03, 0xff, 0xff, 0xa8,
    0xbf, 0xff, 0xd0, 0x00, 0x8f, 0xff, 0xff, 0xff,
    0xff, 0x40, 0x00, 0x07, 0xff, 0xff, 0xff, 0xe4,
    0x00, 0x00, 0x00, 0x1f, 0xff, 0xf5, 0x00, 0x00,
    0x00, 0x00, 0x07, 0xff, 0xc0, 0x00, 0x00, 0x00,
    0x00, 0x07, 0xff, 0xc0, 0x00, 0x00,

    /* U+00A3 "£" */
    0x00, 0x00, 0x13, 0x42, 0x00, 0x00, 0x00, 0x1a,
    0xff, 0xff, 0xe7, 0x00, 0x01, 0xdf, 0xff, 0xff,
    0xff, 0xc0, 0x09, 0xff, 0xff, 0xff, 0xff, 0xf7,
    0x0e, 0xff, 0xd3, 0x03, 0xcf, 0x90, 0x0f, 0xff,
    0x50, 0x00, 0x07, 0x00, 0x0e, 0xff, 0x50, 0x00,
    0x00, 0x00, 0x0a, 0xff, 0xa0, 0x00, 0x00, 0x00,
    0x03, 0xff, 0xf1, 0x00, 0x00, 0x00, 0xdf, 0xff,
    0xff, 0xff, 0xf7, 0x00, 0xdf, 0xff, 0xff, 0xff,
    0xf7, 0x00, 0xdf, 0xff, 0xff, 0xff, 0xf7, 0x00,
    0x00, 0x1f, 0xff, 0x10, 0x00, 0x00, 0x00, 0x6f,
    0xfe, 0x00, 0x00, 0x00, 0x02, 0xff, 0xfd, 0x44,
    0x44, 0x44, 0x6f, 0xff, 0xff, 0xff, 0xff, 0xfe,
    0xbf, 0xff, 0xff, 0xff, 0xff, 0xfe, 0x7f, 0xff,
    0xff, 0xff, 0xff, 0xfe,

    /* U+00A4 "¤" */
    0x00, 0x00, 0x00, 0x00, 0x00, 0x00, 0x00, 0x00,
    0x08, 0xb0, 0x00, 0x00, 0x00, 0x8c, 0x00, 0x08,
    0xff, 0xc8, 0xdf, 0xea, 0xbf, 0xfc, 0x00, 0xaf,
    0xff, 0xff, 0xff, 0xff, 0xff, 0xd1, 0x00, 0xbf,
    0xff, 0xff, 0xff, 0xff, 0xf1, 0x00, 0x06, 0xff,
    0xf8, 0x36, 0xef, 0xfb, 0x00, 0x00, 0xaf, 0xf9,
    0x00, 0x06, 0xff, 0xe0, 0x00, 0x0c, 0xff, 0x60,
    0x00, 0x2f, 0xff, 0x00, 0x00, 0xaf, 0xf9, 0x00,
    0x06, 0xff, 0xe0, 0x00, 0x06, 0xff, 0xf7, 0x36,
    0xef, 0xfb, 0x00, 0x00, 0xbf, 0xff, 0xff, 0xff,
    0xff, 0xf1, 0x00, 0xaf, 0xff, 0xff, 0xff, 0xff,
    0xff, 0xd1, 0x08, 0xff, 0xc8, 0xdf, 0xea, 0xbf,
    0xfc, 0x00, 0x08, 0xb0, 0x00, 0x00, 0x00, 0x8c,
    0x00, 0x00, 0x00, 0x00, 0x00, 0x00, 0x00, 0x00,
    0x00,

    /* U+00A5 "¥" */
    0x6f, 0xfd, 0x00, 0x00, 0x00, 0x6f, 0xfd, 0x00,
    0xef, 0xf4, 0x00, 0x00, 0x0d, 0xff, 0x60, 0x07,
    0xff, 0xb0, 0x00, 0x05, 0xff, 0xe0, 0x00, 0x1f,
    0xff, 0x20, 0x00, 0xcf, 0xf6, 0x00, 0x00, 0x9f,
    0xf9, 0x00, 0x3f, 0xfe, 0x00, 0x00, 0x01, 0xff,
    0xf1, 0x0b, 0xff, 0x70, 0x00, 0x00, 0x0a, 0xff,
    0x72, 0xff, 0xf1, 0x00, 0x00, 0x00, 0x2f, 0xfe,
    0x9f, 0xf8, 0x00, 0x00, 0x0d, 0xff, 0xff, 0xff,
    0xff, 0xff, 0xf3, 0x00, 0xdf, 0xff, 0xff, 0xff,
    0xff, 0xff, 0x30, 0x0b, 0xee, 0xef, 0xff, 0xfe,
    0xee, 0xe2, 0x00, 0x00, 0x00, 0x8f, 0xfd, 0x00,
    0x00, 0x00, 0x0d, 0xff, 0xff, 0xff, 0xff, 0xff,
    0xf3, 0x00, 0xdf, 0xff, 0xff, 0xff, 0xff, 0xff,
    0x30, 0x0b, 0xee, 0xef, 0xff, 0xfe, 0xee, 0xe2,
    0x00, 0x00, 0x00, 0x8f, 0xfd, 0x00, 0x00, 0x00,
    0x00, 0x00, 0x08, 0xff, 0xd0, 0x00, 0x00, 0x00,

    /* U+00A6 "¦" */
    0x2d, 0xdc, 0x3f, 0xff, 0x3f, 0xff, 0x3f, 0xff,
    0x3f, 0xff, 0x3f, 0xff, 0x3f, 0xff, 0x3f, 0xff,
    0x3f, 0xff, 0x3f, 0xff, 0x3f, 0xff, 0x00, 0x00,
    0x00, 0x00, 0x00, 0x00, 0x2d, 0xdc, 0x3f, 0xff,
    0x3f, 0xff, 0x3f, 0xff, 0x3f, 0xff, 0x3f, 0xff,
    0x3f, 0xff, 0x3f, 0xff, 0x3f, 0xff, 0x3f, 0xff,
    0x3f, 0xff,

    /* U+00A7 "§" */
    0x00, 0x00, 0x00, 0x11, 0x00, 0x00, 0x00, 0x00,
    0x01, 0x9e, 0xff, 0xfc, 0x50, 0x00, 0x00, 0x2e,
    0xff, 0xff, 0xff, 0xfb, 0x00, 0x00, 0xdf, 0xff,
    0xff, 0xff, 0xff, 0x90, 0x04, 0xff, 0xf8, 0x10,
    0x4c, 0xfa, 0x10, 0x07, 0xff, 0xf0, 0x00, 0x00,
    0x30, 0x00, 0x06, 0xff, 0xf4, 0x00, 0x00, 0x00,
    0x00, 0x02, 0xff, 0xff, 0x94, 0x00, 0x00, 0x00,
    0x00, 0xaf, 0xff, 0xff, 0xfa, 0x30, 0x00, 0x00,
    0x5f, 0xff, 0xff, 0xff, 0xf8, 0x00, 0x01, 0xff,
    0xfd, 0xdf, 0xff, 0xff, 0x70, 0x06, 0xff, 0xb0,
    0x01, 0x8f, 0xff, 0xd0, 0x08, 0xff, 0xe0, 0x00,
    0x07, 0xff, 0xf0, 0x05, 0xff, 0xfd, 0x50, 0x06,
    0xff, 0xe0, 0x00, 0xef, 0xff, 0xff, 0xff, 0xff,
    0x70, 0x00, 0x4e, 0xff, 0xff, 0xff, 0xfe, 0x00,
    0x00, 0x01, 0x8d, 0xff, 0xff, 0xff, 0x30, 0x00,
    0x00, 0x00, 0x16, 0xdf, 0xff, 0xb0, 0x00, 0x01,
    0x00, 0x00, 0x0d, 0xff, 0xe0, 0x02, 0xbf, 0x30,
    0x00, 0x09, 0xff, 0xd0, 0x0e, 0xff, 0xf7, 0x32,
    0x6f, 0xff, 0xa0, 0x05, 0xff, 0xff, 0xff, 0xff,
    0xff, 0x20, 0x00, 0x7f, 0xff, 0xff, 0xff, 0xf4,
    0x00, 0x00, 0x02, 0x8d, 0xff, 0xd8, 0x10, 0x00,

    /* U+00A8 "¨" */
    0x08, 0xda, 0x00, 0x6d, 0xb1, 0x3f, 0xff, 0x71,
    0xff, 0xf9, 0x3f, 0xff, 0x71, 0xff, 0xf9, 0x09,
    0xfc, 0x10, 0x8f, 0xc2,

    /* U+00A9 "©" */
    0x00, 0x00, 0x00, 0x23, 0x20, 0x00, 0x00, 0x00,
    0x00, 0x01, 0x8e, 0xff, 0xff, 0xb3, 0x00, 0x00,
    0x00, 0x3e, 0xff, 0xff, 0xff, 0xff, 0x80, 0x00,
    0x03, 0xff, 0xf8, 0x20, 0x15, 0xdf, 0xf8, 0x00,
    0x0d, 0xfd, 0x20, 0x02, 0x10, 0x0a, 0xff, 0x40,
    0x6f, 0xf3, 0x08, 0xff, 0xfc, 0x20, 0xdf, 0xc0,
    0xbf, 0xb0, 0x8f, 0xff, 0xff, 0xe0, 0x5f, 0xf1,
    0xef, 0x70, 0xff, 0xa0, 0x3b, 0x60, 0x1f, 0xf4,
    0xff, 0x51, 0xff, 0x50, 0x00, 0x00, 0x0f, 0xf5,
    0xef, 0x70, 0xff, 0xa0, 0x2b, 0x60, 0x2f, 0xf4,
    0xaf, 0xc0, 0x7f, 0xff, 0xff, 0xe0, 0x7f, 0xf0,
    0x4f, 0xf5, 0x07, 0xff, 0xfc, 0x21, 0xef, 0xa0,
    0x0b, 0xff, 0x40, 0x02, 0x10, 0x1c, 0xff, 0x20,
    0x01, 0xef, 0xfb, 0x64, 0x59, 0xff, 0xf5, 0x00,
    0x00, 0x1c, 0xff, 0xff, 0xff, 0xfe, 0x40, 0x00,
    0x00, 0x00, 0x4a, 0xef, 0xec, 0x70, 0x00, 0x00,

    /* U+00AA "ª" */
    0x01, 0x7c, 0xef, 0xc5, 0x00, 0x06, 0xff, 0xff,
    0xff, 0x40, 0x00, 0xc7, 0x46, 0xff, 0xc0, 0x00,
    0x00, 0x00, 0xbf, 0xf0, 0x01, 0x9e, 0xfc, 0xef,
    0xf0, 0x0d, 0xff, 0xff, 0xff, 0xf0, 0x4f, 0xf7,
    0x02, 0xff, 0xf0, 0x4f, 0xf7, 0x02, 0xff, 0xf0,
    0x0d, 0xff, 0xff, 0xff, 0xf0, 0x01, 0x9e, 0xfc,
    0x5c, 0xc0,

    /* U+00AB "«" */
    0x00, 0x00, 0xaf, 0xfd, 0x00, 0xbf, 0xfc, 0x00,
    0x00, 0x5f, 0xff, 0x30, 0x6f, 0xff, 0x20, 0x00,
    0x1e, 0xff, 0x70, 0x2f, 0xff, 0x60, 0x00, 0x0c,
    0xff, 0xc0, 0x0d, 0xff, 0xb0, 0x00, 0x07, 0xff,
    0xf2, 0x09, 0xff, 0xe1, 0x00, 0x00, 0xdf, 0xfb,
    0x00, 0xef, 0xf9, 0x00, 0x00, 0x03, 0xff, 0xf5,
    0x05, 0xff, 0xf3, 0x00, 0x00, 0x08, 0xff, 0xe1,
    0x09, 0xff, 0xe0, 0x00, 0x00, 0x0c, 0xff, 0xb0,
    0x0d, 0xff, 0xa0, 0x00, 0x00, 0x2f, 0xff, 0x70,
    0x3f, 0xff, 0x50, 0x00, 0x00, 0x59, 0x99, 0x00,
    0x59, 0x98, 0x00,

    /* U+00AC "¬" */
    0x24, 0x44, 0x44, 0x44, 0x45, 0x99, 0x88, 0xff,
    0xff, 0xff, 0xff, 0xff, 0xff, 0x8f, 0xff, 0xff,
    0xff, 0xff, 0xff, 0xf8, 0xff, 0xff, 0xff, 0xff,
    0xff, 0xff, 0x00, 0x00, 0x00, 0x00, 0x04, 0xff,
    0xf0, 0x00, 0x00, 0x00, 0x00, 0x4f, 0xff, 0x00,
    0x00, 0x00, 0x00, 0x04, 0xff, 0xf0, 0x00, 0x00,
    0x00, 0x00, 0x4f, 0xff,

    /* U+00AE "®" */
    0x00, 0x00, 0x00, 0x23, 0x20, 0x00, 0x00, 0x00,
    0x00, 0x01, 0x8e, 0xff, 0xff, 0xb3, 0x00, 0x00,
    0x00, 0x3e, 0xff, 0xff, 0xff, 0xff, 0x80, 0x00,
    0x03, 0xff, 0xf8, 0x20, 0x15, 0xdf, 0xf8, 0x00,
    0x0d, 0xfd, 0x19, 0x99, 0x72, 0x0a, 0xff, 0x40,
    0x6f, 0xf3, 0x1f, 0xff, 0xff, 0x60, 0xdf, 0xc0,
    0xbf, 0xb0, 0x1f, 0xf3, 0x7f, 0xd0, 0x5f, 0xf1,
    0xef, 0x60, 0x1f, 0xf0, 0x5f, 0xe0, 0x1f, 0xf4,
    0xff, 0x50, 0x1f, 0xff, 0xff, 0x90, 0x0f, 0xf5,
    0xef, 0x70, 0x1f, 0xff, 0xff, 0x00, 0x2f, 0xf4,
    0xaf, 0xc0, 0x1f, 0xf2, 0xff, 0x30, 0x7f, 0xf0,
    0x4f, 0xf5, 0x1e, 0xe0, 0x8e, 0xa1, 0xef, 0xa0,
    0x0b, 0xff, 0x40, 0x00, 0x00, 0x1c, 0xff, 0x20,
    0x01, 0xef, 0xfb, 0x64, 0x59, 0xff, 0xf5, 0x00,
    0x00, 0x1c, 0xff, 0xff, 0xff, 0xfe, 0x40, 0x00,
    0x00, 0x00, 0x4a, 0xef, 0xec, 0x70, 0x00, 0x00,

    /* U+00AF "¯" */
    0x5a, 0xaa, 0xaa, 0xaa, 0x9f, 0xff, 0xff, 0xff,
    0x9f, 0xff, 0xff, 0xff,

    /* U+00B0 "°" */
    0x00, 0x2a, 0xef, 0xc5, 0x00, 0x03, 0xff, 0xff,
    0xff, 0x80, 0x0d, 0xff, 0xb9, 0xef, 0xf3, 0x3f,
    0xf9, 0x00, 0x3f, 0xf9, 0x5f, 0xf5, 0x00, 0x0f,
    0xfb, 0x3f, 0xf9, 0x00, 0x3f, 0xf9, 0x0d, 0xff,
    0xa9, 0xef, 0xf3, 0x03, 0xef, 0xff, 0xff, 0x80,
    0x00, 0x2a, 0xef, 0xc5, 0x00,

    /* U+00B1 "±" */
    0x00, 0x00, 0x08, 0x88, 0x10, 0x00, 0x00, 0x00,
    0x01, 0xff, 0xf3, 0x00, 0x00, 0x00, 0x00, 0x1f,
    0xff, 0x30, 0x00, 0x00, 0x00, 0x01, 0xff, 0xf3,
    0x00, 0x00, 0x8f, 0xff, 0xff, 0xff, 0xff, 0xff,
    0xf8, 0xff, 0xff, 0xff, 0xff, 0xff, 0xff, 0x8f,
    0xff, 0xff, 0xff, 0xff, 0xff, 0xf2, 0x44, 0x45,
    0xff, 0xf7, 0x44, 0x43, 0x00, 0x00, 0x1f, 0xff,
    0x30, 0x00, 0x00, 0x00, 0x01, 0xff, 0xf3, 0x00,
    0x00, 0x00, 0x00, 0x1f, 0xff, 0x30, 0x00, 0x00,
    0x00, 0x00, 0xbb, 0xb2, 0x00, 0x00, 0x00, 0x00,
    0x00, 0x00, 0x00, 0x00, 0x02, 0x44, 0x44, 0x44,
    0x44, 0x44, 0x43, 0x8f, 0xff, 0xff, 0xff, 0xff,
    0xff, 0xf8, 0xff, 0xff, 0xff, 0xff, 0xff, 0xff,
    0x8f, 0xff, 0xff, 0xff, 0xff, 0xff, 0xf0,

    /* U+00B2 "²" */
    0x00, 0x6d, 0xfe, 0x80, 0x00, 0xaf, 0xff, 0xff,
    0xa0, 0x1e, 0xfe, 0x8d, 0xff, 0x10, 0x19, 0x10,
    0x7f, 0xf3, 0x00, 0x00, 0x0d, 0xfe, 0x00, 0x00,
    0x0a, 0xff, 0x60, 0x00, 0x0a, 0xff, 0x90, 0x00,
    0x09, 0xff, 0xa0, 0x00, 0x09, 0xff, 0xf9, 0x88,
    0x32, 0xff, 0xff, 0xff, 0xf6, 0x2f, 0xff, 0xff,
    0xff, 0x60,

    /* U+00B3 "³" */
    0x01, 0xae, 0xfd, 0x70, 0x03, 0xef, 0xff, 0xff,
    0x80, 0x2d, 0xe9, 0x8f, 0xfd, 0x00, 0x11, 0x01,
    0xdf, 0xa0, 0x00, 0x4f, 0xff, 0xf2, 0x00, 0x04,
    0xff, 0xff, 0xc0, 0x00, 0x01, 0x2b, 0xff, 0x40,
    0x37, 0x00, 0x6f, 0xf5, 0x2e, 0xfb, 0x8e, 0xff,
    0x21, 0xef, 0xff, 0xff, 0x80, 0x01, 0x9e, 0xfd,
    0x60, 0x00,

    /* U+00B4 "´" */
    0x00, 0x00, 0x81, 0x00, 0x00, 0xcf, 0xc0, 0x01,
    0xcf, 0xf9, 0x01, 0xdf, 0xf7, 0x00, 0x1e, 0xf6,
    0x00, 0x00, 0x25, 0x00, 0x00,

    /* U+00B5 "µ" */
    0xbf, 0xfb, 0x00, 0x00, 0x7f, 0xfe, 0xbf, 0xfb,
    0x00, 0x00, 0x7f, 0xfe, 0xbf, 0xfb, 0x00, 0x00,
    0x7f, 0xfe, 0xbf, 0xfb, 0x00, 0x00, 0x7f, 0xfe,
    0xbf, 0xfb, 0x00, 0x00, 0x7f, 0xfe, 0xbf, 0xfb,
    0x00, 0x00, 0x7f, 0xfe, 0xbf, 0xff, 0x00, 0x00,
    0x7f, 0xfe, 0xff, 0xff, 0x00, 0x00, 0x8f, 0xfe,
    0xff, 0xff, 0x00, 0x01, 0xff, 0xfe, 0xff, 0xff,
    0xa6, 0x9f, 0xff, 0xfe, 0xff, 0xff, 0xff, 0xff,
    0xff, 0xfe, 0xbf, 0xff, 0xff, 0xff, 0xbf, 0xfe,
    0xbf, 0xff, 0xfe, 0xa3, 0x0c, 0xfe, 0xbf, 0xfb,
    0x00, 0x00, 0x00, 0x00, 0xbf, 0xfb, 0x00, 0x00,
    0x00, 0x00, 0xbf, 0xfb, 0x00, 0x00, 0x00, 0x00,
    0xbf, 0xfb, 0x00, 0x00, 0x00, 0x00, 0xbf, 0xfb,
    0x00, 0x00, 0x00, 0x00,

    /* U+00B6 "¶" */
    0x00, 0x00, 0x00, 0x12, 0x33, 0x33, 0x33, 0x33,
    0x00, 0x00, 0x29, 0xff, 0xff, 0xff, 0xff, 0xff,
    0xf4, 0x00, 0x6f, 0xff, 0xff, 0xff, 0xff, 0xff,
    0xff, 0x40, 0x5f, 0xff, 0xff, 0xff, 0xff, 0xff,
    0xff, 0x30, 0x0f, 0xff, 0xff, 0xff, 0x00, 0x0f,
    0xff, 0x50, 0x06, 0xff, 0xff, 0xff, 0xf0, 0x00,
    0xff, 0xf5, 0x00, 0x9f, 0xff, 0xff, 0xff, 0x00,
    0x0f, 0xff, 0x50, 0x0b, 0xff, 0xff, 0xff, 0xf0,
    0x00, 0xff, 0xf5, 0x00, 0xbf, 0xff, 0xff, 0xff,
    0x00, 0x0f, 0xff, 0x50, 0x09, 0xff, 0xff, 0xff,
    0xf0, 0x00, 0xff, 0xf5, 0x00, 0x4f, 0xff, 0xff,
    0xff, 0x00, 0x0f, 0xff, 0x50, 0x00, 0xcf, 0xff,
    0xff, 0xf0, 0x00, 0xff, 0xf5, 0x00, 0x01, 0xef,
    0xff, 0xff, 0x00, 0x0f, 0xff, 0x50, 0x00, 0x01,
    0xcf, 0xff, 0xf0, 0x00, 0xff, 0xf5, 0x00, 0x00,
    0x00, 0x38, 0xaa, 0x00, 0x0f, 0xff, 0x50, 0x00,
    0x00, 0x00, 0x00, 0x00, 0x00, 0xff, 0xf5, 0x00,
    0x00, 0x00, 0x00, 0x00, 0x00, 0x0f, 0xff, 0x50,
    0x00, 0x00, 0x05, 0x00, 0x00, 0x02, 0xff, 0xf4,
    0x00, 0x00, 0x4c, 0xf7, 0x00, 0x00, 0x7f, 0xff,
    0x10, 0x00, 0x08, 0xff, 0xf8, 0x22, 0x7f, 0xff,
    0xc0, 0x00, 0x00, 0x0d, 0xff, 0xff, 0xff, 0xff,
    0xf4, 0x00, 0x00, 0x00, 0x1d, 0xff, 0xff, 0xff,
    0xf7, 0x00, 0x00, 0x00, 0x00, 0x06, 0xcf, 0xfd,
    0xa3, 0x00, 0x00, 0x00,

    /* U+00B7 "·" */
    0x08, 0xda, 0x10, 0x9f, 0xff, 0xc0, 0xdf, 0xff,
    0xf0, 0xaf, 0xff, 0xd0, 0x0a, 0xfc, 0x10,

    /* U+00B8 "¸" */
    0x01, 0x75, 0x00, 0x05, 0xff, 0x50, 0x09, 0xff,
    0xf9, 0x01, 0x03, 0xfd, 0x6f, 0xde, 0xfa, 0x5c,
    0xfe, 0xa1,

    /* U+00B9 "¹" */
    0x00, 0x0c, 0xf6, 0x03, 0xbf, 0xf6, 0xbf, 0xff,
    0xf6, 0xbf, 0xff, 0xf6, 0x55, 0x6f, 0xf6, 0x00,
    0x4f, 0xf6, 0x00, 0x4f, 0xf6, 0x00, 0x4f, 0xf6,
    0x00, 0x4f, 0xf6, 0x00, 0x4f, 0xf6, 0x00, 0x4f,
    0xf6,

    /* U+00BA "º" */
    0x00, 0x18, 0xdf, 0xea, 0x20, 0x00, 0x2e, 0xff,
    0xff, 0xff, 0x40, 0x0b, 0xff, 0xeb, 0xdf, 0xff,
    0x12, 0xff, 0xe1, 0x00, 0xbf, 0xf6, 0x5f, 0xf9,
    0x00, 0x04, 0xff, 0x95, 0xff, 0x90, 0x00, 0x4f,
    0xf9, 0x2f, 0xfe, 0x10, 0x0b, 0xff, 0x60, 0xcf,
    0xfe, 0xad, 0xff, 0xf1, 0x02, 0xef, 0xff, 0xff,
    0xf5, 0x00, 0x01, 0x9d, 0xfe, 0xa3, 0x00,

    /* U+00BB "»" */
    0x0d, 0xff, 0xa0, 0x1e, 0xff, 0x80, 0x00, 0x03,
    0xff, 0xf5, 0x04, 0xff, 0xf4, 0x00, 0x00, 0x7f,
    0xff, 0x20, 0x9f, 0xfe, 0x10, 0x00, 0x0c, 0xff,
    0xc0, 0x0d, 0xff, 0xa0, 0x00, 0x01, 0xff, 0xf8,
    0x03, 0xff, 0xf6, 0x00, 0x00, 0xaf, 0xfe, 0x00,
    0xcf, 0xfc, 0x00, 0x04, 0xff, 0xf4, 0x06, 0xff,
    0xf2, 0x00, 0x1e, 0xff, 0x80, 0x2f, 0xff, 0x60,
    0x00, 0xbf, 0xfc, 0x00, 0xcf, 0xfb, 0x00, 0x06,
    0xff, 0xf2, 0x08, 0xff, 0xe1, 0x00, 0x09, 0x99,
    0x50, 0x19, 0x99, 0x40, 0x00,

    /* U+00BC "¼" */
    0x00, 0x00, 0x00, 0x00, 0x00, 0x00, 0x00, 0x10,
    0x00, 0x00, 0x00, 0x00, 0x00, 0x79, 0x30, 0x00,
    0x00, 0x00, 0x0d, 0xc3, 0x00, 0x00, 0x00, 0x02,
    0x9f, 0xf6, 0x00, 0x00, 0x00, 0x08, 0xff, 0x70,
    0x00, 0x00, 0x0b, 0xff, 0xff, 0x60, 0x00, 0x00,
    0x03, 0xff, 0xc0, 0x00, 0x00, 0x00, 0xbf, 0xff,
    0xf6, 0x00, 0x00, 0x00, 0xdf, 0xf2, 0x00, 0x00,
    0x00, 0x05, 0x55, 0xff, 0x60, 0x00, 0x00, 0x8f,
    0xf7, 0x00, 0x00, 0x00, 0x00, 0x00, 0x4f, 0xf6,
    0x00, 0x00, 0x2f, 0xfd, 0x00, 0x00, 0x00, 0x00,
    0x00, 0x04, 0xff, 0x60, 0x00, 0x0c, 0xff, 0x30,
    0x00, 0x00, 0x00, 0x00, 0x00, 0x4f, 0xf6, 0x00,
    0x07, 0xff, 0x80, 0x04, 0x77, 0x00, 0x00, 0x00,
    0x04, 0xff, 0x60, 0x02, 0xff, 0xd0, 0x00, 0xdf,
    0xc0, 0x00, 0x00, 0x00, 0x4f, 0xf6, 0x00, 0xcf,
    0xf3, 0x00, 0x2f, 0xf7, 0x00, 0x00, 0x00, 0x04,
    0xff, 0x60, 0x6f, 0xf8, 0x00, 0x08, 0xff, 0x10,
    0x32, 0x00, 0x00, 0x00, 0x00, 0x2f, 0xfd, 0x00,
    0x00, 0xdf, 0xc0, 0x4f, 0xc0, 0x00, 0x00, 0x00,
    0x0b, 0xff, 0x30, 0x00, 0x3f, 0xf6, 0x08, 0xfc,
    0x00, 0x00, 0x00, 0x06, 0xff, 0x90, 0x00, 0x08,
    0xff, 0xa8, 0xff, 0xf8, 0x20, 0x00, 0x01, 0xff,
    0xe0, 0x00, 0x00, 0xdf, 0xff, 0xff, 0xff, 0xf3,
    0x00, 0x00, 0xbf, 0xf4, 0x00, 0x00, 0x0e, 0xff,
    0xff, 0xff, 0xff, 0x30, 0x00, 0x5f, 0xf9, 0x00,
    0x00, 0x00, 0x00, 0x00, 0x0d, 0xfc, 0x00, 0x00,
    0x1e, 0xfe, 0x10, 0x00, 0x00, 0x00, 0x00, 0x00,
    0xdf, 0xc0, 0x00, 0x00, 0x8f, 0x40, 0x00, 0x00,
    0x00, 0x00, 0x00, 0x00, 0x00, 0x00, 0x00, 0x00,
    0x10, 0x00, 0x00, 0x00, 0x00, 0x00, 0x00, 0x00,
    0x00, 0x00,

    /* U+00BD "½" */
    0x00, 0x00, 0x00, 0x00, 0x00, 0x00, 0x00, 0x10,
    0x00, 0x00, 0x00, 0x00, 0x07, 0x93, 0x00, 0x00,
    0x00, 0x00, 0xdc, 0x30, 0x00, 0x00, 0x02, 0x9f,
    0xf6, 0x00, 0x00, 0x00, 0x08, 0xff, 0x70, 0x00,
    0x00, 0xbf, 0xff, 0xf6, 0x00, 0x00, 0x00, 0x3f,
    0xfc, 0x00, 0x00, 0x00, 0xbf, 0xff, 0xf6, 0x00,
    0x00, 0x00, 0xdf, 0xf2, 0x00, 0x00, 0x00, 0x55,
    0x5f, 0xf6, 0x00, 0x00, 0x08, 0xff, 0x70, 0x00,
    0x00, 0x00, 0x00, 0x4f, 0xf6, 0x00, 0x00, 0x2f,
    0xfd, 0x00, 0x00, 0x00, 0x00, 0x00, 0x4f, 0xf6,
    0x00, 0x00, 0xcf, 0xf3, 0x00, 0x00, 0x00, 0x00,
    0x00, 0x4f, 0xf6, 0x00, 0x07, 0xff, 0x80, 0x06,
    0xdf, 0xe8, 0x00, 0x00, 0x4f, 0xf6, 0x00, 0x2f,
    0xfd, 0x00, 0x9f, 0xff, 0xff, 0xb0, 0x00, 0x4f,
    0xf6, 0x00, 0xcf, 0xf3, 0x01, 0xef, 0xe9, 0xdf,
    0xf2, 0x00, 0x4f, 0xf6, 0x06, 0xff, 0x80, 0x00,
    0x2c, 0x20, 0x6f, 0xf4, 0x00, 0x00, 0x00, 0x2f,
    0xfd, 0x00, 0x00, 0x00, 0x00, 0xcf, 0xf0, 0x00,
    0x00, 0x00, 0xbf, 0xf3, 0x00, 0x00, 0x00, 0x0a,
    0xff, 0x70, 0x00, 0x00, 0x06, 0xff, 0x90, 0x00,
    0x00, 0x00, 0x9f, 0xfa, 0x00, 0x00, 0x00, 0x1f,
    0xfe, 0x00, 0x00, 0x00, 0x08, 0xff, 0xb0, 0x00,
    0x00, 0x00, 0xbf, 0xf4, 0x00, 0x00, 0x00, 0x8f,
    0xff, 0x98, 0x83, 0x00, 0x05, 0xff, 0x90, 0x00,
    0x00, 0x01, 0xff, 0xff, 0xff, 0xf6, 0x00, 0x1e,
    0xfe, 0x10, 0x00, 0x00, 0x01, 0xff, 0xff, 0xff,
    0xf6, 0x00, 0x08, 0xf4, 0x00, 0x00, 0x00, 0x00,
    0x00, 0x00, 0x00, 0x00, 0x00, 0x00, 0x10, 0x00,
    0x00, 0x00, 0x00, 0x00, 0x00, 0x00, 0x00,

    /* U+00BE "¾" */
    0x00, 0x00, 0x00, 0x00, 0x00, 0x00, 0x00, 0x00,
    0x12, 0x00, 0x00, 0x00, 0x00, 0x1a, 0xef, 0xc5,
    0x00, 0x00, 0x00, 0x00, 0x0a, 0xf9, 0x00, 0x00,
    0x00, 0x3e, 0xff, 0xff, 0xf6, 0x00, 0x00, 0x00,
    0x04, 0xff, 0xb0, 0x00, 0x00, 0x03, 0xff, 0x98,
    0xff, 0xc0, 0x00, 0x00, 0x00, 0xef, 0xf1, 0x00,
    0x00, 0x00, 0x06, 0x50, 0x0c, 0xfd, 0x00, 0x00,
    0x00, 0x9f, 0xf6, 0x00, 0x00, 0x00, 0x00, 0x00,
    0x14, 0xff, 0x80, 0x00, 0x00, 0x3f, 0xfc, 0x00,
    0x00, 0x00, 0x00, 0x00, 0x4f, 0xff, 0xf2, 0x00,
    0x00, 0x0d, 0xff, 0x20, 0x00, 0x00, 0x00, 0x00,
    0x04, 0xff, 0xff, 0xe1, 0x00, 0x08, 0xff, 0x70,
    0x00, 0x00, 0x00, 0x00, 0x00, 0x20, 0x08, 0xff,
    0x50, 0x03, 0xff, 0xc0, 0x01, 0x77, 0x20, 0x00,
    0x01, 0xcf, 0x98, 0xdf, 0xf3, 0x00, 0xcf, 0xf2,
    0x00, 0x6f, 0xf2, 0x00, 0x00, 0x1e, 0xff, 0xff,
    0xfb, 0x00, 0x7f, 0xf8, 0x00, 0x0c, 0xfc, 0x00,
    0x00, 0x00, 0x19, 0xef, 0xd7, 0x00, 0x2f, 0xfd,
    0x00, 0x02, 0xff, 0x70, 0x57, 0x10, 0x00, 0x00,
    0x00, 0x00, 0x0c, 0xff, 0x30, 0x00, 0x7f, 0xf1,
    0x0f, 0xf2, 0x00, 0x00, 0x00, 0x00, 0x06, 0xff,
    0x90, 0x00, 0x0d, 0xfc, 0x03, 0xff, 0x20, 0x00,
    0x00, 0x00, 0x01, 0xff, 0xd0, 0x00, 0x02, 0xff,
    0xf8, 0xff, 0xfb, 0x50, 0x00, 0x00, 0x00, 0xbf,
    0xf4, 0x00, 0x00, 0x7f, 0xff, 0xff, 0xff, 0xf9,
    0x00, 0x00, 0x00, 0x5f, 0xf9, 0x00, 0x00, 0x09,
    0xff, 0xff, 0xff, 0xff, 0x90, 0x00, 0x00, 0x1e,
    0xfe, 0x10, 0x00, 0x00, 0x00, 0x00, 0x07, 0xff,
    0x20, 0x00, 0x00, 0x0a, 0xff, 0x50, 0x00, 0x00,
    0x00, 0x00, 0x00, 0x7f, 0xf2, 0x00, 0x00, 0x00,
    0x5e, 0xa0, 0x00, 0x00, 0x00, 0x00, 0x00, 0x00,
    0x00, 0x00, 0x00, 0x00, 0x00, 0x01, 0x00, 0x00,
    0x00, 0x00, 0x00, 0x00, 0x00, 0x00, 0x00,

    /* U+00BF "¿" */
    0x00, 0x00, 0x4d, 0xe8, 0x00, 0x00, 0x00, 0x00,
    0x0e, 0xff, 0xf4, 0x00, 0x00, 0x00, 0x01, 0xff,
    0xff, 0x60, 0x00, 0x00, 0x00, 0x0b, 0xff, 0xf1,
    0x00, 0x00, 0x00, 0x00, 0x07, 0x82, 0x00, 0x00,
    0x00, 0x00, 0x00, 0x02, 0x00, 0x00, 0x00, 0x00,
    0x00, 0x08, 0xf5, 0x00, 0x00, 0x00, 0x00, 0x3d,
    0xff, 0xe1, 0x00, 0x00, 0x00, 0x5f, 0xff, 0xfe,
    0x30, 0x00, 0x00, 0x6f, 0xff, 0xfb, 0x10, 0x00,
    0x00, 0x2f, 0xff, 0xf7, 0x00, 0x00, 0x00, 0x09,
    0xff, 0xf5, 0x00, 0x00, 0x00, 0x00, 0xcf, 0xfb,
    0x00, 0x00, 0x00, 0x00, 0x0e, 0xff, 0x90, 0x00,
    0x00, 0x25, 0x00, 0xcf, 0xfd, 0x00, 0x00, 0x3e,
    0xf3, 0x08, 0xff, 0xfc, 0x56, 0xaf, 0xff, 0xe1,
    0x1e, 0xff, 0xff, 0xff, 0xff, 0xf8, 0x00, 0x3e,
    0xff, 0xff, 0xff, 0xe5, 0x00, 0x00, 0x18, 0xdf,
    0xec, 0x71, 0x00, 0x00,

    /* U+00C0 "À" */
    0x00, 0x00, 0x00, 0x00, 0x00, 0x00, 0x00, 0x00,
    0x00, 0x00, 0x00, 0x4c, 0x10, 0x00, 0x00, 0x00,
    0x00, 0x00, 0x00, 0x2f, 0xfd, 0x20, 0x00, 0x00,
    0x00, 0x00, 0x00, 0x00, 0x6f, 0xfe, 0x20, 0x00,
    0x00, 0x00, 0x00, 0x00, 0x00, 0x5f, 0xfe, 0x20,
    0x00, 0x00, 0x00, 0x00, 0x00, 0x00, 0x4f, 0x90,
    0x00, 0x00, 0x00, 0x00, 0x00, 0x00, 0x00, 0x20,
    0x00, 0x00, 0x00, 0x00, 0x00, 0x00, 0x00, 0x00,
    0x00, 0x00, 0x00, 0x00, 0x00, 0x00, 0x00, 0x8f,
    0xff, 0xc0, 0x00, 0x00, 0x00, 0x00, 0x00, 0x0d,
    0xff, 0xff, 0x20, 0x00, 0x00, 0x00, 0x00, 0x03,
    0xff, 0xff, 0xf7, 0x00, 0x00, 0x00, 0x00, 0x00,
    0x9f, 0xff, 0xff, 0xd0, 0x00, 0x00, 0x00, 0x00,
    0x0e, 0xff, 0x8f, 0xff, 0x20, 0x00, 0x00, 0x00,
    0x04, 0xff, 0xf1, 0xdf, 0xf7, 0x00, 0x00, 0x00,
    0x00, 0x9f, 0xfb, 0x07, 0xff, 0xd0, 0x00, 0x00,
    0x00, 0x0f, 0xff, 0x60, 0x2f, 0xff, 0x20, 0x00,
    0x00, 0x05, 0xff, 0xf1, 0x00, 0xdf, 0xf8, 0x00,
    0x00, 0x00, 0xaf, 0xfb, 0x00, 0x08, 0xff, 0xd0,
    0x00, 0x00, 0x0f, 0xff, 0x50, 0x00, 0x2f, 0xff,
    0x20, 0x00, 0x05, 0xff, 0xff, 0xff, 0xff, 0xff,
    0xf8, 0x00, 0x00, 0xbf, 0xff, 0xff, 0xff, 0xff,
    0xff, 0xd0, 0x00, 0x1f, 0xff, 0xff, 0xff, 0xff,
    0xff, 0xff, 0x30, 0x06, 0xff, 0xf3, 0x22, 0x22,
    0x22, 0xff, 0xf8, 0x00, 0xcf, 0xfa, 0x00, 0x00,
    0x00, 0x08, 0xff, 0xd0, 0x1f, 0xff, 0x40, 0x00,
    0x00, 0x00, 0x3f, 0xff, 0x37, 0xff, 0xf0, 0x00,
    0x00, 0x00, 0x00, 0xef, 0xf8,

    /* U+00C1 "Á" */
    0x00, 0x00, 0x00, 0x00, 0x00, 0x00, 0x00, 0x00,
    0x00, 0x00, 0x00, 0x00, 0x00, 0x0a, 0x70, 0x00,
    0x00, 0x00, 0x00, 0x00, 0x00, 0x0b, 0xff, 0x50,
    0x00, 0x00, 0x00, 0x00, 0x00, 0x1c, 0xff, 0x90,
    0x00, 0x00, 0x00, 0x00, 0x00, 0x0d, 0xff, 0x80,
    0x00, 0x00, 0x00, 0x00, 0x00, 0x00, 0x6f, 0x70,
    0x00, 0x00, 0x00, 0x00, 0x00, 0x00, 0x00, 0x20,
    0x00, 0x00, 0x00, 0x00, 0x00, 0x00, 0x00, 0x00,
    0x00, 0x00, 0x00, 0x00, 0x00, 0x00, 0x00, 0x8f,
    0xff, 0xc0, 0x00, 0x00, 0x00, 0x00, 0x00, 0x0d,
    0xff, 0xff, 0x20, 0x00, 0x00, 0x00, 0x00, 0x03,
    0xff, 0xff, 0xf7, 0x00, 0x00, 0x00, 0x00, 0x00,
    0x9f, 0xff, 0xff, 0xd0, 0x00, 0x00, 0x00, 0x00,
    0x0e, 0xff, 0x8f, 0xff, 0x20, 0x00, 0x00, 0x00,
    0x04, 0xff, 0xf1, 0xdf, 0xf7, 0x00, 0x00, 0x00,
    0x00, 0x9f, 0xfb, 0x07, 0xff, 0xd0, 0x00, 0x00,
    0x00, 0x0f, 0xff, 0x60, 0x2f, 0xff, 0x20, 0x00,
    0x00, 0x05, 0xff, 0xf1, 0x00, 0xdf, 0xf8, 0x00,
    0x00, 0x00, 0xaf, 0xfb, 0x00, 0x08, 0xff, 0xd0,
    0x00, 0x00, 0x0f, 0xff, 0x50, 0x00, 0x2f, 0xff,
    0x20, 0x00, 0x05, 0xff, 0xff, 0xff, 0xff, 0xff,
    0xf8, 0x00, 0x00, 0xbf, 0xff, 0xff, 0xff, 0xff,
    0xff, 0xd0, 0x00, 0x1f, 0xff, 0xff, 0xff, 0xff,
    0xff, 0xff, 0x30, 0x06, 0xff, 0xf3, 0x22, 0x22,
    0x22, 0xff, 0xf8, 0x00, 0xcf, 0xfa, 0x00, 0x00,
    0x00, 0x08, 0xff, 0xd0, 0x1f, 0xff, 0x40, 0x00,
    0x00, 0x00, 0x3f, 0xff, 0x37, 0xff, 0xf0, 0x00,
    0x00, 0x00, 0x00, 0xef, 0xf8,

    /* U+00C2 "Â" */
    0x00, 0x00, 0x00, 0x00, 0x91, 0x00, 0x00, 0x00,
    0x00, 0x00, 0x00, 0x00, 0xbf, 0xe2, 0x00, 0x00,
    0x00, 0x00, 0x00, 0x01, 0xcf, 0xff, 0xe3, 0x00,
    0x00, 0x00, 0x00, 0x01, 0xdf, 0xf9, 0xef, 0xf3,
    0x00, 0x00, 0x00, 0x00, 0x09, 0xf5, 0x02, 0xec,
    0x00, 0x00, 0x00, 0x00, 0x00, 0x02, 0x00, 0x01,
    0x00, 0x00, 0x00, 0x00, 0x00, 0x00, 0x00, 0x00,
    0x00, 0x00, 0x00, 0x00, 0x00, 0x00, 0x08, 0xff,
    0xfc, 0x00, 0x00, 0x00, 0x00, 0x00, 0x00, 0xdf,
    0xff, 0xf2, 0x00, 0x00, 0x00, 0x00, 0x00, 0x3f,
    0xff, 0xff, 0x70, 0x00, 0x00, 0x00, 0x00, 0x09,
    0xff, 0xff, 0xfd, 0x00, 0x00, 0x00, 0x00, 0x00,
    0xef, 0xf8, 0xff, 0xf2, 0x00, 0x00, 0x00, 0x00,
    0x4f, 0xff, 0x1d, 0xff, 0x70, 0x00, 0x00, 0x00,
    0x09, 0xff, 0xb0, 0x7f, 0xfd, 0x00, 0x00, 0x00,
    0x00, 0xff, 0xf6, 0x02, 0xff, 0xf2, 0x00, 0x00,
    0x00, 0x5f, 0xff, 0x10, 0x0d, 0xff, 0x80, 0x00,
    0x00, 0x0a, 0xff, 0xb0, 0x00, 0x8f, 0xfd, 0x00,
    0x00, 0x00, 0xff, 0xf5, 0x00, 0x02, 0xff, 0xf2,
    0x00, 0x00, 0x5f, 0xff, 0xff, 0xff, 0xff, 0xff,
    0x80, 0x00, 0x0b, 0xff, 0xff, 0xff, 0xff, 0xff,
    0xfd, 0x00, 0x01, 0xff, 0xff, 0xff, 0xff, 0xff,
    0xff, 0xf3, 0x00, 0x6f, 0xff, 0x32, 0x22, 0x22,
    0x2f, 0xff, 0x80, 0x0c, 0xff, 0xa0, 0x00, 0x00,
    0x00, 0x8f, 0xfd, 0x01, 0xff, 0xf4, 0x00, 0x00,
    0x00, 0x03, 0xff, 0xf3, 0x7f, 0xff, 0x00, 0x00,
    0x00, 0x00, 0x0e, 0xff, 0x80,

    /* U+00C3 "Ã" */
    0x00, 0x00, 0x02, 0x77, 0x20, 0x05, 0x10, 0x00,
    0x00, 0x00, 0x04, 0xff, 0xff, 0xba, 0xff, 0x40,
    0x00, 0x00, 0x00, 0xef, 0xff, 0xff, 0xff, 0xd0,
    0x00, 0x00, 0x00, 0x05, 0xc5, 0x17, 0xdf, 0xb2,
    0x00, 0x00, 0x00, 0x00, 0x00, 0x00, 0x00, 0x00,
    0x00, 0x00, 0x00, 0x00, 0x00, 0x00, 0x00, 0x00,
    0x00, 0x00, 0x00, 0x00, 0x00, 0x00, 0x8f, 0xff,
    0xc0, 0x00, 0x00, 0x00, 0x00, 0x00, 0x0d, 0xff,
    0xff, 0x20, 0x00, 0x00, 0x00, 0x00, 0x03, 0xff,
    0xff, 0xf7, 0x00, 0x00, 0x00, 0x00, 0x00, 0x9f,
    0xff, 0xff, 0xd0, 0x00, 0x00, 0x00, 0x00, 0x0e,
    0xff, 0x8f, 0xff, 0x20, 0x00, 0x00, 0x00, 0x04,
    0xff, 0xf1, 0xdf, 0xf7, 0x00, 0x00, 0x00, 0x00,
    0x9f, 0xfb, 0x07, 0xff, 0xd0, 0x00, 0x00, 0x00,
    0x0f, 0xff, 0x60, 0x2f, 0xff, 0x20, 0x00, 0x00,
    0x05, 0xff, 0xf1, 0x00, 0xdf, 0xf8, 0x00, 0x00,
    0x00, 0xaf, 0xfb, 0x00, 0x08, 0xff, 0xd0, 0x00,
    0x00, 0x0f, 0xff, 0x50, 0x00, 0x2f, 0xff, 0x20,
    0x00, 0x05, 0xff, 0xff, 0xff, 0xff, 0xff, 0xf8,
    0x00, 0x00, 0xbf, 0xff, 0xff, 0xff, 0xff, 0xff,
    0xd0, 0x00, 0x1f, 0xff, 0xff, 0xff, 0xff, 0xff,
    0xff, 0x30, 0x06, 0xff, 0xf3, 0x22, 0x22, 0x22,
    0xff, 0xf8, 0x00, 0xcf, 0xfa, 0x00, 0x00, 0x00,
    0x08, 0xff, 0xd0, 0x1f, 0xff, 0x40, 0x00, 0x00,
    0x00, 0x3f, 0xff, 0x37, 0xff, 0xf0, 0x00, 0x00,
    0x00, 0x00, 0xef, 0xf8,

    /* U+00C4 "Ä" */
    0x00, 0x00, 0x3c, 0xd4, 0x01, 0xbd, 0x50, 0x00,
    0x00, 0x00, 0x0b, 0xff, 0xe0, 0xaf, 0xff, 0x00,
    0x00, 0x00, 0x00, 0xcf, 0xfe, 0x0a, 0xff, 0xf1,
    0x00, 0x00, 0x00, 0x03, 0xee, 0x50, 0x2d, 0xf7,
    0x00, 0x00, 0x00, 0x00, 0x00, 0x00, 0x00, 0x00,
    0x00, 0x00, 0x00, 0x00, 0x00, 0x00, 0x00, 0x00,
    0x00, 0x00, 0x00, 0x00, 0x00, 0x00, 0x8f, 0xff,
    0xc0, 0x00, 0x00, 0x00, 0x00, 0x00, 0x0d, 0xff,
    0xff, 0x20, 0x00, 0x00, 0x00, 0x00, 0x03, 0xff,
    0xff, 0xf7, 0x00, 0x00, 0x00, 0x00, 0x00, 0x9f,
    0xff, 0xff, 0xd0, 0x00, 0x00, 0x00, 0x00, 0x0e,
    0xff, 0x8f, 0xff, 0x20, 0x00, 0x00, 0x00, 0x04,
    0xff, 0xf1, 0xdf, 0xf7, 0x00, 0x00, 0x00, 0x00,
    0x9f, 0xfb, 0x07, 0xff, 0xd0, 0x00, 0x00, 0x00,
    0x0f, 0xff, 0x60, 0x2f, 0xff, 0x20, 0x00, 0x00,
    0x05, 0xff, 0xf1, 0x00, 0xdf, 0xf8, 0x00, 0x00,
    0x00, 0xaf, 0xfb, 0x00, 0x08, 0xff, 0xd0, 0x00,
    0x00, 0x0f, 0xff, 0x50, 0x00, 0x2f, 0xff, 0x20,
    0x00, 0x05, 0xff, 0xff, 0xff, 0xff, 0xff, 0xf8,
    0x00, 0x00, 0xbf, 0xff, 0xff, 0xff, 0xff, 0xff,
    0xd0, 0x00, 0x1f, 0xff, 0xff, 0xff, 0xff, 0xff,
    0xff, 0x30, 0x06, 0xff, 0xf3, 0x22, 0x22, 0x22,
    0xff, 0xf8, 0x00, 0xcf, 0xfa, 0x00, 0x00, 0x00,
    0x08, 0xff, 0xd0, 0x1f, 0xff, 0x40, 0x00, 0x00,
    0x00, 0x3f, 0xff, 0x37, 0xff, 0xf0, 0x00, 0x00,
    0x00, 0x00, 0xef, 0xf8,

    /* U+00C5 "Å" */
    0x00, 0x00, 0x00, 0x3c, 0xfd, 0x60, 0x00, 0x00,
    0x00, 0x00, 0x00, 0x1f, 0xff, 0xff, 0x50, 0x00,
    0x00, 0x00, 0x00, 0x04, 0xfd, 0x1a, 0xf9, 0x00,
    0x00, 0x00, 0x00, 0x00, 0x1f, 0xff, 0xff, 0x50,
    0x00, 0x00, 0x00, 0x00, 0x00, 0x3c, 0xfe, 0x70,
    0x00, 0x00, 0x00, 0x00, 0x00, 0x00, 0x00, 0x00,
    0x00, 0x00, 0x00, 0x00, 0x00, 0x00, 0x00, 0x00,
    0x00, 0x00, 0x00, 0x00, 0x00, 0x00, 0x08, 0xff,
    0xfc, 0x00, 0x00, 0x00, 0x00, 0x00, 0x00, 0xdf,
    0xff, 0xf2, 0x00, 0x00, 0x00, 0x00, 0x00, 0x3f,
    0xff, 0xff, 0x70, 0x00, 0x00, 0x00, 0x00, 0x09,
    0xff, 0xff, 0xfd, 0x00, 0x00, 0x00, 0x00, 0x00,
    0xef, 0xf8, 0xff, 0xf2, 0x00, 0x00, 0x00, 0x00,
    0x4f, 0xff, 0x1d, 0xff, 0x70, 0x00, 0x00, 0x00,
    0x09, 0xff, 0xb0, 0x7f, 0xfd, 0x00, 0x00, 0x00,
    0x00, 0xff, 0xf6, 0x02, 0xff, 0xf2, 0x00, 0x00,
    0x00, 0x5f, 0xff, 0x10, 0x0d, 0xff, 0x80, 0x00,
    0x00, 0x0a, 0xff, 0xb0, 0x00, 0x8f, 0xfd, 0x00,
    0x00, 0x00, 0xff, 0xf5, 0x00, 0x02, 0xff, 0xf2,
    0x00, 0x00, 0x5f, 0xff, 0xff, 0xff, 0xff, 0xff,
    0x80, 0x00, 0x0b, 0xff, 0xff, 0xff, 0xff, 0xff,
    0xfd, 0x00, 0x01, 0xff, 0xff, 0xff, 0xff, 0xff,
    0xff, 0xf3, 0x00, 0x6f, 0xff, 0x32, 0x22, 0x22,
    0x2f, 0xff, 0x80, 0x0c, 0xff, 0xa0, 0x00, 0x00,
    0x00, 0x8f, 0xfd, 0x01, 0xff, 0xf4, 0x00, 0x00,
    0x00, 0x03, 0xff, 0xf3, 0x7f, 0xff, 0x00, 0x00,
    0x00, 0x00, 0x0e, 0xff, 0x80,

    /* U+00C6 "Æ" */
    0x00, 0x00, 0x00, 0x0e, 0xff, 0xff, 0xff, 0xff,
    0xff, 0xff, 0x50, 0x00, 0x00, 0x04, 0xff, 0xff,
    0xff, 0xff, 0xff, 0xff, 0xf5, 0x00, 0x00, 0x00,
    0xaf, 0xff, 0xff, 0xff, 0xff, 0xff, 0xff, 0x50,
    0x00, 0x00, 0x1f, 0xff, 0xcf, 0xff, 0x54, 0x44,
    0x44, 0x41, 0x00, 0x00, 0x07, 0xff, 0xf5, 0xff,
    0xf3, 0x00, 0x00, 0x00, 0x00, 0x00, 0x00, 0xdf,
    0xfa, 0x2f, 0xff, 0x40, 0x00, 0x00, 0x00, 0x00,
    0x00, 0x3f, 0xff, 0x40, 0xff, 0xf5, 0x00, 0x00,
    0x00, 0x00, 0x00, 0x09, 0xff, 0xe0, 0x0f, 0xff,
    0xb4, 0x44, 0x44, 0x10, 0x00, 0x00, 0xff, 0xf7,
    0x00, 0xdf, 0xff, 0xff, 0xff, 0xf6, 0x00, 0x00,
    0x6f, 0xff, 0x10, 0x0c, 0xff, 0xff, 0xff, 0xff,
    0x60, 0x00, 0x0c, 0xff, 0xb0, 0x00, 0xaf, 0xff,
    0xff, 0xff, 0xf6, 0x00, 0x02, 0xff, 0xff, 0xff,
    0xff, 0xff, 0xc0, 0x00, 0x00, 0x00, 0x00, 0x8f,
    0xff, 0xff, 0xff, 0xff, 0xfd, 0x00, 0x00, 0x00,
    0x00, 0x0e, 0xff, 0xff, 0xff, 0xff, 0xff, 0xf0,
    0x00, 0x00, 0x00, 0x04, 0xff, 0xf5, 0x22, 0x22,
    0x7f, 0xff, 0x44, 0x44, 0x44, 0x30, 0xaf, 0xfb,
    0x00, 0x00, 0x03, 0xff, 0xff, 0xff, 0xff, 0xfd,
    0x1f, 0xff, 0x50, 0x00, 0x00, 0x1f, 0xff, 0xff,
    0xff, 0xff, 0xd7, 0xff, 0xe0, 0x00, 0x00, 0x00,
    0xff, 0xff, 0xff, 0xff, 0xfd,

    /* U+00C7 "Ç" */
    0x00, 0x00, 0x01, 0x7c, 0xef, 0xfd, 0xa4, 0x00,
    0x00, 0x00, 0x00, 0x8f, 0xff, 0xff, 0xff, 0xff,
    0xc1, 0x00, 0x00, 0x0b, 0xff, 0xff, 0xff, 0xff,
    0xff, 0xfe, 0x20, 0x00, 0xaf, 0xff, 0xfb, 0x65,
    0x69, 0xff, 0xff, 0xd0, 0x04, 0xff, 0xfe, 0x40,
    0x00, 0x00, 0x1b, 0xff, 0xf8, 0x0b, 0xff, 0xf3,
    0x00, 0x00, 0x00, 0x00, 0xdc, 0x61, 0x0f, 0xff,
    0xa0, 0x00, 0x00, 0x00, 0x00, 0x00, 0x00, 0x3f,
    0xff, 0x40, 0x00, 0x00, 0x00, 0x00, 0x00, 0x00,
    0x5f, 0xff, 0x20, 0x00, 0x00, 0x00, 0x00, 0x00,
    0x00, 0x5f, 0xff, 0x20, 0x00, 0x00, 0x00, 0x00,
    0x00, 0x00, 0x4f, 0xff, 0x40, 0x00, 0x00, 0x00,
    0x00, 0x00, 0x00, 0x1f, 0xff, 0xa0, 0x00, 0x00,
    0x00, 0x00, 0x00, 0x00, 0x0c, 0xff, 0xf3, 0x00,
    0x00, 0x00, 0x00, 0xdc, 0x61, 0x05, 0xff, 0xfe,
    0x30, 0x00, 0x00, 0x1b, 0xff, 0xf8, 0x00, 0xaf,
    0xff, 0xfb, 0x65, 0x69, 0xff, 0xff, 0xd0, 0x00,
    0x0c, 0xff, 0xff, 0xff, 0xff, 0xff, 0xfe, 0x20,
    0x00, 0x00, 0x9f, 0xff, 0xff, 0xff, 0xff, 0xc1,
    0x00, 0x00, 0x00, 0x02, 0x8c, 0xff, 0xfd, 0xa4,
    0x00, 0x00, 0x00, 0x00, 0x00, 0x00, 0xff, 0x60,
    0x00, 0x00, 0x00, 0x00, 0x00, 0x00, 0x03, 0xff,
    0xfd, 0x00, 0x00, 0x00, 0x00, 0x00, 0x00, 0x01,
    0x00, 0xdf, 0x30, 0x00, 0x00, 0x00, 0x00, 0x00,
    0x1f, 0xed, 0xff, 0x10, 0x00, 0x00, 0x00, 0x00,
    0x00, 0x2a, 0xef, 0xc4, 0x00, 0x00, 0x00,

    /* U+00C8 "È" */
    0x00, 0x00, 0x00, 0x00, 0x00, 0x00, 0x00, 0x09,
    0x90, 0x00, 0x00, 0x00, 0x00, 0x7f, 0xfa, 0x00,
    0x00, 0x00, 0x00, 0x0b, 0xff, 0xb0, 0x00, 0x00,
    0x00, 0x00, 0xaf, 0xfb, 0x00, 0x00, 0x00, 0x00,
    0x08, 0xf4, 0x00, 0x00, 0x00, 0x00, 0x00, 0x20,
    0x00, 0x00, 0x00, 0x00, 0x00, 0x00, 0x00, 0x00,
    0x3f, 0xff, 0xff, 0xff, 0xff, 0xfe, 0x3f, 0xff,
    0xff, 0xff, 0xff, 0xfe, 0x3f, 0xff, 0xff, 0xff,
    0xff, 0xfe, 0x3f, 0xff, 0x63, 0x33, 0x33, 0x33,
    0x3f, 0xff, 0x20, 0x00, 0x00, 0x00, 0x3f, 0xff,
    0x20, 0x00, 0x00, 0x00, 0x3f, 0xff, 0x20, 0x00,
    0x00, 0x00, 0x3f, 0xff, 0x64, 0x44, 0x44, 0x10,
    0x3f, 0xff, 0xff, 0xff, 0xff, 0x60, 0x3f, 0xff,
    0xff, 0xff, 0xff, 0x60, 0x3f, 0xff, 0xff, 0xff,
    0xff, 0x60, 0x3f, 0xff, 0x20, 0x00, 0x00, 0x00,
    0x3f, 0xff, 0x20, 0x00, 0x00, 0x00, 0x3f, 0xff,
    0x20, 0x00, 0x00, 0x00, 0x3f, 0xff, 0x64, 0x44,
    0x44, 0x43, 0x3f, 0xff, 0xff, 0xff, 0xff, 0xfe,
    0x3f, 0xff, 0xff, 0xff, 0xff, 0xfe, 0x3f, 0xff,
    0xff, 0xff, 0xff, 0xfe,

    /* U+00C9 "É" */
    0x00, 0x00, 0x00, 0x00, 0x00, 0x00, 0x00, 0x00,
    0x00, 0x02, 0xd3, 0x00, 0x00, 0x00, 0x00, 0x3e,
    0xfe, 0x10, 0x00, 0x00, 0x04, 0xff, 0xf5, 0x00,
    0x00, 0x00, 0x3f, 0xff, 0x40, 0x00, 0x00, 0x00,
    0x0a, 0xe3, 0x00, 0x00, 0x00, 0x00, 0x00, 0x20,
    0x00, 0x00, 0x00, 0x00, 0x00, 0x00, 0x00, 0x00,
    0x3f, 0xff, 0xff, 0xff, 0xff, 0xfe, 0x3f, 0xff,
    0xff, 0xff, 0xff, 0xfe, 0x3f, 0xff, 0xff, 0xff,
    0xff, 0xfe, 0x3f, 0xff, 0x63, 0x33, 0x33, 0x33,
    0x3f, 0xff, 0x20, 0x00, 0x00, 0x00, 0x3f, 0xff,
    0x20, 0x00, 0x00, 0x00, 0x3f, 0xff, 0x20, 0x00,
    0x00, 0x00, 0x3f, 0xff, 0x64, 0x44, 0x44, 0x10,
    0x3f, 0xff, 0xff, 0xff, 0xff, 0x60, 0x3f, 0xff,
    0xff, 0xff, 0xff, 0x60, 0x3f, 0xff, 0xff, 0xff,
    0xff, 0x60, 0x3f, 0xff, 0x20, 0x00, 0x00, 0x00,
    0x3f, 0xff, 0x20, 0x00, 0x00, 0x00, 0x3f, 0xff,
    0x20, 0x00, 0x00, 0x00, 0x3f, 0xff, 0x64, 0x44,
    0x44, 0x43, 0x3f, 0xff, 0xff, 0xff, 0xff, 0xfe,
    0x3f, 0xff, 0xff, 0xff, 0xff, 0xfe, 0x3f, 0xff,
    0xff, 0xff, 0xff, 0xfe,

    /* U+00CA "Ê" */
    0x00, 0x00, 0x02, 0x80, 0x00, 0x00, 0x00, 0x00,
    0x3e, 0xfb, 0x00, 0x00, 0x00, 0x04, 0xff, 0xff,
    0xc0, 0x00, 0x00, 0x4f, 0xfe, 0x9f, 0xfd, 0x00,
    0x00, 0x1d, 0xe2, 0x05, 0xf7, 0x00, 0x00, 0x01,
    0x10, 0x00, 0x20, 0x00, 0x00, 0x00, 0x00, 0x00,
    0x00, 0x00, 0x3f, 0xff, 0xff, 0xff, 0xff, 0xfe,
    0x3f, 0xff, 0xff, 0xff, 0xff, 0xfe, 0x3f, 0xff,
    0xff, 0xff, 0xff, 0xfe, 0x3f, 0xff, 0x63, 0x33,
    0x33, 0x33, 0x3f, 0xff, 0x20, 0x00, 0x00, 0x00,
    0x3f, 0xff, 0x20, 0x00, 0x00, 0x00, 0x3f, 0xff,
    0x20, 0x00, 0x00, 0x00, 0x3f, 0xff, 0x64, 0x44,
    0x44, 0x10, 0x3f, 0xff, 0xff, 0xff, 0xff, 0x60,
    0x3f, 0xff, 0xff, 0xff, 0xff, 0x60, 0x3f, 0xff,
    0xff, 0xff, 0xff, 0x60, 0x3f, 0xff, 0x20, 0x00,
    0x00, 0x00, 0x3f, 0xff, 0x20, 0x00, 0x00, 0x00,
    0x3f, 0xff, 0x20, 0x00, 0x00, 0x00, 0x3f, 0xff,
    0x64, 0x44, 0x44, 0x43, 0x3f, 0xff, 0xff, 0xff,
    0xff, 0xfe, 0x3f, 0xff, 0xff, 0xff, 0xff, 0xfe,
    0x3f, 0xff, 0xff, 0xff, 0xff, 0xfe,

    /* U+00CB "Ë" */
    0x00, 0x6d, 0xb1, 0x05, 0xdc, 0x20, 0x01, 0xff,
    0xf9, 0x0f, 0xff, 0xb0, 0x01, 0xff, 0xf9, 0x0f,
    0xff, 0xb0, 0x00, 0x7f, 0xd2, 0x06, 0xed, 0x30,
    0x00, 0x00, 0x00, 0x00, 0x00, 0x00, 0x00, 0x00,
    0x00, 0x00, 0x00, 0x00, 0x3f, 0xff, 0xff, 0xff,
    0xff, 0xfe, 0x3f, 0xff, 0xff, 0xff, 0xff, 0xfe,
    0x3f, 0xff, 0xff, 0xff, 0xff, 0xfe, 0x3f, 0xff,
    0x63, 0x33, 0x33, 0x33, 0x3f, 0xff, 0x20, 0x00,
    0x00, 0x00, 0x3f, 0xff, 0x20, 0x00, 0x00, 0x00,
    0x3f, 0xff, 0x20, 0x00, 0x00, 0x00, 0x3f, 0xff,
    0x64, 0x44, 0x44, 0x10, 0x3f, 0xff, 0xff, 0xff,
    0xff, 0x60, 0x3f, 0xff, 0xff, 0xff, 0xff, 0x60,
    0x3f, 0xff, 0xff, 0xff, 0xff, 0x60, 0x3f, 0xff,
    0x20, 0x00, 0x00, 0x00, 0x3f, 0xff, 0x20, 0x00,
    0x00, 0x00, 0x3f, 0xff, 0x20, 0x00, 0x00, 0x00,
    0x3f, 0xff, 0x64, 0x44, 0x44, 0x43, 0x3f, 0xff,
    0xff, 0xff, 0xff, 0xfe, 0x3f, 0xff, 0xff, 0xff,
    0xff, 0xfe, 0x3f, 0xff, 0xff, 0xff, 0xff, 0xfe,

    /* U+00CC "Ì" */
    0x00, 0x00, 0x00, 0x00, 0x7b, 0x00, 0x00, 0x4f,
    0xfc, 0x10, 0x00, 0x9f, 0xfd, 0x10, 0x00, 0x7f,
    0xfd, 0x00, 0x00, 0x6f, 0x60, 0x00, 0x00, 0x20,
    0x00, 0x00, 0x00, 0x00, 0x00, 0x3f, 0xff, 0x20,
    0x03, 0xff, 0xf2, 0x00, 0x3f, 0xff, 0x20, 0x03,
    0xff, 0xf2, 0x00, 0x3f, 0xff, 0x20, 0x03, 0xff,
    0xf2, 0x00, 0x3f, 0xff, 0x20, 0x03, 0xff, 0xf2,
    0x00, 0x3f, 0xff, 0x20, 0x03, 0xff, 0xf2, 0x00,
    0x3f, 0xff, 0x20, 0x03, 0xff, 0xf2, 0x00, 0x3f,
    0xff, 0x20, 0x03, 0xff, 0xf2, 0x00, 0x3f, 0xff,
    0x20, 0x03, 0xff, 0xf2, 0x00, 0x3f, 0xff, 0x20,
    0x03, 0xff, 0xf2,

    /* U+00CD "Í" */
    0x00, 0x00, 0x00, 0x00, 0x00, 0x1c, 0x50, 0x00,
    0x1d, 0xff, 0x20, 0x2e, 0xff, 0x60, 0x1e, 0xff,
    0x50, 0x00, 0x9f, 0x40, 0x00, 0x00, 0x20, 0x00,
    0x00, 0x00, 0x00, 0x00, 0x3f, 0xff, 0x20, 0x03,
    0xff, 0xf2, 0x00, 0x3f, 0xff, 0x20, 0x03, 0xff,
    0xf2, 0x00, 0x3f, 0xff, 0x20, 0x03, 0xff, 0xf2,
    0x00, 0x3f, 0xff, 0x20, 0x03, 0xff, 0xf2, 0x00,
    0x3f, 0xff, 0x20, 0x03, 0xff, 0xf2, 0x00, 0x3f,
    0xff, 0x20, 0x03, 0xff, 0xf2, 0x00, 0x3f, 0xff,
    0x20, 0x03, 0xff, 0xf2, 0x00, 0x3f, 0xff, 0x20,
    0x03, 0xff, 0xf2, 0x00, 0x3f, 0xff, 0x20, 0x03,
    0xff, 0xf2, 0x00,

    /* U+00CE "Î" */
    0x00, 0x00, 0x50, 0x00, 0x00, 0x09, 0xf7, 0x00,
    0x00, 0x8f, 0xff, 0x70, 0x08, 0xff, 0xff, 0xf6,
    0x09, 0xfc, 0x1b, 0xf7, 0x00, 0x60, 0x00, 0x30,
    0x00, 0x00, 0x00, 0x00, 0x00, 0x3f, 0xff, 0x20,
    0x00, 0x3f, 0xff, 0x20, 0x00, 0x3f, 0xff, 0x20,
    0x00, 0x3f, 0xff, 0x20, 0x00, 0x3f, 0xff, 0x20,
    0x00, 0x3f, 0xff, 0x20, 0x00, 0x3f, 0xff, 0x20,
    0x00, 0x3f, 0xff, 0x20, 0x00, 0x3f, 0xff, 0x20,
    0x00, 0x3f, 0xff, 0x20, 0x00, 0x3f, 0xff, 0x20,
    0x00, 0x3f, 0xff, 0x20, 0x00, 0x3f, 0xff, 0x20,
    0x00, 0x3f, 0xff, 0x20, 0x00, 0x3f, 0xff, 0x20,
    0x00, 0x3f, 0xff, 0x20, 0x00, 0x3f, 0xff, 0x20,
    0x00, 0x3f, 0xff, 0x20,

    /* U+00CF "Ï" */
    0x1b, 0xd7, 0x08, 0xda, 0x08, 0xff, 0xf6, 0xff,
    0xf7, 0x8f, 0xff, 0x7f, 0xff, 0x81, 0xcf, 0x90,
    0x9f, 0xc1, 0x00, 0x00, 0x00, 0x00, 0x00, 0x00,
    0x00, 0x00, 0x00, 0x00, 0x3f, 0xff, 0x20, 0x00,
    0x03, 0xff, 0xf2, 0x00, 0x00, 0x3f, 0xff, 0x20,
    0x00, 0x03, 0xff, 0xf2, 0x00, 0x00, 0x3f, 0xff,
    0x20, 0x00, 0x03, 0xff, 0xf2, 0x00, 0x00, 0x3f,
    0xff, 0x20, 0x00, 0x03, 0xff, 0xf2, 0x00, 0x00,
    0x3f, 0xff, 0x20, 0x00, 0x03, 0xff, 0xf2, 0x00,
    0x00, 0x3f, 0xff, 0x20, 0x00, 0x03, 0xff, 0xf2,
    0x00, 0x00, 0x3f, 0xff, 0x20, 0x00, 0x03, 0xff,
    0xf2, 0x00, 0x00, 0x3f, 0xff, 0x20, 0x00, 0x03,
    0xff, 0xf2, 0x00, 0x00, 0x3f, 0xff, 0x20, 0x00,
    0x03, 0xff, 0xf2, 0x00,

    /* U+00D0 "Ð" */
    0x00, 0x9f, 0xff, 0xff, 0xff, 0xd9, 0x30, 0x00,
    0x00, 0x00, 0x9f, 0xff, 0xff, 0xff, 0xff, 0xfa,
    0x00, 0x00, 0x00, 0x9f, 0xff, 0xff, 0xff, 0xff,
    0xff, 0xd1, 0x00, 0x00, 0x9f, 0xff, 0x44, 0x46,
    0xaf, 0xff, 0xfc, 0x00, 0x00, 0x9f, 0xfd, 0x00,
    0x00, 0x02, 0xdf, 0xff, 0x60, 0x00, 0x9f, 0xfd,
    0x00, 0x00, 0x00, 0x2f, 0xff, 0xd0, 0x00, 0x9f,
    0xfd, 0x00, 0x00, 0x00, 0x09, 0xff, 0xf1, 0x12,
    0xbf, 0xff, 0x22, 0x20, 0x00, 0x04, 0xff, 0xf4,
    0x8f, 0xff, 0xff, 0xff, 0xf5, 0x00, 0x03, 0xff,
    0xf5, 0x8f, 0xff, 0xff, 0xff, 0xf5, 0x00, 0x03,
    0xff, 0xf5, 0x8f, 0xff, 0xff, 0xff, 0xf5, 0x00,
    0x04, 0xff, 0xf4, 0x00, 0x9f, 0xfd, 0x00, 0x00,
    0x00, 0x09, 0xff, 0xf1, 0x00, 0x9f, 0xfd, 0x00,
    0x00, 0x00, 0x2f, 0xff, 0xd0, 0x00, 0x9f, 0xfd,
    0x00, 0x00, 0x02, 0xdf, 0xff, 0x70, 0x00, 0x9f,
    0xff, 0x44, 0x46, 0xaf, 0xff, 0xfc, 0x00, 0x00,
    0x9f, 0xff, 0xff, 0xff, 0xff, 0xff, 0xe1, 0x00,
    0x00, 0x9f, 0xff, 0xff, 0xff, 0xff, 0xfb, 0x10,
    0x00, 0x00, 0x9f, 0xff, 0xff, 0xff, 0xd9, 0x30,
    0x00, 0x00,

    /* U+00D1 "Ñ" */
    0x00, 0x00, 0x04, 0x86, 0x10, 0x06, 0x00, 0x00,
    0x00, 0x00, 0x7f, 0xff, 0xfa, 0xcf, 0xf2, 0x00,
    0x00, 0x02, 0xff, 0xff, 0xff, 0xff, 0xb0, 0x00,
    0x00, 0x00, 0x6c, 0x22, 0x9e, 0xfa, 0x00, 0x00,
    0x00, 0x00, 0x00, 0x00, 0x00, 0x00, 0x00, 0x00,
    0x00, 0x00, 0x00, 0x00, 0x00, 0x00, 0x00, 0x00,
    0x3f, 0xff, 0x30, 0x00, 0x00, 0x00, 0x8f, 0xfe,
    0x3f, 0xff, 0xd0, 0x00, 0x00, 0x00, 0x8f, 0xfe,
    0x3f, 0xff, 0xfa, 0x00, 0x00, 0x00, 0x8f, 0xfe,
    0x3f, 0xff, 0xff, 0x60, 0x00, 0x00, 0x8f, 0xfe,
    0x3f, 0xff, 0xff, 0xf2, 0x00, 0x00, 0x8f, 0xfe,
    0x3f, 0xff, 0xff, 0xfd, 0x00, 0x00, 0x8f, 0xfe,
    0x3f, 0xff, 0xcf, 0xff, 0x90, 0x00, 0x8f, 0xfe,
    0x3f, 0xff, 0x3d, 0xff, 0xf5, 0x00, 0x8f, 0xfe,
    0x3f, 0xff, 0x22, 0xff, 0xff, 0x20, 0x8f, 0xfe,
    0x3f, 0xff, 0x20, 0x6f, 0xff, 0xc0, 0x8f, 0xfe,
    0x3f, 0xff, 0x20, 0x0a, 0xff, 0xf8, 0x8f, 0xfe,
    0x3f, 0xff, 0x20, 0x00, 0xdf, 0xff, 0xcf, 0xfe,
    0x3f, 0xff, 0x20, 0x00, 0x3f, 0xff, 0xff, 0xfe,
    0x3f, 0xff, 0x20, 0x00, 0x07, 0xff, 0xff, 0xfe,
    0x3f, 0xff, 0x20, 0x00, 0x00, 0xbf, 0xff, 0xfe,
    0x3f, 0xff, 0x20, 0x00, 0x00, 0x1e, 0xff, 0xfe,
    0x3f, 0xff, 0x20, 0x00, 0x00, 0x04, 0xff, 0xfe,
    0x3f, 0xff, 0x20, 0x00, 0x00, 0x00, 0x8f, 0xfe,

    /* U+00D2 "Ò" */
    0x00, 0x00, 0x00, 0x18, 0x00, 0x00, 0x00, 0x00,
    0x00, 0x00, 0x00, 0x00, 0x1d, 0xfb, 0x00, 0x00,
    0x00, 0x00, 0x00, 0x00, 0x00, 0x00, 0x9f, 0xfc,
    0x10, 0x00, 0x00, 0x00, 0x00, 0x00, 0x00, 0x00,
    0x8f, 0xfd, 0x10, 0x00, 0x00, 0x00, 0x00, 0x00,
    0x00, 0x00, 0x7f, 0xd1, 0x00, 0x00, 0x00, 0x00,
    0x00, 0x00, 0x00, 0x00, 0x51, 0x00, 0x00, 0x00,
    0x00, 0x00, 0x00, 0x00, 0x00, 0x00, 0x00, 0x00,
    0x00, 0x00, 0x00, 0x00, 0x00, 0x17, 0xbe, 0xfe,
    0xd9, 0x40, 0x00, 0x00, 0x00, 0x00, 0x7f, 0xff,
    0xff, 0xff, 0xff, 0xc2, 0x00, 0x00, 0x00, 0xbf,
    0xff, 0xff, 0xff, 0xff, 0xff, 0xf4, 0x00, 0x00,
    0x9f, 0xff, 0xfc, 0x75, 0x69, 0xff, 0xff, 0xf2,
    0x00, 0x3f, 0xff, 0xe4, 0x00, 0x00, 0x00, 0xaf,
    0xff, 0xb0, 0x0b, 0xff, 0xf4, 0x00, 0x00, 0x00,
    0x00, 0xbf, 0xff, 0x30, 0xff, 0xfa, 0x00, 0x00,
    0x00, 0x00, 0x02, 0xff, 0xf8, 0x3f, 0xff, 0x40,
    0x00, 0x00, 0x00, 0x00, 0x0c, 0xff, 0xb5, 0xff,
    0xf2, 0x00, 0x00, 0x00, 0x00, 0x00, 0xaf, 0xfd,
    0x5f, 0xff, 0x20, 0x00, 0x00, 0x00, 0x00, 0x0a,
    0xff, 0xd3, 0xff, 0xf4, 0x00, 0x00, 0x00, 0x00,
    0x00, 0xcf, 0xfb, 0x0f, 0xff, 0xa0, 0x00, 0x00,
    0x00, 0x00, 0x2f, 0xff, 0x80, 0xbf, 0xff, 0x40,
    0x00, 0x00, 0x00, 0x0b, 0xff, 0xf3, 0x03, 0xff,
    0xff, 0x50, 0x00, 0x00, 0x1b, 0xff, 0xfb, 0x00,
    0x09, 0xff, 0xff, 0xc8, 0x67, 0x9f, 0xff, 0xfe,
    0x20, 0x00, 0x0b, 0xff, 0xff, 0xff, 0xff, 0xff,
    0xff, 0x40, 0x00, 0x00, 0x07, 0xff, 0xff, 0xff,
    0xff, 0xfc, 0x20, 0x00, 0x00, 0x00, 0x01, 0x7b,
    0xef, 0xfd, 0x94, 0x00, 0x00, 0x00,

    /* U+00D3 "Ó" */
    0x00, 0x00, 0x00, 0x00, 0x00, 0x05, 0x50, 0x00,
    0x00, 0x00, 0x00, 0x00, 0x00, 0x00, 0x06, 0xff,
    0x40, 0x00, 0x00, 0x00, 0x00, 0x00, 0x00, 0x07,
    0xff, 0xd2, 0x00, 0x00, 0x00, 0x00, 0x00, 0x00,
    0x08, 0xff, 0xd1, 0x00, 0x00, 0x00, 0x00, 0x00,
    0x00, 0x00, 0x8f, 0xc1, 0x00, 0x00, 0x00, 0x00,
    0x00, 0x00, 0x00, 0x00, 0x60, 0x00, 0x00, 0x00,
    0x00, 0x00, 0x00, 0x00, 0x00, 0x00, 0x00, 0x00,
    0x00, 0x00, 0x00, 0x00, 0x00, 0x17, 0xbe, 0xfe,
    0xd9, 0x40, 0x00, 0x00, 0x00, 0x00, 0x7f, 0xff,
    0xff, 0xff, 0xff, 0xc2, 0x00, 0x00, 0x00, 0xbf,
    0xff, 0xff, 0xff, 0xff, 0xff, 0xf4, 0x00, 0x00,
    0x9f, 0xff, 0xfc, 0x75, 0x69, 0xff, 0xff, 0xf2,
    0x00, 0x3f, 0xff, 0xe4, 0x00, 0x00, 0x00, 0xaf,
    0xff, 0xb0, 0x0b, 0xff, 0xf4, 0x00, 0x00, 0x00,
    0x00, 0xbf, 0xff, 0x30, 0xff, 0xfa, 0x00, 0x00,
    0x00, 0x00, 0x02, 0xff, 0xf8, 0x3f, 0xff, 0x40,
    0x00, 0x00, 0x00, 0x00, 0x0c, 0xff, 0xb5, 0xff,
    0xf2, 0x00, 0x00, 0x00, 0x00, 0x00, 0xaf, 0xfd,
    0x5f, 0xff, 0x20, 0x00, 0x00, 0x00, 0x00, 0x0a,
    0xff, 0xd3, 0xff, 0xf4, 0x00, 0x00, 0x00, 0x00,
    0x00, 0xcf, 0xfb, 0x0f, 0xff, 0xa0, 0x00, 0x00,
    0x00, 0x00, 0x2f, 0xff, 0x80, 0xbf, 0xff, 0x40,
    0x00, 0x00, 0x00, 0x0b, 0xff, 0xf3, 0x03, 0xff,
    0xff, 0x50, 0x00, 0x00, 0x1b, 0xff, 0xfb, 0x00,
    0x09, 0xff, 0xff, 0xc8, 0x67, 0x9f, 0xff, 0xfe,
    0x20, 0x00, 0x0b, 0xff, 0xff, 0xff, 0xff, 0xff,
    0xff, 0x40, 0x00, 0x00, 0x07, 0xff, 0xff, 0xff,
    0xff, 0xfc, 0x20, 0x00, 0x00, 0x00, 0x01, 0x7b,
    0xef, 0xfd, 0x94, 0x00, 0x00, 0x00,

    /* U+00D4 "Ô" */
    0x00, 0x00, 0x00, 0x00, 0x08, 0x20, 0x00, 0x00,
    0x00, 0x00, 0x00, 0x00, 0x00, 0x0a, 0xfe, 0x20,
    0x00, 0x00, 0x00, 0x00, 0x00, 0x00, 0x0b, 0xff,
    0xfe, 0x30, 0x00, 0x00, 0x00, 0x00, 0x00, 0x0c,
    0xff, 0xbe, 0xff, 0x40, 0x00, 0x00, 0x00, 0x00,
    0x00, 0x9f, 0x70, 0x2e, 0xe1, 0x00, 0x00, 0x00,
    0x00, 0x00, 0x00, 0x40, 0x00, 0x21, 0x00, 0x00,
    0x00, 0x00, 0x00, 0x00, 0x00, 0x00, 0x00, 0x00,
    0x00, 0x00, 0x00, 0x00, 0x00, 0x17, 0xbe, 0xfe,
    0xd9, 0x40, 0x00, 0x00, 0x00, 0x00, 0x7f, 0xff,
    0xff, 0xff, 0xff, 0xc2, 0x00, 0x00, 0x00, 0xbf,
    0xff, 0xff, 0xff, 0xff, 0xff, 0xf4, 0x00, 0x00,
    0x9f, 0xff, 0xfc, 0x75, 0x69, 0xff, 0xff, 0xf2,
    0x00, 0x3f, 0xff, 0xe4, 0x00, 0x00, 0x00, 0xaf,
    0xff, 0xb0, 0x0b, 0xff, 0xf4, 0x00, 0x00, 0x00,
    0x00, 0xbf, 0xff, 0x30, 0xff, 0xfa, 0x00, 0x00,
    0x00, 0x00, 0x02, 0xff, 0xf8, 0x3f, 0xff, 0x40,
    0x00, 0x00, 0x00, 0x00, 0x0c, 0xff, 0xb5, 0xff,
    0xf2, 0x00, 0x00, 0x00, 0x00, 0x00, 0xaf, 0xfd,
    0x5f, 0xff, 0x20, 0x00, 0x00, 0x00, 0x00, 0x0a,
    0xff, 0xd3, 0xff, 0xf4, 0x00, 0x00, 0x00, 0x00,
    0x00, 0xcf, 0xfb, 0x0f, 0xff, 0xa0, 0x00, 0x00,
    0x00, 0x00, 0x2f, 0xff, 0x80, 0xbf, 0xff, 0x40,
    0x00, 0x00, 0x00, 0x0b, 0xff, 0xf3, 0x03, 0xff,
    0xff, 0x50, 0x00, 0x00, 0x1b, 0xff, 0xfb, 0x00,
    0x09, 0xff, 0xff, 0xc8, 0x67, 0x9f, 0xff, 0xfe,
    0x20, 0x00, 0x0b, 0xff, 0xff, 0xff, 0xff, 0xff,
    0xff, 0x40, 0x00, 0x00, 0x07, 0xff, 0xff, 0xff,
    0xff, 0xfc, 0x20, 0x00, 0x00, 0x00, 0x01, 0x7b,
    0xef, 0xfd, 0x94, 0x00, 0x00, 0x00,

    /* U+00D5 "Õ" */
    0x00, 0x00, 0x00, 0x8e, 0xe7, 0x00, 0xa5, 0x00,
    0x00, 0x00, 0x00, 0x00, 0x8f, 0xff, 0xfd, 0xaf,
    0xf6, 0x00, 0x00, 0x00, 0x00, 0x0e, 0xfe, 0xaf,
    0xff, 0xfe, 0x10, 0x00, 0x00, 0x00, 0x00, 0x19,
    0x20, 0x3c, 0xfc, 0x20, 0x00, 0x00, 0x00, 0x00,
    0x00, 0x00, 0x00, 0x00, 0x00, 0x00, 0x00, 0x00,
    0x00, 0x00, 0x00, 0x00, 0x00, 0x00, 0x00, 0x00,
    0x00, 0x00, 0x00, 0x01, 0x7b, 0xef, 0xed, 0x94,
    0x00, 0x00, 0x00, 0x00, 0x07, 0xff, 0xff, 0xff,
    0xff, 0xfc, 0x20, 0x00, 0x00, 0x0b, 0xff, 0xff,
    0xff, 0xff, 0xff, 0xff, 0x40, 0x00, 0x09, 0xff,
    0xff, 0xc7, 0x56, 0x9f, 0xff, 0xff, 0x20, 0x03,
    0xff, 0xfe, 0x40, 0x00, 0x00, 0x0a, 0xff, 0xfb,
    0x00, 0xbf, 0xff, 0x40, 0x00, 0x00, 0x00, 0x0b,
    0xff, 0xf3, 0x0f, 0xff, 0xa0, 0x00, 0x00, 0x00,
    0x00, 0x2f, 0xff, 0x83, 0xff, 0xf4, 0x00, 0x00,
    0x00, 0x00, 0x00, 0xcf, 0xfb, 0x5f, 0xff, 0x20,
    0x00, 0x00, 0x00, 0x00, 0x0a, 0xff, 0xd5, 0xff,
    0xf2, 0x00, 0x00, 0x00, 0x00, 0x00, 0xaf, 0xfd,
    0x3f, 0xff, 0x40, 0x00, 0x00, 0x00, 0x00, 0x0c,
    0xff, 0xb0, 0xff, 0xfa, 0x00, 0x00, 0x00, 0x00,
    0x02, 0xff, 0xf8, 0x0b, 0xff, 0xf4, 0x00, 0x00,
    0x00, 0x00, 0xbf, 0xff, 0x30, 0x3f, 0xff, 0xf5,
    0x00, 0x00, 0x01, 0xbf, 0xff, 0xb0, 0x00, 0x9f,
    0xff, 0xfc, 0x86, 0x79, 0xff, 0xff, 0xe2, 0x00,
    0x00, 0xbf, 0xff, 0xff, 0xff, 0xff, 0xff, 0xf4,
    0x00, 0x00, 0x00, 0x7f, 0xff, 0xff, 0xff, 0xff,
    0xc2, 0x00, 0x00, 0x00, 0x00, 0x17, 0xbe, 0xff,
    0xd9, 0x40, 0x00, 0x00,

    /* U+00D6 "Ö" */
    0x00, 0x00, 0x02, 0xcd, 0x50, 0x1b, 0xd7, 0x00,
    0x00, 0x00, 0x00, 0x00, 0xaf, 0xff, 0x08, 0xff,
    0xf2, 0x00, 0x00, 0x00, 0x00, 0x0b, 0xff, 0xf0,
    0x9f, 0xff, 0x20, 0x00, 0x00, 0x00, 0x00, 0x2d,
    0xe6, 0x01, 0xcf, 0x80, 0x00, 0x00, 0x00, 0x00,
    0x00, 0x00, 0x00, 0x00, 0x00, 0x00, 0x00, 0x00,
    0x00, 0x00, 0x00, 0x00, 0x00, 0x00, 0x00, 0x00,
    0x00, 0x00, 0x00, 0x01, 0x7b, 0xef, 0xed, 0x94,
    0x00, 0x00, 0x00, 0x00, 0x07, 0xff, 0xff, 0xff,
    0xff, 0xfc, 0x20, 0x00, 0x00, 0x0b, 0xff, 0xff,
    0xff, 0xff, 0xff, 0xff, 0x40, 0x00, 0x09, 0xff,
    0xff, 0xc7, 0x56, 0x9f, 0xff, 0xff, 0x20, 0x03,
    0xff, 0xfe, 0x40, 0x00, 0x00, 0x0a, 0xff, 0xfb,
    0x00, 0xbf, 0xff, 0x40, 0x00, 0x00, 0x00, 0x0b,
    0xff, 0xf3, 0x0f, 0xff, 0xa0, 0x00, 0x00, 0x00,
    0x00, 0x2f, 0xff, 0x83, 0xff, 0xf4, 0x00, 0x00,
    0x00, 0x00, 0x00, 0xcf, 0xfb, 0x5f, 0xff, 0x20,
    0x00, 0x00, 0x00, 0x00, 0x0a, 0xff, 0xd5, 0xff,
    0xf2, 0x00, 0x00, 0x00, 0x00, 0x00, 0xaf, 0xfd,
    0x3f, 0xff, 0x40, 0x00, 0x00, 0x00, 0x00, 0x0c,
    0xff, 0xb0, 0xff, 0xfa, 0x00, 0x00, 0x00, 0x00,
    0x02, 0xff, 0xf8, 0x0b, 0xff, 0xf4, 0x00, 0x00,
    0x00, 0x00, 0xbf, 0xff, 0x30, 0x3f, 0xff, 0xf5,
    0x00, 0x00, 0x01, 0xbf, 0xff, 0xb0, 0x00, 0x9f,
    0xff, 0xfc, 0x86, 0x79, 0xff, 0xff, 0xe2, 0x00,
    0x00, 0xbf, 0xff, 0xff, 0xff, 0xff, 0xff, 0xf4,
    0x00, 0x00, 0x00, 0x7f, 0xff, 0xff, 0xff, 0xff,
    0xc2, 0x00, 0x00, 0x00, 0x00, 0x17, 0xbe, 0xff,
    0xd9, 0x40, 0x00, 0x00,

    /* U+00D7 "×" */
    0x00, 0x75, 0x00, 0x00, 0x00, 0x91, 0x00, 0x7f,
    0xf5, 0x00, 0x00, 0xcf, 0xd1, 0x1e, 0xff, 0xf5,
    0x00, 0xcf, 0xff, 0x70, 0x3e, 0xff, 0xf6, 0xcf,
    0xff, 0x90, 0x00, 0x3e, 0xff, 0xff, 0xff, 0x90,
    0x00, 0x00, 0x3f, 0xff, 0xff, 0x90, 0x00, 0x00,
    0x00, 0xff, 0xff, 0xf5, 0x00, 0x00, 0x01, 0xcf,
    0xff, 0xff, 0xf5, 0x00, 0x01, 0xcf, 0xff, 0xcf,
    0xff, 0xf5, 0x00, 0xcf, 0xff, 0x90, 0x3e, 0xff,
    0xf5, 0x0b, 0xff, 0x90, 0x00, 0x3e, 0xff, 0x30,
    0x0b, 0x90, 0x00, 0x00, 0x3e, 0x30, 0x00, 0x00,
    0x00, 0x00, 0x00, 0x00, 0x00,

    /* U+00D8 "Ø" */
    0x00, 0x00, 0x00, 0x00, 0x00, 0x00, 0x00, 0x07,
    0x10, 0x00, 0x00, 0x00, 0x17, 0xbe, 0xfe, 0xd9,
    0x47, 0xfe, 0x40, 0x00, 0x00, 0x7f, 0xff, 0xff,
    0xff, 0xff, 0xff, 0xf9, 0x00, 0x00, 0xbf, 0xff,
    0xff, 0xff, 0xff, 0xff, 0xff, 0x00, 0x00, 0x9f,
    0xff, 0xfc, 0x75, 0x6a, 0xff, 0xff, 0xf2, 0x00,
    0x3f, 0xff, 0xe4, 0x00, 0x00, 0xbf, 0xff, 0xff,
    0xb0, 0x0b, 0xff, 0xf4, 0x00, 0x00, 0x7f, 0xff,
    0xff, 0xff, 0x30, 0xff, 0xfa, 0x00, 0x00, 0x4f,
    0xff, 0x92, 0xff, 0xf8, 0x3f, 0xff, 0x40, 0x00,
    0x2f, 0xff, 0xc0, 0x0c, 0xff, 0xb5, 0xff, 0xf2,
    0x00, 0x0d, 0xff, 0xe1, 0x00, 0xaf, 0xfd, 0x5f,
    0xff, 0x20, 0x0b, 0xff, 0xf3, 0x00, 0x0a, 0xff,
    0xd3, 0xff, 0xf4, 0x08, 0xff, 0xf6, 0x00, 0x00,
    0xcf, 0xfb, 0x0f, 0xff, 0xa5, 0xff, 0xf9, 0x00,
    0x00, 0x2f, 0xff, 0x80, 0xbf, 0xff, 0xff, 0xfc,
    0x00, 0x00, 0x0b, 0xff, 0xf3, 0x03, 0xff, 0xff,
    0xfe, 0x10, 0x00, 0x1b, 0xff, 0xfb, 0x00, 0x09,
    0xff, 0xff, 0xf8, 0x67, 0x9f, 0xff, 0xfe, 0x20,
    0x00, 0x8f, 0xff, 0xff, 0xff, 0xff, 0xff, 0xff,
    0x40, 0x00, 0x5f, 0xff, 0xff, 0xff, 0xff, 0xff,
    0xfc, 0x20, 0x00, 0x01, 0xbf, 0xc1, 0x7b, 0xef,
    0xfd, 0x94, 0x00, 0x00, 0x00, 0x00, 0x61, 0x00,
    0x00, 0x00, 0x00, 0x00, 0x00, 0x00,

    /* U+00D9 "Ù" */
    0x00, 0x00, 0x00, 0x00, 0x00, 0x00, 0x00, 0x00,
    0x00, 0x03, 0xd2, 0x00, 0x00, 0x00, 0x00, 0x00,
    0x00, 0xef, 0xe3, 0x00, 0x00, 0x00, 0x00, 0x00,
    0x04, 0xff, 0xf4, 0x00, 0x00, 0x00, 0x00, 0x00,
    0x03, 0xff, 0xf3, 0x00, 0x00, 0x00, 0x00, 0x00,
    0x03, 0xeb, 0x00, 0x00, 0x00, 0x00, 0x00, 0x00,
    0x02, 0x00, 0x00, 0x00, 0x00, 0x00, 0x00, 0x00,
    0x00, 0x00, 0x00, 0x00, 0x5f, 0xff, 0x10, 0x00,
    0x00, 0x08, 0xff, 0xd5, 0xff, 0xf1, 0x00, 0x00,
    0x00, 0x8f, 0xfd, 0x5f, 0xff, 0x10, 0x00, 0x00,
    0x08, 0xff, 0xd5, 0xff, 0xf1, 0x00, 0x00, 0x00,
    0x8f, 0xfd, 0x5f, 0xff, 0x10, 0x00, 0x00, 0x08,
    0xff, 0xd5, 0xff, 0xf1, 0x00, 0x00, 0x00, 0x8f,
    0xfd, 0x5f, 0xff, 0x10, 0x00, 0x00, 0x08, 0xff,
    0xd5, 0xff, 0xf1, 0x00, 0x00, 0x00, 0x8f, 0xfd,
    0x5f, 0xff, 0x10, 0x00, 0x00, 0x08, 0xff, 0xd5,
    0xff, 0xf1, 0x00, 0x00, 0x00, 0x8f, 0xfd, 0x5f,
    0xff, 0x10, 0x00, 0x00, 0x09, 0xff, 0xd4, 0xff,
    0xf3, 0x00, 0x00, 0x00, 0xaf, 0xfc, 0x2f, 0xff,
    0x70, 0x00, 0x00, 0x0e, 0xff, 0xa0, 0xef, 0xfe,
    0x10, 0x00, 0x07, 0xff, 0xf6, 0x08, 0xff, 0xfe,
    0x75, 0x5a, 0xff, 0xff, 0x10, 0x0d, 0xff, 0xff,
    0xff, 0xff, 0xff, 0x60, 0x00, 0x2c, 0xff, 0xff,
    0xff, 0xff, 0x70, 0x00, 0x00, 0x05, 0xbd, 0xfe,
    0xd8, 0x20, 0x00,

    /* U+00DA "Ú" */
    0x00, 0x00, 0x00, 0x00, 0x00, 0x00, 0x00, 0x00,
    0x00, 0x00, 0x00, 0x00, 0x99, 0x00, 0x00, 0x00,
    0x00, 0x00, 0x00, 0xaf, 0xf7, 0x00, 0x00, 0x00,
    0x00, 0x00, 0xbf, 0xfb, 0x00, 0x00, 0x00, 0x00,
    0x00, 0xbf, 0xfa, 0x00, 0x00, 0x00, 0x00, 0x00,
    0x04, 0xf9, 0x00, 0x00, 0x00, 0x00, 0x00, 0x00,
    0x02, 0x00, 0x00, 0x00, 0x00, 0x00, 0x00, 0x00,
    0x00, 0x00, 0x00, 0x00, 0x5f, 0xff, 0x10, 0x00,
    0x00, 0x08, 0xff, 0xd5, 0xff, 0xf1, 0x00, 0x00,
    0x00, 0x8f, 0xfd, 0x5f, 0xff, 0x10, 0x00, 0x00,
    0x08, 0xff, 0xd5, 0xff, 0xf1, 0x00, 0x00, 0x00,
    0x8f, 0xfd, 0x5f, 0xff, 0x10, 0x00, 0x00, 0x08,
    0xff, 0xd5, 0xff, 0xf1, 0x00, 0x00, 0x00, 0x8f,
    0xfd, 0x5f, 0xff, 0x10, 0x00, 0x00, 0x08, 0xff,
    0xd5, 0xff, 0xf1, 0x00, 0x00, 0x00, 0x8f, 0xfd,
    0x5f, 0xff, 0x10, 0x00, 0x00, 0x08, 0xff, 0xd5,
    0xff, 0xf1, 0x00, 0x00, 0x00, 0x8f, 0xfd, 0x5f,
    0xff, 0x10, 0x00, 0x00, 0x09, 0xff, 0xd4, 0xff,
    0xf3, 0x00, 0x00, 0x00, 0xaf, 0xfc, 0x2f, 0xff,
    0x70, 0x00, 0x00, 0x0e, 0xff, 0xa0, 0xef, 0xfe,
    0x10, 0x00, 0x07, 0xff, 0xf6, 0x08, 0xff, 0xfe,
    0x75, 0x5a, 0xff, 0xff, 0x10, 0x0d, 0xff, 0xff,
    0xff, 0xff, 0xff, 0x60, 0x00, 0x2c, 0xff, 0xff,
    0xff, 0xff, 0x70, 0x00, 0x00, 0x05, 0xbd, 0xfe,
    0xd8, 0x20, 0x00,

    /* U+00DB "Û" */
    0x00, 0x00, 0x00, 0x08, 0x20, 0x00, 0x00, 0x00,
    0x00, 0x00, 0x0a, 0xfe, 0x30, 0x00, 0x00, 0x00,
    0x00, 0x0b, 0xff, 0xff, 0x40, 0x00, 0x00, 0x00,
    0x0c, 0xff, 0xad, 0xff, 0x40, 0x00, 0x00, 0x00,
    0x7f, 0x70, 0x1d, 0xd1, 0x00, 0x00, 0x00, 0x00,
    0x20, 0x00, 0x11, 0x00, 0x00, 0x00, 0x00, 0x00,
    0x00, 0x00, 0x00, 0x00, 0x05, 0xff, 0xf1, 0x00,
    0x00, 0x00, 0x8f, 0xfd, 0x5f, 0xff, 0x10, 0x00,
    0x00, 0x08, 0xff, 0xd5, 0xff, 0xf1, 0x00, 0x00,
    0x00, 0x8f, 0xfd, 0x5f, 0xff, 0x10, 0x00, 0x00,
    0x08, 0xff, 0xd5, 0xff, 0xf1, 0x00, 0x00, 0x00,
    0x8f, 0xfd, 0x5f, 0xff, 0x10, 0x00, 0x00, 0x08,
    0xff, 0xd5, 0xff, 0xf1, 0x00, 0x00, 0x00, 0x8f,
    0xfd, 0x5f, 0xff, 0x10, 0x00, 0x00, 0x08, 0xff,
    0xd5, 0xff, 0xf1, 0x00, 0x00, 0x00, 0x8f, 0xfd,
    0x5f, 0xff, 0x10, 0x00, 0x00, 0x08, 0xff, 0xd5,
    0xff, 0xf1, 0x00, 0x00, 0x00, 0x9f, 0xfd, 0x4f,
    0xff, 0x30, 0x00, 0x00, 0x0a, 0xff, 0xc2, 0xff,
    0xf7, 0x00, 0x00, 0x00, 0xef, 0xfa, 0x0e, 0xff,
    0xe1, 0x00, 0x00, 0x7f, 0xff, 0x60, 0x8f, 0xff,
    0xe7, 0x55, 0xaf, 0xff, 0xf1, 0x00, 0xdf, 0xff,
    0xff, 0xff, 0xff, 0xf6, 0x00, 0x02, 0xcf, 0xff,
    0xff, 0xff, 0xf7, 0x00, 0x00, 0x00, 0x5b, 0xdf,
    0xed, 0x82, 0x00, 0x00,

    /* U+00DC "Ü" */
    0x00, 0x01, 0xbd, 0x50, 0x0a, 0xd7, 0x00, 0x00,
    0x00, 0x9f, 0xff, 0x07, 0xff, 0xf2, 0x00, 0x00,
    0x0a, 0xff, 0xf1, 0x8f, 0xff, 0x30, 0x00, 0x00,
    0x2d, 0xf7, 0x01, 0xcf, 0x80, 0x00, 0x00, 0x00,
    0x00, 0x00, 0x00, 0x00, 0x00, 0x00, 0x00, 0x00,
    0x00, 0x00, 0x00, 0x00, 0x00, 0x5f, 0xff, 0x10,
    0x00, 0x00, 0x08, 0xff, 0xd5, 0xff, 0xf1, 0x00,
    0x00, 0x00, 0x8f, 0xfd, 0x5f, 0xff, 0x10, 0x00,
    0x00, 0x08, 0xff, 0xd5, 0xff, 0xf1, 0x00, 0x00,
    0x00, 0x8f, 0xfd, 0x5f, 0xff, 0x10, 0x00, 0x00,
    0x08, 0xff, 0xd5, 0xff, 0xf1, 0x00, 0x00, 0x00,
    0x8f, 0xfd, 0x5f, 0xff, 0x10, 0x00, 0x00, 0x08,
    0xff, 0xd5, 0xff, 0xf1, 0x00, 0x00, 0x00, 0x8f,
    0xfd, 0x5f, 0xff, 0x10, 0x00, 0x00, 0x08, 0xff,
    0xd5, 0xff, 0xf1, 0x00, 0x00, 0x00, 0x8f, 0xfd,
    0x5f, 0xff, 0x10, 0x00, 0x00, 0x09, 0xff, 0xd4,
    0xff, 0xf3, 0x00, 0x00, 0x00, 0xaf, 0xfc, 0x2f,
    0xff, 0x70, 0x00, 0x00, 0x0e, 0xff, 0xa0, 0xef,
    0xfe, 0x10, 0x00, 0x07, 0xff, 0xf6, 0x08, 0xff,
    0xfe, 0x75, 0x5a, 0xff, 0xff, 0x10, 0x0d, 0xff,
    0xff, 0xff, 0xff, 0xff, 0x60, 0x00, 0x2c, 0xff,
    0xff, 0xff, 0xff, 0x70, 0x00, 0x00, 0x05, 0xbd,
    0xfe, 0xd8, 0x20, 0x00,

    /* U+00DD "Ý" */
    0x00, 0x00, 0x00, 0x00, 0x00, 0x00, 0x00, 0x00,
    0x00, 0x00, 0x00, 0x00, 0x00, 0x0a, 0x70, 0x00,
    0x00, 0x00, 0x00, 0x00, 0x00, 0x0b, 0xff, 0x40,
    0x00, 0x00, 0x00, 0x00, 0x00, 0x1c, 0xff, 0x90,
    0x00, 0x00, 0x00, 0x00, 0x00, 0x0d, 0xff, 0x80,
    0x00, 0x00, 0x00, 0x00, 0x00, 0x00, 0x6f, 0x60,
    0x00, 0x00, 0x00, 0x00, 0x00, 0x00, 0x00, 0x20,
    0x00, 0x00, 0x00, 0x00, 0x00, 0x00, 0x00, 0x00,
    0x00, 0x00, 0x00, 0x00, 0x0c, 0xff, 0xe0, 0x00,
    0x00, 0x00, 0xaf, 0xff, 0x10, 0x4f, 0xff, 0x70,
    0x00, 0x00, 0x2f, 0xff, 0x80, 0x00, 0xcf, 0xfe,
    0x00, 0x00, 0x0a, 0xff, 0xf1, 0x00, 0x04, 0xff,
    0xf7, 0x00, 0x02, 0xff, 0xf8, 0x00, 0x00, 0x0c,
    0xff, 0xe0, 0x00, 0xaf, 0xfe, 0x00, 0x00, 0x00,
    0x3f, 0xff, 0x60, 0x2f, 0xff, 0x70, 0x00, 0x00,
    0x00, 0xbf, 0xfe, 0x0a, 0xff, 0xe0, 0x00, 0x00,
    0x00, 0x03, 0xff, 0xf8, 0xff, 0xf7, 0x00, 0x00,
    0x00, 0x00, 0x0b, 0xff, 0xff, 0xfe, 0x00, 0x00,
    0x00, 0x00, 0x00, 0x3f, 0xff, 0xff, 0x60, 0x00,
    0x00, 0x00, 0x00, 0x00, 0xcf, 0xff, 0xf0, 0x00,
    0x00, 0x00, 0x00, 0x00, 0x04, 0xff, 0xf9, 0x00,
    0x00, 0x00, 0x00, 0x00, 0x00, 0x1f, 0xff, 0x50,
    0x00, 0x00, 0x00, 0x00, 0x00, 0x01, 0xff, 0xf5,
    0x00, 0x00, 0x00, 0x00, 0x00, 0x00, 0x1f, 0xff,
    0x50, 0x00, 0x00, 0x00, 0x00, 0x00, 0x01, 0xff,
    0xf5, 0x00, 0x00, 0x00, 0x00, 0x00, 0x00, 0x1f,
    0xff, 0x50, 0x00, 0x00, 0x00, 0x00, 0x00, 0x01,
    0xff, 0xf5, 0x00, 0x00, 0x00,

    /* U+00DE "Þ" */
    0x3f, 0xff, 0x20, 0x00, 0x00, 0x00, 0x00, 0x3f,
    0xff, 0x20, 0x00, 0x00, 0x00, 0x00, 0x3f, 0xff,
    0x20, 0x00, 0x00, 0x00, 0x00, 0x3f, 0xff, 0xff,
    0xff, 0xd9, 0x30, 0x00, 0x3f, 0xff, 0xff, 0xff,
    0xff, 0xf7, 0x00, 0x3f, 0xff, 0xff, 0xff, 0xff,
    0xff, 0x60, 0x3f, 0xff, 0x64, 0x45, 0x9f, 0xff,
    0xf0, 0x3f, 0xff, 0x20, 0x00, 0x06, 0xff, 0xf5,
    0x3f, 0xff, 0x20, 0x00, 0x00, 0xff, 0xf7, 0x3f,
    0xff, 0x20, 0x00, 0x00, 0xff, 0xf8, 0x3f, 0xff,
    0x20, 0x00, 0x04, 0xff, 0xf6, 0x3f, 0xff, 0x20,
    0x01, 0x6e, 0xff, 0xf1, 0x3f, 0xff, 0xff, 0xff,
    0xff, 0xff, 0x90, 0x3f, 0xff, 0xff, 0xff, 0xff,
    0xfc, 0x00, 0x3f, 0xff, 0xff, 0xff, 0xfd, 0x70,
    0x00, 0x3f, 0xff, 0x74, 0x43, 0x10, 0x00, 0x00,
    0x3f, 0xff, 0x20, 0x00, 0x00, 0x00, 0x00, 0x3f,
    0xff, 0x20, 0x00, 0x00, 0x00, 0x00,

    /* U+00DF "ß" */
    0x00, 0x05, 0xbe, 0xfe, 0xb5, 0x00, 0x00, 0x00,
    0xbf, 0xff, 0xff, 0xff, 0xb0, 0x00, 0x0a, 0xff,
    0xff, 0xff, 0xff, 0xf8, 0x00, 0x2f, 0xff, 0xe6,
    0x37, 0xff, 0xfe, 0x00, 0x7f, 0xff, 0x20, 0x00,
    0x9f, 0xff, 0x00, 0x9f, 0xfd, 0x00, 0x00, 0xcf,
    0xfb, 0x00, 0xaf, 0xfc, 0x00, 0x09, 0xff, 0xe1,
    0x00, 0xaf, 0xfc, 0x00, 0x7f, 0xfe, 0x20, 0x00,
    0xaf, 0xfc, 0x00, 0xdf, 0xf9, 0x00, 0x00, 0xaf,
    0xfc, 0x00, 0xbf, 0xfe, 0x20, 0x00, 0xaf, 0xfc,
    0x00, 0x3f, 0xff, 0xf5, 0x00, 0xaf, 0xfc, 0x00,
    0x03, 0xef, 0xff, 0x60, 0xaf, 0xfc, 0x00, 0x00,
    0x1b, 0xff, 0xf1, 0xaf, 0xfc, 0x00, 0x20, 0x00,
    0xef, 0xf7, 0xaf, 0xfc, 0x08, 0xf3, 0x00, 0xef,
    0xf8, 0xaf, 0xfc, 0x4f, 0xff, 0xce, 0xff, 0xf5,
    0xaf, 0xfc, 0x09, 0xff, 0xff, 0xff, 0xb0, 0xaf,
    0xfc, 0x00, 0x4b, 0xef, 0xd7, 0x00,

    /* U+00E0 "à" */
    0x00, 0x02, 0x70, 0x00, 0x00, 0x00, 0x00, 0x2e,
    0xf9, 0x00, 0x00, 0x00, 0x00, 0x0b, 0xff, 0xa0,
    0x00, 0x00, 0x00, 0x00, 0xaf, 0xfb, 0x00, 0x00,
    0x00, 0x00, 0x09, 0xfc, 0x00, 0x00, 0x00, 0x00,
    0x00, 0x60, 0x00, 0x00, 0x00, 0x00, 0x00, 0x00,
    0x00, 0x00, 0x00, 0x27, 0xce, 0xfe, 0xb5, 0x00,
    0x02, 0xff, 0xff, 0xff, 0xff, 0x80, 0x00, 0xbf,
    0xfe, 0xef, 0xff, 0xf3, 0x00, 0x34, 0x00, 0x03,
    0xff, 0xf9, 0x00, 0x03, 0x78, 0x62, 0xaf, 0xfb,
    0x01, 0xbf, 0xff, 0xff, 0xff, 0xfc, 0x0b, 0xff,
    0xff, 0xff, 0xff, 0xfc, 0x2f, 0xff, 0xb2, 0x05,
    0xff, 0xfc, 0x4f, 0xff, 0x40, 0x00, 0xaf, 0xfc,
    0x3f, 0xff, 0x70, 0x00, 0xdf, 0xfc, 0x0e, 0xff,
    0xfb, 0xae, 0xff, 0xfc, 0x05, 0xff, 0xff, 0xff,
    0xff, 0xfc, 0x00, 0x3a, 0xef, 0xd8, 0x2f, 0xfc,

    /* U+00E1 "á" */
    0x00, 0x00, 0x00, 0x00, 0x63, 0x00, 0x00, 0x00,
    0x00, 0x08, 0xff, 0x30, 0x00, 0x00, 0x00, 0x9f,
    0xfc, 0x10, 0x00, 0x00, 0x0a, 0xff, 0xb0, 0x00,
    0x00, 0x00, 0x0b, 0xfa, 0x00, 0x00, 0x00, 0x00,
    0x00, 0x60, 0x00, 0x00, 0x00, 0x00, 0x00, 0x00,
    0x00, 0x00, 0x00, 0x27, 0xce, 0xfe, 0xb5, 0x00,
    0x02, 0xff, 0xff, 0xff, 0xff, 0x80, 0x00, 0xbf,
    0xfe, 0xef, 0xff, 0xf3, 0x00, 0x34, 0x00, 0x03,
    0xff, 0xf9, 0x00, 0x03, 0x78, 0x62, 0xaf, 0xfb,
    0x01, 0xbf, 0xff, 0xff, 0xff, 0xfc, 0x0b, 0xff,
    0xff, 0xff, 0xff, 0xfc, 0x2f, 0xff, 0xb2, 0x05,
    0xff, 0xfc, 0x4f, 0xff, 0x40, 0x00, 0xaf, 0xfc,
    0x3f, 0xff, 0x70, 0x00, 0xdf, 0xfc, 0x0e, 0xff,
    0xfb, 0xae, 0xff, 0xfc, 0x05, 0xff, 0xff, 0xff,
    0xff, 0xfc, 0x00, 0x3a, 0xef, 0xd8, 0x2f, 0xfc,

    /* U+00E2 "â" */
    0x00, 0x00, 0x00, 0x10, 0x00, 0x00, 0x00, 0x00,
    0x04, 0xf6, 0x00, 0x00, 0x00, 0x00, 0x4f, 0xff,
    0x60, 0x00, 0x00, 0x05, 0xff, 0xff, 0xf7, 0x00,
    0x00, 0x1f, 0xfd, 0x2d, 0xff, 0x40, 0x00, 0x05,
    0xd1, 0x01, 0xda, 0x00, 0x00, 0x00, 0x00, 0x00,
    0x10, 0x00, 0x00, 0x00, 0x00, 0x00, 0x00, 0x00,
    0x00, 0x27, 0xce, 0xfe, 0xb5, 0x00, 0x02, 0xff,
    0xff, 0xff, 0xff, 0x80, 0x00, 0xbf, 0xfe, 0xef,
    0xff, 0xf3, 0x00, 0x34, 0x00, 0x03, 0xff, 0xf9,
    0x00, 0x03, 0x78, 0x62, 0xaf, 0xfb, 0x01, 0xbf,
    0xff, 0xff, 0xff, 0xfc, 0x0b, 0xff, 0xff, 0xff,
    0xff, 0xfc, 0x2f, 0xff, 0xb2, 0x05, 0xff, 0xfc,
    0x4f, 0xff, 0x40, 0x00, 0xaf, 0xfc, 0x3f, 0xff,
    0x70, 0x00, 0xdf, 0xfc, 0x0e, 0xff, 0xfb, 0xae,
    0xff, 0xfc, 0x05, 0xff, 0xff, 0xff, 0xff, 0xfc,
    0x00, 0x3a, 0xef, 0xd8, 0x2f, 0xfc,

    /* U+00E3 "ã" */
    0x00, 0x09, 0xee, 0x92, 0x2c, 0x81, 0x00, 0xaf,
    0xff, 0xff, 0xff, 0xf3, 0x01, 0xef, 0xda, 0xff,
    0xff, 0x80, 0x00, 0x05, 0x00, 0x16, 0x84, 0x00,
    0x00, 0x00, 0x00, 0x00, 0x00, 0x00, 0x00, 0x00,
    0x00, 0x00, 0x00, 0x00, 0x00, 0x27, 0xce, 0xfe,
    0xb5, 0x00, 0x02, 0xff, 0xff, 0xff, 0xff, 0x80,
    0x00, 0xbf, 0xfe, 0xef, 0xff, 0xf3, 0x00, 0x34,
    0x00, 0x03, 0xff, 0xf9, 0x00, 0x03, 0x78, 0x62,
    0xaf, 0xfb, 0x01, 0xbf, 0xff, 0xff, 0xff, 0xfc,
    0x0b, 0xff, 0xff, 0xff, 0xff, 0xfc, 0x2f, 0xff,
    0xb2, 0x05, 0xff, 0xfc, 0x4f, 0xff, 0x40, 0x00,
    0xaf, 0xfc, 0x3f, 0xff, 0x70, 0x00, 0xdf, 0xfc,
    0x0e, 0xff, 0xfb, 0xae, 0xff, 0xfc, 0x05, 0xff,
    0xff, 0xff, 0xff, 0xfc, 0x00, 0x3a, 0xef, 0xd8,
    0x2f, 0xfc,

    /* U+00E4 "ä" */
    0x00, 0x3c, 0xd3, 0x02, 0xcd, 0x50, 0x00, 0xcf,
    0xfd, 0x0a, 0xff, 0xf0, 0x00, 0xdf, 0xfe, 0x0b,
    0xff, 0xf0, 0x00, 0x4e, 0xe5, 0x03, 0xde, 0x60,
    0x00, 0x00, 0x00, 0x00, 0x00, 0x00, 0x00, 0x00,
    0x00, 0x00, 0x00, 0x00, 0x00, 0x27, 0xce, 0xfe,
    0xb5, 0x00, 0x02, 0xff, 0xff, 0xff, 0xff, 0x80,
    0x00, 0xbf, 0xfe, 0xef, 0xff, 0xf3, 0x00, 0x34,
    0x00, 0x03, 0xff, 0xf9, 0x00, 0x03, 0x78, 0x62,
    0xaf, 0xfb, 0x01, 0xbf, 0xff, 0xff, 0xff, 0xfc,
    0x0b, 0xff, 0xff, 0xff, 0xff, 0xfc, 0x2f, 0xff,
    0xb2, 0x05, 0xff, 0xfc, 0x4f, 0xff, 0x40, 0x00,
    0xaf, 0xfc, 0x3f, 0xff, 0x70, 0x00, 0xdf, 0xfc,
    0x0e, 0xff, 0xfb, 0xae, 0xff, 0xfc, 0x05, 0xff,
    0xff, 0xff, 0xff, 0xfc, 0x00, 0x3a, 0xef, 0xd8,
    0x2f, 0xfc,

    /* U+00E5 "å" */
    0x00, 0x00, 0x2b, 0xec, 0x40, 0x00, 0x00, 0x00,
    0xef, 0xff, 0xf2, 0x00, 0x00, 0x04, 0xfd, 0x0a,
    0xf7, 0x00, 0x00, 0x04, 0xfd, 0x0a, 0xf7, 0x00,
    0x00, 0x00, 0xef, 0xff, 0xf2, 0x00, 0x00, 0x00,
    0x2c, 0xfd, 0x40, 0x00, 0x00, 0x00, 0x00, 0x00,
    0x00, 0x00, 0x00, 0x00, 0x00, 0x00, 0x00, 0x00,
    0x00, 0x27, 0xce, 0xfe, 0xb5, 0x00, 0x02, 0xff,
    0xff, 0xff, 0xff, 0x80, 0x00, 0xbf, 0xfe, 0xef,
    0xff, 0xf3, 0x00, 0x34, 0x00, 0x03, 0xff, 0xf9,
    0x00, 0x03, 0x78, 0x62, 0xaf, 0xfb, 0x01, 0xbf,
    0xff, 0xff, 0xff, 0xfc, 0x0b, 0xff, 0xff, 0xff,
    0xff, 0xfc, 0x2f, 0xff, 0xb2, 0x05, 0xff, 0xfc,
    0x4f, 0xff, 0x40, 0x00, 0xaf, 0xfc, 0x3f, 0xff,
    0x70, 0x00, 0xdf, 0xfc, 0x0e, 0xff, 0xfb, 0xae,
    0xff, 0xfc, 0x05, 0xff, 0xff, 0xff, 0xff, 0xfc,
    0x00, 0x3a, 0xef, 0xd8, 0x2f, 0xfc,

    /* U+00E6 "æ" */
    0x00, 0x17, 0xce, 0xfe, 0xa3, 0x04, 0xbe, 0xfd,
    0x81, 0x00, 0x01, 0xff, 0xff, 0xff, 0xff, 0xff,
    0xff, 0xff, 0xfe, 0x30, 0x00, 0xbf, 0xfe, 0xef,
    0xff, 0xff, 0xff, 0xef, 0xff, 0xe0, 0x00, 0x34,
    0x00, 0x04, 0xff, 0xff, 0x80, 0x03, 0xef, 0xf6,
    0x00, 0x03, 0x78, 0x61, 0xff, 0xff, 0x00, 0x00,
    0x7f, 0xfa, 0x01, 0xbf, 0xff, 0xff, 0xff, 0xff,
    0xff, 0xff, 0xff, 0xfc, 0x0b, 0xff, 0xff, 0xff,
    0xff, 0xff, 0xff, 0xff, 0xff, 0xfd, 0x2f, 0xff,
    0xc2, 0x04, 0xff, 0xff, 0x55, 0x55, 0x55, 0x54,
    0x4f, 0xff, 0x40, 0x00, 0xff, 0xff, 0x00, 0x00,
    0x07, 0x10, 0x3f, 0xff, 0x70, 0x00, 0xef, 0xff,
    0x50, 0x00, 0x6f, 0xf6, 0x0e, 0xff, 0xfb, 0xad,
    0xff, 0xff, 0xfc, 0xac, 0xff, 0xf3, 0x05, 0xff,
    0xff, 0xff, 0xf6, 0x9f, 0xff, 0xff, 0xff, 0x60,
    0x00, 0x3b, 0xef, 0xea, 0x30, 0x04, 0xbe, 0xfd,
    0x92, 0x00,

    /* U+00E7 "ç" */
    0x00, 0x01, 0x7c, 0xef, 0xd9, 0x20, 0x00, 0x03,
    0xef, 0xff, 0xff, 0xff, 0x40, 0x01, 0xef, 0xff,
    0xff, 0xff, 0xff, 0x30, 0xaf, 0xff, 0xc6, 0x5a,
    0xff, 0xfb, 0x0f, 0xff, 0xc0, 0x00, 0x08, 0xc6,
    0x03, 0xff, 0xf4, 0x00, 0x00, 0x00, 0x00, 0x4f,
    0xff, 0x20, 0x00, 0x00, 0x00, 0x03, 0xff, 0xf4,
    0x00, 0x00, 0x00, 0x00, 0x0f, 0xff, 0xc0, 0x00,
    0x09, 0xd6, 0x00, 0xaf, 0xff, 0xd7, 0x6a, 0xff,
    0xfb, 0x01, 0xef, 0xff, 0xff, 0xff, 0xff, 0x30,
    0x03, 0xef, 0xff, 0xff, 0xff, 0x40, 0x00, 0x01,
    0x7e, 0xff, 0xd9, 0x10, 0x00, 0x00, 0x00, 0x8f,
    0xe2, 0x00, 0x00, 0x00, 0x00, 0x0c, 0xff, 0xf5,
    0x00, 0x00, 0x00, 0x01, 0x00, 0x6f, 0xa0, 0x00,
    0x00, 0x00, 0xaf, 0xdf, 0xf7, 0x00, 0x00, 0x00,
    0x07, 0xdf, 0xe9, 0x00, 0x00,

    /* U+00E8 "è" */
    0x00, 0x00, 0x82, 0x00, 0x00, 0x00, 0x00, 0x00,
    0x09, 0xfe, 0x20, 0x00, 0x00, 0x00, 0x00, 0x05,
    0xff, 0xe3, 0x00, 0x00, 0x00, 0x00, 0x00, 0x4f,
    0xff, 0x40, 0x00, 0x00, 0x00, 0x00, 0x03, 0xef,
    0x40, 0x00, 0x00, 0x00, 0x00, 0x00, 0x24, 0x00,
    0x00, 0x00, 0x00, 0x00, 0x00, 0x00, 0x00, 0x00,
    0x00, 0x00, 0x01, 0x7d, 0xff, 0xd7, 0x10, 0x00,
    0x00, 0x3e, 0xff, 0xff, 0xff, 0xe3, 0x00, 0x02,
    0xff, 0xff, 0xcc, 0xff, 0xff, 0x20, 0x0a, 0xff,
    0xc1, 0x00, 0x1c, 0xff, 0xa0, 0x0f, 0xff, 0x20,
    0x00, 0x03, 0xff, 0xf1, 0x3f, 0xff, 0xff, 0xff,
    0xff, 0xff, 0xf3, 0x4f, 0xff, 0xff, 0xff, 0xff,
    0xff, 0xf5, 0x3f, 0xff, 0x88, 0x88, 0x88, 0x88,
    0x82, 0x0f, 0xff, 0x30, 0x00, 0x00, 0x51, 0x00,
    0x0a, 0xff, 0xd2, 0x00, 0x08, 0xfe, 0x60, 0x02,
    0xff, 0xff, 0xdc, 0xef, 0xff, 0x50, 0x00, 0x4e,
    0xff, 0xff, 0xff, 0xf6, 0x00, 0x00, 0x01, 0x8d,
    0xff, 0xd9, 0x20, 0x00,

    /* U+00E9 "é" */
    0x00, 0x00, 0x00, 0x00, 0x27, 0x00, 0x00, 0x00,
    0x00, 0x00, 0x02, 0xef, 0x90, 0x00, 0x00, 0x00,
    0x00, 0x3e, 0xff, 0x50, 0x00, 0x00, 0x00, 0x04,
    0xff, 0xf4, 0x00, 0x00, 0x00, 0x00, 0x04, 0xfe,
    0x30, 0x00, 0x00, 0x00, 0x00, 0x00, 0x42, 0x00,
    0x00, 0x00, 0x00, 0x00, 0x00, 0x00, 0x00, 0x00,
    0x00, 0x00, 0x01, 0x7d, 0xff, 0xd7, 0x10, 0x00,
    0x00, 0x3e, 0xff, 0xff, 0xff, 0xe3, 0x00, 0x02,
    0xff, 0xff, 0xcc, 0xff, 0xff, 0x20, 0x0a, 0xff,
    0xc1, 0x00, 0x1c, 0xff, 0xa0, 0x0f, 0xff, 0x20,
    0x00, 0x03, 0xff, 0xf1, 0x3f, 0xff, 0xff, 0xff,
    0xff, 0xff, 0xf3, 0x4f, 0xff, 0xff, 0xff, 0xff,
    0xff, 0xf5, 0x3f, 0xff, 0x88, 0x88, 0x88, 0x88,
    0x82, 0x0f, 0xff, 0x30, 0x00, 0x00, 0x51, 0x00,
    0x0a, 0xff, 0xd2, 0x00, 0x08, 0xfe, 0x60, 0x02,
    0xff, 0xff, 0xdc, 0xef, 0xff, 0x50, 0x00, 0x4e,
    0xff, 0xff, 0xff, 0xf6, 0x00, 0x00, 0x01, 0x8d,
    0xff, 0xd9, 0x20, 0x00,

    /* U+00EA "ê" */
    0x00, 0x00, 0x00, 0x00, 0x00, 0x00, 0x00, 0x00,
    0x00, 0x00, 0xcc, 0x00, 0x00, 0x00, 0x00, 0x00,
    0x1c, 0xff, 0xc1, 0x00, 0x00, 0x00, 0x01, 0xcf,
    0xff, 0xfc, 0x10, 0x00, 0x00, 0x0a, 0xff, 0x67,
    0xff, 0xa0, 0x00, 0x00, 0x01, 0xd6, 0x00, 0x8e,
    0x20, 0x00, 0x00, 0x00, 0x00, 0x00, 0x02, 0x00,
    0x00, 0x00, 0x00, 0x00, 0x00, 0x00, 0x00, 0x00,
    0x00, 0x01, 0x7d, 0xff, 0xd7, 0x10, 0x00, 0x00,
    0x3e, 0xff, 0xff, 0xff, 0xe3, 0x00, 0x02, 0xff,
    0xff, 0xcc, 0xff, 0xff, 0x20, 0x0a, 0xff, 0xc1,
    0x00, 0x1c, 0xff, 0xa0, 0x0f, 0xff, 0x20, 0x00,
    0x03, 0xff, 0xf1, 0x3f, 0xff, 0xff, 0xff, 0xff,
    0xff, 0xf3, 0x4f, 0xff, 0xff, 0xff, 0xff, 0xff,
    0xf5, 0x3f, 0xff, 0x88, 0x88, 0x88, 0x88, 0x82,
    0x0f, 0xff, 0x30, 0x00, 0x00, 0x51, 0x00, 0x0a,
    0xff, 0xd2, 0x00, 0x08, 0xfe, 0x60, 0x02, 0xff,
    0xff, 0xdc, 0xef, 0xff, 0x50, 0x00, 0x4e, 0xff,
    0xff, 0xff, 0xf6, 0x00, 0x00, 0x01, 0x8d, 0xff,
    0xd9, 0x20, 0x00,

    /* U+00EB "ë" */
    0x00, 0x09, 0xd9, 0x00, 0x8d, 0xa0, 0x00, 0x00,
    0x5f, 0xff, 0x43, 0xff, 0xf6, 0x00, 0x00, 0x6f,
    0xff, 0x54, 0xff, 0xf7, 0x00, 0x00, 0x0b, 0xfa,
    0x00, 0xaf, 0xb0, 0x00, 0x00, 0x00, 0x00, 0x00,
    0x00, 0x00, 0x00, 0x00, 0x00, 0x00, 0x00, 0x00,
    0x00, 0x00, 0x00, 0x01, 0x7d, 0xff, 0xd7, 0x10,
    0x00, 0x00, 0x3e, 0xff, 0xff, 0xff, 0xe3, 0x00,
    0x02, 0xff, 0xff, 0xcc, 0xff, 0xff, 0x20, 0x0a,
    0xff, 0xc1, 0x00, 0x1c, 0xff, 0xa0, 0x0f, 0xff,
    0x20, 0x00, 0x03, 0xff, 0xf1, 0x3f, 0xff, 0xff,
    0xff, 0xff, 0xff, 0xf3, 0x4f, 0xff, 0xff, 0xff,
    0xff, 0xff, 0xf5, 0x3f, 0xff, 0x88, 0x88, 0x88,
    0x88, 0x82, 0x0f, 0xff, 0x30, 0x00, 0x00, 0x51,
    0x00, 0x0a, 0xff, 0xd2, 0x00, 0x08, 0xfe, 0x60,
    0x02, 0xff, 0xff, 0xdc, 0xef, 0xff, 0x50, 0x00,
    0x4e, 0xff, 0xff, 0xff, 0xf6, 0x00, 0x00, 0x01,
    0x8d, 0xff, 0xd9, 0x20, 0x00,

    /* U+00EC "ì" */
    0x00, 0x00, 0x00, 0x0a, 0x70, 0x00, 0x8f, 0xf8,
    0x00, 0x1c, 0xff, 0x90, 0x00, 0xbf, 0xfa, 0x00,
    0x0a, 0xf3, 0x00, 0x00, 0x20, 0x00, 0x00, 0x00,
    0x00, 0x7f, 0xfe, 0x00, 0x7f, 0xfe, 0x00, 0x7f,
    0xfe, 0x00, 0x7f, 0xfe, 0x00, 0x7f, 0xfe, 0x00,
    0x7f, 0xfe, 0x00, 0x7f, 0xfe, 0x00, 0x7f, 0xfe,
    0x00, 0x7f, 0xfe, 0x00, 0x7f, 0xfe, 0x00, 0x7f,
    0xfe, 0x00, 0x7f, 0xfe, 0x00, 0x7f, 0xfe,

    /* U+00ED "í" */
    0x00, 0x00, 0x00, 0x00, 0x00, 0x3d, 0x20, 0x00,
    0x4f, 0xfd, 0x00, 0x5f, 0xff, 0x30, 0x4f, 0xfe,
    0x20, 0x00, 0xcd, 0x20, 0x00, 0x00, 0x10, 0x00,
    0x00, 0x00, 0x00, 0x00, 0x7f, 0xfe, 0x00, 0x07,
    0xff, 0xe0, 0x00, 0x7f, 0xfe, 0x00, 0x07, 0xff,
    0xe0, 0x00, 0x7f, 0xfe, 0x00, 0x07, 0xff, 0xe0,
    0x00, 0x7f, 0xfe, 0x00, 0x07, 0xff, 0xe0, 0x00,
    0x7f, 0xfe, 0x00, 0x07, 0xff, 0xe0, 0x00, 0x7f,
    0xfe, 0x00, 0x07, 0xff, 0xe0, 0x00, 0x7f, 0xfe,
    0x00, 0x00,

    /* U+00EE "î" */
    0x00, 0x01, 0x40, 0x00, 0x00, 0x0c, 0xf4, 0x00,
    0x00, 0xcf, 0xff, 0x30, 0x0b, 0xff, 0xff, 0xf3,
    0x1c, 0xf8, 0x2e, 0xe4, 0x00, 0x60, 0x02, 0x10,
    0x00, 0x00, 0x00, 0x00, 0x00, 0x7f, 0xfe, 0x00,
    0x00, 0x7f, 0xfe, 0x00, 0x00, 0x7f, 0xfe, 0x00,
    0x00, 0x7f, 0xfe, 0x00, 0x00, 0x7f, 0xfe, 0x00,
    0x00, 0x7f, 0xfe, 0x00, 0x00, 0x7f, 0xfe, 0x00,
    0x00, 0x7f, 0xfe, 0x00, 0x00, 0x7f, 0xfe, 0x00,
    0x00, 0x7f, 0xfe, 0x00, 0x00, 0x7f, 0xfe, 0x00,
    0x00, 0x7f, 0xfe, 0x00, 0x00, 0x7f, 0xfe, 0x00,

    /* U+00EF "ï" */
    0x3c, 0xd4, 0x1b, 0xd8, 0x0c, 0xff, 0xe7, 0xff,
    0xf3, 0xcf, 0xfe, 0x8f, 0xff, 0x34, 0xee, 0x51,
    0xcf, 0x90, 0x00, 0x00, 0x00, 0x00, 0x00, 0x00,
    0x00, 0x00, 0x00, 0x00, 0x7f, 0xfe, 0x00, 0x00,
    0x07, 0xff, 0xe0, 0x00, 0x00, 0x7f, 0xfe, 0x00,
    0x00, 0x07, 0xff, 0xe0, 0x00, 0x00, 0x7f, 0xfe,
    0x00, 0x00, 0x07, 0xff, 0xe0, 0x00, 0x00, 0x7f,
    0xfe, 0x00, 0x00, 0x07, 0xff, 0xe0, 0x00, 0x00,
    0x7f, 0xfe, 0x00, 0x00, 0x07, 0xff, 0xe0, 0x00,
    0x00, 0x7f, 0xfe, 0x00, 0x00, 0x07, 0xff, 0xe0,
    0x00, 0x00, 0x7f, 0xfe, 0x00, 0x00,

    /* U+00F0 "ð" */
    0x00, 0x00, 0x00, 0x00, 0x00, 0x00, 0x00, 0x00,
    0x0a, 0xa6, 0x00, 0x2d, 0x30, 0x00, 0x00, 0x3f,
    0xff, 0xfe, 0xff, 0xe0, 0x00, 0x00, 0x6e, 0xff,
    0xff, 0xff, 0x40, 0x00, 0x00, 0x00, 0x4f, 0xff,
    0xff, 0x60, 0x00, 0x00, 0x00, 0xaf, 0xff, 0xff,
    0xf5, 0x00, 0x00, 0x00, 0x9f, 0xa1, 0x9f, 0xfe,
    0x10, 0x00, 0x00, 0x05, 0x00, 0x0b, 0xff, 0x80,
    0x00, 0x02, 0x9d, 0xfd, 0x94, 0xff, 0xe0, 0x00,
    0x4f, 0xff, 0xff, 0xfe, 0xdf, 0xf4, 0x02, 0xff,
    0xff, 0xff, 0xff, 0xff, 0xf7, 0x09, 0xff, 0xfb,
    0x43, 0x7f, 0xff, 0xf9, 0x0e, 0xff, 0xc0, 0x00,
    0x04, 0xff, 0xf9, 0x0f, 0xff, 0x60, 0x00, 0x00,
    0xef, 0xf8, 0x0f, 0xff, 0x50, 0x00, 0x00, 0xef,
    0xf6, 0x0d, 0xff, 0xb0, 0x00, 0x03, 0xff, 0xf1,
    0x08, 0xff, 0xf9, 0x21, 0x5e, 0xff, 0xb0, 0x01,
    0xef, 0xff, 0xff, 0xff, 0xff, 0x20, 0x00, 0x3e,
    0xff, 0xff, 0xff, 0xf4, 0x00, 0x00, 0x01, 0x7c,
    0xff, 0xd8, 0x10, 0x00,

    /* U+00F1 "ñ" */
    0x00, 0x05, 0x87, 0x30, 0x37, 0x30, 0x00, 0x0a,
    0xff, 0xff, 0xff, 0xfd, 0x00, 0x05, 0xff, 0xff,
    0xff, 0xff, 0x30, 0x00, 0x04, 0x60, 0x15, 0x87,
    0x10, 0x00, 0x00, 0x00, 0x00, 0x00, 0x00, 0x00,
    0x00, 0x00, 0x00, 0x00, 0x00, 0x00, 0x00, 0x8f,
    0xf2, 0x06, 0xcf, 0xfc, 0x40, 0x08, 0xff, 0xbe,
    0xff, 0xff, 0xff, 0x40, 0x8f, 0xff, 0xff, 0xff,
    0xff, 0xfb, 0x08, 0xff, 0xff, 0xb6, 0x6e, 0xff,
    0xe0, 0x8f, 0xff, 0x40, 0x00, 0x7f, 0xff, 0x08,
    0xff, 0xe0, 0x00, 0x05, 0xff, 0xf0, 0x8f, 0xfd,
    0x00, 0x00, 0x5f, 0xff, 0x08, 0xff, 0xd0, 0x00,
    0x05, 0xff, 0xf0, 0x8f, 0xfd, 0x00, 0x00, 0x5f,
    0xff, 0x08, 0xff, 0xd0, 0x00, 0x05, 0xff, 0xf0,
    0x8f, 0xfd, 0x00, 0x00, 0x5f, 0xff, 0x08, 0xff,
    0xd0, 0x00, 0x05, 0xff, 0xf0, 0x8f, 0xfd, 0x00,
    0x00, 0x5f, 0xff, 0x00,

    /* U+00F2 "ò" */
    0x00, 0x00, 0x54, 0x00, 0x00, 0x00, 0x00, 0x00,
    0x05, 0xff, 0x50, 0x00, 0x00, 0x00, 0x00, 0x02,
    0xef, 0xf7, 0x00, 0x00, 0x00, 0x00, 0x00, 0x1d,
    0xff, 0x80, 0x00, 0x00, 0x00, 0x00, 0x01, 0xcf,
    0x80, 0x00, 0x00, 0x00, 0x00, 0x00, 0x06, 0x00,
    0x00, 0x00, 0x00, 0x00, 0x00, 0x00, 0x00, 0x00,
    0x00, 0x00, 0x00, 0x6c, 0xef, 0xda, 0x40, 0x00,
    0x00, 0x3d, 0xff, 0xff, 0xff, 0xfa, 0x00, 0x01,
    0xef, 0xff, 0xff, 0xff, 0xff, 0xa0, 0x09, 0xff,
    0xfd, 0x65, 0x8f, 0xff, 0xf4, 0x0f, 0xff, 0xd0,
    0x00, 0x03, 0xff, 0xfa, 0x2f, 0xff, 0x50, 0x00,
    0x00, 0xaf, 0xfd, 0x4f, 0xff, 0x30, 0x00, 0x00,
    0x8f, 0xff, 0x2f, 0xff, 0x50, 0x00, 0x00, 0xaf,
    0xfd, 0x0f, 0xff, 0xd0, 0x00, 0x03, 0xff, 0xfa,
    0x09, 0xff, 0xfd, 0x75, 0x8f, 0xff, 0xf4, 0x01,
    0xef, 0xff, 0xff, 0xff, 0xff, 0xa0, 0x00, 0x3d,
    0xff, 0xff, 0xff, 0xfa, 0x00, 0x00, 0x00, 0x6c,
    0xef, 0xea, 0x40, 0x00,

    /* U+00F3 "ó" */
    0x00, 0x00, 0x00, 0x00, 0x08, 0x10, 0x00, 0x00,
    0x00, 0x00, 0x00, 0xbf, 0xc0, 0x00, 0x00, 0x00,
    0x00, 0x1c, 0xff, 0x90, 0x00, 0x00, 0x00, 0x01,
    0xdf, 0xf8, 0x00, 0x00, 0x00, 0x00, 0x01, 0xdf,
    0x60, 0x00, 0x00, 0x00, 0x00, 0x00, 0x25, 0x00,
    0x00, 0x00, 0x00, 0x00, 0x00, 0x00, 0x00, 0x00,
    0x00, 0x00, 0x00, 0x6c, 0xef, 0xda, 0x40, 0x00,
    0x00, 0x3d, 0xff, 0xff, 0xff, 0xfa, 0x00, 0x01,
    0xef, 0xff, 0xff, 0xff, 0xff, 0xa0, 0x09, 0xff,
    0xfd, 0x65, 0x8f, 0xff, 0xf4, 0x0f, 0xff, 0xd0,
    0x00, 0x03, 0xff, 0xfa, 0x2f, 0xff, 0x50, 0x00,
    0x00, 0xaf, 0xfd, 0x4f, 0xff, 0x30, 0x00, 0x00,
    0x8f, 0xff, 0x2f, 0xff, 0x50, 0x00, 0x00, 0xaf,
    0xfd, 0x0f, 0xff, 0xd0, 0x00, 0x03, 0xff, 0xfa,
    0x09, 0xff, 0xfd, 0x75, 0x8f, 0xff, 0xf4, 0x01,
    0xef, 0xff, 0xff, 0xff, 0xff, 0xa0, 0x00, 0x3d,
    0xff, 0xff, 0xff, 0xfa, 0x00, 0x00, 0x00, 0x6c,
    0xef, 0xea, 0x40, 0x00,

    /* U+00F4 "ô" */
    0x00, 0x00, 0x00, 0x01, 0x00, 0x00, 0x00, 0x00,
    0x00, 0x00, 0x8e, 0x30, 0x00, 0x00, 0x00, 0x00,
    0x08, 0xff, 0xf3, 0x00, 0x00, 0x00, 0x00, 0x9f,
    0xff, 0xff, 0x30, 0x00, 0x00, 0x05, 0xff, 0xa3,
    0xff, 0xe0, 0x00, 0x00, 0x00, 0x9a, 0x00, 0x4f,
    0x50, 0x00, 0x00, 0x00, 0x00, 0x00, 0x02, 0x00,
    0x00, 0x00, 0x00, 0x00, 0x00, 0x00, 0x00, 0x00,
    0x00, 0x00, 0x6c, 0xef, 0xda, 0x40, 0x00, 0x00,
    0x3d, 0xff, 0xff, 0xff, 0xfa, 0x00, 0x01, 0xef,
    0xff, 0xff, 0xff, 0xff, 0xa0, 0x09, 0xff, 0xfd,
    0x65, 0x8f, 0xff, 0xf4, 0x0f, 0xff, 0xd0, 0x00,
    0x03, 0xff, 0xfa, 0x2f, 0xff, 0x50, 0x00, 0x00,
    0xaf, 0xfd, 0x4f, 0xff, 0x30, 0x00, 0x00, 0x8f,
    0xff, 0x2f, 0xff, 0x50, 0x00, 0x00, 0xaf, 0xfd,
    0x0f, 0xff, 0xd0, 0x00, 0x03, 0xff, 0xfa, 0x09,
    0xff, 0xfd, 0x75, 0x8f, 0xff, 0xf4, 0x01, 0xef,
    0xff, 0xff, 0xff, 0xff, 0xa0, 0x00, 0x3d, 0xff,
    0xff, 0xff, 0xfa, 0x00, 0x00, 0x00, 0x6c, 0xef,
    0xea, 0x40, 0x00,

    /* U+00F5 "õ" */
    0x00, 0x02, 0xbf, 0xd7, 0x14, 0xd6, 0x00, 0x00,
    0x0d, 0xff, 0xff, 0xff, 0xfe, 0x00, 0x00, 0x4f,
    0xfb, 0xcf, 0xff, 0xf4, 0x00, 0x00, 0x01, 0x40,
    0x02, 0x77, 0x20, 0x00, 0x00, 0x00, 0x00, 0x00,
    0x00, 0x00, 0x00, 0x00, 0x00, 0x00, 0x00, 0x00,
    0x00, 0x00, 0x00, 0x00, 0x6c, 0xef, 0xda, 0x40,
    0x00, 0x00, 0x3d, 0xff, 0xff, 0xff, 0xfa, 0x00,
    0x01, 0xef, 0xff, 0xff, 0xff, 0xff, 0xa0, 0x09,
    0xff, 0xfd, 0x65, 0x8f, 0xff, 0xf4, 0x0f, 0xff,
    0xd0, 0x00, 0x03, 0xff, 0xfa, 0x2f, 0xff, 0x50,
    0x00, 0x00, 0xaf, 0xfd, 0x4f, 0xff, 0x30, 0x00,
    0x00, 0x8f, 0xff, 0x2f, 0xff, 0x50, 0x00, 0x00,
    0xaf, 0xfd, 0x0f, 0xff, 0xd0, 0x00, 0x03, 0xff,
    0xfa, 0x09, 0xff, 0xfd, 0x75, 0x8f, 0xff, 0xf4,
    0x01, 0xef, 0xff, 0xff, 0xff, 0xff, 0xa0, 0x00,
    0x3d, 0xff, 0xff, 0xff, 0xfa, 0x00, 0x00, 0x00,
    0x6c, 0xef, 0xea, 0x40, 0x00,

    /* U+00F6 "ö" */
    0x00, 0x06, 0xdb, 0x10, 0x5d, 0xc2, 0x00, 0x00,
    0x1f, 0xff, 0x90, 0xff, 0xfb, 0x00, 0x00, 0x1f,
    0xff, 0x90, 0xff, 0xfb, 0x00, 0x00, 0x07, 0xfd,
    0x20, 0x6e, 0xd3, 0x00, 0x00, 0x00, 0x00, 0x00,
    0x00, 0x00, 0x00, 0x00, 0x00, 0x00, 0x00, 0x00,
    0x00, 0x00, 0x00, 0x00, 0x6c, 0xef, 0xda, 0x40,
    0x00, 0x00, 0x3d, 0xff, 0xff, 0xff, 0xfa, 0x00,
    0x01, 0xef, 0xff, 0xff, 0xff, 0xff, 0xa0, 0x09,
    0xff, 0xfd, 0x65, 0x8f, 0xff, 0xf4, 0x0f, 0xff,
    0xd0, 0x00, 0x03, 0xff, 0xfa, 0x2f, 0xff, 0x50,
    0x00, 0x00, 0xaf, 0xfd, 0x4f, 0xff, 0x30, 0x00,
    0x00, 0x8f, 0xff, 0x2f, 0xff, 0x50, 0x00, 0x00,
    0xaf, 0xfd, 0x0f, 0xff, 0xd0, 0x00, 0x03, 0xff,
    0xfa, 0x09, 0xff, 0xfd, 0x75, 0x8f, 0xff, 0xf4,
    0x01, 0xef, 0xff, 0xff, 0xff, 0xff, 0xa0, 0x00,
    0x3d, 0xff, 0xff, 0xff, 0xfa, 0x00, 0x00, 0x00,
    0x6c, 0xef, 0xea, 0x40, 0x00,

    /* U+00F7 "÷" */
    0x00, 0x00, 0x02, 0x63, 0x00, 0x00, 0x00, 0x00,
    0x00, 0x4f, 0xff, 0x90, 0x00, 0x00, 0x00, 0x00,
    0xbf, 0xff, 0xf0, 0x00, 0x00, 0x00, 0x00, 0x9f,
    0xff, 0xe0, 0x00, 0x00, 0x00, 0x00, 0x1b, 0xfd,
    0x30, 0x00, 0x00, 0x00, 0x00, 0x00, 0x00, 0x00,
    0x00, 0x00, 0xdf, 0xff, 0xff, 0xff, 0xff, 0xff,
    0xf4, 0xdf, 0xff, 0xff, 0xff, 0xff, 0xff, 0xf4,
    0xdf, 0xff, 0xff, 0xff, 0xff, 0xff, 0xf4, 0x33,
    0x33, 0x33, 0x33, 0x33, 0x33, 0x31, 0x00, 0x00,
    0x02, 0x63, 0x00, 0x00, 0x00, 0x00, 0x00, 0x4f,
    0xff, 0x90, 0x00, 0x00, 0x00, 0x00, 0xbf, 0xff,
    0xf0, 0x00, 0x00, 0x00, 0x00, 0x9f, 0xff, 0xe0,
    0x00, 0x00, 0x00, 0x00, 0x1b, 0xfd, 0x30, 0x00,
    0x00,

    /* U+00F8 "ø" */
    0x00, 0x00, 0x00, 0x00, 0x00, 0x07, 0x20, 0x00,
    0x00, 0x05, 0xbe, 0xfe, 0xbb, 0xff, 0x30, 0x00,
    0x1c, 0xff, 0xff, 0xff, 0xff, 0xe0, 0x00, 0x0c,
    0xff, 0xff, 0xff, 0xff, 0xfe, 0x00, 0x07, 0xff,
    0xf9, 0x20, 0xef, 0xff, 0xf6, 0x00, 0xdf, 0xf9,
    0x00, 0x8f, 0xff, 0xff, 0xd0, 0x0f, 0xff, 0x20,
    0x5f, 0xfb, 0x3f, 0xff, 0x01, 0xff, 0xf0, 0x2f,
    0xfd, 0x10, 0xff, 0xf1, 0x0f, 0xff, 0x3d, 0xff,
    0x20, 0x2f, 0xff, 0x00, 0xdf, 0xff, 0xff, 0x50,
    0x0a, 0xff, 0xd0, 0x07, 0xff, 0xff, 0xb0, 0x3a,
    0xff, 0xf6, 0x00, 0x0f, 0xff, 0xff, 0xff, 0xff,
    0xfc, 0x00, 0x02, 0xff, 0xff, 0xff, 0xff, 0xfc,
    0x10, 0x00, 0x2c, 0xf9, 0xbe, 0xfe, 0xb5, 0x00,
    0x00, 0x00, 0x03, 0x00, 0x00, 0x00, 0x00, 0x00,
    0x00,

    /* U+00F9 "ù" */
    0x00, 0x00, 0x00, 0x00, 0x00, 0x00, 0x00, 0x0b,
    0x60, 0x00, 0x00, 0x00, 0x00, 0xaf, 0xf7, 0x00,
    0x00, 0x00, 0x00, 0x1d, 0xff, 0x80, 0x00, 0x00,
    0x00, 0x01, 0xcf, 0xf8, 0x00, 0x00, 0x00, 0x00,
    0x0b, 0xe2, 0x00, 0x00, 0x00, 0x00, 0x00, 0x20,
    0x00, 0x00, 0x00, 0x00, 0x00, 0x00, 0x00, 0x00,
    0xbf, 0xfb, 0x00, 0x00, 0x7f, 0xfe, 0xbf, 0xfb,
    0x00, 0x00, 0x7f, 0xfe, 0xbf, 0xfb, 0x00, 0x00,
    0x7f, 0xfe, 0xbf, 0xfb, 0x00, 0x00, 0x7f, 0xfe,
    0xbf, 0xfb, 0x00, 0x00, 0x7f, 0xfe, 0xbf, 0xfb,
    0x00, 0x00, 0x7f, 0xfe, 0xbf, 0xfb, 0x00, 0x00,
    0x7f, 0xfe, 0xbf, 0xfb, 0x00, 0x00, 0x8f, 0xfe,
    0xaf, 0xfd, 0x00, 0x01, 0xff, 0xfe, 0x8f, 0xff,
    0xa6, 0x9f, 0xff, 0xfe, 0x5f, 0xff, 0xff, 0xff,
    0xff, 0xfe, 0x0c, 0xff, 0xff, 0xff, 0xbf, 0xfe,
    0x01, 0x9e, 0xfe, 0xa3, 0x0c, 0xfe,

    /* U+00FA "ú" */
    0x00, 0x00, 0x00, 0x00, 0x00, 0x00, 0x00, 0x00,
    0x00, 0x04, 0xc1, 0x00, 0x00, 0x00, 0x00, 0x5f,
    0xfc, 0x00, 0x00, 0x00, 0x06, 0xff, 0xe2, 0x00,
    0x00, 0x00, 0x6f, 0xfd, 0x20, 0x00, 0x00, 0x00,
    0x1d, 0xc1, 0x00, 0x00, 0x00, 0x00, 0x01, 0x00,
    0x00, 0x00, 0x00, 0x00, 0x00, 0x00, 0x00, 0x00,
    0xbf, 0xfb, 0x00, 0x00, 0x7f, 0xfe, 0xbf, 0xfb,
    0x00, 0x00, 0x7f, 0xfe, 0xbf, 0xfb, 0x00, 0x00,
    0x7f, 0xfe, 0xbf, 0xfb, 0x00, 0x00, 0x7f, 0xfe,
    0xbf, 0xfb, 0x00, 0x00, 0x7f, 0xfe, 0xbf, 0xfb,
    0x00, 0x00, 0x7f, 0xfe, 0xbf, 0xfb, 0x00, 0x00,
    0x7f, 0xfe, 0xbf, 0xfb, 0x00, 0x00, 0x8f, 0xfe,
    0xaf, 0xfd, 0x00, 0x01, 0xff, 0xfe, 0x8f, 0xff,
    0xa6, 0x9f, 0xff, 0xfe, 0x5f, 0xff, 0xff, 0xff,
    0xff, 0xfe, 0x0c, 0xff, 0xff, 0xff, 0xbf, 0xfe,
    0x01, 0x9e, 0xfe, 0xa3, 0x0c, 0xfe,

    /* U+00FB "û" */
    0x00, 0x00, 0x00, 0x10, 0x00, 0x00, 0x00, 0x00,
    0x0b, 0xd1, 0x00, 0x00, 0x00, 0x00, 0xcf, 0xfd,
    0x20, 0x00, 0x00, 0x1c, 0xff, 0xff, 0xe2, 0x00,
    0x00, 0x9f, 0xf6, 0x4f, 0xfc, 0x00, 0x00, 0x0b,
    0x60, 0x04, 0xd1, 0x00, 0x00, 0x00, 0x00, 0x00,
    0x00, 0x00, 0x00, 0x00, 0x00, 0x00, 0x00, 0x00,
    0xbf, 0xfb, 0x00, 0x00, 0x7f, 0xfe, 0xbf, 0xfb,
    0x00, 0x00, 0x7f, 0xfe, 0xbf, 0xfb, 0x00, 0x00,
    0x7f, 0xfe, 0xbf, 0xfb, 0x00, 0x00, 0x7f, 0xfe,
    0xbf, 0xfb, 0x00, 0x00, 0x7f, 0xfe, 0xbf, 0xfb,
    0x00, 0x00, 0x7f, 0xfe, 0xbf, 0xfb, 0x00, 0x00,
    0x7f, 0xfe, 0xbf, 0xfb, 0x00, 0x00, 0x8f, 0xfe,
    0xaf, 0xfd, 0x00, 0x01, 0xff, 0xfe, 0x8f, 0xff,
    0xa6, 0x9f, 0xff, 0xfe, 0x5f, 0xff, 0xff, 0xff,
    0xff, 0xfe, 0x0c, 0xff, 0xff, 0xff, 0xbf, 0xfe,
    0x01, 0x9e, 0xfe, 0xa3, 0x0c, 0xfe,

    /* U+00FC "ü" */
    0x00, 0x9d, 0x90, 0x07, 0xda, 0x00, 0x04, 0xff,
    0xf6, 0x2f, 0xff, 0x80, 0x05, 0xff, 0xf6, 0x3f,
    0xff, 0x80, 0x00, 0xaf, 0xb0, 0x09, 0xfc, 0x10,
    0x00, 0x00, 0x00, 0x00, 0x00, 0x00, 0x00, 0x00,
    0x00, 0x00, 0x00, 0x00, 0xbf, 0xfb, 0x00, 0x00,
    0x7f, 0xfe, 0xbf, 0xfb, 0x00, 0x00, 0x7f, 0xfe,
    0xbf, 0xfb, 0x00, 0x00, 0x7f, 0xfe, 0xbf, 0xfb,
    0x00, 0x00, 0x7f, 0xfe, 0xbf, 0xfb, 0x00, 0x00,
    0x7f, 0xfe, 0xbf, 0xfb, 0x00, 0x00, 0x7f, 0xfe,
    0xbf, 0xfb, 0x00, 0x00, 0x7f, 0xfe, 0xbf, 0xfb,
    0x00, 0x00, 0x8f, 0xfe, 0xaf, 0xfd, 0x00, 0x01,
    0xff, 0xfe, 0x8f, 0xff, 0xa6, 0x9f, 0xff, 0xfe,
    0x5f, 0xff, 0xff, 0xff, 0xff, 0xfe, 0x0c, 0xff,
    0xff, 0xff, 0xbf, 0xfe, 0x01, 0x9e, 0xfe, 0xa3,
    0x0c, 0xfe,

    /* U+00FD "ý" */
    0x00, 0x00, 0x00, 0x00, 0x00, 0x00, 0x00, 0x00,
    0x00, 0x00, 0x00, 0x5b, 0x00, 0x00, 0x00, 0x00,
    0x00, 0x07, 0xff, 0xa0, 0x00, 0x00, 0x00, 0x00,
    0x8f, 0xfd, 0x10, 0x00, 0x00, 0x00, 0x08, 0xff,
    0xc1, 0x00, 0x00, 0x00, 0x00, 0x02, 0xeb, 0x00,
    0x00, 0x00, 0x00, 0x00, 0x00, 0x20, 0x00, 0x00,
    0x00, 0x00, 0x00, 0x00, 0x00, 0x00, 0x00, 0x00,
    0x8f, 0xfe, 0x00, 0x00, 0x00, 0xff, 0xf7, 0x1f,
    0xff, 0x60, 0x00, 0x06, 0xff, 0xf1, 0x0a, 0xff,
    0xd0, 0x00, 0x0d, 0xff, 0x90, 0x03, 0xff, 0xf4,
    0x00, 0x4f, 0xff, 0x30, 0x00, 0xcf, 0xfb, 0x00,
    0xbf, 0xfc, 0x00, 0x00, 0x5f, 0xff, 0x22, 0xff,
    0xf5, 0x00, 0x00, 0x0e, 0xff, 0x89, 0xff, 0xe0,
    0x00, 0x00, 0x07, 0xff, 0xff, 0xff, 0x70, 0x00,
    0x00, 0x01, 0xff, 0xff, 0xff, 0x10, 0x00, 0x00,
    0x00, 0x9f, 0xff, 0xf9, 0x00, 0x00, 0x00, 0x00,
    0x2f, 0xff, 0xf2, 0x00, 0x00, 0x00, 0x00, 0x0f,
    0xff, 0xb0, 0x00, 0x00, 0x00, 0x00, 0x2f, 0xff,
    0x40, 0x00, 0x00, 0x00, 0x00, 0x9f, 0xfd, 0x00,
    0x00, 0x00, 0x00, 0x01, 0xff, 0xf6, 0x00, 0x00,
    0x00, 0x00, 0x07, 0xff, 0xf0, 0x00, 0x00, 0x00,
    0x00, 0x0e, 0xff, 0x90, 0x00, 0x00, 0x00, 0x00,
    0x5f, 0xff, 0x20, 0x00, 0x00, 0x00,

    /* U+00FE "þ" */
    0x8f, 0xfd, 0x00, 0x00, 0x00, 0x00, 0x00, 0x8f,
    0xfd, 0x00, 0x00, 0x00, 0x00, 0x00, 0x8f, 0xfd,
    0x00, 0x00, 0x00, 0x00, 0x00, 0x8f, 0xfd, 0x00,
    0x00, 0x00, 0x00, 0x00, 0x8f, 0xfd, 0x00, 0x00,
    0x00, 0x00, 0x00, 0x8f, 0xfd, 0x3a, 0xef, 0xd8,
    0x10, 0x00, 0x8f, 0xff, 0xff, 0xff, 0xff, 0xe3,
    0x00, 0x8f, 0xff, 0xff, 0xff, 0xff, 0xfe, 0x10,
    0x8f, 0xff, 0xe4, 0x02, 0xbf, 0xff, 0x80, 0x8f,
    0xff, 0x30, 0x00, 0x0d, 0xff, 0xd0, 0x8f, 0xff,
    0x00, 0x00, 0x07, 0xff, 0xf0, 0x8f, 0xff, 0x00,
    0x00, 0x05, 0xff, 0xf1, 0x8f, 0xff, 0x00, 0x00,
    0x07, 0xff, 0xf0, 0x8f, 0xff, 0x40, 0x00, 0x0e,
    0xff, 0xd0, 0x8f, 0xff, 0xf7, 0x34, 0xcf, 0xff,
    0x80, 0x8f, 0xff, 0xff, 0xff, 0xff, 0xfe, 0x10,
    0x8f, 0xff, 0xff, 0xff, 0xff, 0xe3, 0x00, 0x8f,
    0xfd, 0x4b, 0xef, 0xd8, 0x10, 0x00, 0x8f, 0xfd,
    0x00, 0x00, 0x00, 0x00, 0x00, 0x8f, 0xfd, 0x00,
    0x00, 0x00, 0x00, 0x00, 0x8f, 0xfd, 0x00, 0x00,
    0x00, 0x00, 0x00, 0x8f, 0xfd, 0x00, 0x00, 0x00,
    0x00, 0x00, 0x8f, 0xfd, 0x00, 0x00, 0x00, 0x00,
    0x00,

    /* U+00FF "ÿ" */
    0x00, 0x0b, 0xf9, 0x00, 0xaf, 0xb0, 0x00, 0x00,
    0x6f, 0xff, 0x44, 0xff, 0xf6, 0x00, 0x00, 0x6f,
    0xff, 0x44, 0xff, 0xf5, 0x00, 0x00, 0x0a, 0xe9,
    0x00, 0x9e, 0xa0, 0x00, 0x00, 0x00, 0x00, 0x00,
    0x00, 0x00, 0x00, 0x8f, 0xfe, 0x00, 0x00, 0x00,
    0xff, 0xf7, 0x1f, 0xff, 0x60, 0x00, 0x06, 0xff,
    0xf1, 0x0a, 0xff, 0xd0, 0x00, 0x0d, 0xff, 0x90,
    0x03, 0xff, 0xf4, 0x00, 0x4f, 0xff, 0x30, 0x00,
    0xcf, 0xfb, 0x00, 0xbf, 0xfc, 0x00, 0x00, 0x5f,
    0xff, 0x22, 0xff, 0xf5, 0x00, 0x00, 0x0e, 0xff,
    0x89, 0xff, 0xe0, 0x00, 0x00, 0x07, 0xff, 0xff,
    0xff, 0x70, 0x00, 0x00, 0x01, 0xff, 0xff, 0xff,
    0x10, 0x00, 0x00, 0x00, 0x9f, 0xff, 0xf9, 0x00,
    0x00, 0x00, 0x00, 0x2f, 0xff, 0xf2, 0x00, 0x00,
    0x00, 0x00, 0x0f, 0xff, 0xb0, 0x00, 0x00, 0x00,
    0x00, 0x2f, 0xff, 0x40, 0x00, 0x00, 0x00, 0x00,
    0x9f, 0xfd, 0x00, 0x00, 0x00, 0x00, 0x01, 0xff,
    0xf6, 0x00, 0x00, 0x00, 0x00, 0x07, 0xff, 0xf0,
    0x00, 0x00, 0x00, 0x00, 0x0e, 0xff, 0x90, 0x00,
    0x00, 0x00, 0x00, 0x5f, 0xff, 0x20, 0x00, 0x00,
    0x00
};

/*---------------------
 *  GLYPH DESCRIPTION
 *--------------------*/

static const lv_font_fmt_txt_glyph_dsc_t glyph_dsc[] = {
    {.bitmap_index = 0, .adv_w = 0, .box_w = 0, .box_h = 0, .ofs_x = 0, .ofs_y = 0} /* id = 0 reserved */,
    {.bitmap_index = 0, .adv_w = 108, .box_w = 0, .box_h = 0, .ofs_x = 0, .ofs_y = 0},
    {.bitmap_index = 0, .adv_w = 120, .box_w = 6, .box_h = 19, .ofs_x = 1, .ofs_y = 0},
    {.bitmap_index = 57, .adv_w = 150, .box_w = 9, .box_h = 8, .ofs_x = 0, .ofs_y = 10},
    {.bitmap_index = 93, .adv_w = 281, .box_w = 17, .box_h = 18, .ofs_x = 0, .ofs_y = 0},
    {.bitmap_index = 246, .adv_w = 227, .box_w = 14, .box_h = 23, .ofs_x = 0, .ofs_y = -3},
    {.bitmap_index = 407, .adv_w = 316, .box_w = 20, .box_h = 19, .ofs_x = 0, .ofs_y = -1},
    {.bitmap_index = 597, .adv_w = 268, .box_w = 16, .box_h = 19, .ofs_x = 1, .ofs_y = 0},
    {.bitmap_index = 749, .adv_w = 76, .box_w = 5, .box_h = 8, .ofs_x = 0, .ofs_y = 10},
    {.bitmap_index = 769, .adv_w = 146, .box_w = 8, .box_h = 25, .ofs_x = 1, .ofs_y = -4},
    {.bitmap_index = 869, .adv_w = 146, .box_w = 8, .box_h = 25, .ofs_x = 0, .ofs_y = -4},
    {.bitmap_index = 969, .adv_w = 185, .box_w = 11, .box_h = 10, .ofs_x = 0, .ofs_y = 9},
    {.bitmap_index = 1024, .adv_w = 279, .box_w = 13, .box_h = 13, .ofs_x = 2, .ofs_y = 2},
    {.bitmap_index = 1109, .adv_w = 117, .box_w = 7, .box_h = 9, .ofs_x = 0, .ofs_y = -4},
    {.bitmap_index = 1141, .adv_w = 154, .box_w = 9, .box_h = 4, .ofs_x = 0, .ofs_y = 6},
    {.bitmap_index = 1159, .adv_w = 115, .box_w = 6, .box_h = 5, .ofs_x = 1, .ofs_y = 0},
    {.bitmap_index = 1174, .adv_w = 200, .box_w = 14, .box_h = 23, .ofs_x = -1, .ofs_y = -3},
    {.bitmap_index = 1335, .adv_w = 231, .box_w = 14, .box_h = 18, .ofs_x = 0, .ofs_y = 0},
    {.bitmap_index = 1461, .adv_w = 149, .box_w = 8, .box_h = 18, .ofs_x = 0, .ofs_y = 0},
    {.bitmap_index = 1533, .adv_w = 212, .box_w = 13, .box_h = 18, .ofs_x = 0, .ofs_y = 0},
    {.bitmap_index = 1650, .adv_w = 216, .box_w = 13, .box_h = 18, .ofs_x = 0, .ofs_y = 0},
    {.bitmap_index = 1767, .adv_w = 239, .box_w = 15, .box_h = 18, .ofs_x = 0, .ofs_y = 0},
    {.bitmap_index = 1902, .adv_w = 220, .box_w = 13, .box_h = 18, .ofs_x = 1, .ofs_y = 0},
    {.bitmap_index = 2019, .adv_w = 230, .box_w = 14, .box_h = 18, .ofs_x = 0, .ofs_y = 0},
    {.bitmap_index = 2145, .adv_w = 205, .box_w = 13, .box_h = 18, .ofs_x = 0, .ofs_y = 0},
    {.bitmap_index = 2262, .adv_w = 226, .box_w = 13, .box_h = 18, .ofs_x = 1, .ofs_y = 0},
    {.bitmap_index = 2379, .adv_w = 229, .box_w = 14, .box_h = 18, .ofs_x = 0, .ofs_y = 0},
    {.bitmap_index = 2505, .adv_w = 115, .box_w = 6, .box_h = 13, .ofs_x = 1, .ofs_y = 0},
    {.bitmap_index = 2544, .adv_w = 117, .box_w = 7, .box_h = 18, .ofs_x = 0, .ofs_y = -5},
    {.bitmap_index = 2607, .adv_w = 279, .box_w = 12, .box_h = 15, .ofs_x = 3, .ofs_y = 0},
    {.bitmap_index = 2697, .adv_w = 279, .box_w = 13, .box_h = 9, .ofs_x = 2, .ofs_y = 3},
    {.bitmap_index = 2756, .adv_w = 279, .box_w = 12, .box_h = 15, .ofs_x = 3, .ofs_y = 0},
    {.bitmap_index = 2846, .adv_w = 225, .box_w = 13, .box_h = 19, .ofs_x = 0, .ofs_y = 0},
    {.bitmap_index = 2970, .adv_w = 355, .box_w = 22, .box_h = 21, .ofs_x = 0, .ofs_y = -2},
    {.bitmap_index = 3201, .adv_w = 273, .box_w = 17, .box_h = 18, .ofs_x = 0, .ofs_y = 0},
    {.bitmap_index = 3354, .adv_w = 247, .box_w = 14, .box_h = 18, .ofs_x = 1, .ofs_y = 0},
    {.bitmap_index = 3480, .adv_w = 291, .box_w = 18, .box_h = 18, .ofs_x = 0, .ofs_y = 0},
    {.bitmap_index = 3642, .adv_w = 277, .box_w = 16, .box_h = 18, .ofs_x = 1, .ofs_y = 0},
    {.bitmap_index = 3786, .adv_w = 225, .box_w = 12, .box_h = 18, .ofs_x = 1, .ofs_y = 0},
    {.bitmap_index = 3894, .adv_w = 214, .box_w = 12, .box_h = 18, .ofs_x = 1, .ofs_y = 0},
    {.bitmap_index = 4002, .adv_w = 299, .box_w = 19, .box_h = 18, .ofs_x = 0, .ofs_y = 0},
    {.bitmap_index = 4173, .adv_w = 285, .box_w = 16, .box_h = 18, .ofs_x = 1, .ofs_y = 0},
    {.bitmap_index = 4317, .adv_w = 111, .box_w = 5, .box_h = 18, .ofs_x = 1, .ofs_y = 0},
    {.bitmap_index = 4362, .adv_w = 226, .box_w = 13, .box_h = 18, .ofs_x = 0, .ofs_y = 0},
    {.bitmap_index = 4479, .adv_w = 260, .box_w = 16, .box_h = 18, .ofs_x = 1, .ofs_y = 0},
    {.bitmap_index = 4623, .adv_w = 207, .box_w = 12, .box_h = 18, .ofs_x = 1, .ofs_y = 0},
    {.bitmap_index = 4731, .adv_w = 361, .box_w = 22, .box_h = 18, .ofs_x = 0, .ofs_y = 0},
    {.bitmap_index = 4929, .adv_w = 299, .box_w = 16, .box_h = 18, .ofs_x = 1, .ofs_y = 0},
    {.bitmap_index = 5073, .adv_w = 312, .box_w = 19, .box_h = 18, .ofs_x = 0, .ofs_y = 0},
    {.bitmap_index = 5244, .adv_w = 242, .box_w = 14, .box_h = 18, .ofs_x = 1, .ofs_y = 0},
    {.bitmap_index = 5370, .adv_w = 312, .box_w = 19, .box_h = 19, .ofs_x = 0, .ofs_y = -1},
    {.bitmap_index = 5551, .adv_w = 253, .box_w = 14, .box_h = 18, .ofs_x = 1, .ofs_y = 0},
    {.bitmap_index = 5677, .adv_w = 235, .box_w = 14, .box_h = 18, .ofs_x = 0, .ofs_y = 0},
    {.bitmap_index = 5803, .adv_w = 236, .box_w = 15, .box_h = 18, .ofs_x = 0, .ofs_y = 0},
    {.bitmap_index = 5938, .adv_w = 280, .box_w = 15, .box_h = 18, .ofs_x = 1, .ofs_y = 0},
    {.bitmap_index = 6073, .adv_w = 267, .box_w = 17, .box_h = 18, .ofs_x = 0, .ofs_y = 0},
    {.bitmap_index = 6226, .adv_w = 408, .box_w = 26, .box_h = 18, .ofs_x = 0, .ofs_y = 0},
    {.bitmap_index = 6460, .adv_w = 275, .box_w = 17, .box_h = 18, .ofs_x = 0, .ofs_y = 0},
    {.bitmap_index = 6613, .adv_w = 245, .box_w = 17, .box_h = 18, .ofs_x = -1, .ofs_y = 0},
    {.bitmap_index = 6766, .adv_w = 238, .box_w = 13, .box_h = 18, .ofs_x = 1, .ofs_y = 0},
    {.bitmap_index = 6883, .adv_w = 136, .box_w = 7, .box_h = 25, .ofs_x = 1, .ofs_y = -4},
    {.bitmap_index = 6971, .adv_w = 200, .box_w = 14, .box_h = 23, .ofs_x = -1, .ofs_y = -3},
    {.bitmap_index = 7132, .adv_w = 133, .box_w = 7, .box_h = 25, .ofs_x = 0, .ofs_y = -4},
    {.bitmap_index = 7220, .adv_w = 279, .box_w = 13, .box_h = 8, .ofs_x = 2, .ofs_y = 7},
    {.bitmap_index = 7272, .adv_w = 229, .box_w = 14, .box_h = 3, .ofs_x = 0, .ofs_y = -3},
    {.bitmap_index = 7293, .adv_w = 230, .box_w = 6, .box_h = 6, .ofs_x = 4, .ofs_y = 14},
    {.bitmap_index = 7311, .adv_w = 209, .box_w = 12, .box_h = 13, .ofs_x = 0, .ofs_y = 0},
    {.bitmap_index = 7389, .adv_w = 238, .box_w = 14, .box_h = 18, .ofs_x = 1, .ofs_y = 0},
    {.bitmap_index = 7515, .adv_w = 212, .box_w = 13, .box_h = 13, .ofs_x = 0, .ofs_y = 0},
    {.bitmap_index = 7600, .adv_w = 238, .box_w = 14, .box_h = 18, .ofs_x = 0, .ofs_y = 0},
    {.bitmap_index = 7726, .adv_w = 223, .box_w = 14, .box_h = 13, .ofs_x = 0, .ofs_y = 0},
    {.bitmap_index = 7817, .adv_w = 137, .box_w = 9, .box_h = 18, .ofs_x = 0, .ofs_y = 0},
    {.bitmap_index = 7898, .adv_w = 239, .box_w = 14, .box_h = 18, .ofs_x = 0, .ofs_y = -5},
    {.bitmap_index = 8024, .adv_w = 230, .box_w = 13, .box_h = 18, .ofs_x = 1, .ofs_y = 0},
    {.bitmap_index = 8141, .adv_w = 103, .box_w = 5, .box_h = 19, .ofs_x = 1, .ofs_y = 0},
    {.bitmap_index = 8189, .adv_w = 105, .box_w = 7, .box_h = 24, .ofs_x = -1, .ofs_y = -5},
    {.bitmap_index = 8273, .adv_w = 206, .box_w = 13, .box_h = 18, .ofs_x = 1, .ofs_y = 0},
    {.bitmap_index = 8390, .adv_w = 109, .box_w = 6, .box_h = 18, .ofs_x = 1, .ofs_y = 0},
    {.bitmap_index = 8444, .adv_w = 351, .box_w = 20, .box_h = 13, .ofs_x = 1, .ofs_y = 0},
    {.bitmap_index = 8574, .adv_w = 230, .box_w = 13, .box_h = 13, .ofs_x = 1, .ofs_y = 0},
    {.bitmap_index = 8659, .adv_w = 235, .box_w = 14, .box_h = 13, .ofs_x = 0, .ofs_y = 0},
    {.bitmap_index = 8750, .adv_w = 238, .box_w = 14, .box_h = 18, .ofs_x = 1, .ofs_y = -5},
    {.bitmap_index = 8876, .adv_w = 238, .box_w = 14, .box_h = 18, .ofs_x = 0, .ofs_y = -5},
    {.bitmap_index = 9002, .adv_w = 150, .box_w = 8, .box_h = 13, .ofs_x = 1, .ofs_y = 0},
    {.bitmap_index = 9054, .adv_w = 185, .box_w = 11, .box_h = 13, .ofs_x = 0, .ofs_y = 0},
    {.bitmap_index = 9126, .adv_w = 160, .box_w = 9, .box_h = 16, .ofs_x = 0, .ofs_y = 0},
    {.bitmap_index = 9198, .adv_w = 230, .box_w = 12, .box_h = 13, .ofs_x = 1, .ofs_y = 0},
    {.bitmap_index = 9276, .adv_w = 215, .box_w = 14, .box_h = 13, .ofs_x = 0, .ofs_y = 0},
    {.bitmap_index = 9367, .adv_w = 312, .box_w = 20, .box_h = 13, .ofs_x = 0, .ofs_y = 0},
    {.bitmap_index = 9497, .adv_w = 214, .box_w = 14, .box_h = 13, .ofs_x = 0, .ofs_y = 0},
    {.bitmap_index = 9588, .adv_w = 222, .box_w = 14, .box_h = 18, .ofs_x = 0, .ofs_y = -5},
    {.bitmap_index = 9714, .adv_w = 196, .box_w = 12, .box_h = 13, .ofs_x = 0, .ofs_y = 0},
    {.bitmap_index = 9792, .adv_w = 134, .box_w = 7, .box_h = 25, .ofs_x = 1, .ofs_y = -4},
    {.bitmap_index = 9880, .adv_w = 109, .box_w = 4, .box_h = 25, .ofs_x = 1, .ofs_y = -3},
    {.bitmap_index = 9930, .adv_w = 134, .box_w = 8, .box_h = 25, .ofs_x = 0, .ofs_y = -4},
    {.bitmap_index = 10030, .adv_w = 279, .box_w = 15, .box_h = 7, .ofs_x = 1, .ofs_y = 5},
    {.bitmap_index = 10083, .adv_w = 108, .box_w = 0, .box_h = 0, .ofs_x = 0, .ofs_y = 0},
    {.bitmap_index = 10083, .adv_w = 120, .box_w = 6, .box_h = 19, .ofs_x = 1, .ofs_y = -5},
    {.bitmap_index = 10140, .adv_w = 219, .box_w = 14, .box_h = 18, .ofs_x = 0, .ofs_y = 0},
    {.bitmap_index = 10266, .adv_w = 218, .box_w = 12, .box_h = 18, .ofs_x = 1, .ofs_y = 0},
    {.bitmap_index = 10374, .adv_w = 244, .box_w = 15, .box_h = 15, .ofs_x = 0, .ofs_y = 1},
    {.bitmap_index = 10487, .adv_w = 230, .box_w = 15, .box_h = 17, .ofs_x = 0, .ofs_y = 0},
    {.bitmap_index = 10615, .adv_w = 109, .box_w = 4, .box_h = 25, .ofs_x = 1, .ofs_y = -3},
    {.bitmap_index = 10665, .adv_w = 222, .box_w = 14, .box_h = 24, .ofs_x = 0, .ofs_y = -4},
    {.bitmap_index = 10833, .adv_w = 230, .box_w = 10, .box_h = 4, .ofs_x = 2, .ofs_y = 15},
    {.bitmap_index = 10853, .adv_w = 278, .box_w = 16, .box_h = 16, .ofs_x = 1, .ofs_y = 4},
    {.bitmap_index = 10981, .adv_w = 156, .box_w = 10, .box_h = 10, .ofs_x = 0, .ofs_y = 8},
    {.bitmap_index = 11031, .adv_w = 238, .box_w = 15, .box_h = 11, .ofs_x = 0, .ofs_y = 2},
    {.bitmap_index = 11114, .adv_w = 279, .box_w = 13, .box_h = 8, .ofs_x = 2, .ofs_y = 3},
    {.bitmap_index = 11166, .adv_w = 278, .box_w = 16, .box_h = 16, .ofs_x = 1, .ofs_y = 4},
    {.bitmap_index = 11294, .adv_w = 230, .box_w = 8, .box_h = 3, .ofs_x = 3, .ofs_y = 15},
    {.bitmap_index = 11306, .adv_w = 166, .box_w = 10, .box_h = 9, .ofs_x = 0, .ofs_y = 9},
    {.bitmap_index = 11351, .adv_w = 279, .box_w = 13, .box_h = 17, .ofs_x = 2, .ofs_y = 0},
    {.bitmap_index = 11462, .adv_w = 146, .box_w = 9, .box_h = 11, .ofs_x = 0, .ofs_y = 9},
    {.bitmap_index = 11512, .adv_w = 143, .box_w = 9, .box_h = 11, .ofs_x = 0, .ofs_y = 9},
    {.bitmap_index = 11562, .adv_w = 230, .box_w = 7, .box_h = 6, .ofs_x = 4, .ofs_y = 14},
    {.bitmap_index = 11583, .adv_w = 230, .box_w = 12, .box_h = 18, .ofs_x = 1, .ofs_y = -5},
    {.bitmap_index = 11691, .adv_w = 290, .box_w = 17, .box_h = 23, .ofs_x = 1, .ofs_y = -4},
    {.bitmap_index = 11887, .adv_w = 115, .box_w = 6, .box_h = 5, .ofs_x = 1, .ofs_y = 5},
    {.bitmap_index = 11902, .adv_w = 230, .box_w = 6, .box_h = 6, .ofs_x = 4, .ofs_y = -6},
    {.bitmap_index = 11920, .adv_w = 101, .box_w = 6, .box_h = 11, .ofs_x = 0, .ofs_y = 9},
    {.bitmap_index = 11953, .adv_w = 180, .box_w = 11, .box_h = 10, .ofs_x = 0, .ofs_y = 8},
    {.bitmap_index = 12008, .adv_w = 238, .box_w = 14, .box_h = 11, .ofs_x = 0, .ofs_y = 2},
    {.bitmap_index = 12085, .adv_w = 361, .box_w = 23, .box_h = 21, .ofs_x = 0, .ofs_y = -2},
    {.bitmap_index = 12327, .adv_w = 355, .box_w = 22, .box_h = 21, .ofs_x = 0, .ofs_y = -2},
    {.bitmap_index = 12558, .adv_w = 399, .box_w = 25, .box_h = 21, .ofs_x = 0, .ofs_y = -2},
    {.bitmap_index = 12821, .adv_w = 210, .box_w = 13, .box_h = 19, .ofs_x = 1, .ofs_y = -5},
    {.bitmap_index = 12945, .adv_w = 273, .box_w = 17, .box_h = 26, .ofs_x = 0, .ofs_y = 0},
    {.bitmap_index = 13166, .adv_w = 273, .box_w = 17, .box_h = 26, .ofs_x = 0, .ofs_y = 0},
    {.bitmap_index = 13387, .adv_w = 273, .box_w = 17, .box_h = 25, .ofs_x = 0, .ofs_y = 0},
    {.bitmap_index = 13600, .adv_w = 273, .box_w = 17, .box_h = 24, .ofs_x = 0, .ofs_y = 0},
    {.bitmap_index = 13804, .adv_w = 273, .box_w = 17, .box_h = 24, .ofs_x = 0, .ofs_y = 0},
    {.bitmap_index = 14008, .adv_w = 273, .box_w = 17, .box_h = 25, .ofs_x = 0, .ofs_y = 0},
    {.bitmap_index = 14221, .adv_w = 353, .box_w = 21, .box_h = 18, .ofs_x = 0, .ofs_y = 0},
    {.bitmap_index = 14410, .adv_w = 291, .box_w = 18, .box_h = 23, .ofs_x = 0, .ofs_y = -5},
    {.bitmap_index = 14617, .adv_w = 225, .box_w = 12, .box_h = 26, .ofs_x = 1, .ofs_y = 0},
    {.bitmap_index = 14773, .adv_w = 225, .box_w = 12, .box_h = 26, .ofs_x = 1, .ofs_y = 0},
    {.bitmap_index = 14929, .adv_w = 225, .box_w = 12, .box_h = 25, .ofs_x = 1, .ofs_y = 0},
    {.bitmap_index = 15079, .adv_w = 225, .box_w = 12, .box_h = 24, .ofs_x = 1, .ofs_y = 0},
    {.bitmap_index = 15223, .adv_w = 111, .box_w = 7, .box_h = 26, .ofs_x = -1, .ofs_y = 0},
    {.bitmap_index = 15314, .adv_w = 111, .box_w = 7, .box_h = 26, .ofs_x = 1, .ofs_y = 0},
    {.bitmap_index = 15405, .adv_w = 111, .box_w = 8, .box_h = 25, .ofs_x = -1, .ofs_y = 0},
    {.bitmap_index = 15505, .adv_w = 111, .box_w = 9, .box_h = 24, .ofs_x = -1, .ofs_y = 0},
    {.bitmap_index = 15613, .adv_w = 295, .box_w = 18, .box_h = 18, .ofs_x = 0, .ofs_y = 0},
    {.bitmap_index = 15775, .adv_w = 299, .box_w = 16, .box_h = 24, .ofs_x = 1, .ofs_y = 0},
    {.bitmap_index = 15967, .adv_w = 312, .box_w = 19, .box_h = 25, .ofs_x = 0, .ofs_y = 0},
    {.bitmap_index = 16205, .adv_w = 312, .box_w = 19, .box_h = 25, .ofs_x = 0, .ofs_y = 0},
    {.bitmap_index = 16443, .adv_w = 312, .box_w = 19, .box_h = 25, .ofs_x = 0, .ofs_y = 0},
    {.bitmap_index = 16681, .adv_w = 312, .box_w = 19, .box_h = 24, .ofs_x = 0, .ofs_y = 0},
    {.bitmap_index = 16909, .adv_w = 312, .box_w = 19, .box_h = 24, .ofs_x = 0, .ofs_y = 0},
    {.bitmap_index = 17137, .adv_w = 279, .box_w = 13, .box_h = 13, .ofs_x = 2, .ofs_y = 2},
    {.bitmap_index = 17222, .adv_w = 312, .box_w = 19, .box_h = 20, .ofs_x = 0, .ofs_y = -1},
    {.bitmap_index = 17412, .adv_w = 280, .box_w = 15, .box_h = 26, .ofs_x = 1, .ofs_y = 0},
    {.bitmap_index = 17607, .adv_w = 280, .box_w = 15, .box_h = 26, .ofs_x = 1, .ofs_y = 0},
    {.bitmap_index = 17802, .adv_w = 280, .box_w = 15, .box_h = 25, .ofs_x = 1, .ofs_y = 0},
    {.bitmap_index = 17990, .adv_w = 280, .box_w = 15, .box_h = 24, .ofs_x = 1, .ofs_y = 0},
    {.bitmap_index = 18170, .adv_w = 245, .box_w = 17, .box_h = 26, .ofs_x = -1, .ofs_y = 0},
    {.bitmap_index = 18391, .adv_w = 242, .box_w = 14, .box_h = 18, .ofs_x = 1, .ofs_y = 0},
    {.bitmap_index = 18517, .adv_w = 242, .box_w = 14, .box_h = 18, .ofs_x = 1, .ofs_y = 0},
    {.bitmap_index = 18643, .adv_w = 209, .box_w = 12, .box_h = 20, .ofs_x = 0, .ofs_y = 0},
    {.bitmap_index = 18763, .adv_w = 209, .box_w = 12, .box_h = 20, .ofs_x = 0, .ofs_y = 0},
    {.bitmap_index = 18883, .adv_w = 209, .box_w = 12, .box_h = 21, .ofs_x = 0, .ofs_y = 0},
    {.bitmap_index = 19009, .adv_w = 209, .box_w = 12, .box_h = 19, .ofs_x = 0, .ofs_y = 0},
    {.bitmap_index = 19123, .adv_w = 209, .box_w = 12, .box_h = 19, .ofs_x = 0, .ofs_y = 0},
    {.bitmap_index = 19237, .adv_w = 209, .box_w = 12, .box_h = 21, .ofs_x = 0, .ofs_y = 0},
    {.bitmap_index = 19363, .adv_w = 328, .box_w = 20, .box_h = 13, .ofs_x = 0, .ofs_y = 0},
    {.bitmap_index = 19493, .adv_w = 212, .box_w = 13, .box_h = 18, .ofs_x = 0, .ofs_y = -5},
    {.bitmap_index = 19610, .adv_w = 223, .box_w = 14, .box_h = 20, .ofs_x = 0, .ofs_y = 0},
    {.bitmap_index = 19750, .adv_w = 223, .box_w = 14, .box_h = 20, .ofs_x = 0, .ofs_y = 0},
    {.bitmap_index = 19890, .adv_w = 223, .box_w = 14, .box_h = 21, .ofs_x = 0, .ofs_y = 0},
    {.bitmap_index = 20037, .adv_w = 223, .box_w = 14, .box_h = 19, .ofs_x = 0, .ofs_y = 0},
    {.bitmap_index = 20170, .adv_w = 103, .box_w = 6, .box_h = 21, .ofs_x = -1, .ofs_y = 0},
    {.bitmap_index = 20233, .adv_w = 103, .box_w = 7, .box_h = 21, .ofs_x = 1, .ofs_y = 0},
    {.bitmap_index = 20307, .adv_w = 103, .box_w = 8, .box_h = 20, .ofs_x = -1, .ofs_y = 0},
    {.bitmap_index = 20387, .adv_w = 103, .box_w = 9, .box_h = 19, .ofs_x = -1, .ofs_y = 0},
    {.bitmap_index = 20473, .adv_w = 233, .box_w = 14, .box_h = 20, .ofs_x = 0, .ofs_y = 0},
    {.bitmap_index = 20613, .adv_w = 230, .box_w = 13, .box_h = 19, .ofs_x = 1, .ofs_y = 0},
    {.bitmap_index = 20737, .adv_w = 235, .box_w = 14, .box_h = 20, .ofs_x = 0, .ofs_y = 0},
    {.bitmap_index = 20877, .adv_w = 235, .box_w = 14, .box_h = 20, .ofs_x = 0, .ofs_y = 0},
    {.bitmap_index = 21017, .adv_w = 235, .box_w = 14, .box_h = 21, .ofs_x = 0, .ofs_y = 0},
    {.bitmap_index = 21164, .adv_w = 235, .box_w = 14, .box_h = 19, .ofs_x = 0, .ofs_y = 0},
    {.bitmap_index = 21297, .adv_w = 235, .box_w = 14, .box_h = 19, .ofs_x = 0, .ofs_y = 0},
    {.bitmap_index = 21430, .adv_w = 279, .box_w = 14, .box_h = 15, .ofs_x = 2, .ofs_y = 2},
    {.bitmap_index = 21535, .adv_w = 240, .box_w = 15, .box_h = 15, .ofs_x = 0, .ofs_y = -1},
    {.bitmap_index = 21648, .adv_w = 230, .box_w = 12, .box_h = 21, .ofs_x = 1, .ofs_y = 0},
    {.bitmap_index = 21774, .adv_w = 230, .box_w = 12, .box_h = 21, .ofs_x = 1, .ofs_y = 0},
    {.bitmap_index = 21900, .adv_w = 230, .box_w = 12, .box_h = 21, .ofs_x = 1, .ofs_y = 0},
    {.bitmap_index = 22026, .adv_w = 230, .box_w = 12, .box_h = 19, .ofs_x = 1, .ofs_y = 0},
    {.bitmap_index = 22140, .adv_w = 222, .box_w = 14, .box_h = 26, .ofs_x = 0, .ofs_y = -5},
    {.bitmap_index = 22322, .adv_w = 238, .box_w = 14, .box_h = 23, .ofs_x = 1, .ofs_y = -5},
    {.bitmap_index = 22483, .adv_w = 222, .box_w = 14, .box_h = 23, .ofs_x = 0, .ofs_y = -5}
};

/*---------------------
 *  CHARACTER MAPPING
 *--------------------*/



/*Collect the unicode lists and glyph_id offsets*/
static const lv_font_fmt_txt_cmap_t cmaps[] =
{
    {
        .range_start = 32, .range_length = 95, .glyph_id_start = 1,
        .unicode_list = NULL, .glyph_id_ofs_list = NULL, .list_length = 0, .type = LV_FONT_FMT_TXT_CMAP_FORMAT0_TINY
    },
    {
        .range_start = 160, .range_length = 13, .glyph_id_start = 96,
        .unicode_list = NULL, .glyph_id_ofs_list = NULL, .list_length = 0, .type = LV_FONT_FMT_TXT_CMAP_FORMAT0_TINY
    },
    {
        .range_start = 174, .range_length = 82, .glyph_id_start = 109,
        .unicode_list = NULL, .glyph_id_ofs_list = NULL, .list_length = 0, .type = LV_FONT_FMT_TXT_CMAP_FORMAT0_TINY
    }
};



/*--------------------
 *  ALL CUSTOM DATA
 *--------------------*/

#if LVGL_VERSION_MAJOR == 8
/*Store all the custom data of the font*/
static  lv_font_fmt_txt_glyph_cache_t cache;
#endif

#if LVGL_VERSION_MAJOR >= 8
static const lv_font_fmt_txt_dsc_t font_dsc = {
#else
static lv_font_fmt_txt_dsc_t font_dsc = {
#endif
    .glyph_bitmap = glyph_bitmap,
    .glyph_dsc = glyph_dsc,
    .cmaps = cmaps,
    .kern_dsc = NULL,
    .kern_scale = 0,
    .cmap_num = 3,
    .bpp = 4,
    .kern_classes = 0,
    .bitmap_format = 0,
#if LVGL_VERSION_MAJOR == 8
    .cache = &cache
#endif

};



/*-----------------
 *  PUBLIC FONT
 *----------------*/

/*Initialize a public general font descriptor*/
#if LVGL_VERSION_MAJOR >= 8
const lv_font_t font_semibold_26_data = {
#else
lv_font_t font_semibold_26_data = {
#endif
    .get_glyph_dsc = lv_font_get_glyph_dsc_fmt_txt,    /*Function pointer to get glyph's data*/
    .get_glyph_bitmap = lv_font_get_bitmap_fmt_txt,    /*Function pointer to get glyph's bitmap*/
    .line_height = 32,          /*The maximum line height required by the font*/
    .base_line = 6,             /*Baseline measured from the bottom of the line*/
#if LV_VERSION_CHECK(9, 6, 0) || LVGL_VERSION_MAJOR >= 10
    .cap_height = 18,           /*Cap height of the font*/
    .x_height = 13,               /*x-height of the font*/
#endif
#if !(LVGL_VERSION_MAJOR == 6 && LVGL_VERSION_MINOR == 0)
    .subpx = LV_FONT_SUBPX_NONE,
#endif
#if LV_VERSION_CHECK(7, 4, 0) || LVGL_VERSION_MAJOR >= 8
    .underline_position = -5,
    .underline_thickness = 2,
#endif

#if LV_VERSION_CHECK(9, 3, 0)
    .static_bitmap = 1,    /*Bitmaps are stored as const so they are always static if not compressed */
#endif

    .dsc = &font_dsc,          /*The custom font data. Will be accessed by `get_glyph_bitmap/dsc` */
#if LV_VERSION_CHECK(8, 2, 0) || LVGL_VERSION_MAJOR >= 9
    .fallback = NULL,
#endif
    .user_data = NULL,
};



#endif /*#if FONT_SEMIBOLD_26_DATA*/
