/*******************************************************************************
 * Size: 22 px
 * Bpp: 4
 * Opts: --font /fonts/Gabarito-SemiBold.ttf -o /fonts/font_semibold_22_data.c --size 22 --bpp 4 --format lvgl --no-compress --range 0x20-0x7F, 0xA0-0xFF
 ******************************************************************************/

#ifdef __has_include
    #if __has_include("lvgl.h")
        #ifndef LV_LVGL_H_INCLUDE_SIMPLE
            #define LV_LVGL_H_INCLUDE_SIMPLE
        #endif
    #endif
#endif

#ifdef LV_LVGL_H_INCLUDE_SIMPLE
    #include "lvgl.h"
#else
    #include "lvgl/lvgl.h"
#endif



#ifndef FONT_SEMIBOLD_22_DATA
#define FONT_SEMIBOLD_22_DATA 1
#endif

#if FONT_SEMIBOLD_22_DATA

/*-----------------
 *    BITMAPS
 *----------------*/

/*Store the image of the glyphs*/
static LV_ATTRIBUTE_LARGE_CONST const uint8_t glyph_bitmap[] = {
    /* U+0020 " " */

    /* U+0021 "!" */
    0x6c, 0xca, 0x07, 0xff, 0xc0, 0x7f, 0xfc, 0x06,
    0xff, 0xb0, 0x6f, 0xfb, 0x06, 0xff, 0xa0, 0x5f,
    0xfa, 0x04, 0xff, 0x90, 0x3f, 0xf8, 0x02, 0xff,
    0x70, 0x1f, 0xf6, 0x00, 0x00, 0x00, 0x1b, 0xc4,
    0x0a, 0xff, 0xf0, 0xbf, 0xff, 0x02, 0xde, 0x60,

    /* U+0022 "\"" */
    0x6f, 0xf6, 0x9f, 0xf4, 0x6f, 0xf6, 0x9f, 0xf4,
    0x6f, 0xf6, 0x9f, 0xf4, 0x5f, 0xf6, 0x7f, 0xf4,
    0x2f, 0xf6, 0x4f, 0xf4, 0x0f, 0xf6, 0x1f, 0xf4,
    0x08, 0xb4, 0x09, 0xb3,

    /* U+0023 "#" */
    0x00, 0x00, 0x1f, 0xf5, 0x02, 0xff, 0x40, 0x00,
    0x00, 0x04, 0xff, 0x20, 0x5f, 0xf1, 0x00, 0x00,
    0x00, 0x7f, 0xf0, 0x08, 0xfe, 0x00, 0x00, 0x03,
    0x3e, 0xff, 0x33, 0xff, 0xe3, 0x30, 0x02, 0xff,
    0xff, 0xff, 0xff, 0xff, 0xff, 0x10, 0x2f, 0xff,
    0xff, 0xff, 0xff, 0xff, 0xf1, 0x00, 0x03, 0xff,
    0x30, 0x4f, 0xf2, 0x00, 0x00, 0x00, 0x6f, 0xf0,
    0x07, 0xff, 0x00, 0x00, 0x00, 0x09, 0xfd, 0x00,
    0xaf, 0xc0, 0x00, 0x03, 0xff, 0xff, 0xff, 0xff,
    0xff, 0xff, 0x00, 0x3f, 0xff, 0xff, 0xff, 0xff,
    0xff, 0xf0, 0x00, 0x36, 0xff, 0x73, 0x7f, 0xf6,
    0x33, 0x00, 0x00, 0x5f, 0xf1, 0x06, 0xff, 0x00,
    0x00, 0x00, 0x08, 0xfe, 0x00, 0x9f, 0xd0, 0x00,
    0x00, 0x00, 0xbf, 0xb0, 0x0c, 0xfa, 0x00, 0x00,
    0x00,

    /* U+0024 "$" */
    0x00, 0x00, 0x4f, 0xf3, 0x00, 0x00, 0x00, 0x00,
    0x4f, 0xf3, 0x00, 0x00, 0x00, 0x08, 0xff, 0xff,
    0xa2, 0x00, 0x00, 0xcf, 0xff, 0xff, 0xff, 0x40,
    0x06, 0xff, 0xfb, 0xbf, 0xff, 0xc0, 0x0b, 0xff,
    0x30, 0x01, 0xb9, 0x00, 0x0c, 0xff, 0x20, 0x00,
    0x00, 0x00, 0x0a, 0xff, 0xd5, 0x00, 0x00, 0x00,
    0x03, 0xff, 0xff, 0xfb, 0x60, 0x00, 0x00, 0x4e,
    0xff, 0xff, 0xfd, 0x10, 0x00, 0x00, 0x49, 0xdf,
    0xff, 0xc0, 0x00, 0x00, 0x00, 0x06, 0xff, 0xf2,
    0x00, 0x63, 0x00, 0x00, 0xcf, 0xf3, 0x1c, 0xfe,
    0x30, 0x01, 0xef, 0xf1, 0x0c, 0xff, 0xfd, 0xcf,
    0xff, 0xb0, 0x02, 0xef, 0xff, 0xff, 0xfd, 0x10,
    0x00, 0x17, 0xff, 0xff, 0x70, 0x00, 0x00, 0x00,
    0x4f, 0xf3, 0x00, 0x00, 0x00, 0x00, 0x4f, 0xf3,
    0x00, 0x00, 0x00, 0x00, 0x28, 0x81, 0x00, 0x00,

    /* U+0025 "%" */
    0x01, 0x9e, 0xfa, 0x10, 0x00, 0x00, 0x1a, 0x20,
    0x00, 0xdf, 0xff, 0xfe, 0x10, 0x00, 0x0c, 0xfd,
    0x00, 0x5f, 0xf6, 0x5e, 0xf7, 0x00, 0x0b, 0xff,
    0x30, 0x08, 0xfc, 0x00, 0xaf, 0x90, 0x09, 0xff,
    0x50, 0x00, 0x5f, 0xf6, 0x5f, 0xf7, 0x07, 0xff,
    0x70, 0x00, 0x00, 0xdf, 0xff, 0xfe, 0x15, 0xff,
    0x90, 0x00, 0x00, 0x01, 0x9e, 0xfa, 0x14, 0xff,
    0xa0, 0x00, 0x00, 0x00, 0x00, 0x00, 0x02, 0xff,
    0xc0, 0x00, 0x00, 0x00, 0x00, 0x00, 0x01, 0xef,
    0xd1, 0x4c, 0xfd, 0x70, 0x00, 0x00, 0x00, 0xdf,
    0xe2, 0x4f, 0xff, 0xff, 0x90, 0x00, 0x00, 0xbf,
    0xf3, 0x0c, 0xfc, 0x49, 0xff, 0x10, 0x00, 0x9f,
    0xf5, 0x00, 0xef, 0x60, 0x1f, 0xf3, 0x00, 0x8f,
    0xf7, 0x00, 0x0c, 0xfc, 0x49, 0xff, 0x10, 0x4f,
    0xf8, 0x00, 0x00, 0x4f, 0xff, 0xff, 0x80, 0x00,
    0x7a, 0x00, 0x00, 0x00, 0x4c, 0xfd, 0x70, 0x00,
    0x00, 0x00, 0x00, 0x00, 0x00, 0x00, 0x00, 0x00,

    /* U+0026 "&" */
    0x00, 0x3a, 0xef, 0xd9, 0x10, 0x00, 0x00, 0x4f,
    0xff, 0xff, 0xfe, 0x30, 0x00, 0x0e, 0xff, 0xfd,
    0xff, 0xd2, 0x00, 0x02, 0xff, 0xe1, 0x00, 0x50,
    0x00, 0x00, 0x1f, 0xfd, 0x00, 0x00, 0x00, 0x00,
    0x00, 0xaf, 0xff, 0xc9, 0x99, 0x99, 0x97, 0x00,
    0xff, 0xff, 0xff, 0xff, 0xff, 0xc0, 0xbf, 0xff,
    0xff, 0xff, 0xff, 0xfc, 0x7f, 0xfb, 0x20, 0x01,
    0xff, 0xc0, 0x0c, 0xff, 0x10, 0x00, 0x2f, 0xfb,
    0x00, 0xef, 0xf1, 0x00, 0x05, 0xff, 0xa0, 0x0b,
    0xff, 0x90, 0x01, 0xcf, 0xf6, 0x00, 0x5f, 0xff,
    0xfe, 0xff, 0xff, 0x10, 0x00, 0x8f, 0xff, 0xff,
    0xff, 0x40, 0x00, 0x00, 0x4b, 0xef, 0xda, 0x20,
    0x00, 0x00,

    /* U+0027 "'" */
    0x6f, 0xf6, 0x6f, 0xf6, 0x6f, 0xf6, 0x5f, 0xf6,
    0x2f, 0xf6, 0x0f, 0xf6, 0x08, 0xb4,

    /* U+0028 "(" */
    0x00, 0x00, 0x50, 0x00, 0x00, 0x6f, 0xb0, 0x00,
    0x4f, 0xff, 0x40, 0x0e, 0xff, 0x70, 0x07, 0xff,
    0xc0, 0x00, 0xef, 0xf3, 0x00, 0x4f, 0xfb, 0x00,
    0x08, 0xff, 0x60, 0x00, 0xbf, 0xf2, 0x00, 0x0c,
    0xff, 0x00, 0x00, 0xdf, 0xf0, 0x00, 0x0d, 0xff,
    0x00, 0x00, 0xcf, 0xf1, 0x00, 0x0a, 0xff, 0x30,
    0x00, 0x6f, 0xf8, 0x00, 0x01, 0xff, 0xd0, 0x00,
    0x0b, 0xff, 0x60, 0x00, 0x3f, 0xfe, 0x10, 0x00,
    0xaf, 0xfc, 0x00, 0x00, 0xdf, 0xf4, 0x00, 0x02,
    0xe5, 0x00, 0x00, 0x00, 0x00,

    /* U+0029 ")" */
    0x01, 0x30, 0x00, 0x02, 0xef, 0x30, 0x00, 0x8f,
    0xfe, 0x10, 0x00, 0xbf, 0xfa, 0x00, 0x01, 0xff,
    0xf3, 0x00, 0x07, 0xff, 0x90, 0x00, 0x0f, 0xff,
    0x00, 0x00, 0xbf, 0xf3, 0x00, 0x07, 0xff, 0x60,
    0x00, 0x5f, 0xf8, 0x00, 0x04, 0xff, 0x90, 0x00,
    0x4f, 0xf8, 0x00, 0x06, 0xff, 0x70, 0x00, 0x8f,
    0xf5, 0x00, 0x0d, 0xff, 0x20, 0x02, 0xff, 0xd0,
    0x00, 0xbf, 0xf7, 0x00, 0x4f, 0xfe, 0x00, 0x2e,
    0xff, 0x50, 0x09, 0xff, 0xa0, 0x00, 0x09, 0xb0,
    0x00, 0x00, 0x00, 0x00, 0x00,

    /* U+002A "*" */
    0x00, 0x4b, 0x01, 0xb3, 0x00, 0x00, 0xdf, 0x68,
    0xfc, 0x00, 0x00, 0x3f, 0xef, 0xe1, 0x00, 0x4d,
    0xbe, 0xff, 0xdc, 0xd1, 0x4f, 0xff, 0xff, 0xff,
    0xf1, 0x01, 0x1d, 0xff, 0xc0, 0x20, 0x00, 0xbf,
    0x9a, 0xf9, 0x00, 0x00, 0x9f, 0x13, 0xf7, 0x00,
    0x00, 0x01, 0x00, 0x10, 0x00,

    /* U+002B "+" */
    0x00, 0x01, 0xff, 0xa0, 0x00, 0x00, 0x00, 0x1f,
    0xfa, 0x00, 0x00, 0x00, 0x01, 0xff, 0xa0, 0x00,
    0x00, 0x00, 0x1f, 0xfa, 0x00, 0x00, 0xab, 0xbd,
    0xff, 0xfb, 0xbb, 0x7e, 0xff, 0xff, 0xff, 0xff,
    0xfa, 0xef, 0xff, 0xff, 0xff, 0xff, 0xa0, 0x00,
    0x1f, 0xfa, 0x00, 0x00, 0x00, 0x01, 0xff, 0xa0,
    0x00, 0x00, 0x00, 0x1f, 0xfa, 0x00, 0x00, 0x00,
    0x01, 0xff, 0xa0, 0x00, 0x00,

    /* U+002C "," */
    0x05, 0xee, 0x60, 0x0d, 0xff, 0xf1, 0x01, 0xef,
    0xf4, 0x00, 0xaf, 0xf2, 0x00, 0xdf, 0xc0, 0x05,
    0xff, 0x30, 0x0d, 0xf5, 0x00, 0x02, 0x30, 0x00,

    /* U+002D "-" */
    0x3a, 0xaa, 0xaa, 0xa4, 0x5f, 0xff, 0xff, 0xf7,
    0x5f, 0xff, 0xff, 0xf7,

    /* U+002E "." */
    0x00, 0x00, 0x00, 0x05, 0xff, 0x60, 0x0f, 0xff,
    0xf0, 0x0e, 0xff, 0xf0, 0x04, 0xee, 0x50,

    /* U+002F "/" */
    0x00, 0x00, 0x00, 0x00, 0x01, 0x00, 0x00, 0x00,
    0x00, 0x00, 0x1f, 0xa2, 0x00, 0x00, 0x00, 0x00,
    0x8f, 0xf5, 0x00, 0x00, 0x00, 0x01, 0xff, 0xd0,
    0x00, 0x00, 0x00, 0x08, 0xff, 0x50, 0x00, 0x00,
    0x00, 0x1f, 0xfd, 0x00, 0x00, 0x00, 0x00, 0x7f,
    0xf6, 0x00, 0x00, 0x00, 0x00, 0xef, 0xe0, 0x00,
    0x00, 0x00, 0x07, 0xff, 0x60, 0x00, 0x00, 0x00,
    0x0e, 0xfe, 0x00, 0x00, 0x00, 0x00, 0x7f, 0xf7,
    0x00, 0x00, 0x00, 0x00, 0xef, 0xe0, 0x00, 0x00,
    0x00, 0x06, 0xff, 0x70, 0x00, 0x00, 0x00, 0x0e,
    0xfe, 0x00, 0x00, 0x00, 0x00, 0x6f, 0xf7, 0x00,
    0x00, 0x00, 0x00, 0xdf, 0xf0, 0x00, 0x00, 0x00,
    0x05, 0xff, 0x80, 0x00, 0x00, 0x00, 0x0d, 0xff,
    0x10, 0x00, 0x00, 0x00, 0x03, 0xa8, 0x00, 0x00,
    0x00, 0x00, 0x00, 0x00, 0x00, 0x00, 0x00, 0x00,

    /* U+0030 "0" */
    0x00, 0x03, 0xbe, 0xfc, 0x50, 0x00, 0x00, 0x5f,
    0xff, 0xff, 0xf8, 0x00, 0x01, 0xff, 0xff, 0xef,
    0xff, 0x40, 0x09, 0xff, 0xb0, 0x09, 0xff, 0xc0,
    0x0d, 0xff, 0x20, 0x00, 0xff, 0xf1, 0x1f, 0xfd,
    0x00, 0x00, 0xbf, 0xf4, 0x2f, 0xfc, 0x00, 0x00,
    0x9f, 0xf6, 0x3f, 0xfa, 0x00, 0x00, 0x7f, 0xf7,
    0x2f, 0xfb, 0x00, 0x00, 0x9f, 0xf6, 0x1f, 0xfd,
    0x00, 0x00, 0xaf, 0xf4, 0x0d, 0xff, 0x10, 0x00,
    0xef, 0xf1, 0x09, 0xff, 0xa0, 0x08, 0xff, 0xc0,
    0x01, 0xff, 0xfe, 0xef, 0xff, 0x40, 0x00, 0x5f,
    0xff, 0xff, 0xf8, 0x00, 0x00, 0x03, 0xbe, 0xfc,
    0x50, 0x00,

    /* U+0031 "1" */
    0x00, 0x02, 0xff, 0x40, 0x03, 0xdf, 0xf4, 0x4d,
    0xff, 0xff, 0x45, 0xff, 0xff, 0xf4, 0x5e, 0xbe,
    0xff, 0x40, 0x00, 0xaf, 0xf4, 0x00, 0x0a, 0xff,
    0x40, 0x00, 0xaf, 0xf4, 0x00, 0x0a, 0xff, 0x40,
    0x00, 0xaf, 0xf4, 0x00, 0x0a, 0xff, 0x40, 0x00,
    0xaf, 0xf4, 0x00, 0x0a, 0xff, 0x40, 0x00, 0xaf,
    0xf4, 0x00, 0x0a, 0xff, 0x40,

    /* U+0032 "2" */
    0x00, 0x07, 0xdf, 0xea, 0x30, 0x00, 0x1d, 0xff,
    0xff, 0xff, 0x40, 0x0c, 0xff, 0xfd, 0xff, 0xfd,
    0x02, 0xdf, 0xc2, 0x01, 0xef, 0xf1, 0x00, 0x81,
    0x00, 0x0b, 0xff, 0x20, 0x00, 0x00, 0x00, 0xef,
    0xf0, 0x00, 0x00, 0x00, 0x7f, 0xfa, 0x00, 0x00,
    0x00, 0x4f, 0xff, 0x20, 0x00, 0x00, 0x3f, 0xff,
    0x50, 0x00, 0x00, 0x2e, 0xff, 0x70, 0x00, 0x00,
    0x2e, 0xff, 0x90, 0x00, 0x00, 0x1d, 0xff, 0xa0,
    0x00, 0x00, 0x0d, 0xff, 0xfc, 0xcc, 0xcc, 0x40,
    0xff, 0xff, 0xff, 0xff, 0xf5, 0x0f, 0xff, 0xff,
    0xff, 0xff, 0x50,

    /* U+0033 "3" */
    0x00, 0x19, 0xdf, 0xeb, 0x40, 0x00, 0x4f, 0xff,
    0xff, 0xff, 0x60, 0x1e, 0xff, 0xec, 0xff, 0xfe,
    0x00, 0x3d, 0x50, 0x01, 0xef, 0xf1, 0x00, 0x00,
    0x00, 0x0d, 0xff, 0x00, 0x00, 0x27, 0x9d, 0xff,
    0x80, 0x00, 0x05, 0xff, 0xff, 0xc0, 0x00, 0x00,
    0x5f, 0xff, 0xff, 0xa0, 0x00, 0x00, 0x01, 0x4d,
    0xff, 0x50, 0x00, 0x00, 0x00, 0x4f, 0xfa, 0x00,
    0x10, 0x00, 0x03, 0xff, 0xb0, 0x8f, 0x50, 0x00,
    0xaf, 0xf9, 0x4f, 0xff, 0xed, 0xff, 0xff, 0x30,
    0x7f, 0xff, 0xff, 0xff, 0x80, 0x00, 0x3a, 0xef,
    0xeb, 0x50, 0x00,

    /* U+0034 "4" */
    0x00, 0x00, 0xdf, 0xf1, 0x00, 0x00, 0x00, 0x00,
    0x3f, 0xfb, 0x00, 0x00, 0x00, 0x00, 0x08, 0xff,
    0x50, 0x00, 0x00, 0x00, 0x00, 0xef, 0xf0, 0x00,
    0x00, 0x00, 0x00, 0x4f, 0xfa, 0x00, 0x00, 0x00,
    0x00, 0x09, 0xff, 0x40, 0x0b, 0xc1, 0x00, 0x00,
    0xff, 0xe0, 0x03, 0xff, 0x10, 0x00, 0x5f, 0xf9,
    0x00, 0x9f, 0xf1, 0x00, 0x0b, 0xff, 0x40, 0x0e,
    0xff, 0x10, 0x01, 0xff, 0xff, 0xff, 0xff, 0xff,
    0xf2, 0x3f, 0xff, 0xff, 0xff, 0xff, 0xff, 0x22,
    0xcc, 0xcc, 0xcc, 0xff, 0xfe, 0xc1, 0x00, 0x00,
    0x00, 0x0d, 0xff, 0x10, 0x00, 0x00, 0x00, 0x00,
    0xdf, 0xf1, 0x00, 0x00, 0x00, 0x00, 0x0d, 0xff,
    0x10, 0x00,

    /* U+0035 "5" */
    0x0c, 0xff, 0xff, 0xff, 0xff, 0x30, 0x0c, 0xff,
    0xff, 0xff, 0xff, 0x30, 0x0c, 0xff, 0xcc, 0xcc,
    0xcc, 0x20, 0x0c, 0xff, 0x00, 0x00, 0x00, 0x00,
    0x0c, 0xff, 0x00, 0x00, 0x00, 0x00, 0x0c, 0xff,
    0x8d, 0xfe, 0x80, 0x00, 0x0c, 0xff, 0xff, 0xff,
    0xfd, 0x00, 0x0c, 0xff, 0xfd, 0xef, 0xff, 0x80,
    0x06, 0xcd, 0x20, 0x08, 0xff, 0xe0, 0x00, 0x00,
    0x00, 0x00, 0xff, 0xf0, 0x00, 0x00, 0x00, 0x00,
    0xff, 0xf0, 0x00, 0x8b, 0x10, 0x07, 0xff, 0xd0,
    0x0d, 0xff, 0xfc, 0xef, 0xff, 0x70, 0x04, 0xff,
    0xff, 0xff, 0xfb, 0x00, 0x00, 0x18, 0xdf, 0xfc,
    0x60, 0x00,

    /* U+0036 "6" */
    0x00, 0x00, 0x7c, 0xff, 0xc7, 0x00, 0x00, 0x2d,
    0xff, 0xff, 0xff, 0xd1, 0x00, 0xdf, 0xff, 0xbc,
    0xff, 0x90, 0x07, 0xff, 0xd2, 0x00, 0x05, 0x00,
    0x0d, 0xff, 0x40, 0x00, 0x00, 0x00, 0x1f, 0xfe,
    0x05, 0x9a, 0x71, 0x00, 0x3f, 0xfc, 0xcf, 0xff,
    0xff, 0x40, 0x4f, 0xff, 0xff, 0xff, 0xff, 0xf1,
    0x4f, 0xff, 0xb2, 0x04, 0xef, 0xf6, 0x3f, 0xff,
    0x00, 0x00, 0x6f, 0xf9, 0x0f, 0xff, 0x00, 0x00,
    0x5f, 0xf9, 0x0b, 0xff, 0x60, 0x00, 0xbf, 0xf6,
    0x04, 0xff, 0xfd, 0xbe, 0xff, 0xe1, 0x00, 0x7f,
    0xff, 0xff, 0xff, 0x40, 0x00, 0x04, 0xbe, 0xfe,
    0xa2, 0x00,

    /* U+0037 "7" */
    0x6f, 0xff, 0xff, 0xff, 0xff, 0x56, 0xff, 0xff,
    0xff, 0xff, 0xf5, 0x4c, 0xcc, 0xcc, 0xcf, 0xff,
    0x40, 0x00, 0x00, 0x03, 0xff, 0xd0, 0x00, 0x00,
    0x00, 0xaf, 0xf6, 0x00, 0x00, 0x00, 0x2f, 0xfe,
    0x00, 0x00, 0x00, 0x0a, 0xff, 0x70, 0x00, 0x00,
    0x02, 0xff, 0xf0, 0x00, 0x00, 0x00, 0x9f, 0xf8,
    0x00, 0x00, 0x00, 0x1f, 0xff, 0x10, 0x00, 0x00,
    0x09, 0xff, 0x90, 0x00, 0x00, 0x01, 0xff, 0xf2,
    0x00, 0x00, 0x00, 0x8f, 0xfa, 0x00, 0x00, 0x00,
    0x1f, 0xff, 0x30, 0x00, 0x00, 0x08, 0xff, 0xb0,
    0x00, 0x00, 0x00,

    /* U+0038 "8" */
    0x00, 0x08, 0xdf, 0xfd, 0x70, 0x00, 0x00, 0xdf,
    0xff, 0xff, 0xfc, 0x00, 0x07, 0xff, 0xfc, 0xcf,
    0xff, 0x70, 0x0b, 0xff, 0x40, 0x05, 0xff, 0xa0,
    0x0a, 0xff, 0x40, 0x05, 0xff, 0x90, 0x03, 0xff,
    0xfc, 0xcf, 0xff, 0x30, 0x00, 0x6f, 0xff, 0xff,
    0xf5, 0x00, 0x00, 0xbf, 0xff, 0xff, 0xfb, 0x00,
    0x09, 0xff, 0x91, 0x19, 0xff, 0x80, 0x0f, 0xfe,
    0x00, 0x00, 0xef, 0xf0, 0x1f, 0xfd, 0x00, 0x00,
    0xef, 0xf1, 0x0f, 0xff, 0x40, 0x05, 0xff, 0xf0,
    0x0a, 0xff, 0xfd, 0xdf, 0xff, 0xa0, 0x01, 0xdf,
    0xff, 0xff, 0xfd, 0x10, 0x00, 0x08, 0xdf, 0xfd,
    0x80, 0x00,

    /* U+0039 "9" */
    0x00, 0x18, 0xdf, 0xec, 0x60, 0x00, 0x03, 0xef,
    0xff, 0xff, 0xfb, 0x00, 0x0d, 0xff, 0xfb, 0xbf,
    0xff, 0x80, 0x3f, 0xfd, 0x10, 0x02, 0xef, 0xf0,
    0x5f, 0xf9, 0x00, 0x00, 0xaf, 0xf4, 0x4f, 0xfd,
    0x10, 0x02, 0xef, 0xf7, 0x0f, 0xff, 0xfb, 0xbf,
    0xff, 0xf8, 0x05, 0xff, 0xff, 0xff, 0xdf, 0xf8,
    0x00, 0x4b, 0xff, 0xc4, 0x8f, 0xf7, 0x00, 0x00,
    0x00, 0x00, 0xbf, 0xf5, 0x00, 0x00, 0x00, 0x01,
    0xff, 0xf1, 0x00, 0x83, 0x00, 0x1c, 0xff, 0xb0,
    0x06, 0xff, 0xdb, 0xff, 0xff, 0x20, 0x0a, 0xff,
    0xff, 0xff, 0xf4, 0x00, 0x00, 0x5b, 0xef, 0xd9,
    0x20, 0x00,

    /* U+003A ":" */
    0x04, 0xee, 0x50, 0x0e, 0xff, 0xf0, 0x0f, 0xff,
    0xf0, 0x05, 0xff, 0x60, 0x00, 0x00, 0x00, 0x00,
    0x00, 0x00, 0x00, 0x00, 0x00, 0x05, 0xff, 0x60,
    0x0f, 0xff, 0xf0, 0x0e, 0xff, 0xf0, 0x04, 0xee,
    0x50,

    /* U+003B ";" */
    0x03, 0xee, 0x50, 0x0e, 0xff, 0xf0, 0x0e, 0xff,
    0xf1, 0x05, 0xff, 0x70, 0x00, 0x00, 0x00, 0x00,
    0x00, 0x00, 0x00, 0x00, 0x00, 0x04, 0xcc, 0x40,
    0x0e, 0xff, 0xf1, 0x02, 0xff, 0xf3, 0x00, 0xbf,
    0xf2, 0x00, 0xdf, 0xd0, 0x04, 0xff, 0x40, 0x0e,
    0xf7, 0x00, 0x03, 0x50, 0x00,

    /* U+003C "<" */
    0x00, 0x00, 0x00, 0x00, 0x40, 0x00, 0x00, 0x00,
    0x01, 0xaf, 0x70, 0x00, 0x00, 0x07, 0xff, 0xfe,
    0x00, 0x00, 0x3d, 0xff, 0xfa, 0x10, 0x01, 0x9f,
    0xff, 0xd4, 0x00, 0x03, 0xef, 0xff, 0x80, 0x00,
    0x00, 0x6f, 0xff, 0x80, 0x00, 0x00, 0x02, 0xcf,
    0xff, 0xb2, 0x00, 0x00, 0x00, 0x6e, 0xff, 0xf7,
    0x00, 0x00, 0x00, 0x1a, 0xff, 0xfd, 0x40, 0x00,
    0x00, 0x04, 0xdf, 0xfe, 0x00, 0x00, 0x00, 0x00,
    0x7f, 0x50, 0x00, 0x00, 0x00, 0x00, 0x10, 0x00,

    /* U+003D "=" */
    0xaf, 0xff, 0xff, 0xff, 0xff, 0x6a, 0xff, 0xff,
    0xff, 0xff, 0xf6, 0x58, 0x88, 0x88, 0x88, 0x88,
    0x30, 0x00, 0x00, 0x00, 0x00, 0x00, 0x59, 0x99,
    0x99, 0x99, 0x99, 0x3a, 0xff, 0xff, 0xff, 0xff,
    0xf6, 0xaf, 0xff, 0xff, 0xff, 0xff, 0x60,

    /* U+003E ">" */
    0x02, 0x10, 0x00, 0x00, 0x00, 0x00, 0xbe, 0x60,
    0x00, 0x00, 0x00, 0x3f, 0xff, 0xc3, 0x00, 0x00,
    0x00, 0x3c, 0xff, 0xf9, 0x00, 0x00, 0x00, 0x06,
    0xff, 0xfe, 0x50, 0x00, 0x00, 0x01, 0xaf, 0xff,
    0xb1, 0x00, 0x00, 0x00, 0xaf, 0xff, 0x30, 0x00,
    0x02, 0xcf, 0xff, 0xa0, 0x00, 0x08, 0xff, 0xfd,
    0x30, 0x00, 0x4e, 0xff, 0xf7, 0x00, 0x00, 0x3f,
    0xff, 0xa1, 0x00, 0x00, 0x00, 0xad, 0x40, 0x00,
    0x00, 0x00, 0x01, 0x00, 0x00, 0x00, 0x00, 0x00,

    /* U+003F "?" */
    0x00, 0x06, 0xce, 0xfc, 0x60, 0x00, 0x1c, 0xff,
    0xff, 0xff, 0xb0, 0x1e, 0xff, 0xfe, 0xef, 0xff,
    0x70, 0xbf, 0xd3, 0x00, 0x8f, 0xfd, 0x00, 0x90,
    0x00, 0x00, 0xff, 0xf0, 0x00, 0x00, 0x00, 0x1f,
    0xfe, 0x00, 0x00, 0x00, 0x0b, 0xff, 0xa0, 0x00,
    0x00, 0x2d, 0xff, 0xf2, 0x00, 0x00, 0x7f, 0xff,
    0xf4, 0x00, 0x00, 0x0d, 0xff, 0xc2, 0x00, 0x00,
    0x00, 0x3f, 0x70, 0x00, 0x00, 0x00, 0x00, 0x10,
    0x00, 0x00, 0x00, 0x00, 0x4d, 0xb1, 0x00, 0x00,
    0x00, 0x0f, 0xff, 0xa0, 0x00, 0x00, 0x00, 0xff,
    0xfa, 0x00, 0x00, 0x00, 0x06, 0xed, 0x20, 0x00,

    /* U+0040 "@" */
    0x00, 0x00, 0x00, 0x03, 0x67, 0x64, 0x10, 0x00,
    0x00, 0x00, 0x00, 0x07, 0xef, 0xff, 0xff, 0xfa,
    0x20, 0x00, 0x00, 0x02, 0xdf, 0xff, 0xff, 0xff,
    0xff, 0xf5, 0x00, 0x00, 0x1e, 0xff, 0xd6, 0x20,
    0x13, 0x9f, 0xff, 0x50, 0x00, 0xcf, 0xf9, 0x00,
    0x01, 0x00, 0x25, 0xff, 0xe1, 0x05, 0xff, 0xb0,
    0x1b, 0xff, 0xd9, 0xf7, 0x6f, 0xf8, 0x0b, 0xff,
    0x11, 0xef, 0xff, 0xff, 0xf4, 0x0e, 0xfd, 0x0f,
    0xfb, 0x0a, 0xff, 0x60, 0xff, 0xf1, 0x0b, 0xff,
    0x1f, 0xf8, 0x0f, 0xfc, 0x00, 0xff, 0xf0, 0x0a,
    0xff, 0x2f, 0xf7, 0x2f, 0xf8, 0x00, 0xff, 0xb0,
    0x0d, 0xfc, 0x1f, 0xf9, 0x2f, 0xfb, 0x07, 0xff,
    0xc0, 0x7f, 0xf6, 0x0f, 0xfd, 0x0d, 0xff, 0xff,
    0xff, 0xff, 0xff, 0xc0, 0x0a, 0xff, 0x42, 0xdf,
    0xfd, 0x3c, 0xff, 0xf9, 0x00, 0x03, 0xff, 0xe2,
    0x02, 0x20, 0x00, 0x22, 0x10, 0x00, 0x00, 0x9f,
    0xfe, 0x50, 0x00, 0x00, 0x1a, 0xe0, 0x00, 0x00,
    0x0b, 0xff, 0xfe, 0xa8, 0x8b, 0xff, 0xf9, 0x00,
    0x00, 0x00, 0x7f, 0xff, 0xff, 0xff, 0xff, 0xc2,
    0x00, 0x00, 0x00, 0x01, 0x7b, 0xef, 0xfd, 0x94,
    0x00, 0x00,

    /* U+0041 "A" */
    0x00, 0x00, 0x08, 0xff, 0xf2, 0x00, 0x00, 0x00,
    0x00, 0x00, 0xef, 0xff, 0x80, 0x00, 0x00, 0x00,
    0x00, 0x4f, 0xff, 0xfd, 0x00, 0x00, 0x00, 0x00,
    0x09, 0xff, 0xdf, 0xf3, 0x00, 0x00, 0x00, 0x00,
    0xff, 0xd4, 0xff, 0x80, 0x00, 0x00, 0x00, 0x5f,
    0xf8, 0x0e, 0xfe, 0x00, 0x00, 0x00, 0x0a, 0xff,
    0x20, 0x9f, 0xf3, 0x00, 0x00, 0x00, 0xff, 0xd0,
    0x04, 0xff, 0x90, 0x00, 0x00, 0x6f, 0xf7, 0x00,
    0x0e, 0xfe, 0x00, 0x00, 0x0b, 0xff, 0xdb, 0xbb,
    0xff, 0xf4, 0x00, 0x01, 0xff, 0xff, 0xff, 0xff,
    0xff, 0x90, 0x00, 0x7f, 0xff, 0xff, 0xff, 0xff,
    0xfe, 0x00, 0x0c, 0xff, 0x10, 0x00, 0x00, 0x9f,
    0xf4, 0x02, 0xff, 0xb0, 0x00, 0x00, 0x04, 0xff,
    0xa0, 0x8f, 0xf6, 0x00, 0x00, 0x00, 0x0e, 0xff,
    0x00,

    /* U+0042 "B" */
    0x8f, 0xff, 0xff, 0xfd, 0x80, 0x00, 0x8f, 0xff,
    0xff, 0xff, 0xfd, 0x00, 0x8f, 0xff, 0xcc, 0xdf,
    0xff, 0x70, 0x8f, 0xf6, 0x00, 0x08, 0xff, 0xa0,
    0x8f, 0xf6, 0x00, 0x04, 0xff, 0xa0, 0x8f, 0xf6,
    0x00, 0x1a, 0xff, 0x70, 0x8f, 0xff, 0xff, 0xff,
    0xfd, 0x00, 0x8f, 0xff, 0xff, 0xff, 0xf5, 0x00,
    0x8f, 0xfe, 0x88, 0x9e, 0xff, 0x50, 0x8f, 0xf6,
    0x00, 0x01, 0xff, 0xe0, 0x8f, 0xf6, 0x00, 0x00,
    0xdf, 0xf1, 0x8f, 0xf6, 0x00, 0x03, 0xff, 0xf1,
    0x8f, 0xff, 0xcc, 0xcf, 0xff, 0xd0, 0x8f, 0xff,
    0xff, 0xff, 0xff, 0x40, 0x8f, 0xff, 0xff, 0xfe,
    0xa3, 0x00,

    /* U+0043 "C" */
    0x00, 0x00, 0x28, 0xdf, 0xfe, 0xb5, 0x00, 0x00,
    0x00, 0x08, 0xff, 0xff, 0xff, 0xff, 0xc1, 0x00,
    0x00, 0xaf, 0xff, 0xfd, 0xdf, 0xff, 0xfd, 0x00,
    0x06, 0xff, 0xf9, 0x10, 0x00, 0x5e, 0xff, 0x90,
    0x0e, 0xff, 0x70, 0x00, 0x00, 0x02, 0xea, 0x50,
    0x3f, 0xfe, 0x00, 0x00, 0x00, 0x00, 0x00, 0x00,
    0x6f, 0xf9, 0x00, 0x00, 0x00, 0x00, 0x00, 0x00,
    0x7f, 0xf7, 0x00, 0x00, 0x00, 0x00, 0x00, 0x00,
    0x5f, 0xf9, 0x00, 0x00, 0x00, 0x00, 0x00, 0x00,
    0x3f, 0xfe, 0x00, 0x00, 0x00, 0x00, 0x00, 0x00,
    0x0d, 0xff, 0x70, 0x00, 0x00, 0x02, 0xeb, 0x50,
    0x06, 0xff, 0xf9, 0x10, 0x00, 0x5e, 0xff, 0x90,
    0x00, 0xbf, 0xff, 0xfd, 0xdf, 0xff, 0xfd, 0x00,
    0x00, 0x09, 0xff, 0xff, 0xff, 0xff, 0xc1, 0x00,
    0x00, 0x00, 0x39, 0xde, 0xfe, 0xb5, 0x00, 0x00,

    /* U+0044 "D" */
    0x8f, 0xff, 0xff, 0xec, 0x72, 0x00, 0x00, 0x8f,
    0xff, 0xff, 0xff, 0xff, 0x60, 0x00, 0x8f, 0xff,
    0xcc, 0xdf, 0xff, 0xf7, 0x00, 0x8f, 0xf6, 0x00,
    0x02, 0xbf, 0xff, 0x20, 0x8f, 0xf6, 0x00, 0x00,
    0x0b, 0xff, 0x90, 0x8f, 0xf6, 0x00, 0x00, 0x03,
    0xff, 0xe0, 0x8f, 0xf6, 0x00, 0x00, 0x00, 0xef,
    0xf0, 0x8f, 0xf6, 0x00, 0x00, 0x00, 0xdf, 0xf1,
    0x8f, 0xf6, 0x00, 0x00, 0x00, 0xef, 0xf0, 0x8f,
    0xf6, 0x00, 0x00, 0x02, 0xff, 0xe0, 0x8f, 0xf6,
    0x00, 0x00, 0x0b, 0xff, 0x90, 0x8f, 0xf6, 0x00,
    0x02, 0xaf, 0xff, 0x30, 0x8f, 0xff, 0xcc, 0xdf,
    0xff, 0xf7, 0x00, 0x8f, 0xff, 0xff, 0xff, 0xff,
    0x70, 0x00, 0x8f, 0xff, 0xff, 0xec, 0x82, 0x00,
    0x00,

    /* U+0045 "E" */
    0x8f, 0xff, 0xff, 0xff, 0xfe, 0x8f, 0xff, 0xff,
    0xff, 0xfe, 0x8f, 0xff, 0xbb, 0xbb, 0xba, 0x8f,
    0xf6, 0x00, 0x00, 0x00, 0x8f, 0xf6, 0x00, 0x00,
    0x00, 0x8f, 0xf6, 0x00, 0x00, 0x00, 0x8f, 0xff,
    0xff, 0xff, 0xa0, 0x8f, 0xff, 0xff, 0xff, 0xa0,
    0x8f, 0xff, 0xcc, 0xcc, 0x70, 0x8f, 0xf6, 0x00,
    0x00, 0x00, 0x8f, 0xf6, 0x00, 0x00, 0x00, 0x8f,
    0xf6, 0x00, 0x00, 0x00, 0x8f, 0xff, 0xcc, 0xcc,
    0xca, 0x8f, 0xff, 0xff, 0xff, 0xfe, 0x8f, 0xff,
    0xff, 0xff, 0xfe,

    /* U+0046 "F" */
    0x8f, 0xff, 0xff, 0xff, 0xfc, 0x8f, 0xff, 0xff,
    0xff, 0xfc, 0x8f, 0xff, 0xcc, 0xcc, 0xc9, 0x8f,
    0xf6, 0x00, 0x00, 0x00, 0x8f, 0xf6, 0x00, 0x00,
    0x00, 0x8f, 0xf6, 0x00, 0x00, 0x00, 0x8f, 0xff,
    0xcc, 0xcc, 0x70, 0x8f, 0xff, 0xff, 0xff, 0x90,
    0x8f, 0xff, 0xff, 0xff, 0x90, 0x8f, 0xf6, 0x00,
    0x00, 0x00, 0x8f, 0xf6, 0x00, 0x00, 0x00, 0x8f,
    0xf6, 0x00, 0x00, 0x00, 0x8f, 0xf6, 0x00, 0x00,
    0x00, 0x8f, 0xf6, 0x00, 0x00, 0x00, 0x8f, 0xf6,
    0x00, 0x00, 0x00,

    /* U+0047 "G" */
    0x00, 0x00, 0x28, 0xdf, 0xfe, 0xb5, 0x00, 0x00,
    0x00, 0x08, 0xff, 0xff, 0xff, 0xff, 0xc1, 0x00,
    0x00, 0xaf, 0xff, 0xfd, 0xdf, 0xff, 0xfd, 0x10,
    0x05, 0xff, 0xf9, 0x10, 0x00, 0x5e, 0xff, 0xa0,
    0x0d, 0xff, 0x70, 0x00, 0x00, 0x02, 0xd8, 0x30,
    0x3f, 0xfe, 0x00, 0x00, 0x00, 0x00, 0x00, 0x00,
    0x6f, 0xf9, 0x00, 0x00, 0x00, 0x00, 0x00, 0x00,
    0x7f, 0xf7, 0x00, 0x01, 0xff, 0xff, 0xff, 0xf5,
    0x5f, 0xf9, 0x00, 0x01, 0xff, 0xff, 0xff, 0xf6,
    0x3f, 0xfd, 0x00, 0x00, 0x99, 0x99, 0xff, 0xf4,
    0x0d, 0xff, 0x70, 0x00, 0x00, 0x02, 0xff, 0xf0,
    0x06, 0xff, 0xf8, 0x00, 0x00, 0x4e, 0xff, 0x80,
    0x00, 0xaf, 0xff, 0xfc, 0xce, 0xff, 0xfc, 0x00,
    0x00, 0x08, 0xff, 0xff, 0xff, 0xff, 0xa0, 0x00,
    0x00, 0x00, 0x29, 0xde, 0xfd, 0xa3, 0x00, 0x00,

    /* U+0048 "H" */
    0x8f, 0xf6, 0x00, 0x00, 0x05, 0xff, 0x88, 0xff,
    0x60, 0x00, 0x00, 0x5f, 0xf8, 0x8f, 0xf6, 0x00,
    0x00, 0x05, 0xff, 0x88, 0xff, 0x60, 0x00, 0x00,
    0x5f, 0xf8, 0x8f, 0xf6, 0x00, 0x00, 0x05, 0xff,
    0x88, 0xff, 0x60, 0x00, 0x00, 0x5f, 0xf8, 0x8f,
    0xff, 0xcc, 0xcc, 0xcf, 0xff, 0x88, 0xff, 0xff,
    0xff, 0xff, 0xff, 0xf8, 0x8f, 0xff, 0xff, 0xff,
    0xff, 0xff, 0x88, 0xff, 0x60, 0x00, 0x00, 0x5f,
    0xf8, 0x8f, 0xf6, 0x00, 0x00, 0x05, 0xff, 0x88,
    0xff, 0x60, 0x00, 0x00, 0x5f, 0xf8, 0x8f, 0xf6,
    0x00, 0x00, 0x05, 0xff, 0x88, 0xff, 0x60, 0x00,
    0x00, 0x5f, 0xf8, 0x8f, 0xf6, 0x00, 0x00, 0x05,
    0xff, 0x80,

    /* U+0049 "I" */
    0x8f, 0xf6, 0x8f, 0xf6, 0x8f, 0xf6, 0x8f, 0xf6,
    0x8f, 0xf6, 0x8f, 0xf6, 0x8f, 0xf6, 0x8f, 0xf6,
    0x8f, 0xf6, 0x8f, 0xf6, 0x8f, 0xf6, 0x8f, 0xf6,
    0x8f, 0xf6, 0x8f, 0xf6, 0x8f, 0xf6,

    /* U+004A "J" */
    0x00, 0x00, 0x00, 0x06, 0xff, 0x80, 0x00, 0x00,
    0x00, 0x6f, 0xf8, 0x00, 0x00, 0x00, 0x06, 0xff,
    0x80, 0x00, 0x00, 0x00, 0x6f, 0xf8, 0x00, 0x00,
    0x00, 0x06, 0xff, 0x80, 0x00, 0x00, 0x00, 0x6f,
    0xf8, 0x00, 0x00, 0x00, 0x06, 0xff, 0x80, 0x00,
    0x00, 0x00, 0x6f, 0xf8, 0x00, 0x00, 0x00, 0x06,
    0xff, 0x82, 0xaa, 0x70, 0x00, 0x6f, 0xf8, 0x3f,
    0xfb, 0x00, 0x07, 0xff, 0x71, 0xff, 0xf2, 0x00,
    0xcf, 0xf5, 0x0c, 0xff, 0xfc, 0xef, 0xff, 0x00,
    0x2f, 0xff, 0xff, 0xff, 0x50, 0x00, 0x29, 0xef,
    0xeb, 0x30, 0x00,

    /* U+004B "K" */
    0x8f, 0xf6, 0x00, 0x00, 0x7f, 0xff, 0x28, 0xff,
    0x60, 0x00, 0x6f, 0xff, 0x30, 0x8f, 0xf6, 0x00,
    0x4f, 0xff, 0x50, 0x08, 0xff, 0x60, 0x3f, 0xff,
    0x60, 0x00, 0x8f, 0xf6, 0x2e, 0xff, 0x70, 0x00,
    0x08, 0xff, 0x7e, 0xff, 0x90, 0x00, 0x00, 0x8f,
    0xff, 0xff, 0xa0, 0x00, 0x00, 0x08, 0xff, 0xff,
    0xf1, 0x00, 0x00, 0x00, 0x8f, 0xff, 0xff, 0xb0,
    0x00, 0x00, 0x08, 0xff, 0x8e, 0xff, 0xa0, 0x00,
    0x00, 0x8f, 0xf6, 0x3f, 0xff, 0x80, 0x00, 0x08,
    0xff, 0x60, 0x4f, 0xff, 0x70, 0x00, 0x8f, 0xf6,
    0x00, 0x6f, 0xff, 0x50, 0x08, 0xff, 0x60, 0x00,
    0x8f, 0xff, 0x40, 0x8f, 0xf6, 0x00, 0x00, 0x9f,
    0xff, 0x30,

    /* U+004C "L" */
    0x8f, 0xf6, 0x00, 0x00, 0x00, 0x8f, 0xf6, 0x00,
    0x00, 0x00, 0x8f, 0xf6, 0x00, 0x00, 0x00, 0x8f,
    0xf6, 0x00, 0x00, 0x00, 0x8f, 0xf6, 0x00, 0x00,
    0x00, 0x8f, 0xf6, 0x00, 0x00, 0x00, 0x8f, 0xf6,
    0x00, 0x00, 0x00, 0x8f, 0xf6, 0x00, 0x00, 0x00,
    0x8f, 0xf6, 0x00, 0x00, 0x00, 0x8f, 0xf6, 0x00,
    0x00, 0x00, 0x8f, 0xf6, 0x00, 0x00, 0x00, 0x8f,
    0xf6, 0x00, 0x00, 0x00, 0x8f, 0xff, 0xcc, 0xcc,
    0xc5, 0x8f, 0xff, 0xff, 0xff, 0xf7, 0x8f, 0xff,
    0xff, 0xff, 0xf7,

    /* U+004D "M" */
    0x00, 0x0d, 0xff, 0x00, 0x00, 0x00, 0x0e, 0xfe,
    0x00, 0x00, 0x00, 0xff, 0xf5, 0x00, 0x00, 0x04,
    0xff, 0xf1, 0x00, 0x00, 0x3f, 0xff, 0xb0, 0x00,
    0x00, 0xaf, 0xff, 0x40, 0x00, 0x06, 0xff, 0xff,
    0x10, 0x00, 0x0f, 0xff, 0xf7, 0x00, 0x00, 0x8f,
    0xff, 0xf7, 0x00, 0x05, 0xff, 0xff, 0xa0, 0x00,
    0x0b, 0xff, 0xdf, 0xc0, 0x00, 0xbf, 0xed, 0xfd,
    0x00, 0x00, 0xef, 0xc8, 0xff, 0x20, 0x1f, 0xf9,
    0xbf, 0xf0, 0x00, 0x1f, 0xfa, 0x3f, 0xf8, 0x06,
    0xff, 0x49, 0xff, 0x20, 0x04, 0xff, 0x80, 0xdf,
    0xd0, 0xcf, 0xe0, 0x6f, 0xf5, 0x00, 0x7f, 0xf5,
    0x08, 0xff, 0x6f, 0xf9, 0x04, 0xff, 0x80, 0x09,
    0xff, 0x30, 0x2f, 0xff, 0xff, 0x40, 0x1f, 0xfb,
    0x00, 0xcf, 0xf0, 0x00, 0xdf, 0xff, 0xe0, 0x00,
    0xff, 0xe0, 0x0f, 0xfe, 0x00, 0x07, 0xff, 0xf8,
    0x00, 0x0c, 0xff, 0x12, 0xff, 0xb0, 0x00, 0x1f,
    0xff, 0x30, 0x00, 0xaf, 0xf4, 0x5f, 0xf9, 0x00,
    0x00, 0xcf, 0xd0, 0x00, 0x07, 0xff, 0x70,

    /* U+004E "N" */
    0x8f, 0xf6, 0x00, 0x00, 0x00, 0x9f, 0xf4, 0x8f,
    0xff, 0x30, 0x00, 0x00, 0x9f, 0xf4, 0x8f, 0xff,
    0xd1, 0x00, 0x00, 0x9f, 0xf4, 0x8f, 0xff, 0xfa,
    0x00, 0x00, 0x9f, 0xf4, 0x8f, 0xff, 0xff, 0x60,
    0x00, 0x9f, 0xf4, 0x8f, 0xfc, 0xff, 0xf3, 0x00,
    0x9f, 0xf4, 0x8f, 0xf6, 0xaf, 0xfd, 0x00, 0x9f,
    0xf4, 0x8f, 0xf6, 0x0d, 0xff, 0xa0, 0x9f, 0xf4,
    0x8f, 0xf6, 0x02, 0xff, 0xf6, 0x9f, 0xf4, 0x8f,
    0xf6, 0x00, 0x6f, 0xff, 0xcf, 0xf4, 0x8f, 0xf6,
    0x00, 0x0a, 0xff, 0xff, 0xf4, 0x8f, 0xf6, 0x00,
    0x00, 0xdf, 0xff, 0xf4, 0x8f, 0xf6, 0x00, 0x00,
    0x2f, 0xff, 0xf4, 0x8f, 0xf6, 0x00, 0x00, 0x06,
    0xff, 0xf4, 0x8f, 0xf6, 0x00, 0x00, 0x00, 0xaf,
    0xf4,

    /* U+004F "O" */
    0x00, 0x00, 0x28, 0xce, 0xfe, 0xa5, 0x00, 0x00,
    0x00, 0x08, 0xff, 0xff, 0xff, 0xff, 0xd2, 0x00,
    0x00, 0x9f, 0xff, 0xfe, 0xdf, 0xff, 0xff, 0x20,
    0x05, 0xff, 0xfa, 0x20, 0x00, 0x5e, 0xff, 0xd0,
    0x0e, 0xff, 0x80, 0x00, 0x00, 0x01, 0xef, 0xf5,
    0x3f, 0xfe, 0x00, 0x00, 0x00, 0x00, 0x6f, 0xfb,
    0x6f, 0xf9, 0x00, 0x00, 0x00, 0x00, 0x1f, 0xfe,
    0x7f, 0xf7, 0x00, 0x00, 0x00, 0x00, 0x0f, 0xff,
    0x6f, 0xf9, 0x00, 0x00, 0x00, 0x00, 0x1f, 0xfe,
    0x3f, 0xfe, 0x00, 0x00, 0x00, 0x00, 0x6f, 0xfa,
    0x0d, 0xff, 0x80, 0x00, 0x00, 0x01, 0xef, 0xf5,
    0x05, 0xff, 0xfa, 0x20, 0x00, 0x5e, 0xff, 0xd0,
    0x00, 0x9f, 0xff, 0xfe, 0xef, 0xff, 0xff, 0x20,
    0x00, 0x08, 0xff, 0xff, 0xff, 0xff, 0xd2, 0x00,
    0x00, 0x00, 0x28, 0xcf, 0xfe, 0xb5, 0x00, 0x00,

    /* U+0050 "P" */
    0x8f, 0xff, 0xff, 0xec, 0x60, 0x00, 0x8f, 0xff,
    0xff, 0xff, 0xfb, 0x00, 0x8f, 0xff, 0xcc, 0xef,
    0xff, 0x80, 0x8f, 0xf6, 0x00, 0x06, 0xff, 0xf0,
    0x8f, 0xf6, 0x00, 0x00, 0xcf, 0xf3, 0x8f, 0xf6,
    0x00, 0x00, 0xaf, 0xf4, 0x8f, 0xf6, 0x00, 0x00,
    0xdf, 0xf2, 0x8f, 0xf6, 0x00, 0x2a, 0xff, 0xe0,
    0x8f, 0xff, 0xff, 0xff, 0xff, 0x60, 0x8f, 0xff,
    0xff, 0xff, 0xf8, 0x00, 0x8f, 0xff, 0xcc, 0xb8,
    0x30, 0x00, 0x8f, 0xf6, 0x00, 0x00, 0x00, 0x00,
    0x8f, 0xf6, 0x00, 0x00, 0x00, 0x00, 0x8f, 0xf6,
    0x00, 0x00, 0x00, 0x00, 0x8f, 0xf6, 0x00, 0x00,
    0x00, 0x00,

    /* U+0051 "Q" */
    0x00, 0x00, 0x28, 0xce, 0xfe, 0xa5, 0x00, 0x00,
    0x00, 0x08, 0xff, 0xff, 0xff, 0xff, 0xd2, 0x00,
    0x00, 0x9f, 0xff, 0xfe, 0xdf, 0xff, 0xff, 0x20,
    0x05, 0xff, 0xfa, 0x20, 0x00, 0x5e, 0xff, 0xd0,
    0x0e, 0xff, 0x80, 0x00, 0x00, 0x01, 0xef, 0xf5,
    0x3f, 0xfe, 0x00, 0x00, 0x00, 0x00, 0x6f, 0xfb,
    0x6f, 0xf9, 0x00, 0x00, 0x00, 0x00, 0x1f, 0xfe,
    0x7f, 0xf7, 0x00, 0x00, 0x00, 0x00, 0x0f, 0xff,
    0x6f, 0xf9, 0x00, 0x00, 0x78, 0x80, 0x1f, 0xfe,
    0x3f, 0xfe, 0x00, 0x00, 0x6f, 0xf8, 0x6f, 0xfa,
    0x0d, 0xff, 0x80, 0x00, 0x0c, 0xff, 0xff, 0xf5,
    0x05, 0xff, 0xfa, 0x20, 0x03, 0xff, 0xff, 0xd0,
    0x00, 0x9f, 0xff, 0xfe, 0xef, 0xff, 0xff, 0x20,
    0x00, 0x08, 0xff, 0xff, 0xff, 0xff, 0xff, 0x10,
    0x00, 0x00, 0x28, 0xcf, 0xfe, 0xb9, 0xff, 0xb0,
    0x00, 0x00, 0x00, 0x00, 0x00, 0x00, 0x68, 0x81,

    /* U+0052 "R" */
    0x8f, 0xff, 0xff, 0xfd, 0x70, 0x00, 0x8f, 0xff,
    0xff, 0xff, 0xfd, 0x10, 0x8f, 0xff, 0xcc, 0xdf,
    0xff, 0xc0, 0x8f, 0xf6, 0x00, 0x03, 0xff, 0xf3,
    0x8f, 0xf6, 0x00, 0x00, 0x9f, 0xf6, 0x8f, 0xf6,
    0x00, 0x00, 0x9f, 0xf6, 0x8f, 0xf6, 0x00, 0x03,
    0xff, 0xf3, 0x8f, 0xff, 0xcc, 0xdf, 0xff, 0xc0,
    0x8f, 0xff, 0xff, 0xff, 0xfe, 0x10, 0x8f, 0xff,
    0xff, 0xff, 0xf0, 0x00, 0x8f, 0xf6, 0x00, 0xdf,
    0xf4, 0x00, 0x8f, 0xf6, 0x00, 0x5f, 0xfc, 0x00,
    0x8f, 0xf6, 0x00, 0x0d, 0xff, 0x50, 0x8f, 0xf6,
    0x00, 0x05, 0xff, 0xd0, 0x8f, 0xf6, 0x00, 0x00,
    0xcf, 0xf5,

    /* U+0053 "S" */
    0x00, 0x05, 0xbe, 0xfe, 0xa3, 0x00, 0x00, 0xaf,
    0xff, 0xff, 0xff, 0x70, 0x06, 0xff, 0xfd, 0xce,
    0xff, 0xf4, 0x0b, 0xff, 0x50, 0x00, 0x7e, 0x40,
    0x0c, 0xff, 0x20, 0x00, 0x00, 0x00, 0x09, 0xff,
    0xc3, 0x00, 0x00, 0x00, 0x02, 0xff, 0xff, 0xea,
    0x50, 0x00, 0x00, 0x2c, 0xff, 0xff, 0xfe, 0x40,
    0x00, 0x00, 0x37, 0xcf, 0xff, 0xf3, 0x00, 0x00,
    0x00, 0x01, 0xbf, 0xfa, 0x01, 0xa3, 0x00, 0x00,
    0x3f, 0xfc, 0x2f, 0xfe, 0x40, 0x00, 0x7f, 0xfb,
    0x0b, 0xff, 0xfd, 0xbd, 0xff, 0xf5, 0x01, 0xcf,
    0xff, 0xff, 0xff, 0x90, 0x00, 0x05, 0xbe, 0xfe,
    0xb4, 0x00,

    /* U+0054 "T" */
    0xcf, 0xff, 0xff, 0xff, 0xff, 0xff, 0x4c, 0xff,
    0xff, 0xff, 0xff, 0xff, 0xf4, 0x9c, 0xcc, 0xff,
    0xff, 0xcc, 0xcc, 0x30, 0x00, 0x04, 0xff, 0xa0,
    0x00, 0x00, 0x00, 0x00, 0x4f, 0xfa, 0x00, 0x00,
    0x00, 0x00, 0x04, 0xff, 0xa0, 0x00, 0x00, 0x00,
    0x00, 0x4f, 0xfa, 0x00, 0x00, 0x00, 0x00, 0x04,
    0xff, 0xa0, 0x00, 0x00, 0x00, 0x00, 0x4f, 0xfa,
    0x00, 0x00, 0x00, 0x00, 0x04, 0xff, 0xa0, 0x00,
    0x00, 0x00, 0x00, 0x4f, 0xfa, 0x00, 0x00, 0x00,
    0x00, 0x04, 0xff, 0xa0, 0x00, 0x00, 0x00, 0x00,
    0x4f, 0xfa, 0x00, 0x00, 0x00, 0x00, 0x04, 0xff,
    0xa0, 0x00, 0x00, 0x00, 0x00, 0x4f, 0xfa, 0x00,
    0x00, 0x00,

    /* U+0055 "U" */
    0x9f, 0xf5, 0x00, 0x00, 0x07, 0xff, 0x69, 0xff,
    0x50, 0x00, 0x00, 0x7f, 0xf6, 0x9f, 0xf5, 0x00,
    0x00, 0x07, 0xff, 0x69, 0xff, 0x50, 0x00, 0x00,
    0x7f, 0xf6, 0x9f, 0xf5, 0x00, 0x00, 0x07, 0xff,
    0x69, 0xff, 0x50, 0x00, 0x00, 0x7f, 0xf6, 0x9f,
    0xf5, 0x00, 0x00, 0x07, 0xff, 0x69, 0xff, 0x50,
    0x00, 0x00, 0x7f, 0xf6, 0x9f, 0xf5, 0x00, 0x00,
    0x07, 0xff, 0x68, 0xff, 0x60, 0x00, 0x00, 0x9f,
    0xf5, 0x6f, 0xfa, 0x00, 0x00, 0x0d, 0xff, 0x32,
    0xff, 0xf6, 0x00, 0x09, 0xff, 0xe0, 0x0a, 0xff,
    0xff, 0xdf, 0xff, 0xf7, 0x00, 0x0c, 0xff, 0xff,
    0xff, 0xfa, 0x00, 0x00, 0x06, 0xbe, 0xfe, 0xb5,
    0x00, 0x00,

    /* U+0056 "V" */
    0xaf, 0xf4, 0x00, 0x00, 0x00, 0x1f, 0xfc, 0x5f,
    0xfa, 0x00, 0x00, 0x00, 0x7f, 0xf7, 0x0f, 0xff,
    0x00, 0x00, 0x00, 0xcf, 0xf1, 0x09, 0xff, 0x50,
    0x00, 0x02, 0xff, 0xc0, 0x04, 0xff, 0xa0, 0x00,
    0x07, 0xff, 0x60, 0x00, 0xef, 0xf0, 0x00, 0x0d,
    0xff, 0x10, 0x00, 0x9f, 0xf5, 0x00, 0x2f, 0xfb,
    0x00, 0x00, 0x3f, 0xfa, 0x00, 0x8f, 0xf6, 0x00,
    0x00, 0x0e, 0xff, 0x00, 0xdf, 0xf1, 0x00, 0x00,
    0x08, 0xff, 0x53, 0xff, 0xb0, 0x00, 0x00, 0x03,
    0xff, 0xb8, 0xff, 0x50, 0x00, 0x00, 0x00, 0xdf,
    0xff, 0xff, 0x00, 0x00, 0x00, 0x00, 0x8f, 0xff,
    0xfa, 0x00, 0x00, 0x00, 0x00, 0x2f, 0xff, 0xf5,
    0x00, 0x00, 0x00, 0x00, 0x0d, 0xff, 0xf0, 0x00,
    0x00,

    /* U+0057 "W" */
    0x8f, 0xf5, 0x00, 0x00, 0x0f, 0xff, 0x60, 0x00,
    0x00, 0xcf, 0xf2, 0x4f, 0xf9, 0x00, 0x00, 0x1f,
    0xff, 0xa0, 0x00, 0x00, 0xff, 0xd0, 0x0f, 0xfd,
    0x00, 0x00, 0x5f, 0xff, 0xe0, 0x00, 0x04, 0xff,
    0x90, 0x0b, 0xff, 0x20, 0x00, 0xaf, 0xff, 0xf3,
    0x00, 0x08, 0xff, 0x50, 0x07, 0xff, 0x60, 0x00,
    0xff, 0xff, 0xf8, 0x00, 0x0c, 0xff, 0x10, 0x03,
    0xff, 0xa0, 0x04, 0xff, 0x8e, 0xfd, 0x00, 0x1f,
    0xfc, 0x00, 0x00, 0xef, 0xe0, 0x09, 0xff, 0x3a,
    0xff, 0x20, 0x5f, 0xf8, 0x00, 0x00, 0xaf, 0xf2,
    0x0d, 0xfe, 0x05, 0xff, 0x70, 0x9f, 0xf3, 0x00,
    0x00, 0x5f, 0xf7, 0x2f, 0xf9, 0x00, 0xff, 0xb0,
    0xdf, 0xf0, 0x00, 0x00, 0x1f, 0xfb, 0x7f, 0xf4,
    0x00, 0xbf, 0xf3, 0xff, 0xb0, 0x00, 0x00, 0x0d,
    0xff, 0xcf, 0xf0, 0x00, 0x6f, 0xfb, 0xff, 0x60,
    0x00, 0x00, 0x08, 0xff, 0xff, 0xb0, 0x00, 0x1f,
    0xff, 0xff, 0x20, 0x00, 0x00, 0x04, 0xff, 0xff,
    0x60, 0x00, 0x0c, 0xff, 0xfd, 0x00, 0x00, 0x00,
    0x00, 0xff, 0xff, 0x10, 0x00, 0x08, 0xff, 0xf9,
    0x00, 0x00, 0x00, 0x00, 0xbf, 0xfc, 0x00, 0x00,
    0x03, 0xff, 0xf5, 0x00, 0x00,

    /* U+0058 "X" */
    0x4f, 0xff, 0x20, 0x00, 0x00, 0x7f, 0xfe, 0x10,
    0x9f, 0xfc, 0x00, 0x00, 0x2f, 0xff, 0x40, 0x00,
    0xdf, 0xf7, 0x00, 0x0c, 0xff, 0x90, 0x00, 0x03,
    0xff, 0xf2, 0x07, 0xff, 0xd0, 0x00, 0x00, 0x08,
    0xff, 0xc2, 0xff, 0xf3, 0x00, 0x00, 0x00, 0x0d,
    0xff, 0xff, 0xf8, 0x00, 0x00, 0x00, 0x00, 0x2f,
    0xff, 0xfc, 0x00, 0x00, 0x00, 0x00, 0x00, 0xef,
    0xff, 0x40, 0x00, 0x00, 0x00, 0x00, 0x4f, 0xff,
    0xfc, 0x00, 0x00, 0x00, 0x00, 0x1e, 0xff, 0xff,
    0xf7, 0x00, 0x00, 0x00, 0x0b, 0xff, 0xb4, 0xff,
    0xf3, 0x00, 0x00, 0x06, 0xff, 0xf1, 0x09, 0xff,
    0xd0, 0x00, 0x02, 0xff, 0xf6, 0x00, 0x0d, 0xff,
    0x90, 0x00, 0xcf, 0xfb, 0x00, 0x00, 0x3f, 0xff,
    0x40, 0x7f, 0xfe, 0x10, 0x00, 0x00, 0x8f, 0xfe,
    0x10,

    /* U+0059 "Y" */
    0x0c, 0xff, 0x60, 0x00, 0x00, 0x7f, 0xfb, 0x04,
    0xff, 0xd0, 0x00, 0x00, 0xef, 0xf2, 0x00, 0xcf,
    0xf6, 0x00, 0x07, 0xff, 0xa0, 0x00, 0x3f, 0xfd,
    0x00, 0x0e, 0xff, 0x20, 0x00, 0x0b, 0xff, 0x60,
    0x7f, 0xf9, 0x00, 0x00, 0x03, 0xff, 0xd1, 0xef,
    0xf1, 0x00, 0x00, 0x00, 0xaf, 0xfd, 0xff, 0x90,
    0x00, 0x00, 0x00, 0x2f, 0xff, 0xff, 0x10, 0x00,
    0x00, 0x00, 0x0a, 0xff, 0xf8, 0x00, 0x00, 0x00,
    0x00, 0x02, 0xff, 0xf1, 0x00, 0x00, 0x00, 0x00,
    0x00, 0xff, 0xe0, 0x00, 0x00, 0x00, 0x00, 0x00,
    0xff, 0xe0, 0x00, 0x00, 0x00, 0x00, 0x00, 0xff,
    0xe0, 0x00, 0x00, 0x00, 0x00, 0x00, 0xff, 0xe0,
    0x00, 0x00, 0x00, 0x00, 0x00, 0xff, 0xe0, 0x00,
    0x00,

    /* U+005A "Z" */
    0x0e, 0xff, 0xff, 0xff, 0xff, 0xfb, 0x0e, 0xff,
    0xff, 0xff, 0xff, 0xfb, 0x0a, 0xcc, 0xcc, 0xcc,
    0xff, 0xf7, 0x00, 0x00, 0x00, 0x07, 0xff, 0xc0,
    0x00, 0x00, 0x00, 0x3f, 0xff, 0x20, 0x00, 0x00,
    0x00, 0xdf, 0xf6, 0x00, 0x00, 0x00, 0x09, 0xff,
    0xb0, 0x00, 0x00, 0x00, 0x4f, 0xfe, 0x10, 0x00,
    0x00, 0x01, 0xef, 0xf4, 0x00, 0x00, 0x00, 0x0b,
    0xff, 0x90, 0x00, 0x00, 0x00, 0x6f, 0xfd, 0x00,
    0x00, 0x00, 0x02, 0xff, 0xf3, 0x00, 0x00, 0x00,
    0x0d, 0xff, 0xfc, 0xcc, 0xcc, 0xc9, 0x0f, 0xff,
    0xff, 0xff, 0xff, 0xfd, 0x0f, 0xff, 0xff, 0xff,
    0xff, 0xfd,

    /* U+005B "[" */
    0x6b, 0xfe, 0xb7, 0x9f, 0xff, 0xfb, 0x9f, 0xff,
    0xfb, 0x9f, 0xf5, 0x00, 0x9f, 0xf5, 0x00, 0x9f,
    0xf5, 0x00, 0x9f, 0xf5, 0x00, 0x9f, 0xf5, 0x00,
    0x9f, 0xf5, 0x00, 0x9f, 0xf5, 0x00, 0x9f, 0xf5,
    0x00, 0x9f, 0xf5, 0x00, 0x9f, 0xf5, 0x00, 0x9f,
    0xf5, 0x00, 0x9f, 0xf5, 0x00, 0x9f, 0xf5, 0x00,
    0x9f, 0xf5, 0x00, 0x9f, 0xf5, 0x00, 0x9f, 0xff,
    0xa7, 0x9f, 0xff, 0xfb, 0x9f, 0xff, 0xfb,

    /* U+005C "\\" */
    0x00, 0x00, 0x00, 0x00, 0x00, 0x00, 0x06, 0xda,
    0x00, 0x00, 0x00, 0x00, 0x0c, 0xff, 0x20, 0x00,
    0x00, 0x00, 0x04, 0xff, 0x90, 0x00, 0x00, 0x00,
    0x00, 0xcf, 0xf1, 0x00, 0x00, 0x00, 0x00, 0x4f,
    0xf9, 0x00, 0x00, 0x00, 0x00, 0x0d, 0xff, 0x10,
    0x00, 0x00, 0x00, 0x05, 0xff, 0x80, 0x00, 0x00,
    0x00, 0x00, 0xdf, 0xf1, 0x00, 0x00, 0x00, 0x00,
    0x5f, 0xf8, 0x00, 0x00, 0x00, 0x00, 0x0d, 0xff,
    0x10, 0x00, 0x00, 0x00, 0x06, 0xff, 0x80, 0x00,
    0x00, 0x00, 0x00, 0xdf, 0xf0, 0x00, 0x00, 0x00,
    0x00, 0x6f, 0xf7, 0x00, 0x00, 0x00, 0x00, 0x0e,
    0xfe, 0x00, 0x00, 0x00, 0x00, 0x06, 0xff, 0x70,
    0x00, 0x00, 0x00, 0x00, 0xef, 0xe0, 0x00, 0x00,
    0x00, 0x00, 0x7f, 0xf6, 0x00, 0x00, 0x00, 0x00,
    0x0d, 0x70, 0x00, 0x00, 0x00, 0x00, 0x00, 0x00,

    /* U+005D "]" */
    0x7b, 0xdf, 0xb6, 0xaf, 0xff, 0xfa, 0xaf, 0xff,
    0xfa, 0x00, 0x4f, 0xfa, 0x00, 0x4f, 0xfa, 0x00,
    0x4f, 0xfa, 0x00, 0x4f, 0xfa, 0x00, 0x4f, 0xfa,
    0x00, 0x4f, 0xfa, 0x00, 0x4f, 0xfa, 0x00, 0x4f,
    0xfa, 0x00, 0x4f, 0xfa, 0x00, 0x4f, 0xfa, 0x00,
    0x4f, 0xfa, 0x00, 0x4f, 0xfa, 0x00, 0x4f, 0xfa,
    0x00, 0x4f, 0xfa, 0x00, 0x4f, 0xfa, 0x7a, 0xef,
    0xfa, 0xaf, 0xff, 0xfa, 0xaf, 0xff, 0xfa,

    /* U+005E "^" */
    0x00, 0x00, 0x02, 0x00, 0x00, 0x00, 0x00, 0x09,
    0xf5, 0x00, 0x00, 0x00, 0x0b, 0xff, 0xf7, 0x00,
    0x00, 0x1c, 0xff, 0xef, 0xf9, 0x00, 0x2d, 0xff,
    0x70, 0xaf, 0xfa, 0x02, 0xef, 0x50, 0x00, 0x8f,
    0xb0, 0x02, 0x30, 0x00, 0x00, 0x50, 0x00,

    /* U+005F "_" */
    0x35, 0x55, 0x55, 0x55, 0x55, 0x53, 0x9f, 0xff,
    0xff, 0xff, 0xff, 0xfb, 0x9f, 0xff, 0xff, 0xff,
    0xff, 0xfb,

    /* U+0060 "`" */
    0x05, 0x30, 0x00, 0x3f, 0xf4, 0x00, 0x09, 0xff,
    0x50, 0x00, 0x7f, 0xf2, 0x00, 0x06, 0x50,

    /* U+0061 "a" */
    0x01, 0x6b, 0xef, 0xea, 0x20, 0x05, 0xff, 0xff,
    0xff, 0xf2, 0x00, 0xda, 0x77, 0xcf, 0xfa, 0x00,
    0x00, 0x20, 0x1f, 0xfe, 0x01, 0xbf, 0xff, 0xbf,
    0xff, 0x0d, 0xff, 0xff, 0xff, 0xff, 0x4f, 0xfe,
    0x20, 0x6f, 0xff, 0x6f, 0xf9, 0x00, 0x0f, 0xff,
    0x3f, 0xff, 0x63, 0x9f, 0xff, 0x0c, 0xff, 0xff,
    0xff, 0xff, 0x00, 0x8e, 0xfd, 0x88, 0xff,

    /* U+0062 "b" */
    0xcf, 0xf1, 0x00, 0x00, 0x00, 0x0c, 0xff, 0x10,
    0x00, 0x00, 0x00, 0xcf, 0xf1, 0x00, 0x00, 0x00,
    0x0c, 0xff, 0x10, 0x00, 0x00, 0x00, 0xcf, 0xf6,
    0xcf, 0xfc, 0x50, 0x0c, 0xff, 0xff, 0xff, 0xff,
    0x80, 0xcf, 0xff, 0xeb, 0xdf, 0xff, 0x3c, 0xff,
    0xa0, 0x00, 0xaf, 0xfa, 0xcf, 0xf1, 0x00, 0x01,
    0xff, 0xdc, 0xff, 0x00, 0x00, 0x0f, 0xff, 0xcf,
    0xf2, 0x00, 0x02, 0xff, 0xdc, 0xff, 0xc1, 0x01,
    0xcf, 0xfa, 0xcf, 0xff, 0xfd, 0xff, 0xff, 0x3c,
    0xff, 0xff, 0xff, 0xff, 0x70, 0xcf, 0x84, 0xbe,
    0xfc, 0x40, 0x00,

    /* U+0063 "c" */
    0x00, 0x06, 0xce, 0xfc, 0x60, 0x00, 0x0c, 0xff,
    0xff, 0xff, 0xb0, 0x09, 0xff, 0xfd, 0xdf, 0xff,
    0x81, 0xff, 0xf5, 0x00, 0x4f, 0xc5, 0x4f, 0xfa,
    0x00, 0x00, 0x10, 0x06, 0xff, 0x80, 0x00, 0x00,
    0x00, 0x4f, 0xfb, 0x00, 0x00, 0x20, 0x01, 0xff,
    0xf5, 0x00, 0x4f, 0xc6, 0x09, 0xff, 0xfe, 0xef,
    0xff, 0x80, 0x0c, 0xff, 0xff, 0xff, 0xb0, 0x00,
    0x06, 0xcf, 0xfc, 0x60, 0x00,

    /* U+0064 "d" */
    0x00, 0x00, 0x00, 0x00, 0x8f, 0xf5, 0x00, 0x00,
    0x00, 0x00, 0x8f, 0xf5, 0x00, 0x00, 0x00, 0x00,
    0x8f, 0xf5, 0x00, 0x00, 0x00, 0x00, 0x8f, 0xf5,
    0x00, 0x18, 0xdf, 0xe9, 0xaf, 0xf5, 0x01, 0xdf,
    0xff, 0xff, 0xff, 0xf5, 0x0a, 0xff, 0xfc, 0xbf,
    0xff, 0xf5, 0x1f, 0xff, 0x40, 0x03, 0xff, 0xf5,
    0x4f, 0xfb, 0x00, 0x00, 0xff, 0xf5, 0x6f, 0xf8,
    0x00, 0x00, 0xdf, 0xf5, 0x4f, 0xfb, 0x00, 0x00,
    0xff, 0xf5, 0x1f, 0xff, 0x40, 0x03, 0xff, 0xf5,
    0x0a, 0xff, 0xfc, 0xbf, 0xff, 0xf5, 0x01, 0xdf,
    0xff, 0xff, 0xff, 0xf5, 0x00, 0x18, 0xdf, 0xd8,
    0x1f, 0xf5,

    /* U+0065 "e" */
    0x00, 0x07, 0xcf, 0xec, 0x60, 0x00, 0x00, 0xcf,
    0xff, 0xff, 0xfb, 0x00, 0x0a, 0xff, 0xa5, 0x5b,
    0xff, 0x80, 0x1f, 0xfb, 0x00, 0x00, 0xcf, 0xe0,
    0x4f, 0xff, 0xff, 0xff, 0xff, 0xf2, 0x6f, 0xff,
    0xff, 0xff, 0xff, 0xf4, 0x4f, 0xf8, 0x22, 0x22,
    0x22, 0x20, 0x1f, 0xfb, 0x00, 0x00, 0x8a, 0x10,
    0x0a, 0xff, 0xb6, 0x5a, 0xff, 0xa0, 0x01, 0xdf,
    0xff, 0xff, 0xfc, 0x10, 0x00, 0x07, 0xdf, 0xfc,
    0x70, 0x00,

    /* U+0066 "f" */
    0x00, 0x07, 0xdf, 0xe1, 0x00, 0x7f, 0xff, 0xf1,
    0x00, 0xdf, 0xfd, 0xb0, 0x00, 0xff, 0xf0, 0x00,
    0x8f, 0xff, 0xff, 0xd0, 0x8f, 0xff, 0xff, 0xd0,
    0x5a, 0xff, 0xfa, 0x80, 0x00, 0xff, 0xe0, 0x00,
    0x00, 0xff, 0xe0, 0x00, 0x00, 0xff, 0xe0, 0x00,
    0x00, 0xff, 0xe0, 0x00, 0x00, 0xff, 0xe0, 0x00,
    0x00, 0xff, 0xe0, 0x00, 0x00, 0xff, 0xe0, 0x00,
    0x00, 0xff, 0xe0, 0x00,

    /* U+0067 "g" */
    0x00, 0x18, 0xdf, 0xe9, 0x1e, 0xf6, 0x01, 0xef,
    0xff, 0xff, 0xff, 0xf6, 0x0b, 0xff, 0xfa, 0x9d,
    0xff, 0xf6, 0x1f, 0xff, 0x20, 0x00, 0xff, 0xf6,
    0x4f, 0xfa, 0x00, 0x00, 0xaf, 0xf6, 0x4f, 0xfa,
    0x00, 0x00, 0xaf, 0xf6, 0x2f, 0xff, 0x20, 0x00,
    0xff, 0xf6, 0x0b, 0xff, 0xfa, 0x9e, 0xff, 0xf6,
    0x01, 0xef, 0xff, 0xff, 0xff, 0xf6, 0x00, 0x18,
    0xdf, 0xe9, 0x9f, 0xf6, 0x00, 0x00, 0x00, 0x00,
    0x9f, 0xf4, 0x02, 0xad, 0x00, 0x00, 0xef, 0xf1,
    0x07, 0xff, 0xd8, 0x8d, 0xff, 0xa0, 0x00, 0xbf,
    0xff, 0xff, 0xfd, 0x10, 0x00, 0x06, 0xcf, 0xfd,
    0x70, 0x00,

    /* U+0068 "h" */
    0xcf, 0xf1, 0x00, 0x00, 0x00, 0x0c, 0xff, 0x10,
    0x00, 0x00, 0x00, 0xcf, 0xf1, 0x00, 0x00, 0x00,
    0x0c, 0xff, 0x10, 0x00, 0x00, 0x00, 0xcf, 0xf2,
    0x7d, 0xfe, 0x80, 0x0c, 0xff, 0xff, 0xff, 0xff,
    0x70, 0xcf, 0xff, 0xfe, 0xff, 0xfd, 0x0c, 0xff,
    0xd2, 0x01, 0xff, 0xf0, 0xcf, 0xf2, 0x00, 0x0d,
    0xff, 0x0c, 0xff, 0x10, 0x00, 0xdf, 0xf0, 0xcf,
    0xf1, 0x00, 0x0d, 0xff, 0x0c, 0xff, 0x10, 0x00,
    0xdf, 0xf0, 0xcf, 0xf1, 0x00, 0x0d, 0xff, 0x0c,
    0xff, 0x10, 0x00, 0xdf, 0xf0, 0xcf, 0xf1, 0x00,
    0x0d, 0xff, 0x00,

    /* U+0069 "i" */
    0x07, 0xfc, 0x00, 0xff, 0xf6, 0x0d, 0xff, 0x30,
    0x17, 0x40, 0x00, 0x00, 0x00, 0xbf, 0xf2, 0x0b,
    0xff, 0x20, 0xbf, 0xf2, 0x0b, 0xff, 0x20, 0xbf,
    0xf2, 0x0b, 0xff, 0x20, 0xbf, 0xf2, 0x0b, 0xff,
    0x20, 0xbf, 0xf2, 0x0b, 0xff, 0x20, 0xbf, 0xf2,

    /* U+006A "j" */
    0x00, 0x5e, 0xd2, 0x00, 0xdf, 0xf8, 0x00, 0xaf,
    0xf6, 0x00, 0x06, 0x50, 0x00, 0x00, 0x00, 0x00,
    0x9f, 0xf4, 0x00, 0x9f, 0xf4, 0x00, 0x9f, 0xf4,
    0x00, 0x9f, 0xf4, 0x00, 0x9f, 0xf4, 0x00, 0x9f,
    0xf4, 0x00, 0x9f, 0xf4, 0x00, 0x9f, 0xf4, 0x00,
    0x9f, 0xf4, 0x00, 0x9f, 0xf4, 0x00, 0x9f, 0xf4,
    0x00, 0xaf, 0xf4, 0x19, 0xff, 0xf3, 0x2f, 0xff,
    0xd0, 0x1e, 0xfc, 0x20,

    /* U+006B "k" */
    0xcf, 0xf1, 0x00, 0x00, 0x00, 0x0c, 0xff, 0x10,
    0x00, 0x00, 0x00, 0xcf, 0xf1, 0x00, 0x00, 0x00,
    0x0c, 0xff, 0x10, 0x00, 0x00, 0x00, 0xcf, 0xf1,
    0x00, 0xaf, 0xf9, 0x0c, 0xff, 0x10, 0x9f, 0xfb,
    0x00, 0xcf, 0xf1, 0x7f, 0xfc, 0x00, 0x0c, 0xff,
    0x7f, 0xfd, 0x10, 0x00, 0xcf, 0xff, 0xff, 0x20,
    0x00, 0x0c, 0xff, 0xff, 0xe0, 0x00, 0x00, 0xcf,
    0xff, 0xff, 0x70, 0x00, 0x0c, 0xff, 0x4f, 0xff,
    0x40, 0x00, 0xcf, 0xf1, 0x4f, 0xff, 0x20, 0x0c,
    0xff, 0x10, 0x7f, 0xfd, 0x00, 0xcf, 0xf1, 0x00,
    0xaf, 0xfb, 0x00,

    /* U+006C "l" */
    0xcf, 0xf1, 0x0c, 0xff, 0x10, 0xcf, 0xf1, 0x0c,
    0xff, 0x10, 0xcf, 0xf1, 0x0c, 0xff, 0x10, 0xcf,
    0xf1, 0x0c, 0xff, 0x10, 0xcf, 0xf1, 0x0c, 0xff,
    0x10, 0xcf, 0xf1, 0x0c, 0xff, 0x20, 0xbf, 0xfe,
    0x17, 0xff, 0xf2, 0x09, 0xff, 0x10,

    /* U+006D "m" */
    0xcf, 0x81, 0x9e, 0xfd, 0x60, 0x4b, 0xff, 0xc2,
    0x0c, 0xff, 0xff, 0xff, 0xff, 0xdf, 0xff, 0xff,
    0xd0, 0xcf, 0xff, 0xfd, 0xff, 0xff, 0xfe, 0xef,
    0xff, 0x3c, 0xff, 0xd1, 0x05, 0xff, 0xf7, 0x00,
    0xaf, 0xf6, 0xcf, 0xf2, 0x00, 0x1f, 0xfe, 0x00,
    0x07, 0xff, 0x7c, 0xff, 0x10, 0x01, 0xff, 0xc0,
    0x00, 0x7f, 0xf7, 0xcf, 0xf1, 0x00, 0x1f, 0xfc,
    0x00, 0x07, 0xff, 0x7c, 0xff, 0x10, 0x01, 0xff,
    0xc0, 0x00, 0x7f, 0xf7, 0xcf, 0xf1, 0x00, 0x1f,
    0xfc, 0x00, 0x07, 0xff, 0x7c, 0xff, 0x10, 0x01,
    0xff, 0xc0, 0x00, 0x7f, 0xf7, 0xcf, 0xf1, 0x00,
    0x1f, 0xfc, 0x00, 0x07, 0xff, 0x70,

    /* U+006E "n" */
    0xcf, 0x81, 0x8d, 0xfe, 0x80, 0x0c, 0xff, 0xff,
    0xff, 0xff, 0x70, 0xcf, 0xff, 0xfe, 0xff, 0xfd,
    0x0c, 0xff, 0xd2, 0x01, 0xff, 0xf0, 0xcf, 0xf2,
    0x00, 0x0d, 0xff, 0x0c, 0xff, 0x10, 0x00, 0xdf,
    0xf0, 0xcf, 0xf1, 0x00, 0x0d, 0xff, 0x0c, 0xff,
    0x10, 0x00, 0xdf, 0xf0, 0xcf, 0xf1, 0x00, 0x0d,
    0xff, 0x0c, 0xff, 0x10, 0x00, 0xdf, 0xf0, 0xcf,
    0xf1, 0x00, 0x0d, 0xff, 0x00,

    /* U+006F "o" */
    0x00, 0x05, 0xce, 0xfd, 0x81, 0x00, 0x00, 0xbf,
    0xff, 0xff, 0xfe, 0x30, 0x09, 0xff, 0xfe, 0xdf,
    0xff, 0xe1, 0x1f, 0xff, 0x60, 0x02, 0xdf, 0xf7,
    0x4f, 0xfb, 0x00, 0x00, 0x5f, 0xfb, 0x6f, 0xf9,
    0x00, 0x00, 0x2f, 0xfc, 0x4f, 0xfc, 0x00, 0x00,
    0x5f, 0xfb, 0x1f, 0xff, 0x60, 0x02, 0xdf, 0xf7,
    0x09, 0xff, 0xfe, 0xdf, 0xff, 0xe1, 0x00, 0xbf,
    0xff, 0xff, 0xfe, 0x30, 0x00, 0x06, 0xce, 0xfd,
    0x81, 0x00,

    /* U+0070 "p" */
    0xcf, 0x84, 0xbe, 0xec, 0x40, 0x0c, 0xff, 0xff,
    0xff, 0xff, 0x70, 0xcf, 0xff, 0xfd, 0xff, 0xff,
    0x3c, 0xff, 0xc1, 0x01, 0xcf, 0xfa, 0xcf, 0xf2,
    0x00, 0x02, 0xff, 0xdc, 0xff, 0x00, 0x00, 0x0f,
    0xff, 0xcf, 0xf1, 0x00, 0x02, 0xff, 0xdc, 0xff,
    0xa0, 0x00, 0xaf, 0xfa, 0xcf, 0xff, 0xeb, 0xef,
    0xff, 0x3c, 0xff, 0xff, 0xff, 0xff, 0x70, 0xcf,
    0xf6, 0xcf, 0xfc, 0x40, 0x0c, 0xff, 0x10, 0x00,
    0x00, 0x00, 0xcf, 0xf1, 0x00, 0x00, 0x00, 0x0c,
    0xff, 0x10, 0x00, 0x00, 0x00, 0xcf, 0xf1, 0x00,
    0x00, 0x00, 0x00,

    /* U+0071 "q" */
    0x00, 0x18, 0xdf, 0xd8, 0x1f, 0xf5, 0x01, 0xdf,
    0xff, 0xff, 0xff, 0xf5, 0x0a, 0xff, 0xfc, 0xbf,
    0xff, 0xf5, 0x1f, 0xff, 0x40, 0x03, 0xff, 0xf5,
    0x4f, 0xfb, 0x00, 0x00, 0xff, 0xf5, 0x6f, 0xf8,
    0x00, 0x00, 0xdf, 0xf5, 0x4f, 0xfb, 0x00, 0x00,
    0xff, 0xf5, 0x1f, 0xff, 0x40, 0x03, 0xff, 0xf5,
    0x0a, 0xff, 0xfc, 0xbf, 0xff, 0xf5, 0x01, 0xdf,
    0xff, 0xff, 0xff, 0xf5, 0x00, 0x08, 0xdf, 0xe9,
    0xaf, 0xf5, 0x00, 0x00, 0x00, 0x00, 0x8f, 0xf5,
    0x00, 0x00, 0x00, 0x00, 0x8f, 0xf5, 0x00, 0x00,
    0x00, 0x00, 0x8f, 0xf5, 0x00, 0x00, 0x00, 0x00,
    0x8f, 0xf5,

    /* U+0072 "r" */
    0xcf, 0x84, 0xdf, 0x8c, 0xff, 0xff, 0xf8, 0xcf,
    0xff, 0xfd, 0x6c, 0xff, 0x70, 0x00, 0xcf, 0xf1,
    0x00, 0x0c, 0xff, 0x10, 0x00, 0xcf, 0xf1, 0x00,
    0x0c, 0xff, 0x10, 0x00, 0xcf, 0xf1, 0x00, 0x0c,
    0xff, 0x10, 0x00, 0xcf, 0xf1, 0x00, 0x00,

    /* U+0073 "s" */
    0x00, 0x5c, 0xff, 0xc6, 0x00, 0x07, 0xff, 0xff,
    0xff, 0xb0, 0x0e, 0xfd, 0x78, 0xdf, 0x70, 0x0f,
    0xf9, 0x00, 0x03, 0x00, 0x0c, 0xff, 0xd9, 0x40,
    0x00, 0x02, 0xdf, 0xff, 0xfd, 0x20, 0x00, 0x04,
    0x9e, 0xff, 0xd0, 0x01, 0x80, 0x00, 0xbf, 0xf1,
    0x1d, 0xfd, 0x66, 0xdf, 0xf0, 0x0a, 0xff, 0xff,
    0xff, 0x70, 0x00, 0x6c, 0xff, 0xc5, 0x00,

    /* U+0074 "t" */
    0x00, 0x28, 0x80, 0x00, 0x00, 0x7f, 0xf1, 0x00,
    0x00, 0xbf, 0xf1, 0x00, 0x7f, 0xff, 0xff, 0xf7,
    0x7f, 0xff, 0xff, 0xf7, 0x5a, 0xff, 0xfc, 0xa4,
    0x00, 0xcf, 0xf1, 0x00, 0x00, 0xcf, 0xf1, 0x00,
    0x00, 0xcf, 0xf1, 0x00, 0x00, 0xcf, 0xf1, 0x00,
    0x00, 0xcf, 0xf3, 0x00, 0x00, 0xaf, 0xff, 0xc6,
    0x00, 0x4f, 0xff, 0xf7, 0x00, 0x05, 0xcf, 0xf5,

    /* U+0075 "u" */
    0xef, 0xf0, 0x00, 0x0f, 0xff, 0xef, 0xf0, 0x00,
    0x0f, 0xff, 0xef, 0xf0, 0x00, 0x0f, 0xff, 0xef,
    0xf0, 0x00, 0x0f, 0xff, 0xef, 0xf0, 0x00, 0x0f,
    0xff, 0xef, 0xf0, 0x00, 0x0f, 0xff, 0xef, 0xf0,
    0x00, 0x0f, 0xff, 0xdf, 0xf3, 0x01, 0x9f, 0xff,
    0xaf, 0xff, 0xef, 0xff, 0xff, 0x4f, 0xff, 0xff,
    0xff, 0xff, 0x05, 0xdf, 0xea, 0x25, 0xff,

    /* U+0076 "v" */
    0x8f, 0xf7, 0x00, 0x00, 0xff, 0xe0, 0x2f, 0xfc,
    0x00, 0x05, 0xff, 0x90, 0x0c, 0xff, 0x20, 0x0a,
    0xff, 0x30, 0x06, 0xff, 0x70, 0x0f, 0xfd, 0x00,
    0x01, 0xff, 0xc0, 0x4f, 0xf7, 0x00, 0x00, 0xaf,
    0xf2, 0xaf, 0xf2, 0x00, 0x00, 0x4f, 0xf7, 0xef,
    0xc0, 0x00, 0x00, 0x0e, 0xff, 0xff, 0x60, 0x00,
    0x00, 0x08, 0xff, 0xff, 0x10, 0x00, 0x00, 0x02,
    0xff, 0xfb, 0x00, 0x00, 0x00, 0x00, 0xcf, 0xf5,
    0x00, 0x00,

    /* U+0077 "w" */
    0xaf, 0xf3, 0x00, 0x0f, 0xf9, 0x00, 0x09, 0xff,
    0x25, 0xff, 0x70, 0x05, 0xff, 0xe0, 0x00, 0xdf,
    0xd0, 0x0f, 0xfb, 0x00, 0xaf, 0xff, 0x30, 0x2f,
    0xf8, 0x00, 0xbf, 0xf0, 0x0f, 0xff, 0xf8, 0x06,
    0xff, 0x30, 0x07, 0xff, 0x44, 0xff, 0xef, 0xd0,
    0xaf, 0xe0, 0x00, 0x2f, 0xf8, 0x9f, 0xe5, 0xff,
    0x3e, 0xfa, 0x00, 0x00, 0xdf, 0xde, 0xf9, 0x0f,
    0xfb, 0xff, 0x50, 0x00, 0x08, 0xff, 0xff, 0x40,
    0xbf, 0xff, 0xf1, 0x00, 0x00, 0x3f, 0xff, 0xe0,
    0x05, 0xff, 0xfb, 0x00, 0x00, 0x00, 0xef, 0xf9,
    0x00, 0x0f, 0xff, 0x70, 0x00, 0x00, 0x0a, 0xff,
    0x40, 0x00, 0xbf, 0xf2, 0x00, 0x00,

    /* U+0078 "x" */
    0x5f, 0xfd, 0x00, 0x09, 0xff, 0xa0, 0x0a, 0xff,
    0x80, 0x3f, 0xfe, 0x10, 0x01, 0xef, 0xf2, 0xcf,
    0xf5, 0x00, 0x00, 0x5f, 0xff, 0xff, 0xa0, 0x00,
    0x00, 0x0a, 0xff, 0xfe, 0x10, 0x00, 0x00, 0x02,
    0xff, 0xfb, 0x00, 0x00, 0x00, 0x0a, 0xff, 0xfe,
    0x10, 0x00, 0x00, 0x5f, 0xff, 0xff, 0xb0, 0x00,
    0x01, 0xef, 0xf2, 0xcf, 0xf6, 0x00, 0x0b, 0xff,
    0x70, 0x2f, 0xff, 0x10, 0x6f, 0xfd, 0x00, 0x08,
    0xff, 0xb0,

    /* U+0079 "y" */
    0x8f, 0xf6, 0x00, 0x00, 0x9f, 0xf5, 0x1f, 0xfd,
    0x00, 0x01, 0xff, 0xe0, 0x0a, 0xff, 0x40, 0x07,
    0xff, 0x70, 0x03, 0xff, 0xb0, 0x0e, 0xff, 0x10,
    0x00, 0xcf, 0xf2, 0x5f, 0xf9, 0x00, 0x00, 0x5f,
    0xf9, 0xcf, 0xf2, 0x00, 0x00, 0x0e, 0xff, 0xff,
    0xb0, 0x00, 0x00, 0x07, 0xff, 0xff, 0x40, 0x00,
    0x00, 0x01, 0xff, 0xfd, 0x00, 0x00, 0x00, 0x00,
    0xff, 0xf7, 0x00, 0x00, 0x00, 0x00, 0xef, 0xf0,
    0x00, 0x00, 0x00, 0x06, 0xff, 0x80, 0x00, 0x00,
    0x00, 0x0d, 0xff, 0x10, 0x00, 0x00, 0x00, 0x4f,
    0xfa, 0x00, 0x00, 0x00, 0x00, 0xbf, 0xf3, 0x00,
    0x00, 0x00,

    /* U+007A "z" */
    0x0f, 0xff, 0xff, 0xff, 0xf7, 0x0f, 0xff, 0xff,
    0xff, 0xf7, 0x09, 0x99, 0x9a, 0xff, 0xf3, 0x00,
    0x00, 0x0c, 0xff, 0x60, 0x00, 0x00, 0xaf, 0xf9,
    0x00, 0x00, 0x07, 0xff, 0xb0, 0x00, 0x00, 0x5f,
    0xfd, 0x10, 0x00, 0x03, 0xff, 0xe2, 0x00, 0x00,
    0x1e, 0xff, 0xd9, 0x99, 0x94, 0x3f, 0xff, 0xff,
    0xff, 0xf8, 0x3f, 0xff, 0xff, 0xff, 0xf8,

    /* U+007B "{" */
    0x06, 0xdf, 0xf3, 0x7f, 0xff, 0xf3, 0xdf, 0xfe,
    0xb2, 0xef, 0xf0, 0x00, 0xaf, 0xf1, 0x00, 0x1f,
    0xfa, 0x00, 0x05, 0xff, 0x30, 0x00, 0xef, 0xa0,
    0x01, 0xff, 0xc0, 0x8f, 0xff, 0x80, 0xff, 0xff,
    0x00, 0xaf, 0xff, 0x60, 0x03, 0xff, 0xc0, 0x00,
    0xef, 0xb0, 0x04, 0xff, 0x40, 0x1e, 0xfa, 0x00,
    0x9f, 0xf2, 0x00, 0xef, 0xf0, 0x00, 0xef, 0xfd,
    0xa2, 0x7f, 0xff, 0xf3, 0x06, 0xdf, 0xf3,

    /* U+007C "|" */
    0x6d, 0xd2, 0x7f, 0xf3, 0x7f, 0xf3, 0x7f, 0xf3,
    0x7f, 0xf3, 0x7f, 0xf3, 0x7f, 0xf3, 0x7f, 0xf3,
    0x7f, 0xf3, 0x7f, 0xf3, 0x7f, 0xf3, 0x7f, 0xf3,
    0x7f, 0xf3, 0x7f, 0xf3, 0x7f, 0xf3, 0x7f, 0xf3,
    0x7f, 0xf3, 0x7f, 0xf3, 0x7f, 0xf3, 0x7f, 0xf3,
    0x7f, 0xf3,

    /* U+007D "}" */
    0x2f, 0xfd, 0x70, 0x02, 0xff, 0xff, 0x80, 0x1b,
    0xdf, 0xff, 0x00, 0x00, 0xef, 0xf0, 0x00, 0x0f,
    0xfb, 0x00, 0x08, 0xff, 0x20, 0x02, 0xff, 0x70,
    0x00, 0x9f, 0xf0, 0x00, 0x0b, 0xff, 0x30, 0x00,
    0x6f, 0xff, 0x90, 0x00, 0xef, 0xff, 0x00, 0x5f,
    0xff, 0xb0, 0x0b, 0xff, 0x40, 0x00, 0xaf, 0xf0,
    0x00, 0x03, 0xff, 0x60, 0x00, 0x09, 0xff, 0x10,
    0x00, 0x1f, 0xfa, 0x00, 0x00, 0xef, 0xf0, 0x1a,
    0xcf, 0xff, 0x02, 0xff, 0xff, 0x90, 0x2f, 0xfd,
    0x70, 0x00,

    /* U+007E "~" */
    0x00, 0x00, 0x00, 0x00, 0x00, 0x00, 0x00, 0x09,
    0xee, 0xb3, 0x00, 0x1e, 0x80, 0x0b, 0xff, 0xff,
    0xfa, 0x7d, 0xff, 0x36, 0xff, 0xc7, 0xcf, 0xff,
    0xff, 0x80, 0x2a, 0xc0, 0x00, 0x5c, 0xfd, 0x60,
    0x00, 0x00, 0x00, 0x00, 0x00, 0x00, 0x00,

    /* U+00A0 " " */

    /* U+00A1 "¡" */
    0x2b, 0xd5, 0x0a, 0xff, 0xf0, 0xbf, 0xff, 0x02,
    0xde, 0x60, 0x00, 0x00, 0x00, 0xcc, 0x50, 0x2f,
    0xf7, 0x03, 0xff, 0x80, 0x4f, 0xf9, 0x05, 0xff,
    0xa0, 0x5f, 0xfb, 0x06, 0xff, 0xb0, 0x6f, 0xfc,
    0x07, 0xff, 0xc0, 0x7f, 0xfd, 0x07, 0xff, 0xd0,

    /* U+00A2 "¢" */
    0x00, 0x00, 0x5f, 0xf6, 0x00, 0x00, 0x00, 0x00,
    0x5f, 0xf6, 0x00, 0x00, 0x00, 0x04, 0xff, 0xff,
    0x81, 0x00, 0x00, 0x9f, 0xff, 0xff, 0xfe, 0x30,
    0x06, 0xff, 0xfc, 0xae, 0xff, 0xd0, 0x0d, 0xff,
    0x50, 0x01, 0xcf, 0x90, 0x1f, 0xfd, 0x00, 0x00,
    0x21, 0x00, 0x3f, 0xfa, 0x00, 0x00, 0x00, 0x00,
    0x2f, 0xfc, 0x00, 0x00, 0x00, 0x00, 0x0f, 0xff,
    0x20, 0x00, 0xab, 0x40, 0x09, 0xff, 0xe7, 0x5a,
    0xff, 0xf1, 0x00, 0xdf, 0xff, 0xff, 0xff, 0x60,
    0x00, 0x1a, 0xff, 0xff, 0xd4, 0x00, 0x00, 0x00,
    0x6f, 0xf8, 0x00, 0x00, 0x00, 0x00, 0x5f, 0xf6,
    0x00, 0x00,

    /* U+00A3 "£" */
    0x00, 0x03, 0xbe, 0xfd, 0x80, 0x00, 0x05, 0xff,
    0xff, 0xff, 0xd1, 0x00, 0xef, 0xfe, 0xdf, 0xff,
    0x70, 0x4f, 0xfc, 0x00, 0x2d, 0x80, 0x04, 0xff,
    0x80, 0x00, 0x00, 0x00, 0x2f, 0xfa, 0x00, 0x00,
    0x00, 0x00, 0xcf, 0xf1, 0x00, 0x00, 0x00, 0xff,
    0xff, 0xff, 0xfd, 0x00, 0x0f, 0xff, 0xff, 0xff,
    0xd0, 0x00, 0x88, 0xff, 0xf8, 0x87, 0x00, 0x00,
    0x0c, 0xff, 0x00, 0x00, 0x00, 0x02, 0xff, 0xb0,
    0x00, 0x00, 0x03, 0xef, 0xff, 0xcc, 0xcc, 0xb0,
    0xff, 0xff, 0xff, 0xff, 0xfe, 0x0b, 0xff, 0xff,
    0xff, 0xff, 0xe0,

    /* U+00A4 "¤" */
    0x00, 0xb3, 0x00, 0x00, 0x04, 0xb0, 0x00, 0xcf,
    0xfb, 0xdf, 0xdc, 0xff, 0xb0, 0x0a, 0xff, 0xff,
    0xff, 0xff, 0xf9, 0x00, 0x0f, 0xff, 0xeb, 0xef,
    0xff, 0x00, 0x00, 0xff, 0xd0, 0x01, 0xef, 0xe0,
    0x00, 0x1f, 0xf9, 0x00, 0x0b, 0xff, 0x00, 0x00,
    0xff, 0xd0, 0x01, 0xef, 0xe0, 0x00, 0x0f, 0xff,
    0xeb, 0xef, 0xff, 0x00, 0x0a, 0xff, 0xff, 0xff,
    0xff, 0xf8, 0x00, 0xcf, 0xfb, 0xdf, 0xdc, 0xff,
    0xb0, 0x00, 0xb3, 0x00, 0x00, 0x03, 0xb0, 0x00,

    /* U+00A5 "¥" */
    0x48, 0x81, 0x00, 0x00, 0x07, 0x86, 0x3f, 0xf8,
    0x00, 0x00, 0x5f, 0xf6, 0x0c, 0xfe, 0x00, 0x00,
    0xcf, 0xe0, 0x04, 0xff, 0x70, 0x04, 0xff, 0x70,
    0x00, 0xcf, 0xe0, 0x0b, 0xfe, 0x00, 0x00, 0x4f,
    0xf6, 0x3f, 0xf7, 0x00, 0x00, 0x0c, 0xfd, 0xbf,
    0xe0, 0x00, 0x0f, 0xff, 0xff, 0xff, 0xff, 0xf2,
    0x0f, 0xff, 0xff, 0xff, 0xff, 0xf2, 0x07, 0x77,
    0xaf, 0xfb, 0x77, 0x71, 0x07, 0x77, 0xaf, 0xfb,
    0x77, 0x71, 0x0f, 0xff, 0xff, 0xff, 0xff, 0xf2,
    0x0f, 0xff, 0xff, 0xff, 0xff, 0xf2, 0x00, 0x00,
    0x6f, 0xf8, 0x00, 0x00, 0x00, 0x00, 0x6f, 0xf8,
    0x00, 0x00,

    /* U+00A6 "¦" */
    0x7f, 0xf3, 0x7f, 0xf3, 0x7f, 0xf3, 0x7f, 0xf3,
    0x7f, 0xf3, 0x7f, 0xf3, 0x7f, 0xf3, 0x7f, 0xf3,
    0x7f, 0xf3, 0x12, 0x20, 0x00, 0x00, 0x12, 0x20,
    0x7f, 0xf3, 0x7f, 0xf3, 0x7f, 0xf3, 0x7f, 0xf3,
    0x7f, 0xf3, 0x7f, 0xf3, 0x7f, 0xf3, 0x7f, 0xf3,
    0x7f, 0xf3,

    /* U+00A7 "§" */
    0x00, 0x01, 0x79, 0x97, 0x20, 0x00, 0x00, 0x5f,
    0xff, 0xff, 0xf9, 0x00, 0x02, 0xff, 0xff, 0xff,
    0xff, 0x90, 0x09, 0xff, 0x90, 0x16, 0xfc, 0x20,
    0x0a, 0xff, 0x30, 0x00, 0x30, 0x00, 0x08, 0xff,
    0xc3, 0x00, 0x00, 0x00, 0x02, 0xff, 0xff, 0xd8,
    0x20, 0x00, 0x00, 0x6f, 0xff, 0xff, 0xfa, 0x00,
    0x01, 0xef, 0xff, 0xef, 0xff, 0x80, 0x09, 0xff,
    0x20, 0x07, 0xff, 0xe0, 0x0b, 0xff, 0x10, 0x00,
    0xef, 0xf0, 0x09, 0xff, 0xd6, 0x14, 0xff, 0xb0,
    0x02, 0xff, 0xff, 0xff, 0xfd, 0x10, 0x00, 0x2b,
    0xff, 0xff, 0xfd, 0x10, 0x00, 0x00, 0x05, 0xaf,
    0xff, 0xa0, 0x00, 0x51, 0x00, 0x03, 0xff, 0xe0,
    0x1b, 0xfd, 0x10, 0x02, 0xff, 0xd0, 0x0c, 0xff,
    0xfb, 0xaf, 0xff, 0x80, 0x02, 0xdf, 0xff, 0xff,
    0xfc, 0x00, 0x00, 0x17, 0xdf, 0xfc, 0x70, 0x00,

    /* U+00A8 "¨" */
    0x03, 0x20, 0x01, 0x40, 0x7f, 0xf4, 0x2f, 0xf9,
    0xbf, 0xf8, 0x5f, 0xfd, 0x4e, 0xd2, 0x1c, 0xf6,

    /* U+00A9 "©" */
    0x00, 0x00, 0x4b, 0xef, 0xd9, 0x20, 0x00, 0x00,
    0x0a, 0xff, 0xff, 0xff, 0xf7, 0x00, 0x00, 0xbf,
    0xe5, 0x00, 0x18, 0xff, 0x60, 0x06, 0xfe, 0x13,
    0xac, 0xa2, 0x4f, 0xf1, 0x0c, 0xf4, 0x3f, 0xff,
    0xff, 0x1a, 0xf8, 0x0f, 0xf0, 0xaf, 0x80, 0x88,
    0x14, 0xfc, 0x1f, 0xd0, 0xcf, 0x30, 0x00, 0x02,
    0xfd, 0x0f, 0xe0, 0xaf, 0x80, 0x88, 0x14, 0xfc,
    0x0d, 0xf4, 0x3f, 0xff, 0xff, 0x19, 0xf8, 0x06,
    0xfd, 0x13, 0xac, 0xa2, 0x4f, 0xf1, 0x00, 0xbf,
    0xd4, 0x00, 0x17, 0xff, 0x70, 0x00, 0x0b, 0xff,
    0xfe, 0xff, 0xf7, 0x00, 0x00, 0x00, 0x5b, 0xef,
    0xe9, 0x20, 0x00,

    /* U+00AA "ª" */
    0x03, 0x9c, 0xda, 0x20, 0x09, 0xff, 0xff, 0xe1,
    0x02, 0x50, 0x1d, 0xf7, 0x00, 0x7a, 0x8b, 0xf9,
    0x0d, 0xff, 0xff, 0xfa, 0x5f, 0xe2, 0x2f, 0xfa,
    0x5f, 0xc0, 0x0e, 0xfa, 0x1f, 0xfd, 0xdf, 0xfa,
    0x03, 0xcf, 0xd8, 0xfa,

    /* U+00AB "«" */
    0x00, 0x05, 0xff, 0xa0, 0x5f, 0xfa, 0x00, 0x2f,
    0xfe, 0x02, 0xff, 0xd0, 0x00, 0xcf, 0xf3, 0x0c,
    0xff, 0x30, 0x08, 0xff, 0x80, 0x8f, 0xf8, 0x00,
    0x0f, 0xff, 0x01, 0xff, 0xf0, 0x00, 0x07, 0xff,
    0x80, 0x8f, 0xf8, 0x00, 0x00, 0xcf, 0xf3, 0x0c,
    0xff, 0x30, 0x00, 0x1f, 0xfd, 0x02, 0xff, 0xd0,
    0x00, 0x05, 0xff, 0x90, 0x5f, 0xf9,

    /* U+00AC "¬" */
    0xbc, 0xcc, 0xcc, 0xcd, 0xff, 0xfe, 0xff, 0xff,
    0xff, 0xff, 0xff, 0xef, 0xff, 0xff, 0xff, 0xff,
    0xf0, 0x00, 0x00, 0x00, 0x1f, 0xfa, 0x00, 0x00,
    0x00, 0x01, 0xff, 0xa0, 0x00, 0x00, 0x00, 0x1f,
    0xfa, 0x00, 0x00, 0x00, 0x00, 0x88, 0x50,

    /* U+00AE "®" */
    0x00, 0x00, 0x4b, 0xef, 0xd9, 0x20, 0x00, 0x00,
    0x0a, 0xff, 0xff, 0xff, 0xf7, 0x00, 0x00, 0xbf,
    0xe5, 0x00, 0x18, 0xff, 0x60, 0x06, 0xfe, 0x1b,
    0xbb, 0x81, 0x4f, 0xf1, 0x0c, 0xf4, 0x0f, 0xff,
    0xfc, 0x0a, 0xf8, 0x0f, 0xf0, 0x0f, 0xc0, 0xcf,
    0x14, 0xfc, 0x1f, 0xd0, 0x0f, 0xf8, 0xff, 0x02,
    0xfd, 0x0f, 0xe0, 0x0f, 0xff, 0xf4, 0x04, 0xfc,
    0x0d, 0xf4, 0x0f, 0xc8, 0xf7, 0x09, 0xf8, 0x06,
    0xfd, 0x1a, 0x70, 0x99, 0x4f, 0xf1, 0x00, 0xbf,
    0xd4, 0x00, 0x17, 0xff, 0x70, 0x00, 0x0b, 0xff,
    0xfe, 0xff, 0xf7, 0x00, 0x00, 0x00, 0x5b, 0xef,
    0xe9, 0x20, 0x00,

    /* U+00AF "¯" */
    0x04, 0x44, 0x44, 0x41, 0x1f, 0xff, 0xff, 0xf4,
    0x1f, 0xff, 0xff, 0xf4,

    /* U+00B0 "°" */
    0x00, 0x00, 0x10, 0x00, 0x00, 0x1a, 0xff, 0xe8,
    0x00, 0x0c, 0xff, 0xff, 0xf9, 0x04, 0xff, 0x40,
    0x7f, 0xf1, 0x6f, 0xd0, 0x00, 0xff, 0x33, 0xff,
    0x62, 0x9f, 0xf1, 0x0b, 0xff, 0xff, 0xf7, 0x00,
    0x08, 0xef, 0xd6, 0x00,

    /* U+00B1 "±" */
    0x00, 0x02, 0xff, 0xa0, 0x00, 0x00, 0x00, 0x2f,
    0xfa, 0x00, 0x00, 0x00, 0x02, 0xff, 0xa0, 0x00,
    0x0e, 0xff, 0xff, 0xff, 0xff, 0xfa, 0xef, 0xff,
    0xff, 0xff, 0xff, 0xaa, 0xcc, 0xef, 0xff, 0xcc,
    0xc8, 0x00, 0x02, 0xff, 0xa0, 0x00, 0x00, 0x00,
    0x2f, 0xfa, 0x00, 0x00, 0x00, 0x02, 0xff, 0xa0,
    0x00, 0x00, 0x00, 0x18, 0x85, 0x00, 0x00, 0x00,
    0x00, 0x00, 0x00, 0x00, 0x0a, 0xcc, 0xcc, 0xcc,
    0xcc, 0xc8, 0xef, 0xff, 0xff, 0xff, 0xff, 0xae,
    0xff, 0xff, 0xff, 0xff, 0xfa,

    /* U+00B2 "²" */
    0x02, 0xbf, 0xe9, 0x00, 0x1e, 0xff, 0xff, 0xa0,
    0x1a, 0xc3, 0x7f, 0xe0, 0x00, 0x00, 0x8f, 0xc0,
    0x00, 0x05, 0xff, 0x30, 0x00, 0x5f, 0xf5, 0x00,
    0x05, 0xff, 0x82, 0x20, 0x3f, 0xff, 0xff, 0xf1,
    0x4f, 0xff, 0xff, 0xf1,

    /* U+00B3 "³" */
    0x05, 0xdf, 0xe8, 0x00, 0x6f, 0xff, 0xff, 0x80,
    0x09, 0x52, 0xbf, 0x90, 0x00, 0x8f, 0xff, 0x20,
    0x00, 0xaf, 0xff, 0x90, 0x00, 0x00, 0x7f, 0xf0,
    0x0c, 0x82, 0x8f, 0xf0, 0x4f, 0xff, 0xff, 0x90,
    0x05, 0xcf, 0xe8, 0x00,

    /* U+00B4 "´" */
    0x00, 0x02, 0x60, 0x00, 0x2e, 0xf6, 0x03, 0xef,
    0xb0, 0x0e, 0xfa, 0x00, 0x03, 0x80, 0x00,

    /* U+00B5 "µ" */
    0xef, 0xf0, 0x00, 0x0f, 0xff, 0xef, 0xf0, 0x00,
    0x0f, 0xff, 0xef, 0xf0, 0x00, 0x0f, 0xff, 0xef,
    0xf0, 0x00, 0x0f, 0xff, 0xef, 0xf0, 0x00, 0x0f,
    0xff, 0xff, 0xf0, 0x00, 0x0f, 0xff, 0xff, 0xf0,
    0x00, 0x0f, 0xff, 0xff, 0xf3, 0x01, 0x9f, 0xff,
    0xff, 0xff, 0xef, 0xff, 0xff, 0xff, 0xff, 0xff,
    0xff, 0xff, 0xef, 0xff, 0xea, 0x25, 0xff, 0xef,
    0xf0, 0x00, 0x00, 0x00, 0xef, 0xf0, 0x00, 0x00,
    0x00, 0xef, 0xf0, 0x00, 0x00, 0x00, 0xef, 0xf0,
    0x00, 0x00, 0x00,

    /* U+00B6 "¶" */
    0x00, 0x02, 0x7a, 0xbb, 0xbb, 0xbb, 0xb7, 0x00,
    0x9f, 0xff, 0xff, 0xff, 0xff, 0xf9, 0x0b, 0xff,
    0xff, 0xff, 0xff, 0xff, 0x91, 0x5f, 0xff, 0xff,
    0x90, 0x0e, 0xff, 0x00, 0xbf, 0xff, 0xff, 0x90,
    0x0e, 0xff, 0x00, 0xef, 0xff, 0xff, 0x90, 0x0e,
    0xff, 0x00, 0xef, 0xff, 0xff, 0x90, 0x0e, 0xff,
    0x00, 0xdf, 0xff, 0xff, 0x90, 0x0e, 0xff, 0x00,
    0x8f, 0xff, 0xff, 0x90, 0x0e, 0xff, 0x00, 0x1e,
    0xff, 0xff, 0x90, 0x0e, 0xff, 0x00, 0x03, 0xef,
    0xff, 0x90, 0x0e, 0xff, 0x00, 0x00, 0x18, 0xdf,
    0x90, 0x0e, 0xff, 0x00, 0x00, 0x00, 0x00, 0x00,
    0x0e, 0xff, 0x00, 0x00, 0x00, 0x00, 0x00, 0x0e,
    0xff, 0x00, 0x00, 0x07, 0x10, 0x00, 0x0f, 0xfe,
    0x00, 0x01, 0xdf, 0xb0, 0x00, 0x6f, 0xfb, 0x00,
    0x00, 0xcf, 0xfe, 0xac, 0xff, 0xf5, 0x00, 0x00,
    0x1d, 0xff, 0xff, 0xff, 0x90, 0x00, 0x00, 0x00,
    0x8d, 0xfe, 0xc5, 0x00, 0x00,

    /* U+00B7 "·" */
    0x00, 0x00, 0x00, 0x05, 0xff, 0x60, 0x0f, 0xff,
    0xf0, 0x0e, 0xff, 0xf0, 0x04, 0xee, 0x50,

    /* U+00B8 "¸" */
    0x02, 0xfc, 0x00, 0x06, 0xff, 0xd1, 0x00, 0x17,
    0xf5, 0x1d, 0x9c, 0xf3, 0x2c, 0xfe, 0x70,

    /* U+00B9 "¹" */
    0x02, 0x9f, 0x8c, 0xff, 0xf8, 0xce, 0xff, 0x80,
    0x0b, 0xf8, 0x00, 0xbf, 0x80, 0x0b, 0xf8, 0x00,
    0xbf, 0x80, 0x0b, 0xf8, 0x00, 0xbf, 0x80,

    /* U+00BA "º" */
    0x00, 0x01, 0x32, 0x00, 0x00, 0x1a, 0xff, 0xfe,
    0x50, 0x0b, 0xff, 0xff, 0xff, 0x43, 0xff, 0x80,
    0x3e, 0xfc, 0x6f, 0xf0, 0x00, 0x7f, 0xf6, 0xff,
    0x10, 0x08, 0xfe, 0x2f, 0xfb, 0x46, 0xff, 0xa0,
    0x9f, 0xff, 0xff, 0xf2, 0x00, 0x6d, 0xfe, 0xa2,
    0x00,

    /* U+00BB "»" */
    0x1e, 0xfe, 0x11, 0xef, 0xe1, 0x00, 0x04, 0xff,
    0xb0, 0x4f, 0xfb, 0x00, 0x00, 0x9f, 0xf6, 0x09,
    0xff, 0x60, 0x00, 0x0d, 0xff, 0x20, 0xdf, 0xf2,
    0x00, 0x05, 0xff, 0xa0, 0x5f, 0xfa, 0x00, 0x0d,
    0xff, 0x20, 0xdf, 0xf2, 0x00, 0x9f, 0xf6, 0x09,
    0xff, 0x60, 0x04, 0xff, 0xb0, 0x4f, 0xfb, 0x00,
    0x1e, 0xfe, 0x11, 0xef, 0xe1, 0x00,

    /* U+00BC "¼" */
    0x00, 0x00, 0x00, 0x00, 0x00, 0x00, 0x50, 0x00,
    0x00, 0x00, 0x29, 0xf8, 0x00, 0x00, 0x00, 0x5f,
    0xe0, 0x00, 0x00, 0xcf, 0xff, 0x80, 0x00, 0x00,
    0x1e, 0xf7, 0x00, 0x00, 0x0c, 0xef, 0xf8, 0x00,
    0x00, 0x0a, 0xfd, 0x00, 0x00, 0x00, 0x00, 0xbf,
    0x80, 0x00, 0x04, 0xff, 0x30, 0x00, 0x00, 0x00,
    0x0b, 0xf8, 0x00, 0x00, 0xef, 0x80, 0x00, 0x00,
    0x00, 0x00, 0xbf, 0x80, 0x00, 0x9f, 0xd0, 0x02,
    0x20, 0x00, 0x00, 0x0b, 0xf8, 0x00, 0x3f, 0xf4,
    0x01, 0xff, 0x10, 0x00, 0x00, 0xbf, 0x80, 0x0d,
    0xf9, 0x00, 0x6f, 0xc0, 0x00, 0x00, 0x0b, 0xf8,
    0x08, 0xfe, 0x00, 0x0c, 0xf6, 0x03, 0x20, 0x00,
    0x00, 0x03, 0xff, 0x40, 0x02, 0xff, 0x13, 0xf9,
    0x00, 0x00, 0x00, 0xcf, 0xa0, 0x00, 0x7f, 0xd2,
    0xaf, 0xc2, 0x00, 0x00, 0x7f, 0xe1, 0x00, 0x0d,
    0xff, 0xff, 0xff, 0xd0, 0x00, 0x2f, 0xf5, 0x00,
    0x00, 0xff, 0xff, 0xff, 0xfd, 0x00, 0x0c, 0xfb,
    0x00, 0x00, 0x00, 0x00, 0x0a, 0xf9, 0x00, 0x06,
    0xff, 0x10, 0x00, 0x00, 0x00, 0x00, 0xaf, 0x90,
    0x00, 0x3c, 0x60, 0x00, 0x00, 0x00, 0x00, 0x00,
    0x00, 0x00, 0x00, 0x00, 0x00, 0x00, 0x00, 0x00,
    0x00, 0x00, 0x00,

    /* U+00BD "½" */
    0x00, 0x00, 0x00, 0x00, 0x00, 0x00, 0x50, 0x00,
    0x00, 0x00, 0x29, 0xf8, 0x00, 0x00, 0x00, 0x5f,
    0xe0, 0x00, 0x00, 0xcf, 0xff, 0x80, 0x00, 0x00,
    0x1e, 0xf7, 0x00, 0x00, 0x0c, 0xef, 0xf8, 0x00,
    0x00, 0x09, 0xfd, 0x00, 0x00, 0x00, 0x00, 0xbf,
    0x80, 0x00, 0x04, 0xff, 0x30, 0x00, 0x00, 0x00,
    0x0b, 0xf8, 0x00, 0x00, 0xdf, 0x80, 0x00, 0x00,
    0x00, 0x00, 0xbf, 0x80, 0x00, 0x9f, 0xd0, 0x00,
    0x00, 0x00, 0x00, 0x0b, 0xf8, 0x00, 0x3f, 0xf4,
    0x03, 0xcf, 0xfb, 0x10, 0x00, 0xbf, 0x80, 0x0d,
    0xf9, 0x02, 0xff, 0xff, 0xfb, 0x00, 0x0b, 0xf8,
    0x08, 0xfe, 0x10, 0x08, 0xb2, 0x5f, 0xf0, 0x00,
    0x00, 0x03, 0xff, 0x50, 0x00, 0x00, 0x08, 0xfc,
    0x00, 0x00, 0x00, 0xcf, 0xa0, 0x00, 0x00, 0x05,
    0xff, 0x30, 0x00, 0x00, 0x7f, 0xe1, 0x00, 0x00,
    0x05, 0xff, 0x60, 0x00, 0x00, 0x2f, 0xf5, 0x00,
    0x00, 0x05, 0xff, 0x92, 0x20, 0x00, 0x0c, 0xfb,
    0x00, 0x00, 0x02, 0xff, 0xff, 0xff, 0x20, 0x06,
    0xff, 0x20, 0x00, 0x00, 0x4f, 0xff, 0xff, 0xf2,
    0x00, 0x3c, 0x60, 0x00, 0x00, 0x00, 0x00, 0x00,
    0x00, 0x00, 0x00, 0x00, 0x00, 0x00, 0x00, 0x00,
    0x00, 0x00, 0x00,

    /* U+00BE "¾" */
    0x00, 0x00, 0x00, 0x00, 0x00, 0x00, 0x00, 0x30,
    0x00, 0x00, 0x00, 0x6e, 0xff, 0x90, 0x00, 0x00,
    0x00, 0x4f, 0xc0, 0x00, 0x00, 0x6f, 0xff, 0xff,
    0x80, 0x00, 0x00, 0x0d, 0xfa, 0x00, 0x00, 0x00,
    0x84, 0x0a, 0xf9, 0x00, 0x00, 0x09, 0xfe, 0x10,
    0x00, 0x00, 0x00, 0x8f, 0xff, 0x20, 0x00, 0x03,
    0xff, 0x50, 0x00, 0x00, 0x00, 0x0a, 0xff, 0xf9,
    0x00, 0x00, 0xdf, 0xa0, 0x00, 0x00, 0x00, 0x00,
    0x00, 0x7f, 0xf0, 0x00, 0x8f, 0xe1, 0x04, 0x41,
    0x00, 0x00, 0xc8, 0x28, 0xff, 0x00, 0x3f, 0xf5,
    0x02, 0xff, 0x10, 0x00, 0x5f, 0xff, 0xff, 0x90,
    0x0d, 0xfb, 0x00, 0x7f, 0xb0, 0x00, 0x00, 0x5c,
    0xfe, 0x80, 0x07, 0xfe, 0x10, 0x0c, 0xf6, 0x06,
    0x30, 0x00, 0x00, 0x00, 0x02, 0xff, 0x60, 0x02,
    0xff, 0x13, 0xf9, 0x00, 0x00, 0x00, 0x00, 0xcf,
    0xb0, 0x00, 0x7f, 0xd2, 0xaf, 0xc2, 0x00, 0x00,
    0x00, 0x7f, 0xf1, 0x00, 0x0d, 0xff, 0xff, 0xff,
    0xd0, 0x00, 0x00, 0x2f, 0xf6, 0x00, 0x00, 0xff,
    0xff, 0xff, 0xfd, 0x00, 0x00, 0x0c, 0xfb, 0x00,
    0x00, 0x00, 0x00, 0x0a, 0xf9, 0x00, 0x00, 0x06,
    0xff, 0x20, 0x00, 0x00, 0x00, 0x00, 0xaf, 0x90,
    0x00, 0x00, 0x3c, 0x60, 0x00, 0x00, 0x00, 0x00,
    0x00, 0x00, 0x00, 0x00, 0x00, 0x00, 0x00, 0x00,
    0x00, 0x00, 0x00, 0x00, 0x00,

    /* U+00BF "¿" */
    0x00, 0x00, 0x2c, 0xc3, 0x00, 0x00, 0x00, 0x00,
    0xcf, 0xfe, 0x00, 0x00, 0x00, 0x00, 0xcf, 0xfe,
    0x00, 0x00, 0x00, 0x00, 0x3d, 0xe5, 0x00, 0x00,
    0x00, 0x00, 0x00, 0x00, 0x00, 0x00, 0x00, 0x00,
    0x07, 0xe1, 0x00, 0x00, 0x00, 0x02, 0xcf, 0xfa,
    0x00, 0x00, 0x00, 0x4f, 0xff, 0xf7, 0x00, 0x00,
    0x02, 0xff, 0xfd, 0x20, 0x00, 0x00, 0x0b, 0xff,
    0xb0, 0x00, 0x00, 0x00, 0x0f, 0xff, 0x10, 0x00,
    0x00, 0x00, 0x0f, 0xfe, 0x00, 0x00, 0x18, 0x00,
    0x0e, 0xff, 0x50, 0x03, 0xdf, 0x90, 0x08, 0xff,
    0xfd, 0xef, 0xff, 0xd0, 0x00, 0xcf, 0xff, 0xff,
    0xfc, 0x10, 0x00, 0x07, 0xdf, 0xeb, 0x50, 0x00,

    /* U+00C0 "À" */
    0x00, 0x00, 0x3b, 0x10, 0x00, 0x00, 0x00, 0x00,
    0x00, 0x0c, 0xfd, 0x10, 0x00, 0x00, 0x00, 0x00,
    0x00, 0x1d, 0xfd, 0x20, 0x00, 0x00, 0x00, 0x00,
    0x00, 0x1c, 0xf7, 0x00, 0x00, 0x00, 0x00, 0x00,
    0x00, 0x06, 0x00, 0x00, 0x00, 0x00, 0x00, 0x00,
    0x00, 0x00, 0x00, 0x00, 0x00, 0x00, 0x00, 0x08,
    0xff, 0xf2, 0x00, 0x00, 0x00, 0x00, 0x00, 0xef,
    0xff, 0x80, 0x00, 0x00, 0x00, 0x00, 0x4f, 0xff,
    0xfd, 0x00, 0x00, 0x00, 0x00, 0x09, 0xff, 0xdf,
    0xf3, 0x00, 0x00, 0x00, 0x00, 0xff, 0xd4, 0xff,
    0x80, 0x00, 0x00, 0x00, 0x5f, 0xf8, 0x0e, 0xfe,
    0x00, 0x00, 0x00, 0x0a, 0xff, 0x20, 0x9f, 0xf3,
    0x00, 0x00, 0x00, 0xff, 0xd0, 0x04, 0xff, 0x90,
    0x00, 0x00, 0x6f, 0xf7, 0x00, 0x0e, 0xfe, 0x00,
    0x00, 0x0b, 0xff, 0xdb, 0xbb, 0xff, 0xf4, 0x00,
    0x01, 0xff, 0xff, 0xff, 0xff, 0xff, 0x90, 0x00,
    0x7f, 0xff, 0xff, 0xff, 0xff, 0xfe, 0x00, 0x0c,
    0xff, 0x10, 0x00, 0x00, 0x9f, 0xf4, 0x02, 0xff,
    0xb0, 0x00, 0x00, 0x04, 0xff, 0xa0, 0x8f, 0xf6,
    0x00, 0x00, 0x00, 0x0e, 0xff, 0x00,

    /* U+00C1 "Á" */
    0x00, 0x00, 0x00, 0x00, 0x5a, 0x00, 0x00, 0x00,
    0x00, 0x00, 0x00, 0x6f, 0xf5, 0x00, 0x00, 0x00,
    0x00, 0x00, 0x7f, 0xf7, 0x00, 0x00, 0x00, 0x00,
    0x00, 0x0d, 0xf6, 0x00, 0x00, 0x00, 0x00, 0x00,
    0x00, 0x15, 0x00, 0x00, 0x00, 0x00, 0x00, 0x00,
    0x00, 0x00, 0x00, 0x00, 0x00, 0x00, 0x00, 0x08,
    0xff, 0xf2, 0x00, 0x00, 0x00, 0x00, 0x00, 0xef,
    0xff, 0x80, 0x00, 0x00, 0x00, 0x00, 0x4f, 0xff,
    0xfd, 0x00, 0x00, 0x00, 0x00, 0x09, 0xff, 0xdf,
    0xf3, 0x00, 0x00, 0x00, 0x00, 0xff, 0xd4, 0xff,
    0x80, 0x00, 0x00, 0x00, 0x5f, 0xf8, 0x0e, 0xfe,
    0x00, 0x00, 0x00, 0x0a, 0xff, 0x20, 0x9f, 0xf3,
    0x00, 0x00, 0x00, 0xff, 0xd0, 0x04, 0xff, 0x90,
    0x00, 0x00, 0x6f, 0xf7, 0x00, 0x0e, 0xfe, 0x00,
    0x00, 0x0b, 0xff, 0xdb, 0xbb, 0xff, 0xf4, 0x00,
    0x01, 0xff, 0xff, 0xff, 0xff, 0xff, 0x90, 0x00,
    0x7f, 0xff, 0xff, 0xff, 0xff, 0xfe, 0x00, 0x0c,
    0xff, 0x10, 0x00, 0x00, 0x9f, 0xf4, 0x02, 0xff,
    0xb0, 0x00, 0x00, 0x04, 0xff, 0xa0, 0x8f, 0xf6,
    0x00, 0x00, 0x00, 0x0e, 0xff, 0x00,

    /* U+00C2 "Â" */
    0x00, 0x00, 0x00, 0x4b, 0x00, 0x00, 0x00, 0x00,
    0x00, 0x00, 0x4f, 0xfc, 0x10, 0x00, 0x00, 0x00,
    0x00, 0x5f, 0xff, 0xfd, 0x10, 0x00, 0x00, 0x00,
    0x0a, 0xf7, 0x1c, 0xf4, 0x00, 0x00, 0x00, 0x00,
    0x04, 0x00, 0x03, 0x00, 0x00, 0x00, 0x00, 0x00,
    0x00, 0x00, 0x00, 0x00, 0x00, 0x00, 0x00, 0x08,
    0xff, 0xf2, 0x00, 0x00, 0x00, 0x00, 0x00, 0xef,
    0xff, 0x80, 0x00, 0x00, 0x00, 0x00, 0x4f, 0xff,
    0xfd, 0x00, 0x00, 0x00, 0x00, 0x09, 0xff, 0xdf,
    0xf3, 0x00, 0x00, 0x00, 0x00, 0xff, 0xd4, 0xff,
    0x80, 0x00, 0x00, 0x00, 0x5f, 0xf8, 0x0e, 0xfe,
    0x00, 0x00, 0x00, 0x0a, 0xff, 0x20, 0x9f, 0xf3,
    0x00, 0x00, 0x00, 0xff, 0xd0, 0x04, 0xff, 0x90,
    0x00, 0x00, 0x6f, 0xf7, 0x00, 0x0e, 0xfe, 0x00,
    0x00, 0x0b, 0xff, 0xdb, 0xbb, 0xff, 0xf4, 0x00,
    0x01, 0xff, 0xff, 0xff, 0xff, 0xff, 0x90, 0x00,
    0x7f, 0xff, 0xff, 0xff, 0xff, 0xfe, 0x00, 0x0c,
    0xff, 0x10, 0x00, 0x00, 0x9f, 0xf4, 0x02, 0xff,
    0xb0, 0x00, 0x00, 0x04, 0xff, 0xa0, 0x8f, 0xf6,
    0x00, 0x00, 0x00, 0x0e, 0xff, 0x00,

    /* U+00C3 "Ã" */
    0x00, 0x00, 0x8e, 0xd7, 0x19, 0x91, 0x00, 0x00,
    0x00, 0x6f, 0xff, 0xff, 0xff, 0x20, 0x00, 0x00,
    0x04, 0xd8, 0x4c, 0xff, 0x60, 0x00, 0x00, 0x00,
    0x00, 0x00, 0x01, 0x00, 0x00, 0x00, 0x00, 0x00,
    0x00, 0x00, 0x00, 0x00, 0x00, 0x00, 0x00, 0x00,
    0x8f, 0xff, 0x20, 0x00, 0x00, 0x00, 0x00, 0x0e,
    0xff, 0xf8, 0x00, 0x00, 0x00, 0x00, 0x04, 0xff,
    0xff, 0xd0, 0x00, 0x00, 0x00, 0x00, 0x9f, 0xfd,
    0xff, 0x30, 0x00, 0x00, 0x00, 0x0f, 0xfd, 0x4f,
    0xf8, 0x00, 0x00, 0x00, 0x05, 0xff, 0x80, 0xef,
    0xe0, 0x00, 0x00, 0x00, 0xaf, 0xf2, 0x09, 0xff,
    0x30, 0x00, 0x00, 0x0f, 0xfd, 0x00, 0x4f, 0xf9,
    0x00, 0x00, 0x06, 0xff, 0x70, 0x00, 0xef, 0xe0,
    0x00, 0x00, 0xbf, 0xfd, 0xbb, 0xbf, 0xff, 0x40,
    0x00, 0x1f, 0xff, 0xff, 0xff, 0xff, 0xf9, 0x00,
    0x07, 0xff, 0xff, 0xff, 0xff, 0xff, 0xe0, 0x00,
    0xcf, 0xf1, 0x00, 0x00, 0x09, 0xff, 0x40, 0x2f,
    0xfb, 0x00, 0x00, 0x00, 0x4f, 0xfa, 0x08, 0xff,
    0x60, 0x00, 0x00, 0x00, 0xef, 0xf0,

    /* U+00C4 "Ä" */
    0x00, 0x01, 0xde, 0x40, 0x9f, 0x90, 0x00, 0x00,
    0x00, 0x7f, 0xfb, 0x1f, 0xff, 0x10, 0x00, 0x00,
    0x04, 0xff, 0x80, 0xef, 0xd0, 0x00, 0x00, 0x00,
    0x02, 0x40, 0x01, 0x40, 0x00, 0x00, 0x00, 0x00,
    0x00, 0x00, 0x00, 0x00, 0x00, 0x00, 0x00, 0x00,
    0x8f, 0xff, 0x20, 0x00, 0x00, 0x00, 0x00, 0x0e,
    0xff, 0xf8, 0x00, 0x00, 0x00, 0x00, 0x04, 0xff,
    0xff, 0xd0, 0x00, 0x00, 0x00, 0x00, 0x9f, 0xfd,
    0xff, 0x30, 0x00, 0x00, 0x00, 0x0f, 0xfd, 0x4f,
    0xf8, 0x00, 0x00, 0x00, 0x05, 0xff, 0x80, 0xef,
    0xe0, 0x00, 0x00, 0x00, 0xaf, 0xf2, 0x09, 0xff,
    0x30, 0x00, 0x00, 0x0f, 0xfd, 0x00, 0x4f, 0xf9,
    0x00, 0x00, 0x06, 0xff, 0x70, 0x00, 0xef, 0xe0,
    0x00, 0x00, 0xbf, 0xfd, 0xbb, 0xbf, 0xff, 0x40,
    0x00, 0x1f, 0xff, 0xff, 0xff, 0xff, 0xf9, 0x00,
    0x07, 0xff, 0xff, 0xff, 0xff, 0xff, 0xe0, 0x00,
    0xcf, 0xf1, 0x00, 0x00, 0x09, 0xff, 0x40, 0x2f,
    0xfb, 0x00, 0x00, 0x00, 0x4f, 0xfa, 0x08, 0xff,
    0x60, 0x00, 0x00, 0x00, 0xef, 0xf0,

    /* U+00C5 "Å" */
    0x00, 0x00, 0x00, 0x8a, 0x50, 0x00, 0x00, 0x00,
    0x00, 0x00, 0xcf, 0xff, 0x60, 0x00, 0x00, 0x00,
    0x00, 0x1f, 0xb2, 0xfc, 0x00, 0x00, 0x00, 0x00,
    0x01, 0xfb, 0x2f, 0xc0, 0x00, 0x00, 0x00, 0x00,
    0x0b, 0xff, 0xf5, 0x00, 0x00, 0x00, 0x00, 0x00,
    0x07, 0xa5, 0x00, 0x00, 0x00, 0x00, 0x00, 0x00,
    0x00, 0x00, 0x00, 0x00, 0x00, 0x00, 0x00, 0x8f,
    0xff, 0x20, 0x00, 0x00, 0x00, 0x00, 0x0e, 0xff,
    0xf8, 0x00, 0x00, 0x00, 0x00, 0x04, 0xff, 0xff,
    0xd0, 0x00, 0x00, 0x00, 0x00, 0x9f, 0xfd, 0xff,
    0x30, 0x00, 0x00, 0x00, 0x0f, 0xfd, 0x4f, 0xf8,
    0x00, 0x00, 0x00, 0x05, 0xff, 0x80, 0xef, 0xe0,
    0x00, 0x00, 0x00, 0xaf, 0xf2, 0x09, 0xff, 0x30,
    0x00, 0x00, 0x0f, 0xfd, 0x00, 0x4f, 0xf9, 0x00,
    0x00, 0x06, 0xff, 0x70, 0x00, 0xef, 0xe0, 0x00,
    0x00, 0xbf, 0xfd, 0xbb, 0xbf, 0xff, 0x40, 0x00,
    0x1f, 0xff, 0xff, 0xff, 0xff, 0xf9, 0x00, 0x07,
    0xff, 0xff, 0xff, 0xff, 0xff, 0xe0, 0x00, 0xcf,
    0xf1, 0x00, 0x00, 0x09, 0xff, 0x40, 0x2f, 0xfb,
    0x00, 0x00, 0x00, 0x4f, 0xfa, 0x08, 0xff, 0x60,
    0x00, 0x00, 0x00, 0xef, 0xf0,

    /* U+00C6 "Æ" */
    0x00, 0x00, 0x01, 0xff, 0xff, 0xff, 0xff, 0xff,
    0xf3, 0x00, 0x00, 0x06, 0xff, 0xff, 0xff, 0xff,
    0xff, 0xf3, 0x00, 0x00, 0x0d, 0xff, 0xff, 0xfc,
    0xcc, 0xcc, 0xc2, 0x00, 0x00, 0x3f, 0xfc, 0xbf,
    0xf2, 0x00, 0x00, 0x00, 0x00, 0x00, 0x9f, 0xf6,
    0xaf, 0xf3, 0x00, 0x00, 0x00, 0x00, 0x00, 0xff,
    0xf0, 0x8f, 0xf4, 0x00, 0x00, 0x00, 0x00, 0x06,
    0xff, 0x90, 0x7f, 0xff, 0xcc, 0xcc, 0x50, 0x00,
    0x0c, 0xff, 0x20, 0x5f, 0xff, 0xff, 0xff, 0x70,
    0x00, 0x2f, 0xfc, 0x00, 0x4f, 0xff, 0xff, 0xff,
    0x70, 0x00, 0x9f, 0xff, 0xff, 0xff, 0xfa, 0x00,
    0x00, 0x00, 0x00, 0xef, 0xff, 0xff, 0xff, 0xfb,
    0x00, 0x00, 0x00, 0x05, 0xff, 0xfb, 0xbb, 0xbf,
    0xfd, 0x00, 0x00, 0x00, 0x0b, 0xff, 0x20, 0x00,
    0x0e, 0xff, 0xcc, 0xcc, 0xc7, 0x1f, 0xfc, 0x00,
    0x00, 0x0c, 0xff, 0xff, 0xff, 0xfa, 0x7f, 0xf6,
    0x00, 0x00, 0x0b, 0xff, 0xff, 0xff, 0xfa,

    /* U+00C7 "Ç" */
    0x00, 0x00, 0x28, 0xdf, 0xfe, 0xb5, 0x00, 0x00,
    0x00, 0x08, 0xff, 0xff, 0xff, 0xff, 0xc1, 0x00,
    0x00, 0xaf, 0xff, 0xfd, 0xdf, 0xff, 0xfd, 0x00,
    0x06, 0xff, 0xf9, 0x10, 0x00, 0x5e, 0xff, 0x90,
    0x0e, 0xff, 0x70, 0x00, 0x00, 0x02, 0xea, 0x50,
    0x3f, 0xfe, 0x00, 0x00, 0x00, 0x00, 0x00, 0x00,
    0x6f, 0xf9, 0x00, 0x00, 0x00, 0x00, 0x00, 0x00,
    0x7f, 0xf7, 0x00, 0x00, 0x00, 0x00, 0x00, 0x00,
    0x5f, 0xf9, 0x00, 0x00, 0x00, 0x00, 0x00, 0x00,
    0x3f, 0xfe, 0x00, 0x00, 0x00, 0x00, 0x00, 0x00,
    0x0d, 0xff, 0x70, 0x00, 0x00, 0x02, 0xeb, 0x50,
    0x06, 0xff, 0xf9, 0x10, 0x00, 0x5e, 0xff, 0x90,
    0x00, 0xbf, 0xff, 0xfd, 0xdf, 0xff, 0xfd, 0x00,
    0x00, 0x09, 0xff, 0xff, 0xff, 0xff, 0xc1, 0x00,
    0x00, 0x00, 0x39, 0xdf, 0xfe, 0xb5, 0x00, 0x00,
    0x00, 0x00, 0x00, 0x4f, 0xf4, 0x00, 0x00, 0x00,
    0x00, 0x00, 0x00, 0x38, 0xcf, 0x30, 0x00, 0x00,
    0x00, 0x00, 0x01, 0xb8, 0xcf, 0x40, 0x00, 0x00,
    0x00, 0x00, 0x02, 0xcf, 0xe8, 0x00, 0x00, 0x00,

    /* U+00C8 "È" */
    0x00, 0x4a, 0x00, 0x00, 0x00, 0x00, 0xef, 0xc0,
    0x00, 0x00, 0x00, 0x2e, 0xfc, 0x10, 0x00, 0x00,
    0x01, 0xdf, 0x50, 0x00, 0x00, 0x00, 0x15, 0x00,
    0x00, 0x00, 0x00, 0x00, 0x00, 0x00, 0x8f, 0xff,
    0xff, 0xff, 0xfe, 0x8f, 0xff, 0xff, 0xff, 0xfe,
    0x8f, 0xff, 0xbb, 0xbb, 0xba, 0x8f, 0xf6, 0x00,
    0x00, 0x00, 0x8f, 0xf6, 0x00, 0x00, 0x00, 0x8f,
    0xf6, 0x00, 0x00, 0x00, 0x8f, 0xff, 0xff, 0xff,
    0xa0, 0x8f, 0xff, 0xff, 0xff, 0xa0, 0x8f, 0xff,
    0xcc, 0xcc, 0x70, 0x8f, 0xf6, 0x00, 0x00, 0x00,
    0x8f, 0xf6, 0x00, 0x00, 0x00, 0x8f, 0xf6, 0x00,
    0x00, 0x00, 0x8f, 0xff, 0xcc, 0xcc, 0xca, 0x8f,
    0xff, 0xff, 0xff, 0xfe, 0x8f, 0xff, 0xff, 0xff,
    0xfe,

    /* U+00C9 "É" */
    0x00, 0x00, 0x00, 0x69, 0x00, 0x00, 0x00, 0x07,
    0xff, 0x40, 0x00, 0x00, 0x9f, 0xf6, 0x00, 0x00,
    0x01, 0xef, 0x40, 0x00, 0x00, 0x00, 0x24, 0x00,
    0x00, 0x00, 0x00, 0x00, 0x00, 0x00, 0x8f, 0xff,
    0xff, 0xff, 0xfe, 0x8f, 0xff, 0xff, 0xff, 0xfe,
    0x8f, 0xff, 0xbb, 0xbb, 0xba, 0x8f, 0xf6, 0x00,
    0x00, 0x00, 0x8f, 0xf6, 0x00, 0x00, 0x00, 0x8f,
    0xf6, 0x00, 0x00, 0x00, 0x8f, 0xff, 0xff, 0xff,
    0xa0, 0x8f, 0xff, 0xff, 0xff, 0xa0, 0x8f, 0xff,
    0xcc, 0xcc, 0x70, 0x8f, 0xf6, 0x00, 0x00, 0x00,
    0x8f, 0xf6, 0x00, 0x00, 0x00, 0x8f, 0xf6, 0x00,
    0x00, 0x00, 0x8f, 0xff, 0xcc, 0xcc, 0xca, 0x8f,
    0xff, 0xff, 0xff, 0xfe, 0x8f, 0xff, 0xff, 0xff,
    0xfe,

    /* U+00CA "Ê" */
    0x00, 0x00, 0x5a, 0x00, 0x00, 0x00, 0x06, 0xff,
    0xb0, 0x00, 0x00, 0x7f, 0xff, 0xfc, 0x00, 0x00,
    0xbf, 0x51, 0xde, 0x20, 0x00, 0x03, 0x00, 0x13,
    0x00, 0x00, 0x00, 0x00, 0x00, 0x00, 0x8f, 0xff,
    0xff, 0xff, 0xfe, 0x8f, 0xff, 0xff, 0xff, 0xfe,
    0x8f, 0xff, 0xbb, 0xbb, 0xba, 0x8f, 0xf6, 0x00,
    0x00, 0x00, 0x8f, 0xf6, 0x00, 0x00, 0x00, 0x8f,
    0xf6, 0x00, 0x00, 0x00, 0x8f, 0xff, 0xff, 0xff,
    0xa0, 0x8f, 0xff, 0xff, 0xff, 0xa0, 0x8f, 0xff,
    0xcc, 0xcc, 0x70, 0x8f, 0xf6, 0x00, 0x00, 0x00,
    0x8f, 0xf6, 0x00, 0x00, 0x00, 0x8f, 0xf6, 0x00,
    0x00, 0x00, 0x8f, 0xff, 0xcc, 0xcc, 0xca, 0x8f,
    0xff, 0xff, 0xff, 0xfe, 0x8f, 0xff, 0xff, 0xff,
    0xfe,

    /* U+00CB "Ë" */
    0x02, 0xde, 0x30, 0xbf, 0x70, 0x09, 0xff, 0x93,
    0xff, 0xf0, 0x05, 0xff, 0x61, 0xff, 0xb0, 0x00,
    0x33, 0x00, 0x14, 0x00, 0x00, 0x00, 0x00, 0x00,
    0x00, 0x8f, 0xff, 0xff, 0xff, 0xfe, 0x8f, 0xff,
    0xff, 0xff, 0xfe, 0x8f, 0xff, 0xbb, 0xbb, 0xba,
    0x8f, 0xf6, 0x00, 0x00, 0x00, 0x8f, 0xf6, 0x00,
    0x00, 0x00, 0x8f, 0xf6, 0x00, 0x00, 0x00, 0x8f,
    0xff, 0xff, 0xff, 0xa0, 0x8f, 0xff, 0xff, 0xff,
    0xa0, 0x8f, 0xff, 0xcc, 0xcc, 0x70, 0x8f, 0xf6,
    0x00, 0x00, 0x00, 0x8f, 0xf6, 0x00, 0x00, 0x00,
    0x8f, 0xf6, 0x00, 0x00, 0x00, 0x8f, 0xff, 0xcc,
    0xcc, 0xca, 0x8f, 0xff, 0xff, 0xff, 0xfe, 0x8f,
    0xff, 0xff, 0xff, 0xfe,

    /* U+00CC "Ì" */
    0x08, 0x70, 0x00, 0x3f, 0xf8, 0x00, 0x05, 0xff,
    0xa0, 0x00, 0x4f, 0xe2, 0x00, 0x03, 0x30, 0x00,
    0x00, 0x00, 0x00, 0x8f, 0xf6, 0x00, 0x8f, 0xf6,
    0x00, 0x8f, 0xf6, 0x00, 0x8f, 0xf6, 0x00, 0x8f,
    0xf6, 0x00, 0x8f, 0xf6, 0x00, 0x8f, 0xf6, 0x00,
    0x8f, 0xf6, 0x00, 0x8f, 0xf6, 0x00, 0x8f, 0xf6,
    0x00, 0x8f, 0xf6, 0x00, 0x8f, 0xf6, 0x00, 0x8f,
    0xf6, 0x00, 0x8f, 0xf6, 0x00, 0x8f, 0xf6,

    /* U+00CD "Í" */
    0x00, 0x0a, 0x50, 0x00, 0xbf, 0xe1, 0x1c, 0xfe,
    0x30, 0x4f, 0xe2, 0x00, 0x04, 0x10, 0x00, 0x00,
    0x00, 0x00, 0x8f, 0xf6, 0x00, 0x8f, 0xf6, 0x00,
    0x8f, 0xf6, 0x00, 0x8f, 0xf6, 0x00, 0x8f, 0xf6,
    0x00, 0x8f, 0xf6, 0x00, 0x8f, 0xf6, 0x00, 0x8f,
    0xf6, 0x00, 0x8f, 0xf6, 0x00, 0x8f, 0xf6, 0x00,
    0x8f, 0xf6, 0x00, 0x8f, 0xf6, 0x00, 0x8f, 0xf6,
    0x00, 0x8f, 0xf6, 0x00, 0x8f, 0xf6, 0x00,

    /* U+00CE "Î" */
    0x00, 0x00, 0x00, 0x00, 0x00, 0xa8, 0x00, 0x00,
    0x9f, 0xf7, 0x00, 0x8f, 0xff, 0xf6, 0x09, 0xf4,
    0x6f, 0x70, 0x02, 0x00, 0x30, 0x00, 0x00, 0x00,
    0x00, 0x08, 0xff, 0x60, 0x00, 0x8f, 0xf6, 0x00,
    0x08, 0xff, 0x60, 0x00, 0x8f, 0xf6, 0x00, 0x08,
    0xff, 0x60, 0x00, 0x8f, 0xf6, 0x00, 0x08, 0xff,
    0x60, 0x00, 0x8f, 0xf6, 0x00, 0x08, 0xff, 0x60,
    0x00, 0x8f, 0xf6, 0x00, 0x08, 0xff, 0x60, 0x00,
    0x8f, 0xf6, 0x00, 0x08, 0xff, 0x60, 0x00, 0x8f,
    0xf6, 0x00, 0x08, 0xff, 0x60,

    /* U+00CF "Ï" */
    0x2d, 0xe4, 0x6f, 0xc1, 0x7f, 0xfb, 0xdf, 0xf5,
    0x4f, 0xf8, 0xaf, 0xf2, 0x02, 0x30, 0x04, 0x20,
    0x00, 0x00, 0x00, 0x00, 0x00, 0x8f, 0xf6, 0x00,
    0x00, 0x8f, 0xf6, 0x00, 0x00, 0x8f, 0xf6, 0x00,
    0x00, 0x8f, 0xf6, 0x00, 0x00, 0x8f, 0xf6, 0x00,
    0x00, 0x8f, 0xf6, 0x00, 0x00, 0x8f, 0xf6, 0x00,
    0x00, 0x8f, 0xf6, 0x00, 0x00, 0x8f, 0xf6, 0x00,
    0x00, 0x8f, 0xf6, 0x00, 0x00, 0x8f, 0xf6, 0x00,
    0x00, 0x8f, 0xf6, 0x00, 0x00, 0x8f, 0xf6, 0x00,
    0x00, 0x8f, 0xf6, 0x00, 0x00, 0x8f, 0xf6, 0x00,

    /* U+00D0 "Ð" */
    0x00, 0xff, 0xff, 0xff, 0xdb, 0x50, 0x00, 0x00,
    0x0f, 0xff, 0xff, 0xff, 0xff, 0xc2, 0x00, 0x00,
    0xff, 0xfc, 0xcc, 0xff, 0xff, 0xe1, 0x00, 0x0f,
    0xfe, 0x00, 0x00, 0x5e, 0xff, 0xb0, 0x00, 0xff,
    0xe0, 0x00, 0x00, 0x3f, 0xff, 0x20, 0x0f, 0xfe,
    0x00, 0x00, 0x00, 0xaf, 0xf7, 0x5a, 0xff, 0xfa,
    0xa8, 0x00, 0x06, 0xff, 0x99, 0xff, 0xff, 0xff,
    0xe0, 0x00, 0x4f, 0xfa, 0x9f, 0xff, 0xff, 0xfe,
    0x00, 0x06, 0xff, 0x90, 0x0f, 0xfe, 0x00, 0x00,
    0x00, 0x9f, 0xf7, 0x00, 0xff, 0xe0, 0x00, 0x00,
    0x2f, 0xff, 0x20, 0x0f, 0xfe, 0x00, 0x00, 0x5e,
    0xff, 0xc0, 0x00, 0xff, 0xfc, 0xcc, 0xff, 0xff,
    0xe1, 0x00, 0x0f, 0xff, 0xff, 0xff, 0xff, 0xd2,
    0x00, 0x00, 0xff, 0xff, 0xff, 0xdb, 0x50, 0x00,
    0x00,

    /* U+00D1 "Ñ" */
    0x00, 0x01, 0xbf, 0xc4, 0x1c, 0x60, 0x00, 0x00,
    0x0c, 0xff, 0xff, 0xff, 0xc0, 0x00, 0x00, 0x08,
    0xe4, 0x7e, 0xfd, 0x20, 0x00, 0x00, 0x00, 0x00,
    0x00, 0x10, 0x00, 0x00, 0x00, 0x00, 0x00, 0x00,
    0x00, 0x00, 0x00, 0x8f, 0xf6, 0x00, 0x00, 0x00,
    0x9f, 0xf4, 0x8f, 0xff, 0x30, 0x00, 0x00, 0x9f,
    0xf4, 0x8f, 0xff, 0xd1, 0x00, 0x00, 0x9f, 0xf4,
    0x8f, 0xff, 0xfa, 0x00, 0x00, 0x9f, 0xf4, 0x8f,
    0xff, 0xff, 0x60, 0x00, 0x9f, 0xf4, 0x8f, 0xfc,
    0xff, 0xf3, 0x00, 0x9f, 0xf4, 0x8f, 0xf6, 0xaf,
    0xfd, 0x00, 0x9f, 0xf4, 0x8f, 0xf6, 0x0d, 0xff,
    0xa0, 0x9f, 0xf4, 0x8f, 0xf6, 0x02, 0xff, 0xf6,
    0x9f, 0xf4, 0x8f, 0xf6, 0x00, 0x6f, 0xff, 0xcf,
    0xf4, 0x8f, 0xf6, 0x00, 0x0a, 0xff, 0xff, 0xf4,
    0x8f, 0xf6, 0x00, 0x00, 0xdf, 0xff, 0xf4, 0x8f,
    0xf6, 0x00, 0x00, 0x2f, 0xff, 0xf4, 0x8f, 0xf6,
    0x00, 0x00, 0x06, 0xff, 0xf4, 0x8f, 0xf6, 0x00,
    0x00, 0x00, 0xaf, 0xf4,

    /* U+00D2 "Ò" */
    0x00, 0x00, 0x01, 0x70, 0x00, 0x00, 0x00, 0x00,
    0x00, 0x00, 0x0d, 0xf9, 0x00, 0x00, 0x00, 0x00,
    0x00, 0x00, 0x04, 0xff, 0xa0, 0x00, 0x00, 0x00,
    0x00, 0x00, 0x00, 0x3f, 0xf7, 0x00, 0x00, 0x00,
    0x00, 0x00, 0x00, 0x02, 0x90, 0x00, 0x00, 0x00,
    0x00, 0x00, 0x00, 0x00, 0x00, 0x00, 0x00, 0x00,
    0x00, 0x00, 0x28, 0xce, 0xfe, 0xa5, 0x00, 0x00,
    0x00, 0x08, 0xff, 0xff, 0xff, 0xff, 0xd2, 0x00,
    0x00, 0x9f, 0xff, 0xfe, 0xdf, 0xff, 0xff, 0x20,
    0x05, 0xff, 0xfa, 0x20, 0x00, 0x5e, 0xff, 0xd0,
    0x0e, 0xff, 0x80, 0x00, 0x00, 0x01, 0xef, 0xf5,
    0x3f, 0xfe, 0x00, 0x00, 0x00, 0x00, 0x6f, 0xfb,
    0x6f, 0xf9, 0x00, 0x00, 0x00, 0x00, 0x1f, 0xfe,
    0x7f, 0xf7, 0x00, 0x00, 0x00, 0x00, 0x0f, 0xff,
    0x6f, 0xf9, 0x00, 0x00, 0x00, 0x00, 0x1f, 0xfe,
    0x3f, 0xfe, 0x00, 0x00, 0x00, 0x00, 0x6f, 0xfa,
    0x0d, 0xff, 0x80, 0x00, 0x00, 0x01, 0xef, 0xf5,
    0x05, 0xff, 0xfa, 0x20, 0x00, 0x5e, 0xff, 0xd0,
    0x00, 0x9f, 0xff, 0xfe, 0xef, 0xff, 0xff, 0x20,
    0x00, 0x08, 0xff, 0xff, 0xff, 0xff, 0xd2, 0x00,
    0x00, 0x00, 0x28, 0xcf, 0xfe, 0xb5, 0x00, 0x00,

    /* U+00D3 "Ó" */
    0x00, 0x00, 0x00, 0x00, 0x03, 0x60, 0x00, 0x00,
    0x00, 0x00, 0x00, 0x00, 0x4f, 0xf4, 0x00, 0x00,
    0x00, 0x00, 0x00, 0x04, 0xff, 0xa0, 0x00, 0x00,
    0x00, 0x00, 0x00, 0x1f, 0xf9, 0x00, 0x00, 0x00,
    0x00, 0x00, 0x00, 0x04, 0x70, 0x00, 0x00, 0x00,
    0x00, 0x00, 0x00, 0x00, 0x00, 0x00, 0x00, 0x00,
    0x00, 0x00, 0x28, 0xce, 0xfe, 0xa5, 0x00, 0x00,
    0x00, 0x08, 0xff, 0xff, 0xff, 0xff, 0xd2, 0x00,
    0x00, 0x9f, 0xff, 0xfe, 0xdf, 0xff, 0xff, 0x20,
    0x05, 0xff, 0xfa, 0x20, 0x00, 0x5e, 0xff, 0xd0,
    0x0e, 0xff, 0x80, 0x00, 0x00, 0x01, 0xef, 0xf5,
    0x3f, 0xfe, 0x00, 0x00, 0x00, 0x00, 0x6f, 0xfb,
    0x6f, 0xf9, 0x00, 0x00, 0x00, 0x00, 0x1f, 0xfe,
    0x7f, 0xf7, 0x00, 0x00, 0x00, 0x00, 0x0f, 0xff,
    0x6f, 0xf9, 0x00, 0x00, 0x00, 0x00, 0x1f, 0xfe,
    0x3f, 0xfe, 0x00, 0x00, 0x00, 0x00, 0x6f, 0xfa,
    0x0d, 0xff, 0x80, 0x00, 0x00, 0x01, 0xef, 0xf5,
    0x05, 0xff, 0xfa, 0x20, 0x00, 0x5e, 0xff, 0xd0,
    0x00, 0x9f, 0xff, 0xfe, 0xef, 0xff, 0xff, 0x20,
    0x00, 0x08, 0xff, 0xff, 0xff, 0xff, 0xd2, 0x00,
    0x00, 0x00, 0x28, 0xcf, 0xfe, 0xb5, 0x00, 0x00,

    /* U+00D4 "Ô" */
    0x00, 0x00, 0x00, 0x04, 0xa0, 0x00, 0x00, 0x00,
    0x00, 0x00, 0x00, 0x5f, 0xfb, 0x00, 0x00, 0x00,
    0x00, 0x00, 0x05, 0xff, 0xff, 0xb0, 0x00, 0x00,
    0x00, 0x00, 0x0c, 0xf6, 0x2e, 0xf3, 0x00, 0x00,
    0x00, 0x00, 0x00, 0x40, 0x02, 0x50, 0x00, 0x00,
    0x00, 0x00, 0x00, 0x00, 0x00, 0x00, 0x00, 0x00,
    0x00, 0x00, 0x28, 0xce, 0xfe, 0xa5, 0x00, 0x00,
    0x00, 0x08, 0xff, 0xff, 0xff, 0xff, 0xd2, 0x00,
    0x00, 0x9f, 0xff, 0xfe, 0xdf, 0xff, 0xff, 0x20,
    0x05, 0xff, 0xfa, 0x20, 0x00, 0x5e, 0xff, 0xd0,
    0x0e, 0xff, 0x80, 0x00, 0x00, 0x01, 0xef, 0xf5,
    0x3f, 0xfe, 0x00, 0x00, 0x00, 0x00, 0x6f, 0xfb,
    0x6f, 0xf9, 0x00, 0x00, 0x00, 0x00, 0x1f, 0xfe,
    0x7f, 0xf7, 0x00, 0x00, 0x00, 0x00, 0x0f, 0xff,
    0x6f, 0xf9, 0x00, 0x00, 0x00, 0x00, 0x1f, 0xfe,
    0x3f, 0xfe, 0x00, 0x00, 0x00, 0x00, 0x6f, 0xfa,
    0x0d, 0xff, 0x80, 0x00, 0x00, 0x01, 0xef, 0xf5,
    0x05, 0xff, 0xfa, 0x20, 0x00, 0x5e, 0xff, 0xd0,
    0x00, 0x9f, 0xff, 0xfe, 0xef, 0xff, 0xff, 0x20,
    0x00, 0x08, 0xff, 0xff, 0xff, 0xff, 0xd2, 0x00,
    0x00, 0x00, 0x28, 0xcf, 0xfe, 0xb5, 0x00, 0x00,

    /* U+00D5 "Õ" */
    0x00, 0x00, 0x00, 0x10, 0x00, 0x00, 0x00, 0x00,
    0x00, 0x00, 0x0c, 0xff, 0x83, 0xcb, 0x10, 0x00,
    0x00, 0x00, 0xaf, 0xff, 0xff, 0xfe, 0x00, 0x00,
    0x00, 0x00, 0x3b, 0x42, 0xaf, 0xd3, 0x00, 0x00,
    0x00, 0x00, 0x00, 0x00, 0x00, 0x00, 0x00, 0x00,
    0x00, 0x00, 0x00, 0x00, 0x00, 0x00, 0x00, 0x00,
    0x00, 0x00, 0x28, 0xce, 0xfe, 0xa5, 0x00, 0x00,
    0x00, 0x08, 0xff, 0xff, 0xff, 0xff, 0xd2, 0x00,
    0x00, 0x9f, 0xff, 0xfe, 0xdf, 0xff, 0xff, 0x20,
    0x05, 0xff, 0xfa, 0x20, 0x00, 0x5e, 0xff, 0xd0,
    0x0e, 0xff, 0x80, 0x00, 0x00, 0x01, 0xef, 0xf5,
    0x3f, 0xfe, 0x00, 0x00, 0x00, 0x00, 0x6f, 0xfb,
    0x6f, 0xf9, 0x00, 0x00, 0x00, 0x00, 0x1f, 0xfe,
    0x7f, 0xf7, 0x00, 0x00, 0x00, 0x00, 0x0f, 0xff,
    0x6f, 0xf9, 0x00, 0x00, 0x00, 0x00, 0x1f, 0xfe,
    0x3f, 0xfe, 0x00, 0x00, 0x00, 0x00, 0x6f, 0xfa,
    0x0d, 0xff, 0x80, 0x00, 0x00, 0x01, 0xef, 0xf5,
    0x05, 0xff, 0xfa, 0x20, 0x00, 0x5e, 0xff, 0xd0,
    0x00, 0x9f, 0xff, 0xfe, 0xef, 0xff, 0xff, 0x20,
    0x00, 0x08, 0xff, 0xff, 0xff, 0xff, 0xd2, 0x00,
    0x00, 0x00, 0x28, 0xcf, 0xfe, 0xb5, 0x00, 0x00,

    /* U+00D6 "Ö" */
    0x00, 0x00, 0x2d, 0xe3, 0x0a, 0xf8, 0x00, 0x00,
    0x00, 0x00, 0x8f, 0xfa, 0x3f, 0xff, 0x00, 0x00,
    0x00, 0x00, 0x5f, 0xf7, 0x1e, 0xfc, 0x00, 0x00,
    0x00, 0x00, 0x03, 0x30, 0x01, 0x40, 0x00, 0x00,
    0x00, 0x00, 0x00, 0x00, 0x00, 0x00, 0x00, 0x00,
    0x00, 0x00, 0x28, 0xce, 0xfe, 0xa5, 0x00, 0x00,
    0x00, 0x08, 0xff, 0xff, 0xff, 0xff, 0xd2, 0x00,
    0x00, 0x9f, 0xff, 0xfe, 0xdf, 0xff, 0xff, 0x20,
    0x05, 0xff, 0xfa, 0x20, 0x00, 0x5e, 0xff, 0xd0,
    0x0e, 0xff, 0x80, 0x00, 0x00, 0x01, 0xef, 0xf5,
    0x3f, 0xfe, 0x00, 0x00, 0x00, 0x00, 0x6f, 0xfb,
    0x6f, 0xf9, 0x00, 0x00, 0x00, 0x00, 0x1f, 0xfe,
    0x7f, 0xf7, 0x00, 0x00, 0x00, 0x00, 0x0f, 0xff,
    0x6f, 0xf9, 0x00, 0x00, 0x00, 0x00, 0x1f, 0xfe,
    0x3f, 0xfe, 0x00, 0x00, 0x00, 0x00, 0x6f, 0xfa,
    0x0d, 0xff, 0x80, 0x00, 0x00, 0x01, 0xef, 0xf5,
    0x05, 0xff, 0xfa, 0x20, 0x00, 0x5e, 0xff, 0xd0,
    0x00, 0x9f, 0xff, 0xfe, 0xef, 0xff, 0xff, 0x20,
    0x00, 0x08, 0xff, 0xff, 0xff, 0xff, 0xd2, 0x00,
    0x00, 0x00, 0x28, 0xcf, 0xfe, 0xb5, 0x00, 0x00,

    /* U+00D7 "×" */
    0x01, 0x40, 0x00, 0x00, 0x50, 0x01, 0xdf, 0x40,
    0x00, 0x7f, 0xa0, 0x6f, 0xff, 0x40, 0x7f, 0xff,
    0x30, 0x8f, 0xff, 0xcf, 0xff, 0x40, 0x00, 0x8f,
    0xff, 0xff, 0x40, 0x00, 0x00, 0xff, 0xff, 0x90,
    0x00, 0x00, 0x8f, 0xff, 0xff, 0x40, 0x00, 0x8f,
    0xff, 0xcf, 0xff, 0x40, 0x6f, 0xff, 0x40, 0x8f,
    0xff, 0x31, 0xdf, 0x40, 0x00, 0x8f, 0xa0, 0x01,
    0x40, 0x00, 0x00, 0x50, 0x00,

    /* U+00D8 "Ø" */
    0x00, 0x00, 0x00, 0x00, 0x00, 0x00, 0x15, 0x00,
    0x00, 0x00, 0x28, 0xce, 0xfe, 0xa5, 0xcf, 0xa0,
    0x00, 0x08, 0xff, 0xff, 0xff, 0xff, 0xff, 0xb0,
    0x00, 0x9f, 0xff, 0xfe, 0xdf, 0xff, 0xff, 0x30,
    0x05, 0xff, 0xfa, 0x20, 0x04, 0xff, 0xff, 0xd0,
    0x0e, 0xff, 0x80, 0x00, 0x2e, 0xff, 0xff, 0xf5,
    0x3f, 0xfe, 0x00, 0x00, 0xdf, 0xf7, 0x6f, 0xfb,
    0x6f, 0xf9, 0x00, 0x0a, 0xff, 0xa0, 0x1f, 0xfe,
    0x7f, 0xf7, 0x00, 0x8f, 0xfc, 0x00, 0x0f, 0xff,
    0x6f, 0xf9, 0x05, 0xff, 0xe1, 0x00, 0x1f, 0xfe,
    0x3f, 0xfe, 0x3f, 0xff, 0x30, 0x00, 0x6f, 0xfa,
    0x0d, 0xff, 0xff, 0xf6, 0x00, 0x01, 0xef, 0xf5,
    0x05, 0xff, 0xff, 0xb0, 0x00, 0x5e, 0xff, 0xd0,
    0x00, 0xff, 0xff, 0xfe, 0xef, 0xff, 0xff, 0x20,
    0x06, 0xff, 0xff, 0xff, 0xff, 0xff, 0xd2, 0x00,
    0x04, 0xef, 0x58, 0xcf, 0xfe, 0xb5, 0x00, 0x00,
    0x00, 0x14, 0x00, 0x00, 0x00, 0x00, 0x00, 0x00,

    /* U+00D9 "Ù" */
    0x00, 0x02, 0xb1, 0x00, 0x00, 0x00, 0x00, 0x00,
    0xbf, 0xe2, 0x00, 0x00, 0x00, 0x00, 0x00, 0xcf,
    0xe3, 0x00, 0x00, 0x00, 0x00, 0x00, 0xbf, 0x80,
    0x00, 0x00, 0x00, 0x00, 0x00, 0x60, 0x00, 0x00,
    0x00, 0x00, 0x00, 0x00, 0x00, 0x00, 0x00, 0x9f,
    0xf5, 0x00, 0x00, 0x07, 0xff, 0x69, 0xff, 0x50,
    0x00, 0x00, 0x7f, 0xf6, 0x9f, 0xf5, 0x00, 0x00,
    0x07, 0xff, 0x69, 0xff, 0x50, 0x00, 0x00, 0x7f,
    0xf6, 0x9f, 0xf5, 0x00, 0x00, 0x07, 0xff, 0x69,
    0xff, 0x50, 0x00, 0x00, 0x7f, 0xf6, 0x9f, 0xf5,
    0x00, 0x00, 0x07, 0xff, 0x69, 0xff, 0x50, 0x00,
    0x00, 0x7f, 0xf6, 0x9f, 0xf5, 0x00, 0x00, 0x07,
    0xff, 0x68, 0xff, 0x60, 0x00, 0x00, 0x9f, 0xf5,
    0x6f, 0xfa, 0x00, 0x00, 0x0d, 0xff, 0x32, 0xff,
    0xf6, 0x00, 0x09, 0xff, 0xe0, 0x0a, 0xff, 0xff,
    0xdf, 0xff, 0xf7, 0x00, 0x0c, 0xff, 0xff, 0xff,
    0xfa, 0x00, 0x00, 0x06, 0xbe, 0xfe, 0xb5, 0x00,
    0x00,

    /* U+00DA "Ú" */
    0x00, 0x00, 0x00, 0x03, 0xb0, 0x00, 0x00, 0x00,
    0x00, 0x04, 0xff, 0x70, 0x00, 0x00, 0x00, 0x05,
    0xff, 0x90, 0x00, 0x00, 0x00, 0x00, 0xcf, 0x80,
    0x00, 0x00, 0x00, 0x00, 0x00, 0x50, 0x00, 0x00,
    0x00, 0x00, 0x00, 0x00, 0x00, 0x00, 0x00, 0x9f,
    0xf5, 0x00, 0x00, 0x07, 0xff, 0x69, 0xff, 0x50,
    0x00, 0x00, 0x7f, 0xf6, 0x9f, 0xf5, 0x00, 0x00,
    0x07, 0xff, 0x69, 0xff, 0x50, 0x00, 0x00, 0x7f,
    0xf6, 0x9f, 0xf5, 0x00, 0x00, 0x07, 0xff, 0x69,
    0xff, 0x50, 0x00, 0x00, 0x7f, 0xf6, 0x9f, 0xf5,
    0x00, 0x00, 0x07, 0xff, 0x69, 0xff, 0x50, 0x00,
    0x00, 0x7f, 0xf6, 0x9f, 0xf5, 0x00, 0x00, 0x07,
    0xff, 0x68, 0xff, 0x60, 0x00, 0x00, 0x9f, 0xf5,
    0x6f, 0xfa, 0x00, 0x00, 0x0d, 0xff, 0x32, 0xff,
    0xf6, 0x00, 0x09, 0xff, 0xe0, 0x0a, 0xff, 0xff,
    0xdf, 0xff, 0xf7, 0x00, 0x0c, 0xff, 0xff, 0xff,
    0xfa, 0x00, 0x00, 0x06, 0xbe, 0xfe, 0xb5, 0x00,
    0x00,

    /* U+00DB "Û" */
    0x00, 0x00, 0x03, 0xb1, 0x00, 0x00, 0x00, 0x00,
    0x03, 0xff, 0xd1, 0x00, 0x00, 0x00, 0x04, 0xff,
    0xff, 0xe2, 0x00, 0x00, 0x00, 0x8f, 0x80, 0xbf,
    0x50, 0x00, 0x00, 0x00, 0x40, 0x00, 0x40, 0x00,
    0x00, 0x00, 0x00, 0x00, 0x00, 0x00, 0x00, 0x9f,
    0xf5, 0x00, 0x00, 0x07, 0xff, 0x69, 0xff, 0x50,
    0x00, 0x00, 0x7f, 0xf6, 0x9f, 0xf5, 0x00, 0x00,
    0x07, 0xff, 0x69, 0xff, 0x50, 0x00, 0x00, 0x7f,
    0xf6, 0x9f, 0xf5, 0x00, 0x00, 0x07, 0xff, 0x69,
    0xff, 0x50, 0x00, 0x00, 0x7f, 0xf6, 0x9f, 0xf5,
    0x00, 0x00, 0x07, 0xff, 0x69, 0xff, 0x50, 0x00,
    0x00, 0x7f, 0xf6, 0x9f, 0xf5, 0x00, 0x00, 0x07,
    0xff, 0x68, 0xff, 0x60, 0x00, 0x00, 0x9f, 0xf5,
    0x6f, 0xfa, 0x00, 0x00, 0x0d, 0xff, 0x32, 0xff,
    0xf6, 0x00, 0x09, 0xff, 0xe0, 0x0a, 0xff, 0xff,
    0xdf, 0xff, 0xf7, 0x00, 0x0c, 0xff, 0xff, 0xff,
    0xfa, 0x00, 0x00, 0x06, 0xbe, 0xfe, 0xb5, 0x00,
    0x00,

    /* U+00DC "Ü" */
    0x00, 0x0c, 0xf6, 0x08, 0xfa, 0x00, 0x00, 0x05,
    0xff, 0xd0, 0xff, 0xf2, 0x00, 0x00, 0x2f, 0xfa,
    0x0c, 0xfe, 0x00, 0x00, 0x00, 0x24, 0x00, 0x04,
    0x10, 0x00, 0x00, 0x00, 0x00, 0x00, 0x00, 0x00,
    0x09, 0xff, 0x50, 0x00, 0x00, 0x7f, 0xf6, 0x9f,
    0xf5, 0x00, 0x00, 0x07, 0xff, 0x69, 0xff, 0x50,
    0x00, 0x00, 0x7f, 0xf6, 0x9f, 0xf5, 0x00, 0x00,
    0x07, 0xff, 0x69, 0xff, 0x50, 0x00, 0x00, 0x7f,
    0xf6, 0x9f, 0xf5, 0x00, 0x00, 0x07, 0xff, 0x69,
    0xff, 0x50, 0x00, 0x00, 0x7f, 0xf6, 0x9f, 0xf5,
    0x00, 0x00, 0x07, 0xff, 0x69, 0xff, 0x50, 0x00,
    0x00, 0x7f, 0xf6, 0x8f, 0xf6, 0x00, 0x00, 0x09,
    0xff, 0x56, 0xff, 0xa0, 0x00, 0x00, 0xdf, 0xf3,
    0x2f, 0xff, 0x60, 0x00, 0x9f, 0xfe, 0x00, 0xaf,
    0xff, 0xfd, 0xff, 0xff, 0x70, 0x00, 0xcf, 0xff,
    0xff, 0xff, 0xa0, 0x00, 0x00, 0x6b, 0xef, 0xeb,
    0x50, 0x00,

    /* U+00DD "Ý" */
    0x00, 0x00, 0x00, 0x00, 0x3b, 0x10, 0x00, 0x00,
    0x00, 0x00, 0x04, 0xff, 0x80, 0x00, 0x00, 0x00,
    0x00, 0x5f, 0xf9, 0x00, 0x00, 0x00, 0x00, 0x00,
    0xbf, 0x80, 0x00, 0x00, 0x00, 0x00, 0x00, 0x05,
    0x00, 0x00, 0x00, 0x00, 0x00, 0x00, 0x00, 0x00,
    0x00, 0x00, 0x0c, 0xff, 0x60, 0x00, 0x00, 0x7f,
    0xfb, 0x04, 0xff, 0xd0, 0x00, 0x00, 0xef, 0xf2,
    0x00, 0xcf, 0xf6, 0x00, 0x07, 0xff, 0xa0, 0x00,
    0x3f, 0xfd, 0x00, 0x0e, 0xff, 0x20, 0x00, 0x0b,
    0xff, 0x60, 0x7f, 0xf9, 0x00, 0x00, 0x03, 0xff,
    0xd1, 0xef, 0xf1, 0x00, 0x00, 0x00, 0xaf, 0xfd,
    0xff, 0x90, 0x00, 0x00, 0x00, 0x2f, 0xff, 0xff,
    0x10, 0x00, 0x00, 0x00, 0x0a, 0xff, 0xf8, 0x00,
    0x00, 0x00, 0x00, 0x02, 0xff, 0xf1, 0x00, 0x00,
    0x00, 0x00, 0x00, 0xff, 0xe0, 0x00, 0x00, 0x00,
    0x00, 0x00, 0xff, 0xe0, 0x00, 0x00, 0x00, 0x00,
    0x00, 0xff, 0xe0, 0x00, 0x00, 0x00, 0x00, 0x00,
    0xff, 0xe0, 0x00, 0x00, 0x00, 0x00, 0x00, 0xff,
    0xe0, 0x00, 0x00,

    /* U+00DE "Þ" */
    0x8f, 0xf6, 0x00, 0x00, 0x00, 0x00, 0x8f, 0xf6,
    0x00, 0x00, 0x00, 0x00, 0x8f, 0xff, 0xcb, 0xa8,
    0x20, 0x00, 0x8f, 0xff, 0xff, 0xff, 0xf8, 0x00,
    0x8f, 0xff, 0xff, 0xff, 0xff, 0x60, 0x8f, 0xf6,
    0x00, 0x29, 0xff, 0xe0, 0x8f, 0xf6, 0x00, 0x00,
    0xdf, 0xf3, 0x8f, 0xf6, 0x00, 0x00, 0xaf, 0xf4,
    0x8f, 0xf6, 0x00, 0x00, 0xdf, 0xf3, 0x8f, 0xf6,
    0x00, 0x29, 0xff, 0xe0, 0x8f, 0xff, 0xff, 0xff,
    0xff, 0x70, 0x8f, 0xff, 0xff, 0xff, 0xf8, 0x00,
    0x8f, 0xff, 0xcc, 0xb9, 0x30, 0x00, 0x8f, 0xf6,
    0x00, 0x00, 0x00, 0x00, 0x8f, 0xf6, 0x00, 0x00,
    0x00, 0x00,

    /* U+00DF "ß" */
    0x00, 0x4b, 0xef, 0xe9, 0x20, 0x00, 0x08, 0xff,
    0xff, 0xff, 0xf3, 0x00, 0x3f, 0xff, 0xdb, 0xff,
    0xfc, 0x00, 0x9f, 0xf9, 0x00, 0x2f, 0xff, 0x00,
    0xcf, 0xf2, 0x00, 0x2f, 0xfc, 0x00, 0xdf, 0xf0,
    0x01, 0xdf, 0xe2, 0x00, 0xdf, 0xf0, 0x0b, 0xff,
    0x30, 0x00, 0xdf, 0xf0, 0x0e, 0xff, 0x10, 0x00,
    0xdf, 0xf0, 0x08, 0xff, 0xe3, 0x00, 0xdf, 0xf0,
    0x00, 0x8f, 0xff, 0x40, 0xdf, 0xf0, 0x00, 0x04,
    0xff, 0xe0, 0xdf, 0xf0, 0x15, 0x00, 0x9f, 0xf4,
    0xdf, 0xf2, 0xdf, 0x85, 0xdf, 0xf3, 0xdf, 0xf1,
    0xcf, 0xff, 0xff, 0xc0, 0xdf, 0xf0, 0x07, 0xdf,
    0xd9, 0x10,

    /* U+00E0 "à" */
    0x00, 0x07, 0x10, 0x00, 0x00, 0x00, 0x8f, 0xd1,
    0x00, 0x00, 0x00, 0x1d, 0xfd, 0x20, 0x00, 0x00,
    0x01, 0xcf, 0xc0, 0x00, 0x00, 0x00, 0x09, 0x20,
    0x00, 0x00, 0x00, 0x00, 0x00, 0x00, 0x01, 0x6b,
    0xef, 0xea, 0x20, 0x05, 0xff, 0xff, 0xff, 0xf2,
    0x00, 0xda, 0x77, 0xcf, 0xfa, 0x00, 0x00, 0x20,
    0x1f, 0xfe, 0x01, 0xbf, 0xff, 0xbf, 0xff, 0x0d,
    0xff, 0xff, 0xff, 0xff, 0x4f, 0xfe, 0x20, 0x6f,
    0xff, 0x6f, 0xf9, 0x00, 0x0f, 0xff, 0x3f, 0xff,
    0x63, 0x9f, 0xff, 0x0c, 0xff, 0xff, 0xff, 0xff,
    0x00, 0x8e, 0xfd, 0x88, 0xff,

    /* U+00E1 "á" */
    0x00, 0x00, 0x00, 0x07, 0x00, 0x00, 0x00, 0x01,
    0xcf, 0x90, 0x00, 0x00, 0x1d, 0xfd, 0x20, 0x00,
    0x00, 0xbf, 0xd1, 0x00, 0x00, 0x00, 0x1a, 0x10,
    0x00, 0x00, 0x00, 0x00, 0x00, 0x00, 0x01, 0x6b,
    0xef, 0xea, 0x20, 0x05, 0xff, 0xff, 0xff, 0xf2,
    0x00, 0xda, 0x77, 0xcf, 0xfa, 0x00, 0x00, 0x20,
    0x1f, 0xfe, 0x01, 0xbf, 0xff, 0xbf, 0xff, 0x0d,
    0xff, 0xff, 0xff, 0xff, 0x4f, 0xfe, 0x20, 0x6f,
    0xff, 0x6f, 0xf9, 0x00, 0x0f, 0xff, 0x3f, 0xff,
    0x63, 0x9f, 0xff, 0x0c, 0xff, 0xff, 0xff, 0xff,
    0x00, 0x8e, 0xfd, 0x88, 0xff,

    /* U+00E2 "â" */
    0x00, 0x00, 0x1b, 0x20, 0x00, 0x00, 0x01, 0xdf,
    0xe2, 0x00, 0x00, 0x2d, 0xff, 0xfe, 0x30, 0x00,
    0x6f, 0xb0, 0xaf, 0x90, 0x00, 0x05, 0x00, 0x07,
    0x00, 0x00, 0x00, 0x00, 0x00, 0x00, 0x01, 0x6b,
    0xef, 0xea, 0x20, 0x05, 0xff, 0xff, 0xff, 0xf2,
    0x00, 0xda, 0x77, 0xcf, 0xfa, 0x00, 0x00, 0x20,
    0x1f, 0xfe, 0x01, 0xbf, 0xff, 0xbf, 0xff, 0x0d,
    0xff, 0xff, 0xff, 0xff, 0x4f, 0xfe, 0x20, 0x6f,
    0xff, 0x6f, 0xf9, 0x00, 0x0f, 0xff, 0x3f, 0xff,
    0x63, 0x9f, 0xff, 0x0c, 0xff, 0xff, 0xff, 0xff,
    0x00, 0x8e, 0xfd, 0x88, 0xff,

    /* U+00E3 "ã" */
    0x00, 0x5e, 0xe9, 0x16, 0xb3, 0x02, 0xff, 0xff,
    0xff, 0xf6, 0x02, 0xbb, 0x4a, 0xff, 0x90, 0x00,
    0x00, 0x00, 0x11, 0x00, 0x00, 0x00, 0x00, 0x00,
    0x00, 0x01, 0x6b, 0xef, 0xea, 0x20, 0x05, 0xff,
    0xff, 0xff, 0xf2, 0x00, 0xda, 0x77, 0xcf, 0xfa,
    0x00, 0x00, 0x20, 0x1f, 0xfe, 0x01, 0xbf, 0xff,
    0xbf, 0xff, 0x0d, 0xff, 0xff, 0xff, 0xff, 0x4f,
    0xfe, 0x20, 0x6f, 0xff, 0x6f, 0xf9, 0x00, 0x0f,
    0xff, 0x3f, 0xff, 0x63, 0x9f, 0xff, 0x0c, 0xff,
    0xff, 0xff, 0xff, 0x00, 0x8e, 0xfd, 0x88, 0xff,

    /* U+00E4 "ä" */
    0x00, 0xaf, 0x80, 0x6f, 0xc0, 0x02, 0xff, 0xf0,
    0xdf, 0xf5, 0x00, 0xef, 0xc0, 0xaf, 0xf2, 0x00,
    0x14, 0x00, 0x04, 0x10, 0x01, 0x6b, 0xef, 0xea,
    0x20, 0x05, 0xff, 0xff, 0xff, 0xf2, 0x00, 0xda,
    0x77, 0xcf, 0xfa, 0x00, 0x00, 0x20, 0x1f, 0xfe,
    0x01, 0xbf, 0xff, 0xbf, 0xff, 0x0d, 0xff, 0xff,
    0xff, 0xff, 0x4f, 0xfe, 0x20, 0x6f, 0xff, 0x6f,
    0xf9, 0x00, 0x0f, 0xff, 0x3f, 0xff, 0x63, 0x9f,
    0xff, 0x0c, 0xff, 0xff, 0xff, 0xff, 0x00, 0x8e,
    0xfd, 0x88, 0xff,

    /* U+00E5 "å" */
    0x00, 0x00, 0x6a, 0x70, 0x00, 0x00, 0x07, 0xff,
    0xfa, 0x00, 0x00, 0x0d, 0xe1, 0xdf, 0x00, 0x00,
    0x0d, 0xe1, 0xdf, 0x00, 0x00, 0x06, 0xff, 0xf9,
    0x00, 0x00, 0x00, 0x5a, 0x70, 0x00, 0x00, 0x00,
    0x00, 0x00, 0x00, 0x01, 0x6b, 0xef, 0xea, 0x20,
    0x05, 0xff, 0xff, 0xff, 0xf2, 0x00, 0xda, 0x77,
    0xcf, 0xfa, 0x00, 0x00, 0x20, 0x1f, 0xfe, 0x01,
    0xbf, 0xff, 0xbf, 0xff, 0x0d, 0xff, 0xff, 0xff,
    0xff, 0x4f, 0xfe, 0x20, 0x6f, 0xff, 0x6f, 0xf9,
    0x00, 0x0f, 0xff, 0x3f, 0xff, 0x63, 0x9f, 0xff,
    0x0c, 0xff, 0xff, 0xff, 0xff, 0x00, 0x8e, 0xfd,
    0x88, 0xff,

    /* U+00E6 "æ" */
    0x01, 0x6b, 0xef, 0xe9, 0x14, 0xbe, 0xfc, 0x60,
    0x00, 0x5f, 0xff, 0xff, 0xff, 0xff, 0xff, 0xff,
    0x90, 0x00, 0xda, 0x77, 0xcf, 0xff, 0xe8, 0x7e,
    0xff, 0x40, 0x00, 0x02, 0x01, 0xff, 0xf2, 0x00,
    0x2f, 0xf9, 0x01, 0xbf, 0xff, 0xbf, 0xff, 0xff,
    0xff, 0xff, 0xb0, 0xdf, 0xff, 0xff, 0xff, 0xff,
    0xff, 0xff, 0xfc, 0x4f, 0xfe, 0x20, 0x5f, 0xff,
    0x00, 0x00, 0x00, 0x06, 0xff, 0xa0, 0x00, 0xff,
    0xf1, 0x00, 0x0a, 0xa1, 0x4f, 0xff, 0x63, 0x9f,
    0xff, 0xd5, 0x39, 0xff, 0x70, 0xcf, 0xff, 0xff,
    0xe9, 0xff, 0xff, 0xff, 0xb0, 0x00, 0x8d, 0xfe,
    0xa2, 0x04, 0xbe, 0xfd, 0x60, 0x00,

    /* U+00E7 "ç" */
    0x00, 0x06, 0xce, 0xfc, 0x60, 0x00, 0x0c, 0xff,
    0xff, 0xff, 0xb0, 0x09, 0xff, 0xfd, 0xdf, 0xff,
    0x81, 0xff, 0xf5, 0x00, 0x4f, 0xc5, 0x4f, 0xfa,
    0x00, 0x00, 0x10, 0x06, 0xff, 0x80, 0x00, 0x00,
    0x00, 0x4f, 0xfb, 0x00, 0x00, 0x20, 0x01, 0xff,
    0xf5, 0x00, 0x4f, 0xc6, 0x09, 0xff, 0xfe, 0xef,
    0xff, 0x80, 0x0c, 0xff, 0xff, 0xff, 0xb0, 0x00,
    0x06, 0xdf, 0xfc, 0x60, 0x00, 0x00, 0x06, 0xfd,
    0x30, 0x00, 0x00, 0x00, 0x58, 0xdf, 0x10, 0x00,
    0x00, 0x3b, 0x8d, 0xf1, 0x00, 0x00, 0x04, 0xcf,
    0xe6, 0x00, 0x00,

    /* U+00E8 "è" */
    0x00, 0x04, 0x40, 0x00, 0x00, 0x00, 0x00, 0x3f,
    0xf5, 0x00, 0x00, 0x00, 0x00, 0x08, 0xff, 0x60,
    0x00, 0x00, 0x00, 0x00, 0x7f, 0xf2, 0x00, 0x00,
    0x00, 0x00, 0x06, 0x60, 0x00, 0x00, 0x00, 0x00,
    0x00, 0x00, 0x00, 0x00, 0x00, 0x07, 0xcf, 0xec,
    0x60, 0x00, 0x00, 0xcf, 0xff, 0xff, 0xfb, 0x00,
    0x0a, 0xff, 0xa5, 0x5b, 0xff, 0x80, 0x1f, 0xfb,
    0x00, 0x00, 0xcf, 0xe0, 0x4f, 0xff, 0xff, 0xff,
    0xff, 0xf2, 0x6f, 0xff, 0xff, 0xff, 0xff, 0xf4,
    0x4f, 0xf8, 0x22, 0x22, 0x22, 0x20, 0x1f, 0xfb,
    0x00, 0x00, 0x8a, 0x10, 0x0a, 0xff, 0xb6, 0x5a,
    0xff, 0xa0, 0x01, 0xdf, 0xff, 0xff, 0xfc, 0x10,
    0x00, 0x07, 0xdf, 0xfc, 0x70, 0x00,

    /* U+00E9 "é" */
    0x00, 0x00, 0x00, 0x06, 0x20, 0x00, 0x00, 0x00,
    0x00, 0x7f, 0xe1, 0x00, 0x00, 0x00, 0x08, 0xff,
    0x60, 0x00, 0x00, 0x00, 0x5f, 0xf5, 0x00, 0x00,
    0x00, 0x00, 0x08, 0x40, 0x00, 0x00, 0x00, 0x00,
    0x00, 0x00, 0x00, 0x00, 0x00, 0x07, 0xcf, 0xec,
    0x60, 0x00, 0x00, 0xcf, 0xff, 0xff, 0xfb, 0x00,
    0x0a, 0xff, 0xa5, 0x5b, 0xff, 0x80, 0x1f, 0xfb,
    0x00, 0x00, 0xcf, 0xe0, 0x4f, 0xff, 0xff, 0xff,
    0xff, 0xf2, 0x6f, 0xff, 0xff, 0xff, 0xff, 0xf4,
    0x4f, 0xf8, 0x22, 0x22, 0x22, 0x20, 0x1f, 0xfb,
    0x00, 0x00, 0x8a, 0x10, 0x0a, 0xff, 0xb6, 0x5a,
    0xff, 0xa0, 0x01, 0xdf, 0xff, 0xff, 0xfc, 0x10,
    0x00, 0x07, 0xdf, 0xfc, 0x70, 0x00,

    /* U+00EA "ê" */
    0x00, 0x00, 0x08, 0x60, 0x00, 0x00, 0x00, 0x00,
    0x9f, 0xf7, 0x00, 0x00, 0x00, 0x0a, 0xff, 0xff,
    0x70, 0x00, 0x00, 0x2e, 0xe2, 0x5f, 0xd0, 0x00,
    0x00, 0x02, 0x20, 0x05, 0x20, 0x00, 0x00, 0x00,
    0x00, 0x00, 0x00, 0x00, 0x00, 0x07, 0xcf, 0xec,
    0x60, 0x00, 0x00, 0xcf, 0xff, 0xff, 0xfb, 0x00,
    0x0a, 0xff, 0xa5, 0x5b, 0xff, 0x80, 0x1f, 0xfb,
    0x00, 0x00, 0xcf, 0xe0, 0x4f, 0xff, 0xff, 0xff,
    0xff, 0xf2, 0x6f, 0xff, 0xff, 0xff, 0xff, 0xf4,
    0x4f, 0xf8, 0x22, 0x22, 0x22, 0x20, 0x1f, 0xfb,
    0x00, 0x00, 0x8a, 0x10, 0x0a, 0xff, 0xb6, 0x5a,
    0xff, 0xa0, 0x01, 0xdf, 0xff, 0xff, 0xfc, 0x10,
    0x00, 0x07, 0xdf, 0xfc, 0x70, 0x00,

    /* U+00EB "ë" */
    0x00, 0x5e, 0xc1, 0x2d, 0xe4, 0x00, 0x00, 0xcf,
    0xf6, 0x7f, 0xfb, 0x00, 0x00, 0x9f, 0xf3, 0x4f,
    0xf7, 0x00, 0x00, 0x04, 0x20, 0x02, 0x30, 0x00,
    0x00, 0x07, 0xcf, 0xec, 0x60, 0x00, 0x00, 0xcf,
    0xff, 0xff, 0xfb, 0x00, 0x0a, 0xff, 0xa5, 0x5b,
    0xff, 0x80, 0x1f, 0xfb, 0x00, 0x00, 0xcf, 0xe0,
    0x4f, 0xff, 0xff, 0xff, 0xff, 0xf2, 0x6f, 0xff,
    0xff, 0xff, 0xff, 0xf4, 0x4f, 0xf8, 0x22, 0x22,
    0x22, 0x20, 0x1f, 0xfb, 0x00, 0x00, 0x8a, 0x10,
    0x0a, 0xff, 0xb6, 0x5a, 0xff, 0xa0, 0x01, 0xdf,
    0xff, 0xff, 0xfc, 0x10, 0x00, 0x07, 0xdf, 0xfc,
    0x70, 0x00,

    /* U+00EC "ì" */
    0x0a, 0x40, 0x00, 0x6f, 0xf5, 0x00, 0x08, 0xff,
    0x60, 0x00, 0x7f, 0xd0, 0x00, 0x05, 0x10, 0x00,
    0x00, 0x00, 0x00, 0xbf, 0xf2, 0x00, 0xbf, 0xf2,
    0x00, 0xbf, 0xf2, 0x00, 0xbf, 0xf2, 0x00, 0xbf,
    0xf2, 0x00, 0xbf, 0xf2, 0x00, 0xbf, 0xf2, 0x00,
    0xbf, 0xf2, 0x00, 0xbf, 0xf2, 0x00, 0xbf, 0xf2,
    0x00, 0xbf, 0xf2,

    /* U+00ED "í" */
    0x00, 0x1b, 0x20, 0x01, 0xdf, 0xc0, 0x2e, 0xfc,
    0x10, 0x7f, 0xc0, 0x00, 0x06, 0x00, 0x00, 0x00,
    0x00, 0x00, 0xbf, 0xf2, 0x00, 0xbf, 0xf2, 0x00,
    0xbf, 0xf2, 0x00, 0xbf, 0xf2, 0x00, 0xbf, 0xf2,
    0x00, 0xbf, 0xf2, 0x00, 0xbf, 0xf2, 0x00, 0xbf,
    0xf2, 0x00, 0xbf, 0xf2, 0x00, 0xbf, 0xf2, 0x00,
    0xbf, 0xf2, 0x00,

    /* U+00EE "î" */
    0x00, 0x00, 0x00, 0x00, 0x01, 0xd5, 0x00, 0x00,
    0xcf, 0xf4, 0x00, 0xbf, 0xff, 0xf3, 0x0b, 0xe1,
    0xaf, 0x40, 0x02, 0x00, 0x30, 0x00, 0x00, 0x00,
    0x00, 0x0b, 0xff, 0x20, 0x00, 0xbf, 0xf2, 0x00,
    0x0b, 0xff, 0x20, 0x00, 0xbf, 0xf2, 0x00, 0x0b,
    0xff, 0x20, 0x00, 0xbf, 0xf2, 0x00, 0x0b, 0xff,
    0x20, 0x00, 0xbf, 0xf2, 0x00, 0x0b, 0xff, 0x20,
    0x00, 0xbf, 0xf2, 0x00, 0x0b, 0xff, 0x20,

    /* U+00EF "ï" */
    0x4e, 0xd2, 0x9f, 0xa0, 0xbf, 0xf9, 0xff, 0xf2,
    0x7f, 0xf4, 0xdf, 0xe0, 0x03, 0x20, 0x04, 0x10,
    0x00, 0xbf, 0xf2, 0x00, 0x00, 0xbf, 0xf2, 0x00,
    0x00, 0xbf, 0xf2, 0x00, 0x00, 0xbf, 0xf2, 0x00,
    0x00, 0xbf, 0xf2, 0x00, 0x00, 0xbf, 0xf2, 0x00,
    0x00, 0xbf, 0xf2, 0x00, 0x00, 0xbf, 0xf2, 0x00,
    0x00, 0xbf, 0xf2, 0x00, 0x00, 0xbf, 0xf2, 0x00,
    0x00, 0xbf, 0xf2, 0x00,

    /* U+00F0 "ð" */
    0x00, 0x3b, 0x71, 0x06, 0x90, 0x00, 0x00, 0xbf,
    0xff, 0xff, 0xf3, 0x00, 0x00, 0x7c, 0xff, 0xff,
    0x90, 0x00, 0x00, 0x01, 0xef, 0xff, 0xf4, 0x00,
    0x00, 0x06, 0xfd, 0x6e, 0xfe, 0x10, 0x00, 0x00,
    0x60, 0x03, 0xff, 0x90, 0x00, 0x08, 0xdf, 0xd8,
    0xaf, 0xf0, 0x01, 0xdf, 0xff, 0xff, 0xff, 0xf4,
    0x09, 0xff, 0xfc, 0xcf, 0xff, 0xf7, 0x0f, 0xff,
    0x40, 0x02, 0xef, 0xf8, 0x2f, 0xfb, 0x00, 0x00,
    0x7f, 0xf7, 0x2f, 0xfb, 0x00, 0x00, 0x7f, 0xf5,
    0x0f, 0xff, 0x20, 0x01, 0xdf, 0xf0, 0x08, 0xff,
    0xfa, 0x9e, 0xff, 0x80, 0x00, 0xcf, 0xff, 0xff,
    0xfb, 0x00, 0x00, 0x06, 0xcf, 0xfc, 0x60, 0x00,

    /* U+00F1 "ñ" */
    0x00, 0xaf, 0xd5, 0x1b, 0x70, 0x00, 0x9f, 0xff,
    0xff, 0xfe, 0x00, 0x06, 0xe6, 0x6d, 0xfe, 0x40,
    0x00, 0x00, 0x00, 0x01, 0x00, 0x00, 0x00, 0x00,
    0x00, 0x00, 0x00, 0x0c, 0xf8, 0x18, 0xdf, 0xe8,
    0x00, 0xcf, 0xff, 0xff, 0xff, 0xf7, 0x0c, 0xff,
    0xff, 0xef, 0xff, 0xd0, 0xcf, 0xfd, 0x20, 0x1f,
    0xff, 0x0c, 0xff, 0x20, 0x00, 0xdf, 0xf0, 0xcf,
    0xf1, 0x00, 0x0d, 0xff, 0x0c, 0xff, 0x10, 0x00,
    0xdf, 0xf0, 0xcf, 0xf1, 0x00, 0x0d, 0xff, 0x0c,
    0xff, 0x10, 0x00, 0xdf, 0xf0, 0xcf, 0xf1, 0x00,
    0x0d, 0xff, 0x0c, 0xff, 0x10, 0x00, 0xdf, 0xf0,

    /* U+00F2 "ò" */
    0x00, 0x02, 0x60, 0x00, 0x00, 0x00, 0x00, 0x0e,
    0xf8, 0x00, 0x00, 0x00, 0x00, 0x05, 0xff, 0x90,
    0x00, 0x00, 0x00, 0x00, 0x4f, 0xf6, 0x00, 0x00,
    0x00, 0x00, 0x03, 0x90, 0x00, 0x00, 0x00, 0x00,
    0x00, 0x00, 0x00, 0x00, 0x00, 0x05, 0xce, 0xfd,
    0x81, 0x00, 0x00, 0xbf, 0xff, 0xff, 0xfe, 0x30,
    0x09, 0xff, 0xfe, 0xdf, 0xff, 0xe1, 0x1f, 0xff,
    0x60, 0x02, 0xdf, 0xf7, 0x4f, 0xfb, 0x00, 0x00,
    0x5f, 0xfb, 0x6f, 0xf9, 0x00, 0x00, 0x2f, 0xfc,
    0x4f, 0xfc, 0x00, 0x00, 0x5f, 0xfb, 0x1f, 0xff,
    0x60, 0x02, 0xdf, 0xf7, 0x09, 0xff, 0xfe, 0xdf,
    0xff, 0xe1, 0x00, 0xbf, 0xff, 0xff, 0xfe, 0x30,
    0x00, 0x06, 0xce, 0xfd, 0x81, 0x00,

    /* U+00F3 "ó" */
    0x00, 0x00, 0x00, 0x03, 0x50, 0x00, 0x00, 0x00,
    0x00, 0x4f, 0xf4, 0x00, 0x00, 0x00, 0x05, 0xff,
    0x90, 0x00, 0x00, 0x00, 0x1f, 0xf8, 0x00, 0x00,
    0x00, 0x00, 0x05, 0x70, 0x00, 0x00, 0x00, 0x00,
    0x00, 0x00, 0x00, 0x00, 0x00, 0x05, 0xce, 0xfd,
    0x81, 0x00, 0x00, 0xbf, 0xff, 0xff, 0xfe, 0x30,
    0x09, 0xff, 0xfe, 0xdf, 0xff, 0xe1, 0x1f, 0xff,
    0x60, 0x02, 0xdf, 0xf7, 0x4f, 0xfb, 0x00, 0x00,
    0x5f, 0xfb, 0x6f, 0xf9, 0x00, 0x00, 0x2f, 0xfc,
    0x4f, 0xfc, 0x00, 0x00, 0x5f, 0xfb, 0x1f, 0xff,
    0x60, 0x02, 0xdf, 0xf7, 0x09, 0xff, 0xfe, 0xdf,
    0xff, 0xe1, 0x00, 0xbf, 0xff, 0xff, 0xfe, 0x30,
    0x00, 0x06, 0xce, 0xfd, 0x81, 0x00,

    /* U+00F4 "ô" */
    0x00, 0x00, 0x05, 0x90, 0x00, 0x00, 0x00, 0x00,
    0x5f, 0xfa, 0x00, 0x00, 0x00, 0x06, 0xff, 0xff,
    0xb0, 0x00, 0x00, 0x0c, 0xf6, 0x2e, 0xf3, 0x00,
    0x00, 0x00, 0x40, 0x02, 0x40, 0x00, 0x00, 0x00,
    0x00, 0x00, 0x00, 0x00, 0x00, 0x05, 0xce, 0xfd,
    0x81, 0x00, 0x00, 0xbf, 0xff, 0xff, 0xfe, 0x30,
    0x09, 0xff, 0xfe, 0xdf, 0xff, 0xe1, 0x1f, 0xff,
    0x60, 0x02, 0xdf, 0xf7, 0x4f, 0xfb, 0x00, 0x00,
    0x5f, 0xfb, 0x6f, 0xf9, 0x00, 0x00, 0x2f, 0xfc,
    0x4f, 0xfc, 0x00, 0x00, 0x5f, 0xfb, 0x1f, 0xff,
    0x60, 0x02, 0xdf, 0xf7, 0x09, 0xff, 0xfe, 0xdf,
    0xff, 0xe1, 0x00, 0xbf, 0xff, 0xff, 0xfe, 0x30,
    0x00, 0x06, 0xce, 0xfd, 0x81, 0x00,

    /* U+00F5 "õ" */
    0x00, 0x09, 0xfd, 0x61, 0xb8, 0x00, 0x00, 0x8f,
    0xff, 0xff, 0xff, 0x10, 0x00, 0x6e, 0x65, 0xdf,
    0xe4, 0x00, 0x00, 0x00, 0x00, 0x01, 0x00, 0x00,
    0x00, 0x00, 0x00, 0x00, 0x00, 0x00, 0x00, 0x05,
    0xce, 0xfd, 0x81, 0x00, 0x00, 0xbf, 0xff, 0xff,
    0xfe, 0x30, 0x09, 0xff, 0xfe, 0xdf, 0xff, 0xe1,
    0x1f, 0xff, 0x60, 0x02, 0xdf, 0xf7, 0x4f, 0xfb,
    0x00, 0x00, 0x5f, 0xfb, 0x6f, 0xf9, 0x00, 0x00,
    0x2f, 0xfc, 0x4f, 0xfc, 0x00, 0x00, 0x5f, 0xfb,
    0x1f, 0xff, 0x60, 0x02, 0xdf, 0xf7, 0x09, 0xff,
    0xfe, 0xdf, 0xff, 0xe1, 0x00, 0xbf, 0xff, 0xff,
    0xfe, 0x30, 0x00, 0x06, 0xce, 0xfd, 0x81, 0x00,

    /* U+00F6 "ö" */
    0x00, 0x2d, 0xe3, 0x0b, 0xf7, 0x00, 0x00, 0x9f,
    0xf9, 0x3f, 0xff, 0x00, 0x00, 0x5f, 0xf6, 0x1e,
    0xfb, 0x00, 0x00, 0x03, 0x30, 0x01, 0x40, 0x00,
    0x00, 0x05, 0xce, 0xfd, 0x81, 0x00, 0x00, 0xbf,
    0xff, 0xff, 0xfe, 0x30, 0x09, 0xff, 0xfe, 0xdf,
    0xff, 0xe1, 0x1f, 0xff, 0x60, 0x02, 0xdf, 0xf7,
    0x4f, 0xfb, 0x00, 0x00, 0x5f, 0xfb, 0x6f, 0xf9,
    0x00, 0x00, 0x2f, 0xfc, 0x4f, 0xfc, 0x00, 0x00,
    0x5f, 0xfb, 0x1f, 0xff, 0x60, 0x02, 0xdf, 0xf7,
    0x09, 0xff, 0xfe, 0xdf, 0xff, 0xe1, 0x00, 0xbf,
    0xff, 0xff, 0xfe, 0x30, 0x00, 0x06, 0xce, 0xfd,
    0x81, 0x00,

    /* U+00F7 "÷" */
    0x00, 0x00, 0x2c, 0xfa, 0x00, 0x00, 0x00, 0x00,
    0xaf, 0xff, 0x40, 0x00, 0x00, 0x00, 0x9f, 0xff,
    0x30, 0x00, 0x00, 0x00, 0x08, 0xb6, 0x00, 0x00,
    0x1b, 0xbb, 0xbb, 0xbb, 0xbb, 0xba, 0x2f, 0xff,
    0xff, 0xff, 0xff, 0xff, 0x2f, 0xff, 0xff, 0xff,
    0xff, 0xff, 0x00, 0x00, 0x00, 0x00, 0x00, 0x00,
    0x00, 0x00, 0x08, 0xb6, 0x00, 0x00, 0x00, 0x00,
    0x9f, 0xff, 0x30, 0x00, 0x00, 0x00, 0xaf, 0xff,
    0x40, 0x00, 0x00, 0x00, 0x2c, 0xfa, 0x00, 0x00,

    /* U+00F8 "ø" */
    0x00, 0x00, 0x00, 0x00, 0x04, 0x20, 0x00, 0x04,
    0xbe, 0xfd, 0xbf, 0xf2, 0x00, 0x9f, 0xff, 0xff,
    0xff, 0xf0, 0x06, 0xff, 0xfa, 0x9f, 0xff, 0xf2,
    0x0e, 0xff, 0x20, 0x7f, 0xff, 0xf9, 0x2f, 0xf8,
    0x04, 0xff, 0x5e, 0xfd, 0x3f, 0xf6, 0x1e, 0xf8,
    0x0b, 0xfe, 0x2f, 0xf9, 0xcf, 0xc0, 0x0d, 0xfd,
    0x0e, 0xff, 0xfe, 0x10, 0x7f, 0xf9, 0x06, 0xff,
    0xfe, 0x9c, 0xff, 0xf2, 0x03, 0xff, 0xff, 0xff,
    0xff, 0x50, 0x05, 0xfe, 0xbe, 0xfd, 0x92, 0x00,
    0x00, 0x20, 0x00, 0x00, 0x00, 0x00,

    /* U+00F9 "ù" */
    0x00, 0x78, 0x00, 0x00, 0x00, 0x02, 0xff, 0x90,
    0x00, 0x00, 0x00, 0x4f, 0xfa, 0x00, 0x00, 0x00,
    0x03, 0xef, 0x30, 0x00, 0x00, 0x00, 0x24, 0x00,
    0x00, 0x00, 0x00, 0x00, 0x00, 0x00, 0xef, 0xf0,
    0x00, 0x0f, 0xff, 0xef, 0xf0, 0x00, 0x0f, 0xff,
    0xef, 0xf0, 0x00, 0x0f, 0xff, 0xef, 0xf0, 0x00,
    0x0f, 0xff, 0xef, 0xf0, 0x00, 0x0f, 0xff, 0xef,
    0xf0, 0x00, 0x0f, 0xff, 0xef, 0xf0, 0x00, 0x0f,
    0xff, 0xdf, 0xf3, 0x01, 0x9f, 0xff, 0xaf, 0xff,
    0xef, 0xff, 0xff, 0x4f, 0xff, 0xff, 0xff, 0xff,
    0x05, 0xdf, 0xea, 0x25, 0xff,

    /* U+00FA "ú" */
    0x00, 0x00, 0x00, 0x86, 0x00, 0x00, 0x00, 0x0a,
    0xff, 0x10, 0x00, 0x00, 0xbf, 0xf3, 0x00, 0x00,
    0x03, 0xfe, 0x30, 0x00, 0x00, 0x00, 0x42, 0x00,
    0x00, 0x00, 0x00, 0x00, 0x00, 0x00, 0xef, 0xf0,
    0x00, 0x0f, 0xff, 0xef, 0xf0, 0x00, 0x0f, 0xff,
    0xef, 0xf0, 0x00, 0x0f, 0xff, 0xef, 0xf0, 0x00,
    0x0f, 0xff, 0xef, 0xf0, 0x00, 0x0f, 0xff, 0xef,
    0xf0, 0x00, 0x0f, 0xff, 0xef, 0xf0, 0x00, 0x0f,
    0xff, 0xdf, 0xf3, 0x01, 0x9f, 0xff, 0xaf, 0xff,
    0xef, 0xff, 0xff, 0x4f, 0xff, 0xff, 0xff, 0xff,
    0x05, 0xdf, 0xea, 0x25, 0xff,

    /* U+00FB "û" */
    0x00, 0x00, 0x77, 0x00, 0x00, 0x00, 0x08, 0xff,
    0x80, 0x00, 0x00, 0x9f, 0xff, 0xf9, 0x00, 0x01,
    0xde, 0x33, 0xed, 0x10, 0x00, 0x12, 0x00, 0x31,
    0x00, 0x00, 0x00, 0x00, 0x00, 0x00, 0xef, 0xf0,
    0x00, 0x0f, 0xff, 0xef, 0xf0, 0x00, 0x0f, 0xff,
    0xef, 0xf0, 0x00, 0x0f, 0xff, 0xef, 0xf0, 0x00,
    0x0f, 0xff, 0xef, 0xf0, 0x00, 0x0f, 0xff, 0xef,
    0xf0, 0x00, 0x0f, 0xff, 0xef, 0xf0, 0x00, 0x0f,
    0xff, 0xdf, 0xf3, 0x01, 0x9f, 0xff, 0xaf, 0xff,
    0xef, 0xff, 0xff, 0x4f, 0xff, 0xff, 0xff, 0xff,
    0x05, 0xdf, 0xea, 0x25, 0xff,

    /* U+00FC "ü" */
    0x04, 0xec, 0x11, 0xce, 0x50, 0x0b, 0xff, 0x76,
    0xff, 0xc0, 0x08, 0xff, 0x33, 0xff, 0x80, 0x00,
    0x32, 0x00, 0x23, 0x00, 0xef, 0xf0, 0x00, 0x0f,
    0xff, 0xef, 0xf0, 0x00, 0x0f, 0xff, 0xef, 0xf0,
    0x00, 0x0f, 0xff, 0xef, 0xf0, 0x00, 0x0f, 0xff,
    0xef, 0xf0, 0x00, 0x0f, 0xff, 0xef, 0xf0, 0x00,
    0x0f, 0xff, 0xef, 0xf0, 0x00, 0x0f, 0xff, 0xdf,
    0xf3, 0x01, 0x9f, 0xff, 0xaf, 0xff, 0xef, 0xff,
    0xff, 0x4f, 0xff, 0xff, 0xff, 0xff, 0x05, 0xdf,
    0xea, 0x25, 0xff,

    /* U+00FD "ý" */
    0x00, 0x00, 0x00, 0x0a, 0x50, 0x00, 0x00, 0x00,
    0x00, 0xbf, 0xe0, 0x00, 0x00, 0x00, 0x1c, 0xfe,
    0x20, 0x00, 0x00, 0x00, 0x4f, 0xd2, 0x00, 0x00,
    0x00, 0x00, 0x05, 0x10, 0x00, 0x00, 0x00, 0x00,
    0x00, 0x00, 0x00, 0x00, 0x8f, 0xf6, 0x00, 0x00,
    0x9f, 0xf5, 0x1f, 0xfd, 0x00, 0x01, 0xff, 0xe0,
    0x0a, 0xff, 0x40, 0x07, 0xff, 0x70, 0x03, 0xff,
    0xb0, 0x0e, 0xff, 0x10, 0x00, 0xcf, 0xf2, 0x5f,
    0xf9, 0x00, 0x00, 0x5f, 0xf9, 0xcf, 0xf2, 0x00,
    0x00, 0x0e, 0xff, 0xff, 0xb0, 0x00, 0x00, 0x07,
    0xff, 0xff, 0x40, 0x00, 0x00, 0x01, 0xff, 0xfd,
    0x00, 0x00, 0x00, 0x00, 0xff, 0xf7, 0x00, 0x00,
    0x00, 0x00, 0xef, 0xf0, 0x00, 0x00, 0x00, 0x06,
    0xff, 0x80, 0x00, 0x00, 0x00, 0x0d, 0xff, 0x10,
    0x00, 0x00, 0x00, 0x4f, 0xfa, 0x00, 0x00, 0x00,
    0x00, 0xbf, 0xf3, 0x00, 0x00, 0x00,

    /* U+00FE "þ" */
    0xcf, 0xf1, 0x00, 0x00, 0x00, 0x0c, 0xff, 0x10,
    0x00, 0x00, 0x00, 0xcf, 0xf1, 0x00, 0x00, 0x00,
    0x0c, 0xff, 0x10, 0x00, 0x00, 0x00, 0xcf, 0xf5,
    0xbe, 0xec, 0x40, 0x0c, 0xff, 0xff, 0xff, 0xff,
    0x70, 0xcf, 0xff, 0xfd, 0xff, 0xff, 0x3c, 0xff,
    0xc1, 0x01, 0xcf, 0xfa, 0xcf, 0xf2, 0x00, 0x02,
    0xff, 0xdc, 0xff, 0x00, 0x00, 0x0f, 0xff, 0xcf,
    0xf1, 0x00, 0x02, 0xff, 0xdc, 0xff, 0xa0, 0x00,
    0xaf, 0xfa, 0xcf, 0xff, 0xeb, 0xef, 0xff, 0x3c,
    0xff, 0xff, 0xff, 0xff, 0x70, 0xcf, 0xf6, 0xcf,
    0xfc, 0x40, 0x0c, 0xff, 0x10, 0x00, 0x00, 0x00,
    0xcf, 0xf1, 0x00, 0x00, 0x00, 0x0c, 0xff, 0x10,
    0x00, 0x00, 0x00, 0xcf, 0xf1, 0x00, 0x00, 0x00,
    0x00,

    /* U+00FF "ÿ" */
    0x00, 0x6f, 0xc0, 0x2d, 0xe3, 0x00, 0x00, 0xdf,
    0xf5, 0x8f, 0xfa, 0x00, 0x00, 0xaf, 0xf2, 0x5f,
    0xf7, 0x00, 0x00, 0x04, 0x10, 0x02, 0x30, 0x00,
    0x8f, 0xf6, 0x00, 0x00, 0x9f, 0xf5, 0x1f, 0xfd,
    0x00, 0x01, 0xff, 0xe0, 0x0a, 0xff, 0x40, 0x07,
    0xff, 0x70, 0x03, 0xff, 0xb0, 0x0e, 0xff, 0x10,
    0x00, 0xcf, 0xf2, 0x5f, 0xf9, 0x00, 0x00, 0x5f,
    0xf9, 0xcf, 0xf2, 0x00, 0x00, 0x0e, 0xff, 0xff,
    0xb0, 0x00, 0x00, 0x07, 0xff, 0xff, 0x40, 0x00,
    0x00, 0x01, 0xff, 0xfd, 0x00, 0x00, 0x00, 0x00,
    0xff, 0xf7, 0x00, 0x00, 0x00, 0x00, 0xef, 0xf0,
    0x00, 0x00, 0x00, 0x06, 0xff, 0x80, 0x00, 0x00,
    0x00, 0x0d, 0xff, 0x10, 0x00, 0x00, 0x00, 0x4f,
    0xfa, 0x00, 0x00, 0x00, 0x00, 0xbf, 0xf3, 0x00,
    0x00, 0x00
};

/*---------------------
 *  GLYPH DESCRIPTION
 *--------------------*/

static const lv_font_fmt_txt_glyph_dsc_t glyph_dsc[] = {
    {.bitmap_index = 0, .adv_w = 0, .box_w = 0, .box_h = 0, .ofs_x = 0, .ofs_y = 0} /* id = 0 reserved */,
    {.bitmap_index = 0, .adv_w = 92, .box_w = 0, .box_h = 0, .ofs_x = 0, .ofs_y = 0},
    {.bitmap_index = 0, .adv_w = 101, .box_w = 5, .box_h = 16, .ofs_x = 1, .ofs_y = 0},
    {.bitmap_index = 40, .adv_w = 127, .box_w = 8, .box_h = 7, .ofs_x = 0, .ofs_y = 8},
    {.bitmap_index = 68, .adv_w = 238, .box_w = 15, .box_h = 15, .ofs_x = 0, .ofs_y = 0},
    {.bitmap_index = 181, .adv_w = 192, .box_w = 12, .box_h = 20, .ofs_x = 0, .ofs_y = -3},
    {.bitmap_index = 301, .adv_w = 267, .box_w = 17, .box_h = 16, .ofs_x = 0, .ofs_y = -1},
    {.bitmap_index = 437, .adv_w = 227, .box_w = 13, .box_h = 15, .ofs_x = 1, .ofs_y = 0},
    {.bitmap_index = 535, .adv_w = 64, .box_w = 4, .box_h = 7, .ofs_x = 0, .ofs_y = 8},
    {.bitmap_index = 549, .adv_w = 124, .box_w = 7, .box_h = 22, .ofs_x = 1, .ofs_y = -4},
    {.bitmap_index = 626, .adv_w = 124, .box_w = 7, .box_h = 22, .ofs_x = 0, .ofs_y = -4},
    {.bitmap_index = 703, .adv_w = 157, .box_w = 10, .box_h = 9, .ofs_x = 0, .ofs_y = 7},
    {.bitmap_index = 748, .adv_w = 236, .box_w = 11, .box_h = 11, .ofs_x = 2, .ofs_y = 2},
    {.bitmap_index = 809, .adv_w = 99, .box_w = 6, .box_h = 8, .ofs_x = 0, .ofs_y = -4},
    {.bitmap_index = 833, .adv_w = 130, .box_w = 8, .box_h = 3, .ofs_x = 0, .ofs_y = 5},
    {.bitmap_index = 845, .adv_w = 98, .box_w = 6, .box_h = 5, .ofs_x = 0, .ofs_y = 0},
    {.bitmap_index = 860, .adv_w = 169, .box_w = 12, .box_h = 20, .ofs_x = -1, .ofs_y = -3},
    {.bitmap_index = 980, .adv_w = 195, .box_w = 12, .box_h = 15, .ofs_x = 0, .ofs_y = 0},
    {.bitmap_index = 1070, .adv_w = 126, .box_w = 7, .box_h = 15, .ofs_x = 0, .ofs_y = 0},
    {.bitmap_index = 1123, .adv_w = 180, .box_w = 11, .box_h = 15, .ofs_x = 0, .ofs_y = 0},
    {.bitmap_index = 1206, .adv_w = 183, .box_w = 11, .box_h = 15, .ofs_x = 0, .ofs_y = 0},
    {.bitmap_index = 1289, .adv_w = 202, .box_w = 13, .box_h = 15, .ofs_x = 0, .ofs_y = 0},
    {.bitmap_index = 1387, .adv_w = 187, .box_w = 12, .box_h = 15, .ofs_x = 0, .ofs_y = 0},
    {.bitmap_index = 1477, .adv_w = 194, .box_w = 12, .box_h = 15, .ofs_x = 0, .ofs_y = 0},
    {.bitmap_index = 1567, .adv_w = 173, .box_w = 11, .box_h = 15, .ofs_x = 0, .ofs_y = 0},
    {.bitmap_index = 1650, .adv_w = 191, .box_w = 12, .box_h = 15, .ofs_x = 0, .ofs_y = 0},
    {.bitmap_index = 1740, .adv_w = 194, .box_w = 12, .box_h = 15, .ofs_x = 0, .ofs_y = 0},
    {.bitmap_index = 1830, .adv_w = 98, .box_w = 6, .box_h = 11, .ofs_x = 0, .ofs_y = 0},
    {.bitmap_index = 1863, .adv_w = 99, .box_w = 6, .box_h = 15, .ofs_x = 0, .ofs_y = -4},
    {.bitmap_index = 1908, .adv_w = 236, .box_w = 11, .box_h = 13, .ofs_x = 2, .ofs_y = 0},
    {.bitmap_index = 1980, .adv_w = 236, .box_w = 11, .box_h = 7, .ofs_x = 2, .ofs_y = 3},
    {.bitmap_index = 2019, .adv_w = 236, .box_w = 11, .box_h = 13, .ofs_x = 2, .ofs_y = 0},
    {.bitmap_index = 2091, .adv_w = 190, .box_w = 11, .box_h = 16, .ofs_x = 0, .ofs_y = 0},
    {.bitmap_index = 2179, .adv_w = 300, .box_w = 18, .box_h = 18, .ofs_x = 0, .ofs_y = -1},
    {.bitmap_index = 2341, .adv_w = 231, .box_w = 15, .box_h = 15, .ofs_x = 0, .ofs_y = 0},
    {.bitmap_index = 2454, .adv_w = 209, .box_w = 12, .box_h = 15, .ofs_x = 1, .ofs_y = 0},
    {.bitmap_index = 2544, .adv_w = 246, .box_w = 16, .box_h = 15, .ofs_x = 0, .ofs_y = 0},
    {.bitmap_index = 2664, .adv_w = 235, .box_w = 14, .box_h = 15, .ofs_x = 1, .ofs_y = 0},
    {.bitmap_index = 2769, .adv_w = 190, .box_w = 10, .box_h = 15, .ofs_x = 1, .ofs_y = 0},
    {.bitmap_index = 2844, .adv_w = 181, .box_w = 10, .box_h = 15, .ofs_x = 1, .ofs_y = 0},
    {.bitmap_index = 2919, .adv_w = 253, .box_w = 16, .box_h = 15, .ofs_x = 0, .ofs_y = 0},
    {.bitmap_index = 3039, .adv_w = 241, .box_w = 13, .box_h = 15, .ofs_x = 1, .ofs_y = 0},
    {.bitmap_index = 3137, .adv_w = 94, .box_w = 4, .box_h = 15, .ofs_x = 1, .ofs_y = 0},
    {.bitmap_index = 3167, .adv_w = 191, .box_w = 11, .box_h = 15, .ofs_x = 0, .ofs_y = 0},
    {.bitmap_index = 3250, .adv_w = 220, .box_w = 13, .box_h = 15, .ofs_x = 1, .ofs_y = 0},
    {.bitmap_index = 3348, .adv_w = 175, .box_w = 10, .box_h = 15, .ofs_x = 1, .ofs_y = 0},
    {.bitmap_index = 3423, .adv_w = 306, .box_w = 19, .box_h = 15, .ofs_x = 0, .ofs_y = 0},
    {.bitmap_index = 3566, .adv_w = 253, .box_w = 14, .box_h = 15, .ofs_x = 1, .ofs_y = 0},
    {.bitmap_index = 3671, .adv_w = 264, .box_w = 16, .box_h = 15, .ofs_x = 0, .ofs_y = 0},
    {.bitmap_index = 3791, .adv_w = 205, .box_w = 12, .box_h = 15, .ofs_x = 1, .ofs_y = 0},
    {.bitmap_index = 3881, .adv_w = 264, .box_w = 16, .box_h = 16, .ofs_x = 0, .ofs_y = -1},
    {.bitmap_index = 4009, .adv_w = 214, .box_w = 12, .box_h = 15, .ofs_x = 1, .ofs_y = 0},
    {.bitmap_index = 4099, .adv_w = 199, .box_w = 12, .box_h = 15, .ofs_x = 0, .ofs_y = 0},
    {.bitmap_index = 4189, .adv_w = 200, .box_w = 13, .box_h = 15, .ofs_x = 0, .ofs_y = 0},
    {.bitmap_index = 4287, .adv_w = 237, .box_w = 13, .box_h = 15, .ofs_x = 1, .ofs_y = 0},
    {.bitmap_index = 4385, .adv_w = 226, .box_w = 14, .box_h = 15, .ofs_x = 0, .ofs_y = 0},
    {.bitmap_index = 4490, .adv_w = 345, .box_w = 22, .box_h = 15, .ofs_x = 0, .ofs_y = 0},
    {.bitmap_index = 4655, .adv_w = 233, .box_w = 15, .box_h = 15, .ofs_x = 0, .ofs_y = 0},
    {.bitmap_index = 4768, .adv_w = 208, .box_w = 14, .box_h = 15, .ofs_x = -1, .ofs_y = 0},
    {.bitmap_index = 4873, .adv_w = 201, .box_w = 12, .box_h = 15, .ofs_x = 0, .ofs_y = 0},
    {.bitmap_index = 4963, .adv_w = 115, .box_w = 6, .box_h = 21, .ofs_x = 1, .ofs_y = -3},
    {.bitmap_index = 5026, .adv_w = 169, .box_w = 12, .box_h = 20, .ofs_x = -1, .ofs_y = -3},
    {.bitmap_index = 5146, .adv_w = 113, .box_w = 6, .box_h = 21, .ofs_x = 0, .ofs_y = -3},
    {.bitmap_index = 5209, .adv_w = 236, .box_w = 11, .box_h = 7, .ofs_x = 2, .ofs_y = 6},
    {.bitmap_index = 5248, .adv_w = 194, .box_w = 12, .box_h = 3, .ofs_x = 0, .ofs_y = -2},
    {.bitmap_index = 5266, .adv_w = 195, .box_w = 6, .box_h = 5, .ofs_x = 3, .ofs_y = 12},
    {.bitmap_index = 5281, .adv_w = 177, .box_w = 10, .box_h = 11, .ofs_x = 0, .ofs_y = 0},
    {.bitmap_index = 5336, .adv_w = 201, .box_w = 11, .box_h = 15, .ofs_x = 1, .ofs_y = 0},
    {.bitmap_index = 5419, .adv_w = 180, .box_w = 11, .box_h = 11, .ofs_x = 0, .ofs_y = 0},
    {.bitmap_index = 5480, .adv_w = 201, .box_w = 12, .box_h = 15, .ofs_x = 0, .ofs_y = 0},
    {.bitmap_index = 5570, .adv_w = 189, .box_w = 12, .box_h = 11, .ofs_x = 0, .ofs_y = 0},
    {.bitmap_index = 5636, .adv_w = 116, .box_w = 8, .box_h = 15, .ofs_x = 0, .ofs_y = 0},
    {.bitmap_index = 5696, .adv_w = 202, .box_w = 12, .box_h = 15, .ofs_x = 0, .ofs_y = -4},
    {.bitmap_index = 5786, .adv_w = 195, .box_w = 11, .box_h = 15, .ofs_x = 1, .ofs_y = 0},
    {.bitmap_index = 5869, .adv_w = 87, .box_w = 5, .box_h = 16, .ofs_x = 0, .ofs_y = 0},
    {.bitmap_index = 5909, .adv_w = 89, .box_w = 6, .box_h = 20, .ofs_x = -1, .ofs_y = -4},
    {.bitmap_index = 5969, .adv_w = 174, .box_w = 11, .box_h = 15, .ofs_x = 1, .ofs_y = 0},
    {.bitmap_index = 6052, .adv_w = 93, .box_w = 5, .box_h = 15, .ofs_x = 1, .ofs_y = 0},
    {.bitmap_index = 6090, .adv_w = 297, .box_w = 17, .box_h = 11, .ofs_x = 1, .ofs_y = 0},
    {.bitmap_index = 6184, .adv_w = 195, .box_w = 11, .box_h = 11, .ofs_x = 1, .ofs_y = 0},
    {.bitmap_index = 6245, .adv_w = 199, .box_w = 12, .box_h = 11, .ofs_x = 0, .ofs_y = 0},
    {.bitmap_index = 6311, .adv_w = 201, .box_w = 11, .box_h = 15, .ofs_x = 1, .ofs_y = -4},
    {.bitmap_index = 6394, .adv_w = 201, .box_w = 12, .box_h = 15, .ofs_x = 0, .ofs_y = -4},
    {.bitmap_index = 6484, .adv_w = 127, .box_w = 7, .box_h = 11, .ofs_x = 1, .ofs_y = 0},
    {.bitmap_index = 6523, .adv_w = 157, .box_w = 10, .box_h = 11, .ofs_x = 0, .ofs_y = 0},
    {.bitmap_index = 6578, .adv_w = 136, .box_w = 8, .box_h = 14, .ofs_x = 0, .ofs_y = 0},
    {.bitmap_index = 6634, .adv_w = 195, .box_w = 10, .box_h = 11, .ofs_x = 1, .ofs_y = 0},
    {.bitmap_index = 6689, .adv_w = 182, .box_w = 12, .box_h = 11, .ofs_x = 0, .ofs_y = 0},
    {.bitmap_index = 6755, .adv_w = 264, .box_w = 17, .box_h = 11, .ofs_x = 0, .ofs_y = 0},
    {.bitmap_index = 6849, .adv_w = 181, .box_w = 12, .box_h = 11, .ofs_x = 0, .ofs_y = 0},
    {.bitmap_index = 6915, .adv_w = 188, .box_w = 12, .box_h = 15, .ofs_x = 0, .ofs_y = -4},
    {.bitmap_index = 7005, .adv_w = 166, .box_w = 10, .box_h = 11, .ofs_x = 0, .ofs_y = 0},
    {.bitmap_index = 7060, .adv_w = 114, .box_w = 6, .box_h = 21, .ofs_x = 1, .ofs_y = -3},
    {.bitmap_index = 7123, .adv_w = 92, .box_w = 4, .box_h = 21, .ofs_x = 1, .ofs_y = -3},
    {.bitmap_index = 7165, .adv_w = 114, .box_w = 7, .box_h = 21, .ofs_x = 0, .ofs_y = -3},
    {.bitmap_index = 7239, .adv_w = 236, .box_w = 13, .box_h = 6, .ofs_x = 1, .ofs_y = 4},
    {.bitmap_index = 7278, .adv_w = 92, .box_w = 0, .box_h = 0, .ofs_x = 0, .ofs_y = 0},
    {.bitmap_index = 7278, .adv_w = 101, .box_w = 5, .box_h = 16, .ofs_x = 1, .ofs_y = -4},
    {.bitmap_index = 7318, .adv_w = 185, .box_w = 12, .box_h = 15, .ofs_x = 0, .ofs_y = 0},
    {.bitmap_index = 7408, .adv_w = 184, .box_w = 11, .box_h = 15, .ofs_x = 0, .ofs_y = 0},
    {.bitmap_index = 7491, .adv_w = 207, .box_w = 13, .box_h = 11, .ofs_x = 0, .ofs_y = 1},
    {.bitmap_index = 7563, .adv_w = 195, .box_w = 12, .box_h = 15, .ofs_x = 0, .ofs_y = 0},
    {.bitmap_index = 7653, .adv_w = 92, .box_w = 4, .box_h = 21, .ofs_x = 1, .ofs_y = -3},
    {.bitmap_index = 7695, .adv_w = 188, .box_w = 12, .box_h = 20, .ofs_x = 0, .ofs_y = -3},
    {.bitmap_index = 7815, .adv_w = 195, .box_w = 8, .box_h = 4, .ofs_x = 2, .ofs_y = 12},
    {.bitmap_index = 7831, .adv_w = 235, .box_w = 14, .box_h = 13, .ofs_x = 0, .ofs_y = 4},
    {.bitmap_index = 7922, .adv_w = 132, .box_w = 8, .box_h = 9, .ofs_x = 0, .ofs_y = 7},
    {.bitmap_index = 7958, .adv_w = 202, .box_w = 12, .box_h = 9, .ofs_x = 0, .ofs_y = 2},
    {.bitmap_index = 8012, .adv_w = 236, .box_w = 11, .box_h = 7, .ofs_x = 2, .ofs_y = 2},
    {.bitmap_index = 8051, .adv_w = 235, .box_w = 14, .box_h = 13, .ofs_x = 0, .ofs_y = 4},
    {.bitmap_index = 8142, .adv_w = 195, .box_w = 8, .box_h = 3, .ofs_x = 2, .ofs_y = 13},
    {.bitmap_index = 8154, .adv_w = 141, .box_w = 9, .box_h = 8, .ofs_x = 0, .ofs_y = 7},
    {.bitmap_index = 8190, .adv_w = 236, .box_w = 11, .box_h = 14, .ofs_x = 2, .ofs_y = 0},
    {.bitmap_index = 8267, .adv_w = 124, .box_w = 8, .box_h = 9, .ofs_x = 0, .ofs_y = 8},
    {.bitmap_index = 8303, .adv_w = 121, .box_w = 8, .box_h = 9, .ofs_x = 0, .ofs_y = 8},
    {.bitmap_index = 8339, .adv_w = 195, .box_w = 6, .box_h = 5, .ofs_x = 3, .ofs_y = 12},
    {.bitmap_index = 8354, .adv_w = 195, .box_w = 10, .box_h = 15, .ofs_x = 1, .ofs_y = -4},
    {.bitmap_index = 8429, .adv_w = 245, .box_w = 14, .box_h = 19, .ofs_x = 1, .ofs_y = -3},
    {.bitmap_index = 8562, .adv_w = 98, .box_w = 6, .box_h = 5, .ofs_x = 0, .ofs_y = 4},
    {.bitmap_index = 8577, .adv_w = 195, .box_w = 6, .box_h = 5, .ofs_x = 3, .ofs_y = -5},
    {.bitmap_index = 8592, .adv_w = 85, .box_w = 5, .box_h = 9, .ofs_x = 0, .ofs_y = 8},
    {.bitmap_index = 8615, .adv_w = 152, .box_w = 9, .box_h = 9, .ofs_x = 0, .ofs_y = 7},
    {.bitmap_index = 8656, .adv_w = 202, .box_w = 12, .box_h = 9, .ofs_x = 0, .ofs_y = 2},
    {.bitmap_index = 8710, .adv_w = 306, .box_w = 19, .box_h = 18, .ofs_x = 0, .ofs_y = -2},
    {.bitmap_index = 8881, .adv_w = 301, .box_w = 19, .box_h = 18, .ofs_x = 0, .ofs_y = -2},
    {.bitmap_index = 9052, .adv_w = 338, .box_w = 21, .box_h = 18, .ofs_x = 0, .ofs_y = -2},
    {.bitmap_index = 9241, .adv_w = 177, .box_w = 12, .box_h = 16, .ofs_x = 0, .ofs_y = -4},
    {.bitmap_index = 9337, .adv_w = 231, .box_w = 15, .box_h = 21, .ofs_x = 0, .ofs_y = 0},
    {.bitmap_index = 9495, .adv_w = 231, .box_w = 15, .box_h = 21, .ofs_x = 0, .ofs_y = 0},
    {.bitmap_index = 9653, .adv_w = 231, .box_w = 15, .box_h = 21, .ofs_x = 0, .ofs_y = 0},
    {.bitmap_index = 9811, .adv_w = 231, .box_w = 15, .box_h = 20, .ofs_x = 0, .ofs_y = 0},
    {.bitmap_index = 9961, .adv_w = 231, .box_w = 15, .box_h = 20, .ofs_x = 0, .ofs_y = 0},
    {.bitmap_index = 10111, .adv_w = 231, .box_w = 15, .box_h = 22, .ofs_x = 0, .ofs_y = 0},
    {.bitmap_index = 10276, .adv_w = 299, .box_w = 18, .box_h = 15, .ofs_x = 0, .ofs_y = 0},
    {.bitmap_index = 10411, .adv_w = 246, .box_w = 16, .box_h = 19, .ofs_x = 0, .ofs_y = -4},
    {.bitmap_index = 10563, .adv_w = 190, .box_w = 10, .box_h = 21, .ofs_x = 1, .ofs_y = 0},
    {.bitmap_index = 10668, .adv_w = 190, .box_w = 10, .box_h = 21, .ofs_x = 1, .ofs_y = 0},
    {.bitmap_index = 10773, .adv_w = 190, .box_w = 10, .box_h = 21, .ofs_x = 1, .ofs_y = 0},
    {.bitmap_index = 10878, .adv_w = 190, .box_w = 10, .box_h = 20, .ofs_x = 1, .ofs_y = 0},
    {.bitmap_index = 10978, .adv_w = 94, .box_w = 6, .box_h = 21, .ofs_x = -1, .ofs_y = 0},
    {.bitmap_index = 11041, .adv_w = 94, .box_w = 6, .box_h = 21, .ofs_x = 1, .ofs_y = 0},
    {.bitmap_index = 11104, .adv_w = 94, .box_w = 7, .box_h = 22, .ofs_x = -1, .ofs_y = 0},
    {.bitmap_index = 11181, .adv_w = 94, .box_w = 8, .box_h = 20, .ofs_x = -1, .ofs_y = 0},
    {.bitmap_index = 11261, .adv_w = 249, .box_w = 15, .box_h = 15, .ofs_x = 0, .ofs_y = 0},
    {.bitmap_index = 11374, .adv_w = 253, .box_w = 14, .box_h = 20, .ofs_x = 1, .ofs_y = 0},
    {.bitmap_index = 11514, .adv_w = 264, .box_w = 16, .box_h = 21, .ofs_x = 0, .ofs_y = 0},
    {.bitmap_index = 11682, .adv_w = 264, .box_w = 16, .box_h = 21, .ofs_x = 0, .ofs_y = 0},
    {.bitmap_index = 11850, .adv_w = 264, .box_w = 16, .box_h = 21, .ofs_x = 0, .ofs_y = 0},
    {.bitmap_index = 12018, .adv_w = 264, .box_w = 16, .box_h = 21, .ofs_x = 0, .ofs_y = 0},
    {.bitmap_index = 12186, .adv_w = 264, .box_w = 16, .box_h = 20, .ofs_x = 0, .ofs_y = 0},
    {.bitmap_index = 12346, .adv_w = 236, .box_w = 11, .box_h = 11, .ofs_x = 2, .ofs_y = 2},
    {.bitmap_index = 12407, .adv_w = 264, .box_w = 16, .box_h = 17, .ofs_x = 0, .ofs_y = -1},
    {.bitmap_index = 12543, .adv_w = 237, .box_w = 13, .box_h = 21, .ofs_x = 1, .ofs_y = 0},
    {.bitmap_index = 12680, .adv_w = 237, .box_w = 13, .box_h = 21, .ofs_x = 1, .ofs_y = 0},
    {.bitmap_index = 12817, .adv_w = 237, .box_w = 13, .box_h = 21, .ofs_x = 1, .ofs_y = 0},
    {.bitmap_index = 12954, .adv_w = 237, .box_w = 13, .box_h = 20, .ofs_x = 1, .ofs_y = 0},
    {.bitmap_index = 13084, .adv_w = 208, .box_w = 14, .box_h = 21, .ofs_x = -1, .ofs_y = 0},
    {.bitmap_index = 13231, .adv_w = 205, .box_w = 12, .box_h = 15, .ofs_x = 1, .ofs_y = 0},
    {.bitmap_index = 13321, .adv_w = 205, .box_w = 12, .box_h = 15, .ofs_x = 1, .ofs_y = 0},
    {.bitmap_index = 13411, .adv_w = 177, .box_w = 10, .box_h = 17, .ofs_x = 0, .ofs_y = 0},
    {.bitmap_index = 13496, .adv_w = 177, .box_w = 10, .box_h = 17, .ofs_x = 0, .ofs_y = 0},
    {.bitmap_index = 13581, .adv_w = 177, .box_w = 10, .box_h = 17, .ofs_x = 0, .ofs_y = 0},
    {.bitmap_index = 13666, .adv_w = 177, .box_w = 10, .box_h = 16, .ofs_x = 0, .ofs_y = 0},
    {.bitmap_index = 13746, .adv_w = 177, .box_w = 10, .box_h = 15, .ofs_x = 0, .ofs_y = 0},
    {.bitmap_index = 13821, .adv_w = 177, .box_w = 10, .box_h = 18, .ofs_x = 0, .ofs_y = 0},
    {.bitmap_index = 13911, .adv_w = 277, .box_w = 17, .box_h = 11, .ofs_x = 0, .ofs_y = 0},
    {.bitmap_index = 14005, .adv_w = 180, .box_w = 11, .box_h = 15, .ofs_x = 0, .ofs_y = -4},
    {.bitmap_index = 14088, .adv_w = 189, .box_w = 12, .box_h = 17, .ofs_x = 0, .ofs_y = 0},
    {.bitmap_index = 14190, .adv_w = 189, .box_w = 12, .box_h = 17, .ofs_x = 0, .ofs_y = 0},
    {.bitmap_index = 14292, .adv_w = 189, .box_w = 12, .box_h = 17, .ofs_x = 0, .ofs_y = 0},
    {.bitmap_index = 14394, .adv_w = 189, .box_w = 12, .box_h = 15, .ofs_x = 0, .ofs_y = 0},
    {.bitmap_index = 14484, .adv_w = 87, .box_w = 6, .box_h = 17, .ofs_x = -1, .ofs_y = 0},
    {.bitmap_index = 14535, .adv_w = 87, .box_w = 6, .box_h = 17, .ofs_x = 1, .ofs_y = 0},
    {.bitmap_index = 14586, .adv_w = 87, .box_w = 7, .box_h = 18, .ofs_x = -1, .ofs_y = 0},
    {.bitmap_index = 14649, .adv_w = 87, .box_w = 8, .box_h = 15, .ofs_x = -1, .ofs_y = 0},
    {.bitmap_index = 14709, .adv_w = 197, .box_w = 12, .box_h = 16, .ofs_x = 0, .ofs_y = 0},
    {.bitmap_index = 14805, .adv_w = 195, .box_w = 11, .box_h = 16, .ofs_x = 1, .ofs_y = 0},
    {.bitmap_index = 14893, .adv_w = 199, .box_w = 12, .box_h = 17, .ofs_x = 0, .ofs_y = 0},
    {.bitmap_index = 14995, .adv_w = 199, .box_w = 12, .box_h = 17, .ofs_x = 0, .ofs_y = 0},
    {.bitmap_index = 15097, .adv_w = 199, .box_w = 12, .box_h = 17, .ofs_x = 0, .ofs_y = 0},
    {.bitmap_index = 15199, .adv_w = 199, .box_w = 12, .box_h = 16, .ofs_x = 0, .ofs_y = 0},
    {.bitmap_index = 15295, .adv_w = 199, .box_w = 12, .box_h = 15, .ofs_x = 0, .ofs_y = 0},
    {.bitmap_index = 15385, .adv_w = 236, .box_w = 12, .box_h = 12, .ofs_x = 1, .ofs_y = 1},
    {.bitmap_index = 15457, .adv_w = 203, .box_w = 12, .box_h = 13, .ofs_x = 0, .ofs_y = -1},
    {.bitmap_index = 15535, .adv_w = 195, .box_w = 10, .box_h = 17, .ofs_x = 1, .ofs_y = 0},
    {.bitmap_index = 15620, .adv_w = 195, .box_w = 10, .box_h = 17, .ofs_x = 1, .ofs_y = 0},
    {.bitmap_index = 15705, .adv_w = 195, .box_w = 10, .box_h = 17, .ofs_x = 1, .ofs_y = 0},
    {.bitmap_index = 15790, .adv_w = 195, .box_w = 10, .box_h = 15, .ofs_x = 1, .ofs_y = 0},
    {.bitmap_index = 15865, .adv_w = 188, .box_w = 12, .box_h = 21, .ofs_x = 0, .ofs_y = -4},
    {.bitmap_index = 15991, .adv_w = 201, .box_w = 11, .box_h = 19, .ofs_x = 1, .ofs_y = -4},
    {.bitmap_index = 16096, .adv_w = 188, .box_w = 12, .box_h = 19, .ofs_x = 0, .ofs_y = -4}
};

/*---------------------
 *  CHARACTER MAPPING
 *--------------------*/



/*Collect the unicode lists and glyph_id offsets*/
static const lv_font_fmt_txt_cmap_t cmaps[] =
{
    {
        .range_start = 32, .range_length = 95, .glyph_id_start = 1,
        .unicode_list = NULL, .glyph_id_ofs_list = NULL, .list_length = 0, .type = LV_FONT_FMT_TXT_CMAP_FORMAT0_TINY
    },
    {
        .range_start = 160, .range_length = 13, .glyph_id_start = 96,
        .unicode_list = NULL, .glyph_id_ofs_list = NULL, .list_length = 0, .type = LV_FONT_FMT_TXT_CMAP_FORMAT0_TINY
    },
    {
        .range_start = 174, .range_length = 82, .glyph_id_start = 109,
        .unicode_list = NULL, .glyph_id_ofs_list = NULL, .list_length = 0, .type = LV_FONT_FMT_TXT_CMAP_FORMAT0_TINY
    }
};



/*--------------------
 *  ALL CUSTOM DATA
 *--------------------*/

#if LVGL_VERSION_MAJOR == 8
/*Store all the custom data of the font*/
static  lv_font_fmt_txt_glyph_cache_t cache;
#endif

#if LVGL_VERSION_MAJOR >= 8
static const lv_font_fmt_txt_dsc_t font_dsc = {
#else
static lv_font_fmt_txt_dsc_t font_dsc = {
#endif
    .glyph_bitmap = glyph_bitmap,
    .glyph_dsc = glyph_dsc,
    .cmaps = cmaps,
    .kern_dsc = NULL,
    .kern_scale = 0,
    .cmap_num = 3,
    .bpp = 4,
    .kern_classes = 0,
    .bitmap_format = 0,
#if LVGL_VERSION_MAJOR == 8
    .cache = &cache
#endif

};



/*-----------------
 *  PUBLIC FONT
 *----------------*/

/*Initialize a public general font descriptor*/
#if LVGL_VERSION_MAJOR >= 8
const lv_font_t font_semibold_22_data = {
#else
lv_font_t font_semibold_22_data = {
#endif
    .get_glyph_dsc = lv_font_get_glyph_dsc_fmt_txt,    /*Function pointer to get glyph's data*/
    .get_glyph_bitmap = lv_font_get_bitmap_fmt_txt,    /*Function pointer to get glyph's bitmap*/
    .line_height = 27,          /*The maximum line height required by the font*/
    .base_line = 5,             /*Baseline measured from the bottom of the line*/
#if LV_VERSION_CHECK(9, 6, 0) || LVGL_VERSION_MAJOR >= 10
    .cap_height = 15,           /*Cap height of the font*/
    .x_height = 11,               /*x-height of the font*/
#endif
#if !(LVGL_VERSION_MAJOR == 6 && LVGL_VERSION_MINOR == 0)
    .subpx = LV_FONT_SUBPX_NONE,
#endif
#if LV_VERSION_CHECK(7, 4, 0) || LVGL_VERSION_MAJOR >= 8
    .underline_position = -4,
    .underline_thickness = 2,
#endif

#if LV_VERSION_CHECK(9, 3, 0)
    .static_bitmap = 1,    /*Bitmaps are stored as const so they are always static if not compressed */
#endif

    .dsc = &font_dsc,          /*The custom font data. Will be accessed by `get_glyph_bitmap/dsc` */
#if LV_VERSION_CHECK(8, 2, 0) || LVGL_VERSION_MAJOR >= 9
    .fallback = NULL,
#endif
    .user_data = NULL,
};



#endif /*#if FONT_SEMIBOLD_22_DATA*/
