/*******************************************************************************
 * Size: 30 px
 * Bpp: 4
 * Opts: --font /fonts/Gabarito-Medium.ttf -o /fonts/font_medium_30_data.c --size 30 --bpp 4 --format lvgl --no-compress --range 0x20-0x7F, 0xA0-0xFF
 ******************************************************************************/

#ifdef __has_include
    #if __has_include("lvgl.h")
        #ifndef LV_LVGL_H_INCLUDE_SIMPLE
            #define LV_LVGL_H_INCLUDE_SIMPLE
        #endif
    #endif
#endif

#ifdef LV_LVGL_H_INCLUDE_SIMPLE
    #include "lvgl.h"
#else
    #include "lvgl/lvgl.h"
#endif



#ifndef FONT_MEDIUM_30_DATA
#define FONT_MEDIUM_30_DATA 1
#endif

#if FONT_MEDIUM_30_DATA

/*-----------------
 *    BITMAPS
 *----------------*/

/*Store the image of the glyphs*/
static LV_ATTRIBUTE_LARGE_CONST const uint8_t glyph_bitmap[] = {
    /* U+0020 " " */

    /* U+0021 "!" */
    0x09, 0xcc, 0xc5, 0x0b, 0xff, 0xf6, 0x0b, 0xff,
    0xf6, 0x0b, 0xff, 0xf5, 0x0a, 0xff, 0xf5, 0x0a,
    0xff, 0xf4, 0x09, 0xff, 0xf4, 0x09, 0xff, 0xf3,
    0x08, 0xff, 0xf3, 0x08, 0xff, 0xf2, 0x07, 0xff,
    0xf2, 0x06, 0xff, 0xf0, 0x05, 0xff, 0xf0, 0x03,
    0xff, 0xe0, 0x02, 0xff, 0xd0, 0x00, 0x00, 0x00,
    0x00, 0x00, 0x00, 0x03, 0xcf, 0xa0, 0x0e, 0xff,
    0xf9, 0x2f, 0xff, 0xfc, 0x0e, 0xff, 0xf9, 0x03,
    0xdf, 0xa0,

    /* U+0022 "\"" */
    0x2f, 0xff, 0x34, 0xff, 0xf2, 0x2f, 0xff, 0x34,
    0xff, 0xf2, 0x2f, 0xff, 0x34, 0xff, 0xf2, 0x2f,
    0xff, 0x34, 0xff, 0xf2, 0x1f, 0xff, 0x33, 0xff,
    0xf2, 0x0e, 0xff, 0x30, 0xff, 0xf2, 0x0b, 0xff,
    0x30, 0xdf, 0xf2, 0x08, 0xff, 0x30, 0xaf, 0xf2,
    0x04, 0xdd, 0x30, 0x6d, 0xd1,

    /* U+0023 "#" */
    0x00, 0x00, 0x03, 0xff, 0xc0, 0x00, 0xaf, 0xf5,
    0x00, 0x00, 0x00, 0x06, 0xff, 0x90, 0x00, 0xdf,
    0xf2, 0x00, 0x00, 0x00, 0x09, 0xff, 0x60, 0x00,
    0xff, 0xf0, 0x00, 0x00, 0x00, 0x0c, 0xff, 0x30,
    0x03, 0xff, 0xc0, 0x00, 0x04, 0xaa, 0xaf, 0xff,
    0xba, 0xaf, 0xff, 0xfa, 0xa9, 0x06, 0xff, 0xff,
    0xff, 0xff, 0xff, 0xff, 0xff, 0xfe, 0x06, 0xff,
    0xff, 0xff, 0xff, 0xff, 0xff, 0xff, 0xfe, 0x00,
    0x00, 0x8f, 0xf6, 0x00, 0x0f, 0xff, 0x00, 0x00,
    0x00, 0x00, 0xbf, 0xf3, 0x00, 0x2f, 0xfc, 0x00,
    0x00, 0x00, 0x00, 0xef, 0xf0, 0x00, 0x5f, 0xf9,
    0x00, 0x00, 0x00, 0x02, 0xff, 0xd0, 0x00, 0x8f,
    0xf6, 0x00, 0x00, 0x00, 0x05, 0xff, 0xa0, 0x00,
    0xbf, 0xf3, 0x00, 0x00, 0xef, 0xff, 0xff, 0xff,
    0xff, 0xff, 0xff, 0xff, 0x60, 0xef, 0xff, 0xff,
    0xff, 0xff, 0xff, 0xff, 0xff, 0x60, 0x9a, 0xaf,
    0xff, 0xba, 0xaf, 0xff, 0xfa, 0xaa, 0x40, 0x00,
    0x1f, 0xfd, 0x00, 0x08, 0xff, 0x70, 0x00, 0x00,
    0x00, 0x4f, 0xfa, 0x00, 0x0b, 0xff, 0x40, 0x00,
    0x00, 0x00, 0x7f, 0xf7, 0x00, 0x0e, 0xff, 0x10,
    0x00, 0x00, 0x00, 0xaf, 0xf4, 0x00, 0x1f, 0xfe,
    0x00, 0x00, 0x00, 0x00, 0xdf, 0xf1, 0x00, 0x4f,
    0xfb, 0x00, 0x00, 0x00,

    /* U+0024 "$" */
    0x00, 0x00, 0x07, 0xff, 0x60, 0x00, 0x00, 0x00,
    0x00, 0x07, 0xff, 0x60, 0x00, 0x00, 0x00, 0x00,
    0x07, 0xff, 0x60, 0x00, 0x00, 0x00, 0x02, 0x8f,
    0xff, 0xfa, 0x40, 0x00, 0x00, 0x5f, 0xff, 0xff,
    0xff, 0xfb, 0x10, 0x04, 0xff, 0xff, 0xff, 0xff,
    0xff, 0xd0, 0x0d, 0xff, 0xfa, 0x66, 0x9f, 0xff,
    0xf6, 0x2f, 0xff, 0x70, 0x00, 0x02, 0xde, 0x40,
    0x4f, 0xff, 0x20, 0x00, 0x00, 0x10, 0x00, 0x3f,
    0xff, 0x60, 0x00, 0x00, 0x00, 0x00, 0x0f, 0xff,
    0xf7, 0x00, 0x00, 0x00, 0x00, 0x07, 0xff, 0xff,
    0xfb, 0x72, 0x00, 0x00, 0x00, 0x8f, 0xff, 0xff,
    0xff, 0xc4, 0x00, 0x00, 0x02, 0x9e, 0xff, 0xff,
    0xff, 0x80, 0x00, 0x00, 0x00, 0x37, 0xdf, 0xff,
    0xf5, 0x00, 0x00, 0x00, 0x00, 0x07, 0xff, 0xfc,
    0x00, 0x00, 0x00, 0x00, 0x00, 0xbf, 0xff, 0x03,
    0xc4, 0x00, 0x00, 0x00, 0x9f, 0xff, 0x8f, 0xfe,
    0x40, 0x00, 0x01, 0xef, 0xfc, 0x7f, 0xff, 0xfa,
    0x54, 0x7e, 0xff, 0xf6, 0x0b, 0xff, 0xff, 0xff,
    0xff, 0xff, 0xb0, 0x00, 0xbf, 0xff, 0xff, 0xff,
    0xfa, 0x00, 0x00, 0x03, 0x9f, 0xff, 0xf9, 0x30,
    0x00, 0x00, 0x00, 0x07, 0xff, 0x60, 0x00, 0x00,
    0x00, 0x00, 0x07, 0xff, 0x60, 0x00, 0x00, 0x00,
    0x00, 0x07, 0xff, 0x60, 0x00, 0x00,

    /* U+0025 "%" */
    0x00, 0x19, 0xef, 0xd8, 0x00, 0x00, 0x00, 0x00,
    0x04, 0xa0, 0x00, 0x02, 0xef, 0xff, 0xff, 0xd1,
    0x00, 0x00, 0x00, 0x2f, 0xfd, 0x10, 0x0c, 0xff,
    0xeb, 0xef, 0xfb, 0x00, 0x00, 0x01, 0xef, 0xf9,
    0x00, 0x2f, 0xfd, 0x00, 0x1e, 0xff, 0x10, 0x00,
    0x1d, 0xff, 0xb0, 0x00, 0x4f, 0xf9, 0x00, 0x0a,
    0xff, 0x20, 0x00, 0xcf, 0xfc, 0x00, 0x00, 0x1f,
    0xfe, 0x30, 0x4f, 0xff, 0x00, 0x0a, 0xff, 0xd1,
    0x00, 0x00, 0x0a, 0xff, 0xff, 0xff, 0xf8, 0x00,
    0x9f, 0xfe, 0x20, 0x00, 0x00, 0x00, 0xbf, 0xff,
    0xff, 0xa0, 0x07, 0xff, 0xf3, 0x00, 0x00, 0x00,
    0x00, 0x04, 0x9a, 0x93, 0x00, 0x5f, 0xff, 0x40,
    0x00, 0x00, 0x00, 0x00, 0x00, 0x00, 0x00, 0x04,
    0xff, 0xf5, 0x00, 0x00, 0x00, 0x00, 0x00, 0x00,
    0x00, 0x00, 0x2f, 0xff, 0x70, 0x17, 0xa9, 0x40,
    0x00, 0x00, 0x00, 0x00, 0x01, 0xef, 0xf9, 0x05,
    0xff, 0xff, 0xfb, 0x10, 0x00, 0x00, 0x00, 0x1d,
    0xff, 0xa0, 0x3f, 0xff, 0xff, 0xff, 0xb0, 0x00,
    0x00, 0x00, 0xcf, 0xfc, 0x00, 0xaf, 0xf9, 0x13,
    0xef, 0xf3, 0x00, 0x00, 0x0a, 0xff, 0xd1, 0x00,
    0xef, 0xf0, 0x00, 0x7f, 0xf6, 0x00, 0x00, 0x9f,
    0xfe, 0x10, 0x00, 0xff, 0xe0, 0x00, 0x6f, 0xf7,
    0x00, 0x07, 0xff, 0xe2, 0x00, 0x00, 0xcf, 0xf4,
    0x00, 0xcf, 0xf4, 0x00, 0x5f, 0xff, 0x30, 0x00,
    0x00, 0x6f, 0xff, 0xce, 0xff, 0xd0, 0x00, 0xcf,
    0xf5, 0x00, 0x00, 0x00, 0x0a, 0xff, 0xff, 0xfe,
    0x30, 0x00, 0x0a, 0x60, 0x00, 0x00, 0x00, 0x00,
    0x6c, 0xfe, 0x92, 0x00,

    /* U+0026 "&" */
    0x00, 0x00, 0x01, 0x46, 0x53, 0x00, 0x00, 0x00,
    0x00, 0x00, 0x00, 0x9f, 0xff, 0xff, 0xe7, 0x00,
    0x00, 0x00, 0x00, 0x0c, 0xff, 0xff, 0xff, 0xff,
    0xb0, 0x00, 0x00, 0x00, 0x8f, 0xff, 0xff, 0xff,
    0xff, 0xc1, 0x00, 0x00, 0x00, 0xef, 0xff, 0x61,
    0x04, 0xcb, 0x00, 0x00, 0x00, 0x02, 0xff, 0xf7,
    0x00, 0x00, 0x00, 0x00, 0x00, 0x00, 0x03, 0xff,
    0xf5, 0x00, 0x00, 0x00, 0x00, 0x00, 0x00, 0x01,
    0xff, 0xf9, 0x00, 0x00, 0x00, 0x00, 0x00, 0x00,
    0x00, 0xaf, 0xff, 0x92, 0x00, 0x00, 0x00, 0x00,
    0x00, 0x00, 0x1e, 0xff, 0xff, 0xff, 0xff, 0xff,
    0xff, 0xfc, 0x00, 0x04, 0xff, 0xff, 0xff, 0xff,
    0xff, 0xff, 0xfc, 0x00, 0x6f, 0xff, 0xff, 0xff,
    0xff, 0xff, 0xff, 0xfc, 0x04, 0xff, 0xfd, 0x63,
    0x33, 0x3c, 0xff, 0xf3, 0x32, 0x0d, 0xff, 0xd0,
    0x00, 0x00, 0x09, 0xff, 0xe0, 0x00, 0x2f, 0xff,
    0x60, 0x00, 0x00, 0x09, 0xff, 0xe0, 0x00, 0x4f,
    0xff, 0x40, 0x00, 0x00, 0x0b, 0xff, 0xc0, 0x00,
    0x3f, 0xff, 0x70, 0x00, 0x00, 0x0f, 0xff, 0xa0,
    0x00, 0x0f, 0xff, 0xe2, 0x00, 0x00, 0x9f, 0xff,
    0x60, 0x00, 0x09, 0xff, 0xff, 0xa7, 0x8c, 0xff,
    0xfe, 0x10, 0x00, 0x00, 0xdf, 0xff, 0xff, 0xff,
    0xff, 0xf5, 0x00, 0x00, 0x00, 0x1c, 0xff, 0xff,
    0xff, 0xff, 0x60, 0x00, 0x00, 0x00, 0x00, 0x5a,
    0xdf, 0xfc, 0x82, 0x00, 0x00, 0x00,

    /* U+0027 "'" */
    0x2f, 0xff, 0x32, 0xff, 0xf3, 0x2f, 0xff, 0x32,
    0xff, 0xf3, 0x1f, 0xff, 0x30, 0xef, 0xf3, 0x0b,
    0xff, 0x30, 0x8f, 0xf3, 0x04, 0xdd, 0x30,

    /* U+0028 "(" */
    0x00, 0x00, 0x00, 0x00, 0x00, 0x00, 0x00, 0x00,
    0x97, 0x00, 0x00, 0x00, 0x09, 0xff, 0x80, 0x00,
    0x00, 0x6f, 0xff, 0xd1, 0x00, 0x02, 0xff, 0xfe,
    0x20, 0x00, 0x0b, 0xff, 0xf4, 0x00, 0x00, 0x4f,
    0xff, 0xa0, 0x00, 0x00, 0xbf, 0xff, 0x10, 0x00,
    0x01, 0xff, 0xf8, 0x00, 0x00, 0x07, 0xff, 0xf2,
    0x00, 0x00, 0x0a, 0xff, 0xd0, 0x00, 0x00, 0x0e,
    0xff, 0x90, 0x00, 0x00, 0x0f, 0xff, 0x60, 0x00,
    0x00, 0x1f, 0xff, 0x40, 0x00, 0x00, 0x3f, 0xff,
    0x30, 0x00, 0x00, 0x3f, 0xff, 0x30, 0x00, 0x00,
    0x2f, 0xff, 0x40, 0x00, 0x00, 0x1f, 0xff, 0x50,
    0x00, 0x00, 0x0f, 0xff, 0x80, 0x00, 0x00, 0x0c,
    0xff, 0xb0, 0x00, 0x00, 0x08, 0xff, 0xf0, 0x00,
    0x00, 0x04, 0xff, 0xf5, 0x00, 0x00, 0x00, 0xef,
    0xfc, 0x00, 0x00, 0x00, 0x7f, 0xff, 0x50, 0x00,
    0x00, 0x0e, 0xff, 0xe1, 0x00, 0x00, 0x06, 0xff,
    0xfa, 0x00, 0x00, 0x00, 0xbf, 0xff, 0x80, 0x00,
    0x00, 0x1e, 0xff, 0xe1, 0x00, 0x00, 0x02, 0xed,
    0x20, 0x00, 0x00, 0x00, 0x21, 0x00,

    /* U+0029 ")" */
    0x00, 0x00, 0x00, 0x00, 0x00, 0x1c, 0x30, 0x00,
    0x00, 0x2e, 0xfe, 0x20, 0x00, 0x06, 0xff, 0xfd,
    0x00, 0x00, 0x08, 0xff, 0xf9, 0x00, 0x00, 0x0c,
    0xff, 0xf3, 0x00, 0x00, 0x2f, 0xff, 0xc0, 0x00,
    0x00, 0x8f, 0xff, 0x30, 0x00, 0x01, 0xff, 0xf9,
    0x00, 0x00, 0x0a, 0xff, 0xe0, 0x00, 0x00, 0x5f,
    0xff, 0x20, 0x00, 0x01, 0xff, 0xf6, 0x00, 0x00,
    0x0e, 0xff, 0x80, 0x00, 0x00, 0xcf, 0xf9, 0x00,
    0x00, 0x0b, 0xff, 0xa0, 0x00, 0x00, 0xbf, 0xfb,
    0x00, 0x00, 0x0b, 0xff, 0xa0, 0x00, 0x00, 0xdf,
    0xf9, 0x00, 0x00, 0x0f, 0xff, 0x70, 0x00, 0x03,
    0xff, 0xf4, 0x00, 0x00, 0x7f, 0xff, 0x10, 0x00,
    0x0d, 0xff, 0xc0, 0x00, 0x04, 0xff, 0xf6, 0x00,
    0x00, 0xdf, 0xff, 0x00, 0x00, 0x7f, 0xff, 0x70,
    0x00, 0x3f, 0xff, 0xe0, 0x00, 0x1e, 0xff, 0xf3,
    0x00, 0x07, 0xff, 0xf7, 0x00, 0x00, 0x07, 0xf9,
    0x00, 0x00, 0x00, 0x04, 0x00, 0x00, 0x00,

    /* U+002A "*" */
    0x00, 0x1a, 0x40, 0x0a, 0x50, 0x00, 0x01, 0xff,
    0xc0, 0x3f, 0xf9, 0x00, 0x00, 0x8f, 0xf3, 0xaf,
    0xe1, 0x00, 0x00, 0x0c, 0xfc, 0xff, 0x40, 0x00,
    0xba, 0x88, 0xff, 0xfd, 0x89, 0xb5, 0xef, 0xff,
    0xff, 0xff, 0xff, 0xf6, 0xcc, 0xa9, 0xff, 0xfd,
    0x9b, 0xd5, 0x00, 0x0a, 0xfe, 0xff, 0x30, 0x00,
    0x00, 0x6f, 0xf5, 0xcf, 0xe1, 0x00, 0x01, 0xff,
    0xd0, 0x4f, 0xf9, 0x00, 0x00, 0x3c, 0x60, 0x0c,
    0x70, 0x00, 0x00, 0x00, 0x00, 0x00, 0x00, 0x00,

    /* U+002B "+" */
    0x00, 0x00, 0x00, 0xbf, 0xf8, 0x00, 0x00, 0x00,
    0x00, 0x00, 0x00, 0xbf, 0xf8, 0x00, 0x00, 0x00,
    0x00, 0x00, 0x00, 0xbf, 0xf8, 0x00, 0x00, 0x00,
    0x00, 0x00, 0x00, 0xbf, 0xf8, 0x00, 0x00, 0x00,
    0x00, 0x00, 0x00, 0xbf, 0xf8, 0x00, 0x00, 0x00,
    0x03, 0x33, 0x33, 0xff, 0xfc, 0x33, 0x33, 0x30,
    0x1f, 0xff, 0xff, 0xff, 0xff, 0xff, 0xff, 0xf3,
    0x1f, 0xff, 0xff, 0xff, 0xff, 0xff, 0xff, 0xf3,
    0x1f, 0xff, 0xff, 0xff, 0xff, 0xff, 0xff, 0xf3,
    0x00, 0x00, 0x00, 0xbf, 0xf8, 0x00, 0x00, 0x00,
    0x00, 0x00, 0x00, 0xbf, 0xf8, 0x00, 0x00, 0x00,
    0x00, 0x00, 0x00, 0xbf, 0xf8, 0x00, 0x00, 0x00,
    0x00, 0x00, 0x00, 0xbf, 0xf8, 0x00, 0x00, 0x00,
    0x00, 0x00, 0x00, 0xbf, 0xf8, 0x00, 0x00, 0x00,
    0x00, 0x00, 0x00, 0x58, 0x84, 0x00, 0x00, 0x00,

    /* U+002C "," */
    0x08, 0xee, 0x80, 0x7f, 0xff, 0xf6, 0x0a, 0xff,
    0xfc, 0x00, 0xef, 0xfd, 0x00, 0xcf, 0xfb, 0x00,
    0xdf, 0xf6, 0x02, 0xff, 0xd0, 0x0b, 0xff, 0x30,
    0x7f, 0xf5, 0x00, 0x1b, 0x40, 0x00,

    /* U+002D "-" */
    0x03, 0x33, 0x33, 0x33, 0x33, 0x00, 0xff, 0xff,
    0xff, 0xff, 0xf1, 0x0f, 0xff, 0xff, 0xff, 0xff,
    0x10, 0xff, 0xff, 0xff, 0xff, 0xf1,

    /* U+002E "." */
    0x00, 0x12, 0x00, 0x09, 0xff, 0xb0, 0x5f, 0xff,
    0xf8, 0x7f, 0xff, 0xfa, 0x3f, 0xff, 0xf6, 0x05,
    0xef, 0x80,

    /* U+002F "/" */
    0x00, 0x00, 0x00, 0x00, 0x00, 0x0c, 0x50, 0x00,
    0x00, 0x00, 0x00, 0x00, 0x07, 0xff, 0xc0, 0x00,
    0x00, 0x00, 0x00, 0x00, 0xef, 0xf7, 0x00, 0x00,
    0x00, 0x00, 0x00, 0x7f, 0xff, 0x10, 0x00, 0x00,
    0x00, 0x00, 0x0e, 0xff, 0x80, 0x00, 0x00, 0x00,
    0x00, 0x06, 0xff, 0xf1, 0x00, 0x00, 0x00, 0x00,
    0x00, 0xef, 0xf8, 0x00, 0x00, 0x00, 0x00, 0x00,
    0x6f, 0xff, 0x10, 0x00, 0x00, 0x00, 0x00, 0x0d,
    0xff, 0x90, 0x00, 0x00, 0x00, 0x00, 0x06, 0xff,
    0xf1, 0x00, 0x00, 0x00, 0x00, 0x00, 0xdf, 0xf9,
    0x00, 0x00, 0x00, 0x00, 0x00, 0x5f, 0xff, 0x20,
    0x00, 0x00, 0x00, 0x00, 0x0d, 0xff, 0xa0, 0x00,
    0x00, 0x00, 0x00, 0x05, 0xff, 0xf2, 0x00, 0x00,
    0x00, 0x00, 0x00, 0xcf, 0xfa, 0x00, 0x00, 0x00,
    0x00, 0x00, 0x4f, 0xff, 0x20, 0x00, 0x00, 0x00,
    0x00, 0x0c, 0xff, 0xa0, 0x00, 0x00, 0x00, 0x00,
    0x04, 0xff, 0xf3, 0x00, 0x00, 0x00, 0x00, 0x00,
    0xbf, 0xfb, 0x00, 0x00, 0x00, 0x00, 0x00, 0x3f,
    0xff, 0x30, 0x00, 0x00, 0x00, 0x00, 0x0b, 0xff,
    0xb0, 0x00, 0x00, 0x00, 0x00, 0x03, 0xff, 0xf3,
    0x00, 0x00, 0x00, 0x00, 0x00, 0xbf, 0xfc, 0x00,
    0x00, 0x00, 0x00, 0x00, 0x05, 0xdf, 0x40, 0x00,
    0x00, 0x00, 0x00, 0x00, 0x00, 0x40, 0x00, 0x00,
    0x00, 0x00, 0x00, 0x00,

    /* U+0030 "0" */
    0x00, 0x00, 0x6c, 0xff, 0xd9, 0x20, 0x00, 0x00,
    0x01, 0xcf, 0xff, 0xff, 0xff, 0x50, 0x00, 0x00,
    0xcf, 0xff, 0xff, 0xff, 0xff, 0x40, 0x00, 0x7f,
    0xff, 0xe8, 0x7c, 0xff, 0xfe, 0x00, 0x0e, 0xff,
    0xe1, 0x00, 0x0a, 0xff, 0xf6, 0x04, 0xff, 0xf6,
    0x00, 0x00, 0x1f, 0xff, 0xb0, 0x8f, 0xff, 0x10,
    0x00, 0x00, 0xaf, 0xff, 0x0b, 0xff, 0xd0, 0x00,
    0x00, 0x07, 0xff, 0xf2, 0xcf, 0xfa, 0x00, 0x00,
    0x00, 0x4f, 0xff, 0x3e, 0xff, 0x90, 0x00, 0x00,
    0x03, 0xff, 0xf5, 0xef, 0xf9, 0x00, 0x00, 0x00,
    0x3f, 0xff, 0x5d, 0xff, 0xa0, 0x00, 0x00, 0x04,
    0xff, 0xf3, 0xbf, 0xfc, 0x00, 0x00, 0x00, 0x6f,
    0xff, 0x28, 0xff, 0xf0, 0x00, 0x00, 0x0a, 0xff,
    0xf0, 0x4f, 0xff, 0x50, 0x00, 0x00, 0xff, 0xfb,
    0x00, 0xff, 0xfe, 0x10, 0x00, 0x9f, 0xff, 0x60,
    0x08, 0xff, 0xfe, 0x76, 0xbf, 0xff, 0xe0, 0x00,
    0x0d, 0xff, 0xff, 0xff, 0xff, 0xf4, 0x00, 0x00,
    0x1c, 0xff, 0xff, 0xff, 0xf6, 0x00, 0x00, 0x00,
    0x06, 0xcf, 0xfd, 0x92, 0x00, 0x00,

    /* U+0031 "1" */
    0x00, 0x00, 0x09, 0xff, 0x30, 0x00, 0x06, 0xff,
    0xf3, 0x05, 0x7c, 0xff, 0xff, 0x30, 0xff, 0xff,
    0xff, 0xf3, 0x0f, 0xff, 0xff, 0xff, 0x30, 0xfd,
    0xa7, 0xff, 0xf3, 0x00, 0x00, 0x4f, 0xff, 0x30,
    0x00, 0x04, 0xff, 0xf3, 0x00, 0x00, 0x4f, 0xff,
    0x30, 0x00, 0x04, 0xff, 0xf3, 0x00, 0x00, 0x4f,
    0xff, 0x30, 0x00, 0x04, 0xff, 0xf3, 0x00, 0x00,
    0x4f, 0xff, 0x30, 0x00, 0x04, 0xff, 0xf3, 0x00,
    0x00, 0x4f, 0xff, 0x30, 0x00, 0x04, 0xff, 0xf3,
    0x00, 0x00, 0x4f, 0xff, 0x30, 0x00, 0x04, 0xff,
    0xf3, 0x00, 0x00, 0x4f, 0xff, 0x30, 0x00, 0x04,
    0xff, 0xf3,

    /* U+0032 "2" */
    0x00, 0x00, 0x3a, 0xef, 0xec, 0x60, 0x00, 0x00,
    0x09, 0xff, 0xff, 0xff, 0xfc, 0x10, 0x00, 0xaf,
    0xff, 0xff, 0xff, 0xff, 0xc0, 0x07, 0xff, 0xff,
    0x96, 0x8f, 0xff, 0xf4, 0x0b, 0xff, 0xd2, 0x00,
    0x03, 0xff, 0xf8, 0x00, 0x6d, 0x10, 0x00, 0x00,
    0xef, 0xf9, 0x00, 0x00, 0x00, 0x00, 0x00, 0xef,
    0xf8, 0x00, 0x00, 0x00, 0x00, 0x03, 0xff, 0xf4,
    0x00, 0x00, 0x00, 0x00, 0x0c, 0xff, 0xe0, 0x00,
    0x00, 0x00, 0x00, 0x8f, 0xff, 0x60, 0x00, 0x00,
    0x00, 0x06, 0xff, 0xfc, 0x00, 0x00, 0x00, 0x00,
    0x5f, 0xff, 0xe1, 0x00, 0x00, 0x00, 0x04, 0xff,
    0xff, 0x20, 0x00, 0x00, 0x00, 0x3f, 0xff, 0xf4,
    0x00, 0x00, 0x00, 0x03, 0xff, 0xff, 0x50, 0x00,
    0x00, 0x00, 0x2e, 0xff, 0xf6, 0x00, 0x00, 0x00,
    0x01, 0xef, 0xff, 0xd5, 0x55, 0x55, 0x54, 0x08,
    0xff, 0xff, 0xff, 0xff, 0xff, 0xff, 0x09, 0xff,
    0xff, 0xff, 0xff, 0xff, 0xff, 0x09, 0xff, 0xff,
    0xff, 0xff, 0xff, 0xff,

    /* U+0033 "3" */
    0x00, 0x00, 0x5b, 0xef, 0xec, 0x70, 0x00, 0x00,
    0x02, 0xdf, 0xff, 0xff, 0xff, 0xe2, 0x00, 0x03,
    0xef, 0xff, 0xff, 0xff, 0xff, 0xd0, 0x00, 0x7f,
    0xff, 0xa6, 0x68, 0xef, 0xff, 0x40, 0x00, 0x4a,
    0x10, 0x00, 0x02, 0xff, 0xf7, 0x00, 0x00, 0x00,
    0x00, 0x00, 0x1f, 0xff, 0x60, 0x00, 0x00, 0x00,
    0x01, 0x5c, 0xff, 0xf3, 0x00, 0x00, 0x02, 0xff,
    0xff, 0xff, 0xfa, 0x00, 0x00, 0x00, 0x2f, 0xff,
    0xff, 0xfa, 0x00, 0x00, 0x00, 0x02, 0xff, 0xff,
    0xff, 0xe4, 0x00, 0x00, 0x00, 0x00, 0x01, 0x5c,
    0xff, 0xf3, 0x00, 0x00, 0x00, 0x00, 0x00, 0x0b,
    0xff, 0xc0, 0x00, 0x00, 0x00, 0x00, 0x00, 0x4f,
    0xff, 0x20, 0x00, 0x00, 0x00, 0x00, 0x02, 0xff,
    0xf5, 0x00, 0x22, 0x00, 0x00, 0x00, 0x5f, 0xff,
    0x40, 0x2e, 0xe4, 0x00, 0x00, 0x1d, 0xff, 0xf2,
    0x0d, 0xff, 0xfb, 0x76, 0x8e, 0xff, 0xfc, 0x00,
    0x7f, 0xff, 0xff, 0xff, 0xff, 0xff, 0x30, 0x00,
    0x5e, 0xff, 0xff, 0xff, 0xfe, 0x40, 0x00, 0x00,
    0x17, 0xce, 0xfe, 0xc7, 0x10, 0x00,

    /* U+0034 "4" */
    0x00, 0x00, 0x0e, 0xff, 0x90, 0x00, 0x00, 0x00,
    0x00, 0x00, 0x5f, 0xff, 0x30, 0x00, 0x00, 0x00,
    0x00, 0x00, 0xbf, 0xfc, 0x00, 0x00, 0x00, 0x00,
    0x00, 0x02, 0xff, 0xf6, 0x00, 0x00, 0x00, 0x00,
    0x00, 0x08, 0xff, 0xf0, 0x00, 0x00, 0x00, 0x00,
    0x00, 0x0e, 0xff, 0x90, 0x00, 0x00, 0x00, 0x00,
    0x00, 0x5f, 0xff, 0x30, 0x00, 0x11, 0x00, 0x00,
    0x00, 0xbf, 0xfd, 0x00, 0x01, 0xff, 0x50, 0x00,
    0x02, 0xff, 0xf7, 0x00, 0x07, 0xff, 0x50, 0x00,
    0x08, 0xff, 0xf1, 0x00, 0x0d, 0xff, 0x50, 0x00,
    0x0e, 0xff, 0xa0, 0x00, 0x3f, 0xff, 0x50, 0x00,
    0x5f, 0xff, 0xa6, 0x66, 0xff, 0xff, 0xb6, 0x61,
    0xbf, 0xff, 0xff, 0xff, 0xff, 0xff, 0xff, 0xf2,
    0xef, 0xff, 0xff, 0xff, 0xff, 0xff, 0xff, 0xf2,
    0xef, 0xff, 0xff, 0xff, 0xff, 0xff, 0xff, 0xf2,
    0x00, 0x00, 0x00, 0x00, 0x3f, 0xff, 0x50, 0x00,
    0x00, 0x00, 0x00, 0x00, 0x3f, 0xff, 0x50, 0x00,
    0x00, 0x00, 0x00, 0x00, 0x3f, 0xff, 0x50, 0x00,
    0x00, 0x00, 0x00, 0x00, 0x3f, 0xff, 0x50, 0x00,
    0x00, 0x00, 0x00, 0x00, 0x3f, 0xff, 0x50, 0x00,

    /* U+0035 "5" */
    0x2f, 0xff, 0xff, 0xff, 0xff, 0xff, 0x90, 0x2f,
    0xff, 0xff, 0xff, 0xff, 0xff, 0x90, 0x2f, 0xff,
    0xff, 0xff, 0xff, 0xff, 0x90, 0x2f, 0xff, 0x85,
    0x55, 0x55, 0x55, 0x30, 0x2f, 0xff, 0x20, 0x00,
    0x00, 0x00, 0x00, 0x2f, 0xff, 0x20, 0x00, 0x00,
    0x00, 0x00, 0x2f, 0xff, 0x21, 0x56, 0x52, 0x00,
    0x00, 0x2f, 0xff, 0xcf, 0xff, 0xff, 0xb2, 0x00,
    0x2f, 0xff, 0xff, 0xff, 0xff, 0xff, 0x30, 0x2f,
    0xff, 0xff, 0xff, 0xff, 0xff, 0xd0, 0x2f, 0xff,
    0xc3, 0x01, 0x6e, 0xff, 0xf6, 0x03, 0x78, 0x00,
    0x00, 0x03, 0xff, 0xfb, 0x00, 0x00, 0x00, 0x00,
    0x00, 0xcf, 0xfd, 0x00, 0x00, 0x00, 0x00, 0x00,
    0xbf, 0xfd, 0x00, 0x00, 0x00, 0x00, 0x00, 0xef,
    0xfc, 0x03, 0xda, 0x00, 0x00, 0x07, 0xff, 0xf8,
    0x6f, 0xff, 0xe8, 0x57, 0xbf, 0xff, 0xf2, 0x1e,
    0xff, 0xff, 0xff, 0xff, 0xff, 0x70, 0x02, 0xcf,
    0xff, 0xff, 0xff, 0xf8, 0x00, 0x00, 0x04, 0xad,
    0xff, 0xd9, 0x20, 0x00,

    /* U+0036 "6" */
    0x00, 0x00, 0x02, 0x8c, 0xff, 0xeb, 0x60, 0x00,
    0x00, 0x00, 0x7f, 0xff, 0xff, 0xff, 0xfe, 0x40,
    0x00, 0x08, 0xff, 0xff, 0xff, 0xff, 0xff, 0xb0,
    0x00, 0x4f, 0xff, 0xfb, 0x64, 0x59, 0xfd, 0x00,
    0x00, 0xdf, 0xff, 0x60, 0x00, 0x00, 0x11, 0x00,
    0x04, 0xff, 0xf9, 0x00, 0x00, 0x00, 0x00, 0x00,
    0x09, 0xff, 0xf1, 0x00, 0x02, 0x10, 0x00, 0x00,
    0x0d, 0xff, 0xc0, 0x6d, 0xff, 0xfe, 0x70, 0x00,
    0x0f, 0xff, 0xab, 0xff, 0xff, 0xff, 0xfc, 0x10,
    0x0f, 0xff, 0xff, 0xff, 0xff, 0xff, 0xff, 0xa0,
    0x1f, 0xff, 0xff, 0x92, 0x02, 0x8f, 0xff, 0xf2,
    0x0f, 0xff, 0xf7, 0x00, 0x00, 0x07, 0xff, 0xf7,
    0x0f, 0xff, 0xf0, 0x00, 0x00, 0x00, 0xff, 0xf9,
    0x0d, 0xff, 0xf0, 0x00, 0x00, 0x00, 0xef, 0xf9,
    0x0a, 0xff, 0xf1, 0x00, 0x00, 0x01, 0xff, 0xf8,
    0x05, 0xff, 0xfa, 0x00, 0x00, 0x0a, 0xff, 0xf4,
    0x00, 0xdf, 0xff, 0xd6, 0x56, 0xcf, 0xff, 0xe0,
    0x00, 0x3f, 0xff, 0xff, 0xff, 0xff, 0xff, 0x40,
    0x00, 0x04, 0xef, 0xff, 0xff, 0xff, 0xf5, 0x00,
    0x00, 0x00, 0x06, 0xbe, 0xfe, 0xc7, 0x10, 0x00,

    /* U+0037 "7" */
    0x3f, 0xff, 0xff, 0xff, 0xff, 0xff, 0xff, 0x03,
    0xff, 0xff, 0xff, 0xff, 0xff, 0xff, 0xf0, 0x3f,
    0xff, 0xff, 0xff, 0xff, 0xff, 0xff, 0x01, 0x55,
    0x55, 0x55, 0x55, 0x6f, 0xff, 0xc0, 0x00, 0x00,
    0x00, 0x00, 0x06, 0xff, 0xf4, 0x00, 0x00, 0x00,
    0x00, 0x00, 0xef, 0xfc, 0x00, 0x00, 0x00, 0x00,
    0x00, 0x6f, 0xff, 0x50, 0x00, 0x00, 0x00, 0x00,
    0x0e, 0xff, 0xd0, 0x00, 0x00, 0x00, 0x00, 0x06,
    0xff, 0xf5, 0x00, 0x00, 0x00, 0x00, 0x00, 0xef,
    0xfd, 0x00, 0x00, 0x00, 0x00, 0x00, 0x6f, 0xff,
    0x60, 0x00, 0x00, 0x00, 0x00, 0x0e, 0xff, 0xe0,
    0x00, 0x00, 0x00, 0x00, 0x06, 0xff, 0xf6, 0x00,
    0x00, 0x00, 0x00, 0x00, 0xef, 0xfe, 0x00, 0x00,
    0x00, 0x00, 0x00, 0x6f, 0xff, 0x70, 0x00, 0x00,
    0x00, 0x00, 0x0e, 0xff, 0xe0, 0x00, 0x00, 0x00,
    0x00, 0x06, 0xff, 0xf7, 0x00, 0x00, 0x00, 0x00,
    0x00, 0xef, 0xff, 0x10, 0x00, 0x00, 0x00, 0x00,
    0x6f, 0xff, 0x80, 0x00, 0x00, 0x00, 0x00, 0x0d,
    0xff, 0xf1, 0x00, 0x00, 0x00, 0x00,

    /* U+0038 "8" */
    0x00, 0x03, 0x9d, 0xff, 0xea, 0x40, 0x00, 0x00,
    0x8f, 0xff, 0xff, 0xff, 0xfa, 0x00, 0x06, 0xff,
    0xff, 0xff, 0xff, 0xff, 0x80, 0x0d, 0xff, 0xfb,
    0x66, 0xaf, 0xff, 0xf0, 0x0f, 0xff, 0x80, 0x00,
    0x05, 0xff, 0xf3, 0x0f, 0xff, 0x50, 0x00, 0x03,
    0xff, 0xf2, 0x0c, 0xff, 0xe5, 0x10, 0x4d, 0xff,
    0xe0, 0x03, 0xff, 0xff, 0xff, 0xff, 0xff, 0x50,
    0x00, 0x4f, 0xff, 0xff, 0xff, 0xf5, 0x00, 0x00,
    0x7f, 0xff, 0xff, 0xff, 0xf9, 0x00, 0x07, 0xff,
    0xfa, 0x65, 0x9f, 0xff, 0xa0, 0x2f, 0xff, 0x70,
    0x00, 0x05, 0xff, 0xf4, 0x7f, 0xff, 0x00, 0x00,
    0x00, 0xdf, 0xfa, 0xaf, 0xfd, 0x00, 0x00, 0x00,
    0xbf, 0xfc, 0xaf, 0xff, 0x00, 0x00, 0x00, 0xdf,
    0xfc, 0x8f, 0xff, 0x80, 0x00, 0x06, 0xff, 0xfa,
    0x2f, 0xff, 0xfb, 0x76, 0xaf, 0xff, 0xf4, 0x09,
    0xff, 0xff, 0xff, 0xff, 0xff, 0xb0, 0x00, 0x9f,
    0xff, 0xff, 0xff, 0xfb, 0x10, 0x00, 0x03, 0x9d,
    0xff, 0xda, 0x40, 0x00,

    /* U+0039 "9" */
    0x00, 0x00, 0x5a, 0xdf, 0xed, 0x93, 0x00, 0x00,
    0x00, 0x1c, 0xff, 0xff, 0xff, 0xff, 0xb0, 0x00,
    0x00, 0xdf, 0xff, 0xff, 0xff, 0xff, 0xfb, 0x00,
    0x07, 0xff, 0xfe, 0x85, 0x47, 0xef, 0xff, 0x60,
    0x0d, 0xff, 0xe1, 0x00, 0x00, 0x1d, 0xff, 0xd0,
    0x0f, 0xff, 0x80, 0x00, 0x00, 0x07, 0xff, 0xf2,
    0x1f, 0xff, 0x70, 0x00, 0x00, 0x06, 0xff, 0xf6,
    0x0f, 0xff, 0xd0, 0x00, 0x00, 0x0c, 0xff, 0xf8,
    0x0b, 0xff, 0xfc, 0x41, 0x03, 0xbf, 0xff, 0xf9,
    0x04, 0xff, 0xff, 0xff, 0xff, 0xff, 0xff, 0xf9,
    0x00, 0x7f, 0xff, 0xff, 0xff, 0xf7, 0xff, 0xf9,
    0x00, 0x04, 0xbf, 0xff, 0xfa, 0x32, 0xff, 0xf7,
    0x00, 0x00, 0x00, 0x22, 0x00, 0x05, 0xff, 0xf5,
    0x00, 0x00, 0x00, 0x00, 0x00, 0x0b, 0xff, 0xf2,
    0x00, 0x00, 0x00, 0x00, 0x00, 0x3f, 0xff, 0xd0,
    0x00, 0x06, 0x00, 0x00, 0x01, 0xdf, 0xff, 0x60,
    0x00, 0x7f, 0xe8, 0x55, 0x8f, 0xff, 0xfd, 0x00,
    0x03, 0xff, 0xff, 0xff, 0xff, 0xff, 0xe2, 0x00,
    0x00, 0x9f, 0xff, 0xff, 0xff, 0xfd, 0x20, 0x00,
    0x00, 0x02, 0x8d, 0xff, 0xeb, 0x50, 0x00, 0x00,

    /* U+003A ":" */
    0x05, 0xef, 0x70, 0x3f, 0xff, 0xf6, 0x7f, 0xff,
    0xfa, 0x5f, 0xff, 0xf8, 0x09, 0xff, 0xb0, 0x00,
    0x12, 0x00, 0x00, 0x00, 0x00, 0x00, 0x00, 0x00,
    0x00, 0x00, 0x00, 0x00, 0x12, 0x00, 0x09, 0xff,
    0xb0, 0x5f, 0xff, 0xf8, 0x7f, 0xff, 0xfa, 0x3f,
    0xff, 0xf6, 0x05, 0xef, 0x80,

    /* U+003B ";" */
    0x05, 0xee, 0x70, 0x3f, 0xff, 0xf6, 0x7f, 0xff,
    0xfa, 0x5f, 0xff, 0xf7, 0x09, 0xff, 0xb0, 0x00,
    0x22, 0x00, 0x00, 0x00, 0x00, 0x00, 0x00, 0x00,
    0x00, 0x00, 0x00, 0x00, 0x33, 0x00, 0x1d, 0xff,
    0xc0, 0x6f, 0xff, 0xf8, 0x07, 0xff, 0xfd, 0x00,
    0xef, 0xfd, 0x00, 0xbf, 0xfa, 0x00, 0xef, 0xf4,
    0x04, 0xff, 0xb0, 0x0d, 0xfe, 0x10, 0x7f, 0xe2,
    0x00, 0x07, 0x10, 0x00,

    /* U+003C "<" */
    0x00, 0x00, 0x00, 0x00, 0x00, 0x18, 0x10, 0x00,
    0x00, 0x00, 0x00, 0x05, 0xef, 0x90, 0x00, 0x00,
    0x00, 0x02, 0xbf, 0xff, 0xf2, 0x00, 0x00, 0x00,
    0x8f, 0xff, 0xfe, 0x50, 0x00, 0x00, 0x4d, 0xff,
    0xff, 0x91, 0x00, 0x00, 0x1a, 0xff, 0xff, 0xc3,
    0x00, 0x00, 0x06, 0xef, 0xff, 0xf7, 0x00, 0x00,
    0x00, 0x4f, 0xff, 0xfa, 0x10, 0x00, 0x00, 0x00,
    0x4f, 0xff, 0xf8, 0x00, 0x00, 0x00, 0x00, 0x08,
    0xff, 0xff, 0xe5, 0x00, 0x00, 0x00, 0x00, 0x2c,
    0xff, 0xff, 0xb1, 0x00, 0x00, 0x00, 0x00, 0x6e,
    0xff, 0xff, 0x70, 0x00, 0x00, 0x00, 0x01, 0xaf,
    0xff, 0xfd, 0x30, 0x00, 0x00, 0x00, 0x04, 0xdf,
    0xff, 0xf2, 0x00, 0x00, 0x00, 0x00, 0x08, 0xff,
    0xa0, 0x00, 0x00, 0x00, 0x00, 0x00, 0x2b, 0x10,

    /* U+003D "=" */
    0x8f, 0xff, 0xff, 0xff, 0xff, 0xff, 0xfa, 0x8f,
    0xff, 0xff, 0xff, 0xff, 0xff, 0xfb, 0x8f, 0xff,
    0xff, 0xff, 0xff, 0xff, 0xfb, 0x00, 0x00, 0x00,
    0x00, 0x00, 0x00, 0x00, 0x00, 0x00, 0x00, 0x00,
    0x00, 0x00, 0x00, 0x00, 0x00, 0x00, 0x00, 0x00,
    0x00, 0x00, 0x8f, 0xff, 0xff, 0xff, 0xff, 0xff,
    0xfa, 0x8f, 0xff, 0xff, 0xff, 0xff, 0xff, 0xfb,
    0x8f, 0xff, 0xff, 0xff, 0xff, 0xff, 0xfb,

    /* U+003E ">" */
    0x00, 0x50, 0x00, 0x00, 0x00, 0x00, 0x00, 0x07,
    0xfc, 0x20, 0x00, 0x00, 0x00, 0x00, 0x1f, 0xff,
    0xf8, 0x00, 0x00, 0x00, 0x00, 0x04, 0xdf, 0xff,
    0xe5, 0x00, 0x00, 0x00, 0x00, 0x08, 0xff, 0xff,
    0xb2, 0x00, 0x00, 0x00, 0x00, 0x2b, 0xff, 0xff,
    0x80, 0x00, 0x00, 0x00, 0x00, 0x5e, 0xff, 0xfd,
    0x40, 0x00, 0x00, 0x00, 0x01, 0x9f, 0xff, 0xf5,
    0x00, 0x00, 0x00, 0x00, 0x4f, 0xff, 0xf6, 0x00,
    0x00, 0x00, 0x1a, 0xff, 0xff, 0x91, 0x00, 0x00,
    0x07, 0xff, 0xff, 0xd3, 0x00, 0x00, 0x03, 0xcf,
    0xff, 0xf7, 0x00, 0x00, 0x00, 0x9f, 0xff, 0xfa,
    0x10, 0x00, 0x00, 0x1e, 0xff, 0xfd, 0x40, 0x00,
    0x00, 0x00, 0x0b, 0xff, 0x70, 0x00, 0x00, 0x00,
    0x00, 0x02, 0xa2, 0x00, 0x00, 0x00, 0x00, 0x00,

    /* U+003F "?" */
    0x00, 0x00, 0x28, 0xce, 0xfd, 0x92, 0x00, 0x00,
    0x00, 0x8f, 0xff, 0xff, 0xff, 0xf7, 0x00, 0x01,
    0xcf, 0xff, 0xff, 0xff, 0xff, 0xf7, 0x00, 0xcf,
    0xff, 0xfb, 0x77, 0xcf, 0xff, 0xf1, 0x05, 0xff,
    0xc2, 0x00, 0x00, 0x8f, 0xff, 0x80, 0x06, 0xa0,
    0x00, 0x00, 0x00, 0xef, 0xfb, 0x00, 0x00, 0x00,
    0x00, 0x00, 0x0c, 0xff, 0xd0, 0x00, 0x00, 0x00,
    0x00, 0x00, 0xdf, 0xfc, 0x00, 0x00, 0x00, 0x00,
    0x00, 0x4f, 0xff, 0x80, 0x00, 0x00, 0x00, 0x00,
    0x2e, 0xff, 0xf3, 0x00, 0x00, 0x00, 0x00, 0x5f,
    0xff, 0xfa, 0x00, 0x00, 0x00, 0x01, 0xaf, 0xff,
    0xfc, 0x00, 0x00, 0x00, 0x04, 0xef, 0xff, 0xfb,
    0x00, 0x00, 0x00, 0x00, 0x3f, 0xff, 0xf6, 0x00,
    0x00, 0x00, 0x00, 0x00, 0x9f, 0xb2, 0x00, 0x00,
    0x00, 0x00, 0x00, 0x01, 0x50, 0x00, 0x00, 0x00,
    0x00, 0x00, 0x00, 0x00, 0x00, 0x00, 0x00, 0x00,
    0x00, 0x00, 0x07, 0xed, 0x50, 0x00, 0x00, 0x00,
    0x00, 0x05, 0xff, 0xff, 0x20, 0x00, 0x00, 0x00,
    0x00, 0x8f, 0xff, 0xf5, 0x00, 0x00, 0x00, 0x00,
    0x05, 0xff, 0xff, 0x20, 0x00, 0x00, 0x00, 0x00,
    0x08, 0xee, 0x50, 0x00, 0x00,

    /* U+0040 "@" */
    0x00, 0x00, 0x00, 0x01, 0x6a, 0xdf, 0xfe, 0xc7,
    0x20, 0x00, 0x00, 0x00, 0x00, 0x00, 0x00, 0x8f,
    0xff, 0xff, 0xff, 0xff, 0xfa, 0x20, 0x00, 0x00,
    0x00, 0x00, 0x2d, 0xff, 0xff, 0xff, 0xff, 0xff,
    0xff, 0xf5, 0x00, 0x00, 0x00, 0x04, 0xff, 0xff,
    0xd7, 0x31, 0x12, 0x5b, 0xff, 0xff, 0x60, 0x00,
    0x00, 0x2e, 0xff, 0xf6, 0x00, 0x00, 0x00, 0x00,
    0x4e, 0xff, 0xf4, 0x00, 0x00, 0xcf, 0xfe, 0x30,
    0x00, 0x00, 0x00, 0x00, 0x01, 0xef, 0xfd, 0x00,
    0x05, 0xff, 0xf5, 0x00, 0x18, 0xdf, 0xd6, 0x0e,
    0xf4, 0x3f, 0xff, 0x50, 0x0d, 0xff, 0xa0, 0x03,
    0xef, 0xff, 0xff, 0xdf, 0xf0, 0x0b, 0xff, 0xb0,
    0x2f, 0xff, 0x20, 0x1e, 0xff, 0xea, 0xcf, 0xff,
    0xd0, 0x04, 0xff, 0xf0, 0x6f, 0xfd, 0x00, 0x9f,
    0xfe, 0x10, 0x0f, 0xff, 0xa0, 0x02, 0xff, 0xf0,
    0x8f, 0xfa, 0x00, 0xff, 0xf6, 0x00, 0x0f, 0xff,
    0x70, 0x00, 0xff, 0xf1, 0xaf, 0xf8, 0x04, 0xff,
    0xf0, 0x00, 0x0f, 0xff, 0x30, 0x01, 0xff, 0xf0,
    0xaf, 0xf8, 0x06, 0xff, 0xe0, 0x00, 0x0f, 0xff,
    0x10, 0x04, 0xff, 0xd0, 0x9f, 0xf9, 0x06, 0xff,
    0xe0, 0x00, 0x7f, 0xff, 0x00, 0x0a, 0xff, 0x80,
    0x7f, 0xfc, 0x03, 0xff, 0xf6, 0x05, 0xff, 0xff,
    0x50, 0x8f, 0xff, 0x10, 0x4f, 0xff, 0x10, 0xcf,
    0xff, 0xff, 0xff, 0xff, 0xff, 0xff, 0xf5, 0x00,
    0x0f, 0xff, 0x90, 0x2d, 0xff, 0xff, 0x91, 0xdf,
    0xff, 0xfe, 0x40, 0x00, 0x08, 0xff, 0xf4, 0x00,
    0x68, 0x72, 0x00, 0x05, 0x88, 0x50, 0x00, 0x00,
    0x01, 0xff, 0xfe, 0x30, 0x00, 0x00, 0x00, 0x00,
    0x00, 0x20, 0x00, 0x00, 0x00, 0x5f, 0xff, 0xf6,
    0x00, 0x00, 0x00, 0x00, 0x1a, 0xf3, 0x00, 0x00,
    0x00, 0x07, 0xff, 0xff, 0xd8, 0x42, 0x23, 0x5a,
    0xff, 0xfd, 0x00, 0x00, 0x00, 0x00, 0x5f, 0xff,
    0xff, 0xff, 0xff, 0xff, 0xff, 0xfc, 0x10, 0x00,
    0x00, 0x00, 0x02, 0xaf, 0xff, 0xff, 0xff, 0xff,
    0xfe, 0x60, 0x00, 0x00, 0x00, 0x00, 0x00, 0x01,
    0x6b, 0xde, 0xfe, 0xd9, 0x50, 0x00, 0x00, 0x00,

    /* U+0041 "A" */
    0x00, 0x00, 0x00, 0x06, 0xff, 0xff, 0x40, 0x00,
    0x00, 0x00, 0x00, 0x00, 0x00, 0x0c, 0xff, 0xff,
    0xa0, 0x00, 0x00, 0x00, 0x00, 0x00, 0x00, 0x2f,
    0xff, 0xff, 0xf0, 0x00, 0x00, 0x00, 0x00, 0x00,
    0x00, 0x8f, 0xff, 0xff, 0xf6, 0x00, 0x00, 0x00,
    0x00, 0x00, 0x00, 0xdf, 0xf9, 0xaf, 0xfb, 0x00,
    0x00, 0x00, 0x00, 0x00, 0x03, 0xff, 0xf3, 0x5f,
    0xff, 0x10, 0x00, 0x00, 0x00, 0x00, 0x09, 0xff,
    0xd0, 0x0f, 0xff, 0x70, 0x00, 0x00, 0x00, 0x00,
    0x0e, 0xff, 0x70, 0x0a, 0xff, 0xd0, 0x00, 0x00,
    0x00, 0x00, 0x5f, 0xff, 0x20, 0x04, 0xff, 0xf2,
    0x00, 0x00, 0x00, 0x00, 0xaf, 0xfc, 0x00, 0x00,
    0xef, 0xf8, 0x00, 0x00, 0x00, 0x01, 0xff, 0xf6,
    0x00, 0x00, 0x9f, 0xfe, 0x00, 0x00, 0x00, 0x06,
    0xff, 0xf1, 0x00, 0x00, 0x3f, 0xff, 0x30, 0x00,
    0x00, 0x0c, 0xff, 0xff, 0xff, 0xff, 0xff, 0xff,
    0x90, 0x00, 0x00, 0x2f, 0xff, 0xff, 0xff, 0xff,
    0xff, 0xff, 0xe0, 0x00, 0x00, 0x7f, 0xff, 0xff,
    0xff, 0xff, 0xff, 0xff, 0xf5, 0x00, 0x00, 0xdf,
    0xfe, 0x44, 0x44, 0x44, 0x44, 0xff, 0xfa, 0x00,
    0x03, 0xff, 0xf4, 0x00, 0x00, 0x00, 0x00, 0x7f,
    0xff, 0x10, 0x09, 0xff, 0xe0, 0x00, 0x00, 0x00,
    0x00, 0x2f, 0xff, 0x60, 0x0e, 0xff, 0x80, 0x00,
    0x00, 0x00, 0x00, 0x0c, 0xff, 0xc0, 0x4f, 0xff,
    0x30, 0x00, 0x00, 0x00, 0x00, 0x06, 0xff, 0xf1,

    /* U+0042 "B" */
    0xbf, 0xff, 0xff, 0xff, 0xec, 0x82, 0x00, 0x0b,
    0xff, 0xff, 0xff, 0xff, 0xff, 0xf6, 0x00, 0xbf,
    0xff, 0xff, 0xff, 0xff, 0xff, 0xf3, 0x0b, 0xff,
    0xf5, 0x55, 0x58, 0xef, 0xff, 0x90, 0xbf, 0xfc,
    0x00, 0x00, 0x01, 0xff, 0xfc, 0x0b, 0xff, 0xc0,
    0x00, 0x00, 0x0b, 0xff, 0xd0, 0xbf, 0xfc, 0x00,
    0x00, 0x00, 0xdf, 0xfb, 0x0b, 0xff, 0xd1, 0x11,
    0x13, 0xbf, 0xff, 0x50, 0xbf, 0xff, 0xff, 0xff,
    0xff, 0xff, 0x90, 0x0b, 0xff, 0xff, 0xff, 0xff,
    0xff, 0xe0, 0x00, 0xbf, 0xff, 0xff, 0xff, 0xff,
    0xff, 0xd1, 0x0b, 0xff, 0xc0, 0x00, 0x01, 0x5e,
    0xff, 0xc0, 0xbf, 0xfc, 0x00, 0x00, 0x00, 0x5f,
    0xff, 0x3b, 0xff, 0xc0, 0x00, 0x00, 0x01, 0xff,
    0xf7, 0xbf, 0xfc, 0x00, 0x00, 0x00, 0x2f, 0xff,
    0x8b, 0xff, 0xc0, 0x00, 0x00, 0x09, 0xff, 0xf6,
    0xbf, 0xff, 0x55, 0x55, 0x7c, 0xff, 0xff, 0x2b,
    0xff, 0xff, 0xff, 0xff, 0xff, 0xff, 0xa0, 0xbf,
    0xff, 0xff, 0xff, 0xff, 0xff, 0xb0, 0x0b, 0xff,
    0xff, 0xff, 0xff, 0xda, 0x40, 0x00,

    /* U+0043 "C" */
    0x00, 0x00, 0x00, 0x06, 0xad, 0xff, 0xec, 0x94,
    0x00, 0x00, 0x00, 0x00, 0x00, 0x7e, 0xff, 0xff,
    0xff, 0xff, 0xfc, 0x20, 0x00, 0x00, 0x01, 0xcf,
    0xff, 0xff, 0xff, 0xff, 0xff, 0xff, 0x50, 0x00,
    0x00, 0xcf, 0xff, 0xfe, 0x86, 0x67, 0xbf, 0xff,
    0xff, 0x40, 0x00, 0x9f, 0xff, 0xf5, 0x00, 0x00,
    0x00, 0x1a, 0xff, 0xfe, 0x10, 0x2f, 0xff, 0xe2,
    0x00, 0x00, 0x00, 0x00, 0x08, 0xff, 0xa3, 0x09,
    0xff, 0xf5, 0x00, 0x00, 0x00, 0x00, 0x00, 0x04,
    0x00, 0x00, 0xdf, 0xfd, 0x00, 0x00, 0x00, 0x00,
    0x00, 0x00, 0x00, 0x00, 0x0f, 0xff, 0x80, 0x00,
    0x00, 0x00, 0x00, 0x00, 0x00, 0x00, 0x02, 0xff,
    0xf6, 0x00, 0x00, 0x00, 0x00, 0x00, 0x00, 0x00,
    0x00, 0x2f, 0xff, 0x60, 0x00, 0x00, 0x00, 0x00,
    0x00, 0x00, 0x00, 0x01, 0xff, 0xf8, 0x00, 0x00,
    0x00, 0x00, 0x00, 0x00, 0x00, 0x00, 0x0e, 0xff,
    0xd0, 0x00, 0x00, 0x00, 0x00, 0x00, 0x00, 0x00,
    0x00, 0xaf, 0xff, 0x50, 0x00, 0x00, 0x00, 0x00,
    0x00, 0x40, 0x00, 0x03, 0xff, 0xff, 0x20, 0x00,
    0x00, 0x00, 0x00, 0x8f, 0xfa, 0x20, 0x0a, 0xff,
    0xff, 0x50, 0x00, 0x00, 0x01, 0xaf, 0xff, 0xe1,
    0x00, 0x1d, 0xff, 0xff, 0xd8, 0x66, 0x7b, 0xff,
    0xff, 0xf4, 0x00, 0x00, 0x2d, 0xff, 0xff, 0xff,
    0xff, 0xff, 0xff, 0xf5, 0x00, 0x00, 0x00, 0x09,
    0xff, 0xff, 0xff, 0xff, 0xff, 0xc2, 0x00, 0x00,
    0x00, 0x00, 0x01, 0x7b, 0xef, 0xfe, 0xc9, 0x40,
    0x00, 0x00,

    /* U+0044 "D" */
    0xbf, 0xff, 0xff, 0xff, 0xec, 0x83, 0x00, 0x00,
    0x00, 0xbf, 0xff, 0xff, 0xff, 0xff, 0xff, 0xc2,
    0x00, 0x00, 0xbf, 0xff, 0xff, 0xff, 0xff, 0xff,
    0xff, 0x50, 0x00, 0xbf, 0xff, 0x44, 0x45, 0x7b,
    0xff, 0xff, 0xf4, 0x00, 0xbf, 0xfc, 0x00, 0x00,
    0x00, 0x2c, 0xff, 0xfe, 0x00, 0xbf, 0xfc, 0x00,
    0x00, 0x00, 0x00, 0xcf, 0xff, 0x70, 0xbf, 0xfc,
    0x00, 0x00, 0x00, 0x00, 0x1f, 0xff, 0xd0, 0xbf,
    0xfc, 0x00, 0x00, 0x00, 0x00, 0x0a, 0xff, 0xf1,
    0xbf, 0xfc, 0x00, 0x00, 0x00, 0x00, 0x06, 0xff,
    0xf4, 0xbf, 0xfc, 0x00, 0x00, 0x00, 0x00, 0x04,
    0xff, 0xf5, 0xbf, 0xfc, 0x00, 0x00, 0x00, 0x00,
    0x04, 0xff, 0xf5, 0xbf, 0xfc, 0x00, 0x00, 0x00,
    0x00, 0x06, 0xff, 0xf4, 0xbf, 0xfc, 0x00, 0x00,
    0x00, 0x00, 0x09, 0xff, 0xf2, 0xbf, 0xfc, 0x00,
    0x00, 0x00, 0x00, 0x1f, 0xff, 0xe0, 0xbf, 0xfc,
    0x00, 0x00, 0x00, 0x00, 0xbf, 0xff, 0x80, 0xbf,
    0xfc, 0x00, 0x00, 0x00, 0x1b, 0xff, 0xfe, 0x10,
    0xbf, 0xff, 0x55, 0x55, 0x7b, 0xff, 0xff, 0xf5,
    0x00, 0xbf, 0xff, 0xff, 0xff, 0xff, 0xff, 0xff,
    0x60, 0x00, 0xbf, 0xff, 0xff, 0xff, 0xff, 0xff,
    0xc3, 0x00, 0x00, 0xbf, 0xff, 0xff, 0xff, 0xec,
    0x93, 0x00, 0x00, 0x00,

    /* U+0045 "E" */
    0xbf, 0xff, 0xff, 0xff, 0xff, 0xff, 0xeb, 0xff,
    0xff, 0xff, 0xff, 0xff, 0xfe, 0xbf, 0xff, 0xff,
    0xff, 0xff, 0xff, 0xeb, 0xff, 0xf4, 0x44, 0x44,
    0x44, 0x44, 0xbf, 0xfc, 0x00, 0x00, 0x00, 0x00,
    0x0b, 0xff, 0xc0, 0x00, 0x00, 0x00, 0x00, 0xbf,
    0xfc, 0x00, 0x00, 0x00, 0x00, 0x0b, 0xff, 0xc0,
    0x00, 0x00, 0x00, 0x00, 0xbf, 0xff, 0xff, 0xff,
    0xff, 0xf2, 0x0b, 0xff, 0xff, 0xff, 0xff, 0xff,
    0x20, 0xbf, 0xff, 0xff, 0xff, 0xff, 0xf2, 0x0b,
    0xff, 0xf5, 0x55, 0x55, 0x55, 0x00, 0xbf, 0xfc,
    0x00, 0x00, 0x00, 0x00, 0x0b, 0xff, 0xc0, 0x00,
    0x00, 0x00, 0x00, 0xbf, 0xfc, 0x00, 0x00, 0x00,
    0x00, 0x0b, 0xff, 0xc0, 0x00, 0x00, 0x00, 0x00,
    0xbf, 0xff, 0x55, 0x55, 0x55, 0x55, 0x4b, 0xff,
    0xff, 0xff, 0xff, 0xff, 0xfe, 0xbf, 0xff, 0xff,
    0xff, 0xff, 0xff, 0xeb, 0xff, 0xff, 0xff, 0xff,
    0xff, 0xfe,

    /* U+0046 "F" */
    0xbf, 0xff, 0xff, 0xff, 0xff, 0xff, 0xab, 0xff,
    0xff, 0xff, 0xff, 0xff, 0xfa, 0xbf, 0xff, 0xff,
    0xff, 0xff, 0xff, 0xab, 0xff, 0xf4, 0x44, 0x44,
    0x44, 0x43, 0xbf, 0xfc, 0x00, 0x00, 0x00, 0x00,
    0x0b, 0xff, 0xc0, 0x00, 0x00, 0x00, 0x00, 0xbf,
    0xfc, 0x00, 0x00, 0x00, 0x00, 0x0b, 0xff, 0xc0,
    0x00, 0x00, 0x00, 0x00, 0xbf, 0xff, 0xff, 0xff,
    0xff, 0xf0, 0x0b, 0xff, 0xff, 0xff, 0xff, 0xff,
    0x00, 0xbf, 0xff, 0xff, 0xff, 0xff, 0xf0, 0x0b,
    0xff, 0xf4, 0x44, 0x44, 0x44, 0x00, 0xbf, 0xfc,
    0x00, 0x00, 0x00, 0x00, 0x0b, 0xff, 0xc0, 0x00,
    0x00, 0x00, 0x00, 0xbf, 0xfc, 0x00, 0x00, 0x00,
    0x00, 0x0b, 0xff, 0xc0, 0x00, 0x00, 0x00, 0x00,
    0xbf, 0xfc, 0x00, 0x00, 0x00, 0x00, 0x0b, 0xff,
    0xc0, 0x00, 0x00, 0x00, 0x00, 0xbf, 0xfc, 0x00,
    0x00, 0x00, 0x00, 0x0b, 0xff, 0xc0, 0x00, 0x00,
    0x00, 0x00,

    /* U+0047 "G" */
    0x00, 0x00, 0x00, 0x06, 0xad, 0xff, 0xec, 0x94,
    0x00, 0x00, 0x00, 0x00, 0x00, 0x07, 0xef, 0xff,
    0xff, 0xff, 0xff, 0xd3, 0x00, 0x00, 0x00, 0x01,
    0xcf, 0xff, 0xff, 0xff, 0xff, 0xff, 0xff, 0x60,
    0x00, 0x00, 0x0c, 0xff, 0xff, 0xe8, 0x66, 0x7b,
    0xff, 0xff, 0xf5, 0x00, 0x00, 0x9f, 0xff, 0xf5,
    0x00, 0x00, 0x00, 0x18, 0xff, 0xff, 0x20, 0x02,
    0xff, 0xfe, 0x20, 0x00, 0x00, 0x00, 0x00, 0x6e,
    0xa6, 0x10, 0x09, 0xff, 0xf5, 0x00, 0x00, 0x00,
    0x00, 0x00, 0x00, 0x00, 0x00, 0x0d, 0xff, 0xd0,
    0x00, 0x00, 0x00, 0x00, 0x00, 0x00, 0x00, 0x00,
    0x0f, 0xff, 0x80, 0x00, 0x00, 0x00, 0x00, 0x00,
    0x00, 0x00, 0x00, 0x2f, 0xff, 0x60, 0x00, 0x00,
    0x1f, 0xff, 0xff, 0xff, 0xff, 0xf0, 0x2f, 0xff,
    0x60, 0x00, 0x00, 0x1f, 0xff, 0xff, 0xff, 0xff,
    0xf1, 0x1f, 0xff, 0x80, 0x00, 0x00, 0x1f, 0xff,
    0xff, 0xff, 0xff, 0xf0, 0x0e, 0xff, 0xd0, 0x00,
    0x00, 0x03, 0x33, 0x33, 0x3c, 0xff, 0xe0, 0x0a,
    0xff, 0xf5, 0x00, 0x00, 0x00, 0x00, 0x00, 0x1f,
    0xff, 0xa0, 0x03, 0xff, 0xfe, 0x20, 0x00, 0x00,
    0x00, 0x00, 0xbf, 0xff, 0x40, 0x00, 0xaf, 0xff,
    0xe4, 0x00, 0x00, 0x00, 0x2c, 0xff, 0xfb, 0x00,
    0x00, 0x1d, 0xff, 0xff, 0xd7, 0x55, 0x7b, 0xff,
    0xff, 0xd1, 0x00, 0x00, 0x01, 0xdf, 0xff, 0xff,
    0xff, 0xff, 0xff, 0xfd, 0x20, 0x00, 0x00, 0x00,
    0x08, 0xff, 0xff, 0xff, 0xff, 0xff, 0x90, 0x00,
    0x00, 0x00, 0x00, 0x00, 0x17, 0xbe, 0xff, 0xeb,
    0x71, 0x00, 0x00, 0x00,

    /* U+0048 "H" */
    0xbf, 0xfc, 0x00, 0x00, 0x00, 0x00, 0x0f, 0xff,
    0x7b, 0xff, 0xc0, 0x00, 0x00, 0x00, 0x00, 0xff,
    0xf7, 0xbf, 0xfc, 0x00, 0x00, 0x00, 0x00, 0x0f,
    0xff, 0x7b, 0xff, 0xc0, 0x00, 0x00, 0x00, 0x00,
    0xff, 0xf7, 0xbf, 0xfc, 0x00, 0x00, 0x00, 0x00,
    0x0f, 0xff, 0x7b, 0xff, 0xc0, 0x00, 0x00, 0x00,
    0x00, 0xff, 0xf7, 0xbf, 0xfc, 0x00, 0x00, 0x00,
    0x00, 0x0f, 0xff, 0x7b, 0xff, 0xc0, 0x00, 0x00,
    0x00, 0x00, 0xff, 0xf7, 0xbf, 0xff, 0xff, 0xff,
    0xff, 0xff, 0xff, 0xff, 0x7b, 0xff, 0xff, 0xff,
    0xff, 0xff, 0xff, 0xff, 0xf7, 0xbf, 0xff, 0xff,
    0xff, 0xff, 0xff, 0xff, 0xff, 0x7b, 0xff, 0xf5,
    0x55, 0x55, 0x55, 0x55, 0xff, 0xf7, 0xbf, 0xfc,
    0x00, 0x00, 0x00, 0x00, 0x0f, 0xff, 0x7b, 0xff,
    0xc0, 0x00, 0x00, 0x00, 0x00, 0xff, 0xf7, 0xbf,
    0xfc, 0x00, 0x00, 0x00, 0x00, 0x0f, 0xff, 0x7b,
    0xff, 0xc0, 0x00, 0x00, 0x00, 0x00, 0xff, 0xf7,
    0xbf, 0xfc, 0x00, 0x00, 0x00, 0x00, 0x0f, 0xff,
    0x7b, 0xff, 0xc0, 0x00, 0x00, 0x00, 0x00, 0xff,
    0xf7, 0xbf, 0xfc, 0x00, 0x00, 0x00, 0x00, 0x0f,
    0xff, 0x7b, 0xff, 0xc0, 0x00, 0x00, 0x00, 0x00,
    0xff, 0xf7,

    /* U+0049 "I" */
    0xbf, 0xfc, 0xbf, 0xfc, 0xbf, 0xfc, 0xbf, 0xfc,
    0xbf, 0xfc, 0xbf, 0xfc, 0xbf, 0xfc, 0xbf, 0xfc,
    0xbf, 0xfc, 0xbf, 0xfc, 0xbf, 0xfc, 0xbf, 0xfc,
    0xbf, 0xfc, 0xbf, 0xfc, 0xbf, 0xfc, 0xbf, 0xfc,
    0xbf, 0xfc, 0xbf, 0xfc, 0xbf, 0xfc, 0xbf, 0xfc,

    /* U+004A "J" */
    0x00, 0x00, 0x00, 0x00, 0x09, 0xff, 0xf0, 0x00,
    0x00, 0x00, 0x00, 0x9f, 0xff, 0x00, 0x00, 0x00,
    0x00, 0x09, 0xff, 0xf0, 0x00, 0x00, 0x00, 0x00,
    0x9f, 0xff, 0x00, 0x00, 0x00, 0x00, 0x09, 0xff,
    0xf0, 0x00, 0x00, 0x00, 0x00, 0x9f, 0xff, 0x00,
    0x00, 0x00, 0x00, 0x09, 0xff, 0xf0, 0x00, 0x00,
    0x00, 0x00, 0x9f, 0xff, 0x00, 0x00, 0x00, 0x00,
    0x09, 0xff, 0xf0, 0x00, 0x00, 0x00, 0x00, 0x9f,
    0xff, 0x00, 0x00, 0x00, 0x00, 0x09, 0xff, 0xf0,
    0x00, 0x00, 0x00, 0x00, 0x9f, 0xff, 0x45, 0x54,
    0x00, 0x00, 0x09, 0xff, 0xfc, 0xff, 0xb0, 0x00,
    0x00, 0x9f, 0xff, 0xbf, 0xfd, 0x00, 0x00, 0x0b,
    0xff, 0xe9, 0xff, 0xf3, 0x00, 0x02, 0xff, 0xfb,
    0x4f, 0xff, 0xf8, 0x67, 0xef, 0xff, 0x60, 0xbf,
    0xff, 0xff, 0xff, 0xff, 0xd0, 0x01, 0xcf, 0xff,
    0xff, 0xff, 0xd2, 0x00, 0x00, 0x6b, 0xef, 0xec,
    0x60, 0x00,

    /* U+004B "K" */
    0xbf, 0xfc, 0x00, 0x00, 0x00, 0x08, 0xff, 0xfb,
    0x0b, 0xff, 0xc0, 0x00, 0x00, 0x08, 0xff, 0xfc,
    0x00, 0xbf, 0xfc, 0x00, 0x00, 0x07, 0xff, 0xfc,
    0x00, 0x0b, 0xff, 0xc0, 0x00, 0x07, 0xff, 0xfd,
    0x10, 0x00, 0xbf, 0xfc, 0x00, 0x06, 0xff, 0xfd,
    0x10, 0x00, 0x0b, 0xff, 0xc0, 0x05, 0xff, 0xfd,
    0x10, 0x00, 0x00, 0xbf, 0xfc, 0x05, 0xff, 0xfe,
    0x10, 0x00, 0x00, 0x0b, 0xff, 0xc4, 0xff, 0xfe,
    0x20, 0x00, 0x00, 0x00, 0xbf, 0xff, 0xff, 0xfe,
    0x20, 0x00, 0x00, 0x00, 0x0b, 0xff, 0xff, 0xff,
    0x30, 0x00, 0x00, 0x00, 0x00, 0xbf, 0xff, 0xff,
    0xf5, 0x00, 0x00, 0x00, 0x00, 0x0b, 0xff, 0xff,
    0xff, 0xf4, 0x00, 0x00, 0x00, 0x00, 0xbf, 0xfc,
    0x5f, 0xff, 0xf4, 0x00, 0x00, 0x00, 0x0b, 0xff,
    0xc0, 0x6f, 0xff, 0xf3, 0x00, 0x00, 0x00, 0xbf,
    0xfc, 0x00, 0x7f, 0xff, 0xf3, 0x00, 0x00, 0x0b,
    0xff, 0xc0, 0x00, 0x8f, 0xff, 0xe2, 0x00, 0x00,
    0xbf, 0xfc, 0x00, 0x00, 0x8f, 0xff, 0xe2, 0x00,
    0x0b, 0xff, 0xc0, 0x00, 0x00, 0x9f, 0xff, 0xe1,
    0x00, 0xbf, 0xfc, 0x00, 0x00, 0x00, 0xaf, 0xff,
    0xd1, 0x0b, 0xff, 0xc0, 0x00, 0x00, 0x00, 0xbf,
    0xff, 0xd1,

    /* U+004C "L" */
    0xbf, 0xfc, 0x00, 0x00, 0x00, 0x00, 0x0b, 0xff,
    0xc0, 0x00, 0x00, 0x00, 0x00, 0xbf, 0xfc, 0x00,
    0x00, 0x00, 0x00, 0x0b, 0xff, 0xc0, 0x00, 0x00,
    0x00, 0x00, 0xbf, 0xfc, 0x00, 0x00, 0x00, 0x00,
    0x0b, 0xff, 0xc0, 0x00, 0x00, 0x00, 0x00, 0xbf,
    0xfc, 0x00, 0x00, 0x00, 0x00, 0x0b, 0xff, 0xc0,
    0x00, 0x00, 0x00, 0x00, 0xbf, 0xfc, 0x00, 0x00,
    0x00, 0x00, 0x0b, 0xff, 0xc0, 0x00, 0x00, 0x00,
    0x00, 0xbf, 0xfc, 0x00, 0x00, 0x00, 0x00, 0x0b,
    0xff, 0xc0, 0x00, 0x00, 0x00, 0x00, 0xbf, 0xfc,
    0x00, 0x00, 0x00, 0x00, 0x0b, 0xff, 0xc0, 0x00,
    0x00, 0x00, 0x00, 0xbf, 0xfc, 0x00, 0x00, 0x00,
    0x00, 0x0b, 0xff, 0xc0, 0x00, 0x00, 0x00, 0x00,
    0xbf, 0xff, 0x55, 0x55, 0x55, 0x55, 0x1b, 0xff,
    0xff, 0xff, 0xff, 0xff, 0xf5, 0xbf, 0xff, 0xff,
    0xff, 0xff, 0xff, 0x5b, 0xff, 0xff, 0xff, 0xff,
    0xff, 0xf5,

    /* U+004D "M" */
    0x00, 0x00, 0x7f, 0xfe, 0x00, 0x00, 0x00, 0x00,
    0x00, 0xbf, 0xfa, 0x00, 0x00, 0x00, 0x00, 0xaf,
    0xff, 0x40, 0x00, 0x00, 0x00, 0x01, 0xff, 0xfd,
    0x00, 0x00, 0x00, 0x00, 0xdf, 0xff, 0xa0, 0x00,
    0x00, 0x00, 0x07, 0xff, 0xff, 0x00, 0x00, 0x00,
    0x00, 0xff, 0xff, 0xf0, 0x00, 0x00, 0x00, 0x0d,
    0xff, 0xff, 0x30, 0x00, 0x00, 0x03, 0xff, 0xff,
    0xf6, 0x00, 0x00, 0x00, 0x3f, 0xff, 0xff, 0x60,
    0x00, 0x00, 0x06, 0xff, 0xff, 0xfc, 0x00, 0x00,
    0x00, 0x9f, 0xff, 0xff, 0x90, 0x00, 0x00, 0x09,
    0xff, 0xbf, 0xff, 0x20, 0x00, 0x00, 0xef, 0xfb,
    0xff, 0xc0, 0x00, 0x00, 0x0c, 0xff, 0x8b, 0xff,
    0x80, 0x00, 0x05, 0xff, 0xe6, 0xff, 0xf0, 0x00,
    0x00, 0x0f, 0xff, 0x66, 0xff, 0xd0, 0x00, 0x0b,
    0xff, 0x93, 0xff, 0xf2, 0x00, 0x00, 0x2f, 0xff,
    0x31, 0xff, 0xf3, 0x00, 0x1f, 0xff, 0x31, 0xff,
    0xf4, 0x00, 0x00, 0x5f, 0xff, 0x10, 0xcf, 0xf9,
    0x00, 0x7f, 0xfe, 0x00, 0xef, 0xf7, 0x00, 0x00,
    0x7f, 0xfe, 0x00, 0x6f, 0xff, 0x00, 0xdf, 0xf8,
    0x00, 0xcf, 0xfa, 0x00, 0x00, 0xaf, 0xfc, 0x00,
    0x1f, 0xff, 0x52, 0xff, 0xf3, 0x00, 0x9f, 0xfd,
    0x00, 0x00, 0xdf, 0xf9, 0x00, 0x0a, 0xff, 0xb8,
    0xff, 0xd0, 0x00, 0x7f, 0xff, 0x00, 0x00, 0xff,
    0xf6, 0x00, 0x04, 0xff, 0xfe, 0xff, 0x70, 0x00,
    0x4f, 0xff, 0x30, 0x03, 0xff, 0xf4, 0x00, 0x00,
    0xef, 0xff, 0xff, 0x10, 0x00, 0x1f, 0xff, 0x60,
    0x06, 0xff, 0xf1, 0x00, 0x00, 0x8f, 0xff, 0xfb,
    0x00, 0x00, 0x0e, 0xff, 0x90, 0x09, 0xff, 0xe0,
    0x00, 0x00, 0x3f, 0xff, 0xf5, 0x00, 0x00, 0x0c,
    0xff, 0xc0, 0x0c, 0xff, 0xc0, 0x00, 0x00, 0x0d,
    0xff, 0xf0, 0x00, 0x00, 0x09, 0xff, 0xf0, 0x0f,
    0xff, 0x90, 0x00, 0x00, 0x07, 0xff, 0x90, 0x00,
    0x00, 0x06, 0xff, 0xf2,

    /* U+004E "N" */
    0xbf, 0xfb, 0x00, 0x00, 0x00, 0x00, 0x00, 0xef,
    0xf9, 0xbf, 0xff, 0x70, 0x00, 0x00, 0x00, 0x00,
    0xef, 0xf9, 0xbf, 0xff, 0xf3, 0x00, 0x00, 0x00,
    0x00, 0xef, 0xf9, 0xbf, 0xff, 0xfe, 0x10, 0x00,
    0x00, 0x00, 0xef, 0xf9, 0xbf, 0xff, 0xff, 0xb0,
    0x00, 0x00, 0x00, 0xef, 0xf9, 0xbf, 0xff, 0xff,
    0xf7, 0x00, 0x00, 0x00, 0xef, 0xf9, 0xbf, 0xfe,
    0xef, 0xff, 0x40, 0x00, 0x00, 0xef, 0xf9, 0xbf,
    0xfc, 0x4f, 0xff, 0xe1, 0x00, 0x00, 0xef, 0xf9,
    0xbf, 0xfc, 0x07, 0xff, 0xfb, 0x00, 0x00, 0xef,
    0xf9, 0xbf, 0xfc, 0x00, 0xbf, 0xff, 0x80, 0x00,
    0xef, 0xf9, 0xbf, 0xfc, 0x00, 0x0d, 0xff, 0xf4,
    0x00, 0xef, 0xf9, 0xbf, 0xfc, 0x00, 0x02, 0xff,
    0xfe, 0x10, 0xef, 0xf9, 0xbf, 0xfc, 0x00, 0x00,
    0x5f, 0xff, 0xc0, 0xef, 0xf9, 0xbf, 0xfc, 0x00,
    0x00, 0x09, 0xff, 0xf8, 0xef, 0xf9, 0xbf, 0xfc,
    0x00, 0x00, 0x00, 0xcf, 0xff, 0xff, 0xf9, 0xbf,
    0xfc, 0x00, 0x00, 0x00, 0x1e, 0xff, 0xff, 0xf9,
    0xbf, 0xfc, 0x00, 0x00, 0x00, 0x03, 0xff, 0xff,
    0xf9, 0xbf, 0xfc, 0x00, 0x00, 0x00, 0x00, 0x7f,
    0xff, 0xf9, 0xbf, 0xfc, 0x00, 0x00, 0x00, 0x00,
    0x0a, 0xff, 0xf9, 0xbf, 0xfc, 0x00, 0x00, 0x00,
    0x00, 0x00, 0xdf, 0xf9,

    /* U+004F "O" */
    0x00, 0x00, 0x00, 0x05, 0x9d, 0xef, 0xec, 0x83,
    0x00, 0x00, 0x00, 0x00, 0x00, 0x06, 0xef, 0xff,
    0xff, 0xff, 0xff, 0xc4, 0x00, 0x00, 0x00, 0x01,
    0xbf, 0xff, 0xff, 0xff, 0xff, 0xff, 0xff, 0x70,
    0x00, 0x00, 0x0c, 0xff, 0xff, 0xea, 0x76, 0x8a,
    0xff, 0xff, 0xf8, 0x00, 0x00, 0x9f, 0xff, 0xf6,
    0x00, 0x00, 0x00, 0x19, 0xff, 0xff, 0x40, 0x02,
    0xff, 0xff, 0x30, 0x00, 0x00, 0x00, 0x00, 0x6f,
    0xff, 0xd0, 0x09, 0xff, 0xf5, 0x00, 0x00, 0x00,
    0x00, 0x00, 0x09, 0xff, 0xf4, 0x0d, 0xff, 0xd0,
    0x00, 0x00, 0x00, 0x00, 0x00, 0x02, 0xff, 0xf9,
    0x0f, 0xff, 0x80, 0x00, 0x00, 0x00, 0x00, 0x00,
    0x00, 0xdf, 0xfc, 0x2f, 0xff, 0x60, 0x00, 0x00,
    0x00, 0x00, 0x00, 0x00, 0xbf, 0xfd, 0x2f, 0xff,
    0x60, 0x00, 0x00, 0x00, 0x00, 0x00, 0x00, 0xbf,
    0xfd, 0x0f, 0xff, 0x80, 0x00, 0x00, 0x00, 0x00,
    0x00, 0x00, 0xdf, 0xfc, 0x0d, 0xff, 0xd0, 0x00,
    0x00, 0x00, 0x00, 0x00, 0x02, 0xff, 0xf9, 0x08,
    0xff, 0xf5, 0x00, 0x00, 0x00, 0x00, 0x00, 0x0a,
    0xff, 0xf4, 0x02, 0xff, 0xff, 0x30, 0x00, 0x00,
    0x00, 0x00, 0x6f, 0xff, 0xd0, 0x00, 0x8f, 0xff,
    0xf6, 0x00, 0x00, 0x00, 0x19, 0xff, 0xff, 0x40,
    0x00, 0x0c, 0xff, 0xff, 0xea, 0x76, 0x8b, 0xff,
    0xff, 0xf7, 0x00, 0x00, 0x01, 0xbf, 0xff, 0xff,
    0xff, 0xff, 0xff, 0xff, 0x70, 0x00, 0x00, 0x00,
    0x06, 0xef, 0xff, 0xff, 0xff, 0xff, 0xc4, 0x00,
    0x00, 0x00, 0x00, 0x00, 0x05, 0xad, 0xef, 0xec,
    0x84, 0x00, 0x00, 0x00,

    /* U+0050 "P" */
    0xbf, 0xff, 0xff, 0xff, 0xec, 0x61, 0x00, 0x0b,
    0xff, 0xff, 0xff, 0xff, 0xff, 0xe4, 0x00, 0xbf,
    0xff, 0xff, 0xff, 0xff, 0xff, 0xf3, 0x0b, 0xff,
    0xf4, 0x44, 0x57, 0xef, 0xff, 0xd0, 0xbf, 0xfc,
    0x00, 0x00, 0x00, 0xaf, 0xff, 0x4b, 0xff, 0xc0,
    0x00, 0x00, 0x01, 0xff, 0xf9, 0xbf, 0xfc, 0x00,
    0x00, 0x00, 0x0d, 0xff, 0xbb, 0xff, 0xc0, 0x00,
    0x00, 0x00, 0xdf, 0xfb, 0xbf, 0xfc, 0x00, 0x00,
    0x00, 0x1f, 0xff, 0x9b, 0xff, 0xc0, 0x00, 0x00,
    0x0b, 0xff, 0xf5, 0xbf, 0xff, 0x55, 0x55, 0x8e,
    0xff, 0xfe, 0x0b, 0xff, 0xff, 0xff, 0xff, 0xff,
    0xff, 0x30, 0xbf, 0xff, 0xff, 0xff, 0xff, 0xfe,
    0x40, 0x0b, 0xff, 0xff, 0xff, 0xfe, 0xc6, 0x10,
    0x00, 0xbf, 0xfc, 0x00, 0x00, 0x00, 0x00, 0x00,
    0x0b, 0xff, 0xc0, 0x00, 0x00, 0x00, 0x00, 0x00,
    0xbf, 0xfc, 0x00, 0x00, 0x00, 0x00, 0x00, 0x0b,
    0xff, 0xc0, 0x00, 0x00, 0x00, 0x00, 0x00, 0xbf,
    0xfc, 0x00, 0x00, 0x00, 0x00, 0x00, 0x0b, 0xff,
    0xc0, 0x00, 0x00, 0x00, 0x00, 0x00,

    /* U+0051 "Q" */
    0x00, 0x00, 0x00, 0x05, 0x9d, 0xef, 0xec, 0x83,
    0x00, 0x00, 0x00, 0x00, 0x00, 0x06, 0xef, 0xff,
    0xff, 0xff, 0xff, 0xc4, 0x00, 0x00, 0x00, 0x01,
    0xbf, 0xff, 0xff, 0xff, 0xff, 0xff, 0xff, 0x70,
    0x00, 0x00, 0x0c, 0xff, 0xff, 0xea, 0x76, 0x8a,
    0xff, 0xff, 0xf8, 0x00, 0x00, 0x9f, 0xff, 0xf6,
    0x00, 0x00, 0x00, 0x19, 0xff, 0xff, 0x40, 0x02,
    0xff, 0xff, 0x30, 0x00, 0x00, 0x00, 0x00, 0x6f,
    0xff, 0xd0, 0x09, 0xff, 0xf5, 0x00, 0x00, 0x00,
    0x00, 0x00, 0x09, 0xff, 0xf4, 0x0d, 0xff, 0xd0,
    0x00, 0x00, 0x00, 0x00, 0x00, 0x02, 0xff, 0xf9,
    0x0f, 0xff, 0x80, 0x00, 0x00, 0x00, 0x00, 0x00,
    0x00, 0xdf, 0xfc, 0x2f, 0xff, 0x60, 0x00, 0x00,
    0x00, 0x00, 0x00, 0x00, 0xbf, 0xfd, 0x2f, 0xff,
    0x60, 0x00, 0x00, 0x00, 0x00, 0x00, 0x00, 0xbf,
    0xfd, 0x0f, 0xff, 0x80, 0x00, 0x00, 0x03, 0x99,
    0x92, 0x00, 0xdf, 0xfc, 0x0d, 0xff, 0xd0, 0x00,
    0x00, 0x00, 0xdf, 0xfc, 0x02, 0xff, 0xf9, 0x08,
    0xff, 0xf5, 0x00, 0x00, 0x00, 0x3f, 0xff, 0x5a,
    0xff, 0xf4, 0x02, 0xff, 0xff, 0x30, 0x00, 0x00,
    0x09, 0xff, 0xff, 0xff, 0xd0, 0x00, 0x8f, 0xff,
    0xf6, 0x00, 0x00, 0x01, 0xff, 0xff, 0xff, 0x40,
    0x00, 0x0c, 0xff, 0xff, 0xea, 0x76, 0x8b, 0xff,
    0xff, 0xf7, 0x00, 0x00, 0x01, 0xbf, 0xff, 0xff,
    0xff, 0xff, 0xff, 0xff, 0xf0, 0x00, 0x00, 0x00,
    0x06, 0xef, 0xff, 0xff, 0xff, 0xff, 0xff, 0xf7,
    0x00, 0x00, 0x00, 0x00, 0x05, 0xad, 0xef, 0xec,
    0x84, 0x8f, 0xff, 0x10, 0x00, 0x00, 0x00, 0x00,
    0x00, 0x00, 0x00, 0x00, 0x0d, 0xff, 0xb0,

    /* U+0052 "R" */
    0xbf, 0xff, 0xff, 0xff, 0xed, 0x82, 0x00, 0x00,
    0xbf, 0xff, 0xff, 0xff, 0xff, 0xff, 0x80, 0x00,
    0xbf, 0xff, 0xff, 0xff, 0xff, 0xff, 0xf8, 0x00,
    0xbf, 0xff, 0x44, 0x45, 0x7b, 0xff, 0xff, 0x30,
    0xbf, 0xfc, 0x00, 0x00, 0x00, 0x5f, 0xff, 0xa0,
    0xbf, 0xfc, 0x00, 0x00, 0x00, 0x0c, 0xff, 0xe0,
    0xbf, 0xfc, 0x00, 0x00, 0x00, 0x09, 0xff, 0xf0,
    0xbf, 0xfc, 0x00, 0x00, 0x00, 0x0c, 0xff, 0xe0,
    0xbf, 0xfc, 0x00, 0x00, 0x00, 0x5f, 0xff, 0xb0,
    0xbf, 0xff, 0x44, 0x45, 0x7b, 0xff, 0xff, 0x40,
    0xbf, 0xff, 0xff, 0xff, 0xff, 0xff, 0xf9, 0x00,
    0xbf, 0xff, 0xff, 0xff, 0xff, 0xff, 0x80, 0x00,
    0xbf, 0xff, 0xff, 0xff, 0xff, 0xf5, 0x00, 0x00,
    0xbf, 0xfc, 0x00, 0x01, 0xff, 0xfb, 0x00, 0x00,
    0xbf, 0xfc, 0x00, 0x00, 0x8f, 0xff, 0x30, 0x00,
    0xbf, 0xfc, 0x00, 0x00, 0x1f, 0xff, 0xc0, 0x00,
    0xbf, 0xfc, 0x00, 0x00, 0x07, 0xff, 0xf5, 0x00,
    0xbf, 0xfc, 0x00, 0x00, 0x00, 0xef, 0xfd, 0x00,
    0xbf, 0xfc, 0x00, 0x00, 0x00, 0x6f, 0xff, 0x60,
    0xbf, 0xfc, 0x00, 0x00, 0x00, 0x0d, 0xff, 0xe0,

    /* U+0053 "S" */
    0x00, 0x00, 0x17, 0xce, 0xfe, 0xc8, 0x20, 0x00,
    0x00, 0x05, 0xef, 0xff, 0xff, 0xff, 0xf7, 0x00,
    0x00, 0x4f, 0xff, 0xff, 0xff, 0xff, 0xff, 0x90,
    0x00, 0xdf, 0xff, 0xc7, 0x67, 0xcf, 0xff, 0xf2,
    0x01, 0xff, 0xfa, 0x00, 0x00, 0x04, 0xfa, 0x10,
    0x02, 0xff, 0xf4, 0x00, 0x00, 0x00, 0x10, 0x00,
    0x01, 0xff, 0xf8, 0x00, 0x00, 0x00, 0x00, 0x00,
    0x00, 0xcf, 0xff, 0x81, 0x00, 0x00, 0x00, 0x00,
    0x00, 0x3f, 0xff, 0xff, 0xc8, 0x40, 0x00, 0x00,
    0x00, 0x03, 0xdf, 0xff, 0xff, 0xfe, 0x81, 0x00,
    0x00, 0x00, 0x05, 0xbf, 0xff, 0xff, 0xfe, 0x40,
    0x00, 0x00, 0x00, 0x00, 0x48, 0xef, 0xff, 0xf2,
    0x00, 0x00, 0x00, 0x00, 0x00, 0x08, 0xff, 0xf9,
    0x00, 0x03, 0x00, 0x00, 0x00, 0x00, 0xcf, 0xfc,
    0x02, 0xbf, 0x60, 0x00, 0x00, 0x00, 0xbf, 0xfd,
    0x0d, 0xff, 0xf6, 0x00, 0x00, 0x02, 0xff, 0xfb,
    0x04, 0xff, 0xff, 0xd7, 0x55, 0x8e, 0xff, 0xf6,
    0x00, 0x7f, 0xff, 0xff, 0xff, 0xff, 0xff, 0xc0,
    0x00, 0x05, 0xef, 0xff, 0xff, 0xff, 0xfa, 0x00,
    0x00, 0x00, 0x06, 0xbe, 0xff, 0xd9, 0x30, 0x00,

    /* U+0054 "T" */
    0xbf, 0xff, 0xff, 0xff, 0xff, 0xff, 0xff, 0xff,
    0x9b, 0xff, 0xff, 0xff, 0xff, 0xff, 0xff, 0xff,
    0xf9, 0xbf, 0xff, 0xff, 0xff, 0xff, 0xff, 0xff,
    0xff, 0x93, 0x44, 0x44, 0x4b, 0xff, 0xf5, 0x44,
    0x44, 0x42, 0x00, 0x00, 0x00, 0x7f, 0xff, 0x00,
    0x00, 0x00, 0x00, 0x00, 0x00, 0x07, 0xff, 0xf0,
    0x00, 0x00, 0x00, 0x00, 0x00, 0x00, 0x7f, 0xff,
    0x00, 0x00, 0x00, 0x00, 0x00, 0x00, 0x07, 0xff,
    0xf0, 0x00, 0x00, 0x00, 0x00, 0x00, 0x00, 0x7f,
    0xff, 0x00, 0x00, 0x00, 0x00, 0x00, 0x00, 0x07,
    0xff, 0xf0, 0x00, 0x00, 0x00, 0x00, 0x00, 0x00,
    0x7f, 0xff, 0x00, 0x00, 0x00, 0x00, 0x00, 0x00,
    0x07, 0xff, 0xf0, 0x00, 0x00, 0x00, 0x00, 0x00,
    0x00, 0x7f, 0xff, 0x00, 0x00, 0x00, 0x00, 0x00,
    0x00, 0x07, 0xff, 0xf0, 0x00, 0x00, 0x00, 0x00,
    0x00, 0x00, 0x7f, 0xff, 0x00, 0x00, 0x00, 0x00,
    0x00, 0x00, 0x07, 0xff, 0xf0, 0x00, 0x00, 0x00,
    0x00, 0x00, 0x00, 0x7f, 0xff, 0x00, 0x00, 0x00,
    0x00, 0x00, 0x00, 0x07, 0xff, 0xf0, 0x00, 0x00,
    0x00, 0x00, 0x00, 0x00, 0x7f, 0xff, 0x00, 0x00,
    0x00, 0x00, 0x00, 0x00, 0x07, 0xff, 0xf0, 0x00,
    0x00, 0x00,

    /* U+0055 "U" */
    0xdf, 0xfa, 0x00, 0x00, 0x00, 0x00, 0x3f, 0xff,
    0x4d, 0xff, 0xa0, 0x00, 0x00, 0x00, 0x03, 0xff,
    0xf4, 0xdf, 0xfa, 0x00, 0x00, 0x00, 0x00, 0x3f,
    0xff, 0x4d, 0xff, 0xa0, 0x00, 0x00, 0x00, 0x03,
    0xff, 0xf4, 0xdf, 0xfa, 0x00, 0x00, 0x00, 0x00,
    0x3f, 0xff, 0x4d, 0xff, 0xa0, 0x00, 0x00, 0x00,
    0x03, 0xff, 0xf4, 0xdf, 0xfa, 0x00, 0x00, 0x00,
    0x00, 0x3f, 0xff, 0x4d, 0xff, 0xa0, 0x00, 0x00,
    0x00, 0x03, 0xff, 0xf4, 0xdf, 0xfa, 0x00, 0x00,
    0x00, 0x00, 0x3f, 0xff, 0x4d, 0xff, 0xa0, 0x00,
    0x00, 0x00, 0x03, 0xff, 0xf4, 0xdf, 0xfa, 0x00,
    0x00, 0x00, 0x00, 0x3f, 0xff, 0x4d, 0xff, 0xa0,
    0x00, 0x00, 0x00, 0x03, 0xff, 0xf4, 0xcf, 0xfb,
    0x00, 0x00, 0x00, 0x00, 0x4f, 0xff, 0x3b, 0xff,
    0xe0, 0x00, 0x00, 0x00, 0x07, 0xff, 0xf1, 0x8f,
    0xff, 0x40, 0x00, 0x00, 0x00, 0xdf, 0xff, 0x03,
    0xff, 0xfe, 0x20, 0x00, 0x00, 0x9f, 0xff, 0x90,
    0x0b, 0xff, 0xff, 0xa6, 0x68, 0xdf, 0xff, 0xf3,
    0x00, 0x1e, 0xff, 0xff, 0xff, 0xff, 0xff, 0xf7,
    0x00, 0x00, 0x2c, 0xff, 0xff, 0xff, 0xff, 0xf6,
    0x00, 0x00, 0x00, 0x04, 0xad, 0xef, 0xeb, 0x61,
    0x00, 0x00,

    /* U+0056 "V" */
    0x8f, 0xff, 0x00, 0x00, 0x00, 0x00, 0x00, 0x0b,
    0xff, 0xd0, 0x3f, 0xff, 0x50, 0x00, 0x00, 0x00,
    0x00, 0x1f, 0xff, 0x70, 0x0d, 0xff, 0xb0, 0x00,
    0x00, 0x00, 0x00, 0x6f, 0xff, 0x10, 0x07, 0xff,
    0xf1, 0x00, 0x00, 0x00, 0x00, 0xcf, 0xfc, 0x00,
    0x02, 0xff, 0xf6, 0x00, 0x00, 0x00, 0x02, 0xff,
    0xf6, 0x00, 0x00, 0xcf, 0xfc, 0x00, 0x00, 0x00,
    0x07, 0xff, 0xf1, 0x00, 0x00, 0x6f, 0xff, 0x20,
    0x00, 0x00, 0x0d, 0xff, 0xa0, 0x00, 0x00, 0x1f,
    0xff, 0x70, 0x00, 0x00, 0x3f, 0xff, 0x50, 0x00,
    0x00, 0x0b, 0xff, 0xd0, 0x00, 0x00, 0x8f, 0xfe,
    0x00, 0x00, 0x00, 0x05, 0xff, 0xf3, 0x00, 0x00,
    0xef, 0xf9, 0x00, 0x00, 0x00, 0x00, 0xff, 0xf8,
    0x00, 0x04, 0xff, 0xf3, 0x00, 0x00, 0x00, 0x00,
    0x9f, 0xfe, 0x00, 0x09, 0xff, 0xe0, 0x00, 0x00,
    0x00, 0x00, 0x4f, 0xff, 0x40, 0x0f, 0xff, 0x80,
    0x00, 0x00, 0x00, 0x00, 0x0e, 0xff, 0xa0, 0x5f,
    0xff, 0x20, 0x00, 0x00, 0x00, 0x00, 0x08, 0xff,
    0xf0, 0xbf, 0xfd, 0x00, 0x00, 0x00, 0x00, 0x00,
    0x02, 0xff, 0xf6, 0xff, 0xf7, 0x00, 0x00, 0x00,
    0x00, 0x00, 0x00, 0xdf, 0xff, 0xff, 0xf1, 0x00,
    0x00, 0x00, 0x00, 0x00, 0x00, 0x7f, 0xff, 0xff,
    0xb0, 0x00, 0x00, 0x00, 0x00, 0x00, 0x00, 0x1f,
    0xff, 0xff, 0x60, 0x00, 0x00, 0x00, 0x00, 0x00,
    0x00, 0x0b, 0xff, 0xff, 0x00, 0x00, 0x00, 0x00,

    /* U+0057 "W" */
    0x5f, 0xff, 0x20, 0x00, 0x00, 0x00, 0x3f, 0xff,
    0x90, 0x00, 0x00, 0x00, 0x0e, 0xff, 0x81, 0xff,
    0xf6, 0x00, 0x00, 0x00, 0x08, 0xff, 0xfc, 0x00,
    0x00, 0x00, 0x03, 0xff, 0xf4, 0x0c, 0xff, 0xb0,
    0x00, 0x00, 0x00, 0xdf, 0xff, 0xf1, 0x00, 0x00,
    0x00, 0x7f, 0xff, 0x00, 0x8f, 0xff, 0x00, 0x00,
    0x00, 0x2f, 0xff, 0xff, 0x60, 0x00, 0x00, 0x0b,
    0xff, 0xb0, 0x03, 0xff, 0xf3, 0x00, 0x00, 0x07,
    0xff, 0xff, 0xfb, 0x00, 0x00, 0x00, 0xff, 0xf7,
    0x00, 0x0e, 0xff, 0x80, 0x00, 0x00, 0xcf, 0xff,
    0xff, 0xf0, 0x00, 0x00, 0x4f, 0xff, 0x20, 0x00,
    0xaf, 0xfc, 0x00, 0x00, 0x1f, 0xff, 0x5f, 0xff,
    0x40, 0x00, 0x08, 0xff, 0xe0, 0x00, 0x06, 0xff,
    0xf0, 0x00, 0x06, 0xff, 0xe0, 0xbf, 0xf9, 0x00,
    0x00, 0xdf, 0xf9, 0x00, 0x00, 0x1f, 0xff, 0x50,
    0x00, 0xbf, 0xfa, 0x06, 0xff, 0xe0, 0x00, 0x1f,
    0xff, 0x50, 0x00, 0x00, 0xdf, 0xf9, 0x00, 0x0f,
    0xff, 0x50, 0x1f, 0xff, 0x30, 0x05, 0xff, 0xf1,
    0x00, 0x00, 0x08, 0xff, 0xd0, 0x05, 0xff, 0xf0,
    0x00, 0xcf, 0xf8, 0x00, 0xaf, 0xfc, 0x00, 0x00,
    0x00, 0x4f, 0xff, 0x10, 0xaf, 0xfb, 0x00, 0x07,
    0xff, 0xd0, 0x0e, 0xff, 0x70, 0x00, 0x00, 0x00,
    0xff, 0xf6, 0x0e, 0xff, 0x60, 0x00, 0x2f, 0xff,
    0x22, 0xff, 0xf3, 0x00, 0x00, 0x00, 0x0b, 0xff,
    0xa3, 0xff, 0xf1, 0x00, 0x00, 0xdf, 0xf7, 0x7f,
    0xfe, 0x00, 0x00, 0x00, 0x00, 0x7f, 0xfe, 0x9f,
    0xfc, 0x00, 0x00, 0x08, 0xff, 0xcb, 0xff, 0xa0,
    0x00, 0x00, 0x00, 0x02, 0xff, 0xff, 0xff, 0x70,
    0x00, 0x00, 0x3f, 0xff, 0xff, 0xf6, 0x00, 0x00,
    0x00, 0x00, 0x0e, 0xff, 0xff, 0xf2, 0x00, 0x00,
    0x00, 0xef, 0xff, 0xff, 0x10, 0x00, 0x00, 0x00,
    0x00, 0x9f, 0xff, 0xfd, 0x00, 0x00, 0x00, 0x09,
    0xff, 0xff, 0xd0, 0x00, 0x00, 0x00, 0x00, 0x05,
    0xff, 0xff, 0x80, 0x00, 0x00, 0x00, 0x4f, 0xff,
    0xf8, 0x00, 0x00, 0x00, 0x00, 0x00, 0x0f, 0xff,
    0xf3, 0x00, 0x00, 0x00, 0x00, 0xff, 0xff, 0x40,
    0x00, 0x00,

    /* U+0058 "X" */
    0x2f, 0xff, 0xe1, 0x00, 0x00, 0x00, 0x00, 0x4f,
    0xff, 0xd0, 0x06, 0xff, 0xfb, 0x00, 0x00, 0x00,
    0x01, 0xef, 0xff, 0x30, 0x00, 0xaf, 0xff, 0x60,
    0x00, 0x00, 0x0a, 0xff, 0xf7, 0x00, 0x00, 0x1e,
    0xff, 0xf2, 0x00, 0x00, 0x5f, 0xff, 0xb0, 0x00,
    0x00, 0x03, 0xff, 0xfc, 0x00, 0x01, 0xef, 0xfe,
    0x10, 0x00, 0x00, 0x00, 0x8f, 0xff, 0x80, 0x0b,
    0xff, 0xf4, 0x00, 0x00, 0x00, 0x00, 0x0c, 0xff,
    0xf3, 0x7f, 0xff, 0x90, 0x00, 0x00, 0x00, 0x00,
    0x02, 0xff, 0xff, 0xff, 0xfd, 0x00, 0x00, 0x00,
    0x00, 0x00, 0x00, 0x5f, 0xff, 0xff, 0xf2, 0x00,
    0x00, 0x00, 0x00, 0x00, 0x00, 0x0d, 0xff, 0xff,
    0x60, 0x00, 0x00, 0x00, 0x00, 0x00, 0x00, 0x0e,
    0xff, 0xff, 0x50, 0x00, 0x00, 0x00, 0x00, 0x00,
    0x00, 0x9f, 0xff, 0xff, 0xe1, 0x00, 0x00, 0x00,
    0x00, 0x00, 0x05, 0xff, 0xff, 0xff, 0xfc, 0x00,
    0x00, 0x00, 0x00, 0x00, 0x1e, 0xff, 0xe1, 0x9f,
    0xff, 0x80, 0x00, 0x00, 0x00, 0x00, 0xcf, 0xff,
    0x50, 0x0d, 0xff, 0xf4, 0x00, 0x00, 0x00, 0x07,
    0xff, 0xf9, 0x00, 0x02, 0xff, 0xfe, 0x10, 0x00,
    0x00, 0x3f, 0xff, 0xd0, 0x00, 0x00, 0x7f, 0xff,
    0xb0, 0x00, 0x00, 0xdf, 0xff, 0x30, 0x00, 0x00,
    0x0b, 0xff, 0xf6, 0x00, 0x0a, 0xff, 0xf8, 0x00,
    0x00, 0x00, 0x01, 0xef, 0xff, 0x30, 0x6f, 0xff,
    0xc0, 0x00, 0x00, 0x00, 0x00, 0x4f, 0xff, 0xd0,

    /* U+0059 "Y" */
    0x0c, 0xff, 0xf1, 0x00, 0x00, 0x00, 0x00, 0xef,
    0xfd, 0x00, 0x3f, 0xff, 0x90, 0x00, 0x00, 0x00,
    0x7f, 0xff, 0x50, 0x00, 0xbf, 0xff, 0x20, 0x00,
    0x00, 0x0e, 0xff, 0xc0, 0x00, 0x02, 0xff, 0xfa,
    0x00, 0x00, 0x07, 0xff, 0xf4, 0x00, 0x00, 0x0a,
    0xff, 0xf2, 0x00, 0x01, 0xef, 0xfb, 0x00, 0x00,
    0x00, 0x2f, 0xff, 0xa0, 0x00, 0x8f, 0xff, 0x30,
    0x00, 0x00, 0x00, 0x9f, 0xff, 0x20, 0x1f, 0xff,
    0xa0, 0x00, 0x00, 0x00, 0x01, 0xff, 0xfa, 0x08,
    0xff, 0xf2, 0x00, 0x00, 0x00, 0x00, 0x08, 0xff,
    0xf4, 0xff, 0xf9, 0x00, 0x00, 0x00, 0x00, 0x00,
    0x0e, 0xff, 0xff, 0xff, 0x10, 0x00, 0x00, 0x00,
    0x00, 0x00, 0x7f, 0xff, 0xff, 0x80, 0x00, 0x00,
    0x00, 0x00, 0x00, 0x00, 0xff, 0xff, 0xf0, 0x00,
    0x00, 0x00, 0x00, 0x00, 0x00, 0x08, 0xff, 0xfa,
    0x00, 0x00, 0x00, 0x00, 0x00, 0x00, 0x00, 0x3f,
    0xff, 0x50, 0x00, 0x00, 0x00, 0x00, 0x00, 0x00,
    0x03, 0xff, 0xf4, 0x00, 0x00, 0x00, 0x00, 0x00,
    0x00, 0x00, 0x3f, 0xff, 0x40, 0x00, 0x00, 0x00,
    0x00, 0x00, 0x00, 0x03, 0xff, 0xf4, 0x00, 0x00,
    0x00, 0x00, 0x00, 0x00, 0x00, 0x3f, 0xff, 0x40,
    0x00, 0x00, 0x00, 0x00, 0x00, 0x00, 0x03, 0xff,
    0xf4, 0x00, 0x00, 0x00, 0x00, 0x00, 0x00, 0x00,
    0x3f, 0xff, 0x40, 0x00, 0x00, 0x00,

    /* U+005A "Z" */
    0x6f, 0xff, 0xff, 0xff, 0xff, 0xff, 0xff, 0xb6,
    0xff, 0xff, 0xff, 0xff, 0xff, 0xff, 0xfb, 0x6f,
    0xff, 0xff, 0xff, 0xff, 0xff, 0xff, 0xa1, 0x44,
    0x44, 0x44, 0x44, 0x4f, 0xff, 0xf3, 0x00, 0x00,
    0x00, 0x00, 0x07, 0xff, 0xf7, 0x00, 0x00, 0x00,
    0x00, 0x03, 0xff, 0xfb, 0x00, 0x00, 0x00, 0x00,
    0x00, 0xdf, 0xfe, 0x10, 0x00, 0x00, 0x00, 0x00,
    0xaf, 0xff, 0x50, 0x00, 0x00, 0x00, 0x00, 0x5f,
    0xff, 0x90, 0x00, 0x00, 0x00, 0x00, 0x2f, 0xff,
    0xd0, 0x00, 0x00, 0x00, 0x00, 0x0c, 0xff, 0xf3,
    0x00, 0x00, 0x00, 0x00, 0x08, 0xff, 0xf7, 0x00,
    0x00, 0x00, 0x00, 0x04, 0xff, 0xfb, 0x00, 0x00,
    0x00, 0x00, 0x01, 0xef, 0xfe, 0x10, 0x00, 0x00,
    0x00, 0x00, 0xbf, 0xff, 0x50, 0x00, 0x00, 0x00,
    0x00, 0x6f, 0xff, 0x90, 0x00, 0x00, 0x00, 0x00,
    0x2f, 0xff, 0xf5, 0x55, 0x55, 0x55, 0x55, 0x49,
    0xff, 0xff, 0xff, 0xff, 0xff, 0xff, 0xfd, 0xaf,
    0xff, 0xff, 0xff, 0xff, 0xff, 0xff, 0xda, 0xff,
    0xff, 0xff, 0xff, 0xff, 0xff, 0xfd,

    /* U+005B "[" */
    0xdf, 0xff, 0xff, 0xfd, 0xff, 0xff, 0xff, 0xdf,
    0xff, 0xff, 0xfd, 0xff, 0xd3, 0x32, 0xdf, 0xfa,
    0x00, 0x0d, 0xff, 0xa0, 0x00, 0xdf, 0xfa, 0x00,
    0x0d, 0xff, 0xa0, 0x00, 0xdf, 0xfa, 0x00, 0x0d,
    0xff, 0xa0, 0x00, 0xdf, 0xfa, 0x00, 0x0d, 0xff,
    0xa0, 0x00, 0xdf, 0xfa, 0x00, 0x0d, 0xff, 0xa0,
    0x00, 0xdf, 0xfa, 0x00, 0x0d, 0xff, 0xa0, 0x00,
    0xdf, 0xfa, 0x00, 0x0d, 0xff, 0xa0, 0x00, 0xdf,
    0xfa, 0x00, 0x0d, 0xff, 0xa0, 0x00, 0xdf, 0xfa,
    0x00, 0x0d, 0xff, 0xa0, 0x00, 0xdf, 0xfa, 0x00,
    0x0d, 0xff, 0xa0, 0x00, 0xdf, 0xfc, 0x22, 0x2d,
    0xff, 0xff, 0xff, 0xdf, 0xff, 0xff, 0xfd, 0xff,
    0xff, 0xff,

    /* U+005C "\\" */
    0x05, 0xc1, 0x00, 0x00, 0x00, 0x00, 0x00, 0x0c,
    0xff, 0x80, 0x00, 0x00, 0x00, 0x00, 0x00, 0x7f,
    0xff, 0x10, 0x00, 0x00, 0x00, 0x00, 0x00, 0xef,
    0xf7, 0x00, 0x00, 0x00, 0x00, 0x00, 0x07, 0xff,
    0xe0, 0x00, 0x00, 0x00, 0x00, 0x00, 0x0e, 0xff,
    0x70, 0x00, 0x00, 0x00, 0x00, 0x00, 0x8f, 0xfe,
    0x00, 0x00, 0x00, 0x00, 0x00, 0x01, 0xff, 0xf6,
    0x00, 0x00, 0x00, 0x00, 0x00, 0x08, 0xff, 0xe0,
    0x00, 0x00, 0x00, 0x00, 0x00, 0x1f, 0xff, 0x60,
    0x00, 0x00, 0x00, 0x00, 0x00, 0x9f, 0xfe, 0x00,
    0x00, 0x00, 0x00, 0x00, 0x01, 0xff, 0xf6, 0x00,
    0x00, 0x00, 0x00, 0x00, 0x09, 0xff, 0xd0, 0x00,
    0x00, 0x00, 0x00, 0x00, 0x1f, 0xff, 0x50, 0x00,
    0x00, 0x00, 0x00, 0x00, 0x9f, 0xfd, 0x00, 0x00,
    0x00, 0x00, 0x00, 0x02, 0xff, 0xf5, 0x00, 0x00,
    0x00, 0x00, 0x00, 0x0a, 0xff, 0xc0, 0x00, 0x00,
    0x00, 0x00, 0x00, 0x2f, 0xff, 0x40, 0x00, 0x00,
    0x00, 0x00, 0x00, 0xaf, 0xfc, 0x00, 0x00, 0x00,
    0x00, 0x00, 0x03, 0xff, 0xf4, 0x00, 0x00, 0x00,
    0x00, 0x00, 0x0b, 0xff, 0xc0, 0x00, 0x00, 0x00,
    0x00, 0x00, 0x3f, 0xff, 0x30, 0x00, 0x00, 0x00,
    0x00, 0x00, 0xbf, 0xfb, 0x00, 0x00, 0x00, 0x00,
    0x00, 0x03, 0xfd, 0x60, 0x00, 0x00, 0x00, 0x00,
    0x00, 0x03, 0x00, 0x00,

    /* U+005D "]" */
    0x9f, 0xff, 0xff, 0xf2, 0x9f, 0xff, 0xff, 0xf2,
    0x9f, 0xff, 0xff, 0xf2, 0x13, 0x38, 0xff, 0xf2,
    0x00, 0x05, 0xff, 0xf2, 0x00, 0x05, 0xff, 0xf2,
    0x00, 0x05, 0xff, 0xf2, 0x00, 0x05, 0xff, 0xf2,
    0x00, 0x05, 0xff, 0xf2, 0x00, 0x05, 0xff, 0xf2,
    0x00, 0x05, 0xff, 0xf2, 0x00, 0x05, 0xff, 0xf2,
    0x00, 0x05, 0xff, 0xf2, 0x00, 0x05, 0xff, 0xf2,
    0x00, 0x05, 0xff, 0xf2, 0x00, 0x05, 0xff, 0xf2,
    0x00, 0x05, 0xff, 0xf2, 0x00, 0x05, 0xff, 0xf2,
    0x00, 0x05, 0xff, 0xf2, 0x00, 0x05, 0xff, 0xf2,
    0x00, 0x05, 0xff, 0xf2, 0x00, 0x05, 0xff, 0xf2,
    0x00, 0x05, 0xff, 0xf2, 0x00, 0x05, 0xff, 0xf2,
    0x12, 0x27, 0xff, 0xf2, 0x9f, 0xff, 0xff, 0xf2,
    0x9f, 0xff, 0xff, 0xf2, 0x9f, 0xff, 0xff, 0xf2,

    /* U+005E "^" */
    0x00, 0x00, 0x00, 0x34, 0x00, 0x00, 0x00, 0x00,
    0x00, 0x04, 0xff, 0x50, 0x00, 0x00, 0x00, 0x00,
    0x6f, 0xff, 0xf7, 0x00, 0x00, 0x00, 0x08, 0xff,
    0xff, 0xff, 0x90, 0x00, 0x00, 0xaf, 0xff, 0x86,
    0xff, 0xfb, 0x00, 0x0b, 0xff, 0xf5, 0x00, 0x4f,
    0xff, 0xc1, 0x0c, 0xfe, 0x30, 0x00, 0x03, 0xef,
    0xd1, 0x01, 0xb2, 0x00, 0x00, 0x00, 0x1b, 0x10,

    /* U+005F "_" */
    0x6d, 0xdd, 0xdd, 0xdd, 0xdd, 0xdd, 0xdd, 0xdb,
    0x7f, 0xff, 0xff, 0xff, 0xff, 0xff, 0xff, 0xfe,
    0x7f, 0xff, 0xff, 0xff, 0xff, 0xff, 0xff, 0xfe,

    /* U+0060 "`" */
    0x00, 0x70, 0x00, 0x00, 0x0a, 0xfc, 0x10, 0x00,
    0x0a, 0xff, 0xd1, 0x00, 0x00, 0x9f, 0xfd, 0x20,
    0x00, 0x08, 0xff, 0xe0, 0x00, 0x00, 0x6f, 0x50,
    0x00, 0x00, 0x01, 0x00,

    /* U+0061 "a" */
    0x00, 0x04, 0x9c, 0xef, 0xeb, 0x60, 0x00, 0x00,
    0xbf, 0xff, 0xff, 0xff, 0xfb, 0x00, 0x00, 0x6f,
    0xff, 0xff, 0xff, 0xff, 0x80, 0x00, 0x09, 0x41,
    0x00, 0x4e, 0xff, 0xf0, 0x00, 0x00, 0x00, 0x00,
    0x05, 0xff, 0xf3, 0x00, 0x05, 0xbe, 0xfd, 0xa5,
    0xff, 0xf4, 0x00, 0xaf, 0xff, 0xff, 0xff, 0xff,
    0xf4, 0x06, 0xff, 0xff, 0xfe, 0xff, 0xff, 0xf4,
    0x0d, 0xff, 0xf4, 0x00, 0x2e, 0xff, 0xf4, 0x0f,
    0xff, 0x90, 0x00, 0x04, 0xff, 0xf4, 0x0f, 0xff,
    0x90, 0x00, 0x04, 0xff, 0xf4, 0x0e, 0xff, 0xf4,
    0x00, 0x2d, 0xff, 0xf4, 0x07, 0xff, 0xff, 0xfe,
    0xff, 0xff, 0xf4, 0x00, 0xbf, 0xff, 0xff, 0xff,
    0xff, 0xf4, 0x00, 0x06, 0xbe, 0xfd, 0x92, 0x8f,
    0xf4,

    /* U+0062 "b" */
    0x3f, 0xff, 0x40, 0x00, 0x00, 0x00, 0x00, 0x00,
    0x3f, 0xff, 0x40, 0x00, 0x00, 0x00, 0x00, 0x00,
    0x3f, 0xff, 0x40, 0x00, 0x00, 0x00, 0x00, 0x00,
    0x3f, 0xff, 0x40, 0x00, 0x00, 0x00, 0x00, 0x00,
    0x3f, 0xff, 0x40, 0x00, 0x00, 0x00, 0x00, 0x00,
    0x3f, 0xff, 0x45, 0xbe, 0xfd, 0xa4, 0x00, 0x00,
    0x3f, 0xff, 0xff, 0xff, 0xff, 0xff, 0xa0, 0x00,
    0x3f, 0xff, 0xff, 0xff, 0xff, 0xff, 0xfa, 0x00,
    0x3f, 0xff, 0xfe, 0x62, 0x38, 0xff, 0xff, 0x40,
    0x3f, 0xff, 0xf2, 0x00, 0x00, 0x4f, 0xff, 0xa0,
    0x3f, 0xff, 0x70, 0x00, 0x00, 0x0b, 0xff, 0xf0,
    0x3f, 0xff, 0x30, 0x00, 0x00, 0x07, 0xff, 0xf1,
    0x3f, 0xff, 0x10, 0x00, 0x00, 0x05, 0xff, 0xf2,
    0x3f, 0xff, 0x30, 0x00, 0x00, 0x07, 0xff, 0xf1,
    0x3f, 0xff, 0x70, 0x00, 0x00, 0x0b, 0xff, 0xf0,
    0x3f, 0xff, 0xe2, 0x00, 0x00, 0x4f, 0xff, 0xa0,
    0x3f, 0xff, 0xfe, 0x62, 0x38, 0xff, 0xff, 0x40,
    0x3f, 0xff, 0xff, 0xff, 0xff, 0xff, 0xf9, 0x00,
    0x3f, 0xfc, 0x9f, 0xff, 0xff, 0xff, 0xa0, 0x00,
    0x3f, 0xf8, 0x04, 0xbe, 0xfd, 0xa4, 0x00, 0x00,

    /* U+0063 "c" */
    0x00, 0x00, 0x17, 0xce, 0xfe, 0xa4, 0x00, 0x00,
    0x00, 0x5f, 0xff, 0xff, 0xff, 0xfa, 0x00, 0x00,
    0x6f, 0xff, 0xff, 0xff, 0xff, 0xfb, 0x00, 0x2f,
    0xff, 0xfc, 0x76, 0x9f, 0xff, 0xf6, 0x08, 0xff,
    0xf8, 0x00, 0x00, 0x3f, 0xfd, 0x50, 0xdf, 0xfd,
    0x00, 0x00, 0x00, 0x53, 0x00, 0x0f, 0xff, 0x80,
    0x00, 0x00, 0x00, 0x00, 0x01, 0xff, 0xf7, 0x00,
    0x00, 0x00, 0x00, 0x00, 0x0f, 0xff, 0x80, 0x00,
    0x00, 0x00, 0x00, 0x00, 0xdf, 0xfd, 0x00, 0x00,
    0x00, 0x54, 0x00, 0x08, 0xff, 0xf8, 0x00, 0x00,
    0x3f, 0xfd, 0x50, 0x2f, 0xff, 0xfc, 0x76, 0x9f,
    0xff, 0xf6, 0x00, 0x5f, 0xff, 0xff, 0xff, 0xff,
    0xfb, 0x00, 0x00, 0x5f, 0xff, 0xff, 0xff, 0xf9,
    0x00, 0x00, 0x00, 0x17, 0xce, 0xfe, 0xa4, 0x00,
    0x00,

    /* U+0064 "d" */
    0x00, 0x00, 0x00, 0x00, 0x00, 0x02, 0xff, 0xf5,
    0x00, 0x00, 0x00, 0x00, 0x00, 0x02, 0xff, 0xf5,
    0x00, 0x00, 0x00, 0x00, 0x00, 0x02, 0xff, 0xf5,
    0x00, 0x00, 0x00, 0x00, 0x00, 0x02, 0xff, 0xf5,
    0x00, 0x00, 0x00, 0x00, 0x00, 0x02, 0xff, 0xf5,
    0x00, 0x00, 0x3a, 0xdf, 0xeb, 0x52, 0xff, 0xf5,
    0x00, 0x08, 0xff, 0xff, 0xff, 0xfe, 0xff, 0xf5,
    0x00, 0x8f, 0xff, 0xff, 0xff, 0xff, 0xff, 0xf5,
    0x03, 0xff, 0xff, 0x93, 0x25, 0xdf, 0xff, 0xf5,
    0x09, 0xff, 0xf6, 0x00, 0x00, 0x1e, 0xff, 0xf5,
    0x0e, 0xff, 0xc0, 0x00, 0x00, 0x05, 0xff, 0xf5,
    0x0f, 0xff, 0x80, 0x00, 0x00, 0x01, 0xff, 0xf5,
    0x1f, 0xff, 0x70, 0x00, 0x00, 0x00, 0xff, 0xf5,
    0x0f, 0xff, 0x80, 0x00, 0x00, 0x01, 0xff, 0xf5,
    0x0d, 0xff, 0xd0, 0x00, 0x00, 0x05, 0xff, 0xf5,
    0x09, 0xff, 0xf6, 0x00, 0x00, 0x1d, 0xff, 0xf5,
    0x02, 0xff, 0xff, 0x93, 0x25, 0xdf, 0xff, 0xf5,
    0x00, 0x8f, 0xff, 0xff, 0xff, 0xff, 0xff, 0xf5,
    0x00, 0x08, 0xff, 0xff, 0xff, 0xfa, 0xbf, 0xf5,
    0x00, 0x00, 0x3a, 0xdf, 0xeb, 0x50, 0x6f, 0xf5,

    /* U+0065 "e" */
    0x00, 0x00, 0x18, 0xce, 0xfd, 0xa4, 0x00, 0x00,
    0x00, 0x06, 0xff, 0xff, 0xff, 0xff, 0xa0, 0x00,
    0x00, 0x6f, 0xff, 0xfd, 0xcf, 0xff, 0xfb, 0x00,
    0x02, 0xff, 0xfb, 0x10, 0x00, 0x7f, 0xff, 0x70,
    0x08, 0xff, 0xd0, 0x00, 0x00, 0x09, 0xff, 0xd0,
    0x0d, 0xff, 0xfb, 0xbb, 0xbb, 0xbe, 0xff, 0xf2,
    0x0f, 0xff, 0xff, 0xff, 0xff, 0xff, 0xff, 0xf4,
    0x1f, 0xff, 0xff, 0xff, 0xff, 0xff, 0xff, 0xf5,
    0x0f, 0xff, 0x50, 0x00, 0x00, 0x00, 0x00, 0x00,
    0x0d, 0xff, 0x70, 0x00, 0x00, 0x00, 0x30, 0x00,
    0x08, 0xff, 0xe0, 0x00, 0x00, 0x05, 0xfb, 0x10,
    0x02, 0xff, 0xfc, 0x30, 0x00, 0x7f, 0xff, 0x90,
    0x00, 0x6f, 0xff, 0xff, 0xef, 0xff, 0xfd, 0x00,
    0x00, 0x06, 0xff, 0xff, 0xff, 0xff, 0xc1, 0x00,
    0x00, 0x00, 0x28, 0xde, 0xfd, 0xa4, 0x00, 0x00,

    /* U+0066 "f" */
    0x00, 0x00, 0x2a, 0xef, 0xe5, 0x00, 0x03, 0xff,
    0xff, 0xf6, 0x00, 0x0b, 0xff, 0xff, 0xf6, 0x00,
    0x0f, 0xff, 0xe7, 0x52, 0x00, 0x1f, 0xff, 0x70,
    0x00, 0x4f, 0xff, 0xff, 0xff, 0xf1, 0x4f, 0xff,
    0xff, 0xff, 0xf1, 0x4f, 0xff, 0xff, 0xff, 0xf1,
    0x03, 0x5f, 0xff, 0x93, 0x30, 0x00, 0x2f, 0xff,
    0x50, 0x00, 0x00, 0x2f, 0xff, 0x50, 0x00, 0x00,
    0x2f, 0xff, 0x50, 0x00, 0x00, 0x2f, 0xff, 0x50,
    0x00, 0x00, 0x2f, 0xff, 0x50, 0x00, 0x00, 0x2f,
    0xff, 0x50, 0x00, 0x00, 0x2f, 0xff, 0x50, 0x00,
    0x00, 0x2f, 0xff, 0x50, 0x00, 0x00, 0x2f, 0xff,
    0x50, 0x00, 0x00, 0x2f, 0xff, 0x50, 0x00, 0x00,
    0x2f, 0xff, 0x50, 0x00,

    /* U+0067 "g" */
    0x00, 0x03, 0x9d, 0xfe, 0xc6, 0x04, 0xff, 0x70,
    0x08, 0xff, 0xff, 0xff, 0xfc, 0xaf, 0xf7, 0x08,
    0xff, 0xff, 0xff, 0xff, 0xff, 0xff, 0x72, 0xff,
    0xff, 0x71, 0x02, 0xaf, 0xff, 0xf7, 0x9f, 0xff,
    0x50, 0x00, 0x00, 0xaf, 0xff, 0x7d, 0xff, 0xd0,
    0x00, 0x00, 0x01, 0xff, 0xf7, 0xef, 0xf9, 0x00,
    0x00, 0x00, 0x0f, 0xff, 0x7e, 0xff, 0x90, 0x00,
    0x00, 0x00, 0xff, 0xf7, 0xdf, 0xfc, 0x00, 0x00,
    0x00, 0x1f, 0xff, 0x79, 0xff, 0xf5, 0x00, 0x00,
    0x09, 0xff, 0xf7, 0x2f, 0xff, 0xf7, 0x10, 0x2a,
    0xff, 0xff, 0x70, 0x8f, 0xff, 0xff, 0xff, 0xff,
    0xff, 0xf7, 0x00, 0x8f, 0xff, 0xff, 0xff, 0xdf,
    0xff, 0x70, 0x00, 0x39, 0xdf, 0xec, 0x61, 0xff,
    0xf6, 0x00, 0x00, 0x00, 0x00, 0x00, 0x1f, 0xff,
    0x40, 0x00, 0x40, 0x00, 0x00, 0x04, 0xff, 0xf2,
    0x06, 0xef, 0x40, 0x00, 0x00, 0xbf, 0xfd, 0x00,
    0xcf, 0xff, 0x71, 0x03, 0xbf, 0xff, 0x60, 0x02,
    0xff, 0xff, 0xff, 0xff, 0xff, 0xc0, 0x00, 0x04,
    0xef, 0xff, 0xff, 0xff, 0xb1, 0x00, 0x00, 0x01,
    0x7c, 0xff, 0xda, 0x40, 0x00, 0x00,

    /* U+0068 "h" */
    0x3f, 0xff, 0x40, 0x00, 0x00, 0x00, 0x00, 0x3f,
    0xff, 0x40, 0x00, 0x00, 0x00, 0x00, 0x3f, 0xff,
    0x40, 0x00, 0x00, 0x00, 0x00, 0x3f, 0xff, 0x40,
    0x00, 0x00, 0x00, 0x00, 0x3f, 0xff, 0x40, 0x00,
    0x00, 0x00, 0x00, 0x3f, 0xff, 0x40, 0x6b, 0xef,
    0xe9, 0x10, 0x3f, 0xff, 0x7d, 0xff, 0xff, 0xff,
    0xd0, 0x3f, 0xff, 0xff, 0xff, 0xff, 0xff, 0xf6,
    0x3f, 0xff, 0xff, 0xc7, 0x6b, 0xff, 0xfa, 0x3f,
    0xff, 0xf5, 0x00, 0x00, 0xdf, 0xfc, 0x3f, 0xff,
    0x70, 0x00, 0x00, 0x9f, 0xfd, 0x3f, 0xff, 0x40,
    0x00, 0x00, 0x9f, 0xfe, 0x3f, 0xff, 0x40, 0x00,
    0x00, 0x9f, 0xfe, 0x3f, 0xff, 0x40, 0x00, 0x00,
    0x9f, 0xfe, 0x3f, 0xff, 0x40, 0x00, 0x00, 0x9f,
    0xfe, 0x3f, 0xff, 0x40, 0x00, 0x00, 0x9f, 0xfe,
    0x3f, 0xff, 0x40, 0x00, 0x00, 0x9f, 0xfe, 0x3f,
    0xff, 0x40, 0x00, 0x00, 0x9f, 0xfe, 0x3f, 0xff,
    0x40, 0x00, 0x00, 0x9f, 0xfe, 0x3f, 0xff, 0x40,
    0x00, 0x00, 0x9f, 0xfe,

    /* U+0069 "i" */
    0x01, 0x52, 0x02, 0xff, 0xf4, 0x8f, 0xff, 0xb7,
    0xff, 0xfa, 0x0b, 0xfc, 0x20, 0x00, 0x00, 0x00,
    0x00, 0x02, 0xff, 0xf5, 0x2f, 0xff, 0x52, 0xff,
    0xf5, 0x2f, 0xff, 0x52, 0xff, 0xf5, 0x2f, 0xff,
    0x52, 0xff, 0xf5, 0x2f, 0xff, 0x52, 0xff, 0xf5,
    0x2f, 0xff, 0x52, 0xff, 0xf5, 0x2f, 0xff, 0x52,
    0xff, 0xf5, 0x2f, 0xff, 0x52, 0xff, 0xf5,

    /* U+006A "j" */
    0x00, 0x00, 0x43, 0x00, 0x01, 0xef, 0xf7, 0x00,
    0x5f, 0xff, 0xd0, 0x04, 0xff, 0xfc, 0x00, 0x09,
    0xfd, 0x30, 0x00, 0x00, 0x00, 0x00, 0x00, 0x00,
    0x00, 0x00, 0xff, 0xf7, 0x00, 0x0f, 0xff, 0x70,
    0x00, 0xff, 0xf7, 0x00, 0x0f, 0xff, 0x70, 0x00,
    0xff, 0xf7, 0x00, 0x0f, 0xff, 0x70, 0x00, 0xff,
    0xf7, 0x00, 0x0f, 0xff, 0x70, 0x00, 0xff, 0xf7,
    0x00, 0x0f, 0xff, 0x70, 0x00, 0xff, 0xf7, 0x00,
    0x0f, 0xff, 0x70, 0x00, 0xff, 0xf7, 0x00, 0x0f,
    0xff, 0x70, 0x00, 0xff, 0xf7, 0x00, 0x0f, 0xff,
    0x70, 0x00, 0xff, 0xf7, 0x02, 0x6f, 0xff, 0x61,
    0xff, 0xff, 0xf2, 0x1f, 0xff, 0xfb, 0x01, 0xdf,
    0xe9, 0x00,

    /* U+006B "k" */
    0x3f, 0xff, 0x30, 0x00, 0x00, 0x00, 0x00, 0x3f,
    0xff, 0x30, 0x00, 0x00, 0x00, 0x00, 0x3f, 0xff,
    0x30, 0x00, 0x00, 0x00, 0x00, 0x3f, 0xff, 0x30,
    0x00, 0x00, 0x00, 0x00, 0x3f, 0xff, 0x30, 0x00,
    0x00, 0x00, 0x00, 0x3f, 0xff, 0x30, 0x00, 0x1d,
    0xff, 0xe2, 0x3f, 0xff, 0x30, 0x00, 0xcf, 0xff,
    0x40, 0x3f, 0xff, 0x30, 0x0b, 0xff, 0xf5, 0x00,
    0x3f, 0xff, 0x30, 0x9f, 0xff, 0x70, 0x00, 0x3f,
    0xff, 0x38, 0xff, 0xf9, 0x00, 0x00, 0x3f, 0xff,
    0x9f, 0xff, 0xb0, 0x00, 0x00, 0x3f, 0xff, 0xff,
    0xfc, 0x00, 0x00, 0x00, 0x3f, 0xff, 0xff, 0xf9,
    0x00, 0x00, 0x00, 0x3f, 0xff, 0xff, 0xff, 0x50,
    0x00, 0x00, 0x3f, 0xff, 0x5e, 0xff, 0xf2, 0x00,
    0x00, 0x3f, 0xff, 0x33, 0xff, 0xfd, 0x10, 0x00,
    0x3f, 0xff, 0x30, 0x5f, 0xff, 0xc0, 0x00, 0x3f,
    0xff, 0x30, 0x08, 0xff, 0xf9, 0x00, 0x3f, 0xff,
    0x30, 0x00, 0xbf, 0xff, 0x60, 0x3f, 0xff, 0x30,
    0x00, 0x0d, 0xff, 0xf4,

    /* U+006C "l" */
    0x3f, 0xff, 0x30, 0x3f, 0xff, 0x30, 0x3f, 0xff,
    0x30, 0x3f, 0xff, 0x30, 0x3f, 0xff, 0x30, 0x3f,
    0xff, 0x30, 0x3f, 0xff, 0x30, 0x3f, 0xff, 0x30,
    0x3f, 0xff, 0x30, 0x3f, 0xff, 0x30, 0x3f, 0xff,
    0x30, 0x3f, 0xff, 0x30, 0x3f, 0xff, 0x30, 0x3f,
    0xff, 0x30, 0x3f, 0xff, 0x30, 0x3f, 0xff, 0x40,
    0x3f, 0xff, 0xb2, 0x1f, 0xff, 0xfb, 0x0b, 0xff,
    0xfb, 0x01, 0xaf, 0xf9,

    /* U+006D "m" */
    0x3f, 0xf8, 0x01, 0x8d, 0xff, 0xc6, 0x00, 0x07,
    0xcf, 0xfd, 0x80, 0x03, 0xff, 0xc7, 0xff, 0xff,
    0xff, 0xf7, 0x4e, 0xff, 0xff, 0xff, 0xb0, 0x3f,
    0xff, 0xff, 0xff, 0xff, 0xff, 0xff, 0xff, 0xff,
    0xff, 0xff, 0x33, 0xff, 0xff, 0xfb, 0x77, 0xef,
    0xff, 0xff, 0xc7, 0x7d, 0xff, 0xf7, 0x3f, 0xff,
    0xf3, 0x00, 0x04, 0xff, 0xff, 0x60, 0x00, 0x1f,
    0xff, 0x93, 0xff, 0xf7, 0x00, 0x00, 0x0f, 0xff,
    0xd0, 0x00, 0x00, 0xdf, 0xfa, 0x3f, 0xff, 0x40,
    0x00, 0x00, 0xff, 0xf7, 0x00, 0x00, 0x0c, 0xff,
    0xb3, 0xff, 0xf4, 0x00, 0x00, 0x0f, 0xff, 0x70,
    0x00, 0x00, 0xcf, 0xfb, 0x3f, 0xff, 0x40, 0x00,
    0x00, 0xff, 0xf7, 0x00, 0x00, 0x0c, 0xff, 0xb3,
    0xff, 0xf4, 0x00, 0x00, 0x0f, 0xff, 0x70, 0x00,
    0x00, 0xcf, 0xfb, 0x3f, 0xff, 0x40, 0x00, 0x00,
    0xff, 0xf7, 0x00, 0x00, 0x0c, 0xff, 0xb3, 0xff,
    0xf4, 0x00, 0x00, 0x0f, 0xff, 0x70, 0x00, 0x00,
    0xcf, 0xfb, 0x3f, 0xff, 0x40, 0x00, 0x00, 0xff,
    0xf7, 0x00, 0x00, 0x0c, 0xff, 0xb3, 0xff, 0xf4,
    0x00, 0x00, 0x0f, 0xff, 0x70, 0x00, 0x00, 0xcf,
    0xfb, 0x3f, 0xff, 0x40, 0x00, 0x00, 0xff, 0xf7,
    0x00, 0x00, 0x0c, 0xff, 0xb0,

    /* U+006E "n" */
    0x3f, 0xf8, 0x01, 0x7c, 0xef, 0xe9, 0x10, 0x3f,
    0xfc, 0x6f, 0xff, 0xff, 0xff, 0xd0, 0x3f, 0xff,
    0xff, 0xff, 0xff, 0xff, 0xf6, 0x3f, 0xff, 0xff,
    0xc7, 0x6b, 0xff, 0xfa, 0x3f, 0xff, 0xf6, 0x00,
    0x00, 0xdf, 0xfc, 0x3f, 0xff, 0x70, 0x00, 0x00,
    0x9f, 0xfd, 0x3f, 0xff, 0x40, 0x00, 0x00, 0x9f,
    0xfe, 0x3f, 0xff, 0x40, 0x00, 0x00, 0x9f, 0xfe,
    0x3f, 0xff, 0x40, 0x00, 0x00, 0x9f, 0xfe, 0x3f,
    0xff, 0x40, 0x00, 0x00, 0x9f, 0xfe, 0x3f, 0xff,
    0x40, 0x00, 0x00, 0x9f, 0xfe, 0x3f, 0xff, 0x40,
    0x00, 0x00, 0x9f, 0xfe, 0x3f, 0xff, 0x40, 0x00,
    0x00, 0x9f, 0xfe, 0x3f, 0xff, 0x40, 0x00, 0x00,
    0x9f, 0xfe, 0x3f, 0xff, 0x40, 0x00, 0x00, 0x9f,
    0xfe,

    /* U+006F "o" */
    0x00, 0x00, 0x16, 0xce, 0xfe, 0xc6, 0x10, 0x00,
    0x00, 0x00, 0x4e, 0xff, 0xff, 0xff, 0xfe, 0x40,
    0x00, 0x00, 0x5f, 0xff, 0xff, 0xff, 0xff, 0xff,
    0x40, 0x00, 0x1e, 0xff, 0xfd, 0x76, 0x7d, 0xff,
    0xfe, 0x10, 0x07, 0xff, 0xf9, 0x00, 0x00, 0x0a,
    0xff, 0xf7, 0x00, 0xdf, 0xfe, 0x00, 0x00, 0x00,
    0x0e, 0xff, 0xc0, 0x0f, 0xff, 0x90, 0x00, 0x00,
    0x00, 0x9f, 0xfe, 0x00, 0xff, 0xf7, 0x00, 0x00,
    0x00, 0x08, 0xff, 0xf0, 0x0f, 0xff, 0x90, 0x00,
    0x00, 0x00, 0x9f, 0xfe, 0x00, 0xdf, 0xfe, 0x00,
    0x00, 0x00, 0x0e, 0xff, 0xc0, 0x07, 0xff, 0xf9,
    0x00, 0x00, 0x0a, 0xff, 0xf7, 0x00, 0x1f, 0xff,
    0xfd, 0x76, 0x7d, 0xff, 0xfe, 0x10, 0x00, 0x5f,
    0xff, 0xff, 0xff, 0xff, 0xff, 0x40, 0x00, 0x00,
    0x4e, 0xff, 0xff, 0xff, 0xfe, 0x40, 0x00, 0x00,
    0x00, 0x17, 0xce, 0xfe, 0xc6, 0x10, 0x00, 0x00,

    /* U+0070 "p" */
    0x3f, 0xf8, 0x04, 0xbe, 0xfd, 0xa4, 0x00, 0x00,
    0x3f, 0xfc, 0x9f, 0xff, 0xff, 0xff, 0xa0, 0x00,
    0x3f, 0xff, 0xff, 0xff, 0xff, 0xff, 0xfa, 0x00,
    0x3f, 0xff, 0xfe, 0x62, 0x38, 0xff, 0xff, 0x40,
    0x3f, 0xff, 0xe2, 0x00, 0x00, 0x4f, 0xff, 0xa0,
    0x3f, 0xff, 0x70, 0x00, 0x00, 0x0b, 0xff, 0xf0,
    0x3f, 0xff, 0x30, 0x00, 0x00, 0x07, 0xff, 0xf1,
    0x3f, 0xff, 0x10, 0x00, 0x00, 0x05, 0xff, 0xf2,
    0x3f, 0xff, 0x30, 0x00, 0x00, 0x07, 0xff, 0xf1,
    0x3f, 0xff, 0x70, 0x00, 0x00, 0x0b, 0xff, 0xf0,
    0x3f, 0xff, 0xe2, 0x00, 0x00, 0x4f, 0xff, 0xa0,
    0x3f, 0xff, 0xfe, 0x62, 0x38, 0xff, 0xff, 0x40,
    0x3f, 0xff, 0xff, 0xff, 0xff, 0xff, 0xfa, 0x00,
    0x3f, 0xff, 0xef, 0xff, 0xff, 0xff, 0xa0, 0x00,
    0x3f, 0xff, 0x44, 0xbe, 0xfd, 0xa4, 0x00, 0x00,
    0x3f, 0xff, 0x40, 0x00, 0x00, 0x00, 0x00, 0x00,
    0x3f, 0xff, 0x40, 0x00, 0x00, 0x00, 0x00, 0x00,
    0x3f, 0xff, 0x40, 0x00, 0x00, 0x00, 0x00, 0x00,
    0x3f, 0xff, 0x40, 0x00, 0x00, 0x00, 0x00, 0x00,
    0x3f, 0xff, 0x40, 0x00, 0x00, 0x00, 0x00, 0x00,
    0x3f, 0xff, 0x40, 0x00, 0x00, 0x00, 0x00, 0x00,

    /* U+0071 "q" */
    0x00, 0x00, 0x3a, 0xdf, 0xeb, 0x50, 0x6f, 0xf5,
    0x00, 0x08, 0xff, 0xff, 0xff, 0xfb, 0xbf, 0xf5,
    0x00, 0x8f, 0xff, 0xff, 0xff, 0xff, 0xff, 0xf5,
    0x02, 0xff, 0xff, 0x93, 0x25, 0xdf, 0xff, 0xf5,
    0x09, 0xff, 0xf6, 0x00, 0x00, 0x1d, 0xff, 0xf5,
    0x0d, 0xff, 0xd0, 0x00, 0x00, 0x05, 0xff, 0xf5,
    0x0f, 0xff, 0x80, 0x00, 0x00, 0x01, 0xff, 0xf5,
    0x1f, 0xff, 0x70, 0x00, 0x00, 0x00, 0xff, 0xf5,
    0x0f, 0xff, 0x80, 0x00, 0x00, 0x01, 0xff, 0xf5,
    0x0e, 0xff, 0xc0, 0x00, 0x00, 0x05, 0xff, 0xf5,
    0x09, 0xff, 0xf6, 0x00, 0x00, 0x1d, 0xff, 0xf5,
    0x03, 0xff, 0xff, 0x93, 0x25, 0xdf, 0xff, 0xf5,
    0x00, 0x8f, 0xff, 0xff, 0xff, 0xff, 0xff, 0xf5,
    0x00, 0x08, 0xff, 0xff, 0xff, 0xfe, 0xff, 0xf5,
    0x00, 0x00, 0x3a, 0xdf, 0xeb, 0x52, 0xff, 0xf5,
    0x00, 0x00, 0x00, 0x00, 0x00, 0x02, 0xff, 0xf5,
    0x00, 0x00, 0x00, 0x00, 0x00, 0x02, 0xff, 0xf5,
    0x00, 0x00, 0x00, 0x00, 0x00, 0x02, 0xff, 0xf5,
    0x00, 0x00, 0x00, 0x00, 0x00, 0x02, 0xff, 0xf5,
    0x00, 0x00, 0x00, 0x00, 0x00, 0x02, 0xff, 0xf5,
    0x00, 0x00, 0x00, 0x00, 0x00, 0x02, 0xff, 0xf5,

    /* U+0072 "r" */
    0x3f, 0xf8, 0x06, 0xdf, 0xf3, 0xff, 0xcb, 0xff,
    0xff, 0x3f, 0xff, 0xff, 0xff, 0xf3, 0xff, 0xff,
    0xd9, 0x76, 0x3f, 0xff, 0xd0, 0x00, 0x03, 0xff,
    0xf4, 0x00, 0x00, 0x3f, 0xff, 0x40, 0x00, 0x03,
    0xff, 0xf4, 0x00, 0x00, 0x3f, 0xff, 0x40, 0x00,
    0x03, 0xff, 0xf4, 0x00, 0x00, 0x3f, 0xff, 0x40,
    0x00, 0x03, 0xff, 0xf4, 0x00, 0x00, 0x3f, 0xff,
    0x40, 0x00, 0x03, 0xff, 0xf4, 0x00, 0x00, 0x3f,
    0xff, 0x40, 0x00, 0x00,

    /* U+0073 "s" */
    0x00, 0x29, 0xef, 0xec, 0x60, 0x00, 0x06, 0xff,
    0xff, 0xff, 0xfd, 0x20, 0x2f, 0xff, 0xff, 0xff,
    0xff, 0xd0, 0x7f, 0xfd, 0x20, 0x29, 0xfd, 0x30,
    0x9f, 0xf8, 0x00, 0x00, 0x31, 0x00, 0x7f, 0xff,
    0x61, 0x00, 0x00, 0x00, 0x2f, 0xff, 0xff, 0xc8,
    0x20, 0x00, 0x03, 0xdf, 0xff, 0xff, 0xf9, 0x00,
    0x00, 0x05, 0xae, 0xff, 0xff, 0x90, 0x00, 0x00,
    0x00, 0x3c, 0xff, 0xf0, 0x03, 0xa0, 0x00, 0x03,
    0xff, 0xf1, 0x7f, 0xfc, 0x30, 0x08, 0xff, 0xf0,
    0x7f, 0xff, 0xff, 0xff, 0xff, 0x90, 0x08, 0xff,
    0xff, 0xff, 0xfb, 0x00, 0x00, 0x39, 0xdf, 0xeb,
    0x60, 0x00,

    /* U+0074 "t" */
    0x00, 0x02, 0x88, 0x40, 0x00, 0x00, 0x07, 0xff,
    0x80, 0x00, 0x00, 0x0a, 0xff, 0x80, 0x00, 0x00,
    0x0d, 0xff, 0x80, 0x00, 0x3f, 0xff, 0xff, 0xff,
    0xfb, 0x3f, 0xff, 0xff, 0xff, 0xfb, 0x3f, 0xff,
    0xff, 0xff, 0xfb, 0x03, 0x3f, 0xff, 0xb3, 0x32,
    0x00, 0x0f, 0xff, 0x80, 0x00, 0x00, 0x0f, 0xff,
    0x80, 0x00, 0x00, 0x0f, 0xff, 0x80, 0x00, 0x00,
    0x0f, 0xff, 0x80, 0x00, 0x00, 0x0f, 0xff, 0x80,
    0x00, 0x00, 0x0f, 0xff, 0x80, 0x00, 0x00, 0x0e,
    0xff, 0xa0, 0x00, 0x00, 0x0d, 0xff, 0xf8, 0x65,
    0x00, 0x08, 0xff, 0xff, 0xfb, 0x00, 0x01, 0xef,
    0xff, 0xfb, 0x00, 0x00, 0x19, 0xef, 0xe8,

    /* U+0075 "u" */
    0x5f, 0xff, 0x20, 0x00, 0x00, 0xbf, 0xfc, 0x5f,
    0xff, 0x20, 0x00, 0x00, 0xbf, 0xfc, 0x5f, 0xff,
    0x20, 0x00, 0x00, 0xbf, 0xfc, 0x5f, 0xff, 0x20,
    0x00, 0x00, 0xbf, 0xfc, 0x5f, 0xff, 0x20, 0x00,
    0x00, 0xbf, 0xfc, 0x5f, 0xff, 0x20, 0x00, 0x00,
    0xbf, 0xfc, 0x5f, 0xff, 0x20, 0x00, 0x00, 0xbf,
    0xfc, 0x5f, 0xff, 0x20, 0x00, 0x00, 0xbf, 0xfc,
    0x5f, 0xff, 0x20, 0x00, 0x00, 0xbf, 0xfc, 0x4f,
    0xff, 0x20, 0x00, 0x00, 0xff, 0xfc, 0x3f, 0xff,
    0x60, 0x00, 0x1a, 0xff, 0xfc, 0x1f, 0xff, 0xf9,
    0x79, 0xff, 0xff, 0xfc, 0x0c, 0xff, 0xff, 0xff,
    0xff, 0xff, 0xfc, 0x04, 0xff, 0xff, 0xff, 0xfc,
    0x6f, 0xfc, 0x00, 0x3b, 0xef, 0xeb, 0x50, 0x0f,
    0xfc,

    /* U+0076 "v" */
    0x6f, 0xff, 0x50, 0x00, 0x00, 0x0e, 0xff, 0xc0,
    0xff, 0xfa, 0x00, 0x00, 0x03, 0xff, 0xf6, 0x0a,
    0xff, 0xf0, 0x00, 0x00, 0x9f, 0xff, 0x00, 0x3f,
    0xff, 0x50, 0x00, 0x0e, 0xff, 0xa0, 0x00, 0xdf,
    0xfb, 0x00, 0x03, 0xff, 0xf4, 0x00, 0x07, 0xff,
    0xf1, 0x00, 0x8f, 0xfe, 0x00, 0x00, 0x1f, 0xff,
    0x60, 0x0d, 0xff, 0x90, 0x00, 0x00, 0xbf, 0xfb,
    0x03, 0xff, 0xf3, 0x00, 0x00, 0x05, 0xff, 0xf1,
    0x8f, 0xfd, 0x00, 0x00, 0x00, 0x0e, 0xff, 0x6d,
    0xff, 0x70, 0x00, 0x00, 0x00, 0x9f, 0xff, 0xff,
    0xf2, 0x00, 0x00, 0x00, 0x02, 0xff, 0xff, 0xfc,
    0x00, 0x00, 0x00, 0x00, 0x0c, 0xff, 0xff, 0x60,
    0x00, 0x00, 0x00, 0x00, 0x6f, 0xff, 0xf0, 0x00,
    0x00, 0x00, 0x00, 0x01, 0xff, 0xfa, 0x00, 0x00,
    0x00,

    /* U+0077 "w" */
    0x8f, 0xfe, 0x00, 0x00, 0x08, 0xff, 0xb0, 0x00,
    0x00, 0xaf, 0xfb, 0x3f, 0xff, 0x30, 0x00, 0x0d,
    0xff, 0xf1, 0x00, 0x00, 0xef, 0xf6, 0x0e, 0xff,
    0x70, 0x00, 0x2f, 0xff, 0xf6, 0x00, 0x03, 0xff,
    0xf1, 0x09, 0xff, 0xb0, 0x00, 0x7f, 0xff, 0xfb,
    0x00, 0x07, 0xff, 0xc0, 0x04, 0xff, 0xf0, 0x00,
    0xcf, 0xff, 0xff, 0x00, 0x0c, 0xff, 0x80, 0x00,
    0xff, 0xf4, 0x01, 0xff, 0xfc, 0xff, 0x50, 0x0f,
    0xff, 0x30, 0x00, 0xbf, 0xf9, 0x06, 0xff, 0xa6,
    0xff, 0xa0, 0x4f, 0xfe, 0x00, 0x00, 0x6f, 0xfd,
    0x0b, 0xff, 0x51, 0xff, 0xe0, 0x9f, 0xf9, 0x00,
    0x00, 0x1f, 0xff, 0x2f, 0xff, 0x00, 0xcf, 0xf4,
    0xdf, 0xf4, 0x00, 0x00, 0x0c, 0xff, 0xbf, 0xfb,
    0x00, 0x7f, 0xfb, 0xff, 0xf0, 0x00, 0x00, 0x07,
    0xff, 0xff, 0xf6, 0x00, 0x2f, 0xff, 0xff, 0xa0,
    0x00, 0x00, 0x02, 0xff, 0xff, 0xf1, 0x00, 0x0d,
    0xff, 0xff, 0x60, 0x00, 0x00, 0x00, 0xdf, 0xff,
    0xc0, 0x00, 0x08, 0xff, 0xff, 0x10, 0x00, 0x00,
    0x00, 0x9f, 0xff, 0x70, 0x00, 0x03, 0xff, 0xfc,
    0x00, 0x00, 0x00, 0x00, 0x4f, 0xff, 0x20, 0x00,
    0x00, 0xef, 0xf7, 0x00, 0x00,

    /* U+0078 "x" */
    0x3f, 0xff, 0xd0, 0x00, 0x00, 0xcf, 0xff, 0x40,
    0x8f, 0xff, 0x70, 0x00, 0x6f, 0xff, 0x90, 0x00,
    0xdf, 0xff, 0x20, 0x1e, 0xff, 0xd0, 0x00, 0x03,
    0xff, 0xfb, 0x0a, 0xff, 0xf4, 0x00, 0x00, 0x08,
    0xff, 0xf9, 0xff, 0xf9, 0x00, 0x00, 0x00, 0x0d,
    0xff, 0xff, 0xfd, 0x00, 0x00, 0x00, 0x00, 0x3f,
    0xff, 0xff, 0x30, 0x00, 0x00, 0x00, 0x00, 0xff,
    0xff, 0xf0, 0x00, 0x00, 0x00, 0x00, 0x3f, 0xff,
    0xff, 0x40, 0x00, 0x00, 0x00, 0x0d, 0xff, 0xff,
    0xfe, 0x00, 0x00, 0x00, 0x08, 0xff, 0xf8, 0xff,
    0xf9, 0x00, 0x00, 0x03, 0xff, 0xfa, 0x0a, 0xff,
    0xf4, 0x00, 0x00, 0xdf, 0xff, 0x10, 0x1e, 0xff,
    0xe1, 0x00, 0x9f, 0xff, 0x60, 0x00, 0x6f, 0xff,
    0xa0, 0x3f, 0xff, 0xc0, 0x00, 0x00, 0xbf, 0xff,
    0x40,

    /* U+0079 "y" */
    0x6f, 0xff, 0x30, 0x00, 0x00, 0x08, 0xff, 0xf1,
    0x0e, 0xff, 0xa0, 0x00, 0x00, 0x0e, 0xff, 0xa0,
    0x08, 0xff, 0xf1, 0x00, 0x00, 0x6f, 0xff, 0x30,
    0x01, 0xff, 0xf7, 0x00, 0x00, 0xcf, 0xfc, 0x00,
    0x00, 0xaf, 0xfe, 0x00, 0x03, 0xff, 0xf5, 0x00,
    0x00, 0x3f, 0xff, 0x50, 0x0a, 0xff, 0xe0, 0x00,
    0x00, 0x0c, 0xff, 0xc0, 0x2f, 0xff, 0x70, 0x00,
    0x00, 0x05, 0xff, 0xf3, 0x8f, 0xff, 0x10, 0x00,
    0x00, 0x00, 0xef, 0xfb, 0xef, 0xf9, 0x00, 0x00,
    0x00, 0x00, 0x8f, 0xff, 0xff, 0xf2, 0x00, 0x00,
    0x00, 0x00, 0x1f, 0xff, 0xff, 0xb0, 0x00, 0x00,
    0x00, 0x00, 0x0a, 0xff, 0xff, 0x50, 0x00, 0x00,
    0x00, 0x00, 0x03, 0xff, 0xfe, 0x00, 0x00, 0x00,
    0x00, 0x00, 0x02, 0xff, 0xf7, 0x00, 0x00, 0x00,
    0x00, 0x00, 0x09, 0xff, 0xf1, 0x00, 0x00, 0x00,
    0x00, 0x00, 0x0f, 0xff, 0x90, 0x00, 0x00, 0x00,
    0x00, 0x00, 0x7f, 0xff, 0x20, 0x00, 0x00, 0x00,
    0x00, 0x00, 0xdf, 0xfb, 0x00, 0x00, 0x00, 0x00,
    0x00, 0x04, 0xff, 0xf4, 0x00, 0x00, 0x00, 0x00,
    0x00, 0x0b, 0xff, 0xd0, 0x00, 0x00, 0x00, 0x00,
    0x00, 0x2f, 0xff, 0x60, 0x00, 0x00, 0x00, 0x00,

    /* U+007A "z" */
    0xbf, 0xff, 0xff, 0xff, 0xff, 0xf9, 0xbf, 0xff,
    0xff, 0xff, 0xff, 0xf9, 0xbf, 0xff, 0xff, 0xff,
    0xff, 0xf8, 0x12, 0x22, 0x22, 0x3f, 0xff, 0xe1,
    0x00, 0x00, 0x00, 0xbf, 0xff, 0x30, 0x00, 0x00,
    0x07, 0xff, 0xf6, 0x00, 0x00, 0x00, 0x4f, 0xff,
    0x90, 0x00, 0x00, 0x02, 0xef, 0xfc, 0x00, 0x00,
    0x00, 0x0d, 0xff, 0xe1, 0x00, 0x00, 0x00, 0xaf,
    0xff, 0x30, 0x00, 0x00, 0x07, 0xff, 0xf6, 0x00,
    0x00, 0x00, 0x3f, 0xff, 0xc2, 0x22, 0x22, 0x21,
    0xdf, 0xff, 0xff, 0xff, 0xff, 0xfb, 0xdf, 0xff,
    0xff, 0xff, 0xff, 0xfb, 0xdf, 0xff, 0xff, 0xff,
    0xff, 0xfb,

    /* U+007B "{" */
    0x00, 0x3a, 0xef, 0xf3, 0x07, 0xff, 0xff, 0xf3,
    0x2f, 0xff, 0xff, 0xf3, 0x7f, 0xff, 0x93, 0x20,
    0x8f, 0xff, 0x00, 0x00, 0x5f, 0xff, 0x00, 0x00,
    0x0d, 0xff, 0x70, 0x00, 0x03, 0xff, 0xf1, 0x00,
    0x00, 0x9f, 0xfa, 0x00, 0x00, 0x0e, 0xff, 0x30,
    0x00, 0x0a, 0xff, 0x90, 0x00, 0x0b, 0xff, 0xa0,
    0x00, 0x8f, 0xff, 0x70, 0x5e, 0xff, 0xfd, 0x00,
    0x8f, 0xff, 0xf2, 0x00, 0x6f, 0xff, 0xfc, 0x00,
    0x01, 0xaf, 0xff, 0x60, 0x00, 0x0c, 0xff, 0xa0,
    0x00, 0x09, 0xff, 0x90, 0x00, 0x0e, 0xff, 0x40,
    0x00, 0x8f, 0xfb, 0x00, 0x03, 0xff, 0xf1, 0x00,
    0x0c, 0xff, 0x70, 0x00, 0x4f, 0xff, 0x00, 0x00,
    0x8f, 0xff, 0x00, 0x00, 0x7f, 0xff, 0xa3, 0x20,
    0x2f, 0xff, 0xff, 0xf3, 0x08, 0xff, 0xff, 0xf3,
    0x00, 0x4b, 0xef, 0xf3,

    /* U+007C "|" */
    0x46, 0x63, 0xbf, 0xf8, 0xbf, 0xf8, 0xbf, 0xf8,
    0xbf, 0xf8, 0xbf, 0xf8, 0xbf, 0xf8, 0xbf, 0xf8,
    0xbf, 0xf8, 0xbf, 0xf8, 0xbf, 0xf8, 0xbf, 0xf8,
    0xbf, 0xf8, 0xbf, 0xf8, 0xbf, 0xf8, 0xbf, 0xf8,
    0xbf, 0xf8, 0xbf, 0xf8, 0xbf, 0xf8, 0xbf, 0xf8,
    0xbf, 0xf8, 0xbf, 0xf8, 0xbf, 0xf8, 0xbf, 0xf8,
    0xbf, 0xf8, 0xbf, 0xf8, 0xbf, 0xf8, 0xbf, 0xf8,
    0xbf, 0xf8,

    /* U+007D "}" */
    0xaf, 0xfd, 0x81, 0x00, 0xaf, 0xff, 0xfd, 0x10,
    0xaf, 0xff, 0xff, 0xa0, 0x12, 0x4e, 0xff, 0xf0,
    0x00, 0x07, 0xff, 0xf0, 0x00, 0x08, 0xff, 0xd0,
    0x00, 0x0e, 0xff, 0x50, 0x00, 0x9f, 0xfb, 0x00,
    0x02, 0xff, 0xf2, 0x00, 0x0b, 0xff, 0x70, 0x00,
    0x1f, 0xff, 0x20, 0x00, 0x2f, 0xff, 0x30, 0x00,
    0x0e, 0xff, 0xd3, 0x00, 0x06, 0xff, 0xff, 0xc0,
    0x00, 0x9f, 0xff, 0xf0, 0x04, 0xff, 0xff, 0xe0,
    0x0e, 0xff, 0xe5, 0x00, 0x2f, 0xff, 0x40, 0x00,
    0x1f, 0xff, 0x20, 0x00, 0x0c, 0xff, 0x70, 0x00,
    0x03, 0xff, 0xe1, 0x00, 0x00, 0x9f, 0xfa, 0x00,
    0x00, 0x0e, 0xff, 0x40, 0x00, 0x08, 0xff, 0xd0,
    0x00, 0x07, 0xff, 0xf0, 0x12, 0x5e, 0xff, 0xf0,
    0xaf, 0xff, 0xff, 0xb0, 0xaf, 0xff, 0xfe, 0x20,
    0xaf, 0xfd, 0x81, 0x00,

    /* U+007E "~" */
    0x00, 0x00, 0x00, 0x00, 0x00, 0x00, 0x00, 0x10,
    0x00, 0x00, 0x03, 0xad, 0xeb, 0x50, 0x00, 0x00,
    0xcc, 0x30, 0x00, 0x6f, 0xff, 0xff, 0xfc, 0x30,
    0x09, 0xff, 0xf1, 0x03, 0xff, 0xff, 0xff, 0xff,
    0xfe, 0xff, 0xff, 0x60, 0x0d, 0xff, 0xc2, 0x04,
    0xcf, 0xff, 0xff, 0xf9, 0x00, 0x03, 0xce, 0x10,
    0x00, 0x05, 0xcf, 0xfc, 0x60, 0x00, 0x00, 0x01,
    0x00, 0x00, 0x00, 0x00, 0x00, 0x00, 0x00,

    /* U+00A0 " " */

    /* U+00A1 "¡" */
    0x03, 0xce, 0xa0, 0x0e, 0xff, 0xf9, 0x1f, 0xff,
    0xfc, 0x0e, 0xff, 0xf9, 0x03, 0xcf, 0xa0, 0x00,
    0x00, 0x00, 0x00, 0x00, 0x00, 0x01, 0xcc, 0xa0,
    0x03, 0xff, 0xe0, 0x04, 0xff, 0xf0, 0x05, 0xff,
    0xf1, 0x07, 0xff, 0xf2, 0x08, 0xff, 0xf3, 0x08,
    0xff, 0xf3, 0x08, 0xff, 0xf4, 0x09, 0xff, 0xf4,
    0x09, 0xff, 0xf5, 0x0a, 0xff, 0xf5, 0x0a, 0xff,
    0xf6, 0x0a, 0xff, 0xf6, 0x0b, 0xff, 0xf7, 0x0b,
    0xff, 0xf7,

    /* U+00A2 "¢" */
    0x00, 0x00, 0x05, 0xff, 0xf1, 0x00, 0x00, 0x00,
    0x00, 0x00, 0x5f, 0xff, 0x10, 0x00, 0x00, 0x00,
    0x00, 0x05, 0xff, 0xf1, 0x00, 0x00, 0x00, 0x00,
    0x06, 0xff, 0xff, 0xe8, 0x20, 0x00, 0x00, 0x2d,
    0xff, 0xff, 0xff, 0xff, 0x70, 0x00, 0x2f, 0xff,
    0xff, 0xff, 0xff, 0xff, 0x70, 0x0c, 0xff, 0xf8,
    0x20, 0x16, 0xff, 0xff, 0x13, 0xff, 0xf8, 0x00,
    0x00, 0x04, 0xff, 0xa1, 0x8f, 0xff, 0x00, 0x00,
    0x00, 0x05, 0x10, 0x0b, 0xff, 0xc0, 0x00, 0x00,
    0x00, 0x00, 0x00, 0xcf, 0xfb, 0x00, 0x00, 0x00,
    0x00, 0x00, 0x0b, 0xff, 0xc0, 0x00, 0x00, 0x00,
    0x00, 0x00, 0x8f, 0xff, 0x10, 0x00, 0x00, 0x07,
    0x30, 0x03, 0xff, 0xfa, 0x00, 0x00, 0x06, 0xff,
    0xb2, 0x0c, 0xff, 0xfb, 0x42, 0x39, 0xff, 0xfe,
    0x10, 0x2f, 0xff, 0xff, 0xff, 0xff, 0xff, 0x50,
    0x00, 0x2d, 0xff, 0xff, 0xff, 0xff, 0x50, 0x00,
    0x00, 0x06, 0xff, 0xff, 0xd7, 0x10, 0x00, 0x00,
    0x00, 0x05, 0xff, 0xf1, 0x00, 0x00, 0x00, 0x00,
    0x00, 0x5f, 0xff, 0x10, 0x00, 0x00, 0x00, 0x00,
    0x05, 0xff, 0xf1, 0x00, 0x00, 0x00,

    /* U+00A3 "£" */
    0x00, 0x00, 0x6c, 0xef, 0xda, 0x40, 0x00, 0x00,
    0x1d, 0xff, 0xff, 0xff, 0xfa, 0x00, 0x00, 0xcf,
    0xff, 0xff, 0xff, 0xff, 0xb0, 0x05, 0xff, 0xff,
    0x86, 0x8f, 0xff, 0xd1, 0x09, 0xff, 0xf3, 0x00,
    0x01, 0xdd, 0x10, 0x0a, 0xff, 0xc0, 0x00, 0x00,
    0x21, 0x00, 0x09, 0xff, 0xc0, 0x00, 0x00, 0x00,
    0x00, 0x06, 0xff, 0xf1, 0x00, 0x00, 0x00, 0x00,
    0x01, 0xff, 0xf7, 0x00, 0x00, 0x00, 0x00, 0x11,
    0xbf, 0xff, 0x11, 0x11, 0x10, 0x00, 0xbf, 0xff,
    0xff, 0xff, 0xff, 0xd0, 0x00, 0xbf, 0xff, 0xff,
    0xff, 0xff, 0xd0, 0x00, 0xbf, 0xff, 0xff, 0xff,
    0xff, 0xd0, 0x00, 0x00, 0x06, 0xff, 0xf0, 0x00,
    0x00, 0x00, 0x00, 0x09, 0xff, 0xd0, 0x00, 0x00,
    0x00, 0x00, 0x1e, 0xff, 0x80, 0x00, 0x00, 0x00,
    0x00, 0xbf, 0xff, 0x75, 0x55, 0x55, 0x52, 0x4d,
    0xff, 0xff, 0xff, 0xff, 0xff, 0xf7, 0x7f, 0xff,
    0xff, 0xff, 0xff, 0xff, 0xf7, 0x2f, 0xff, 0xff,
    0xff, 0xff, 0xff, 0xf7,

    /* U+00A4 "¤" */
    0x00, 0x40, 0x00, 0x00, 0x00, 0x00, 0x04, 0x00,
    0x08, 0xf9, 0x00, 0x13, 0x30, 0x00, 0xbf, 0x50,
    0x7f, 0xff, 0xcb, 0xff, 0xff, 0xbe, 0xff, 0xf4,
    0x2e, 0xff, 0xff, 0xff, 0xff, 0xff, 0xff, 0xc0,
    0x02, 0xff, 0xff, 0xff, 0xff, 0xff, 0xfe, 0x00,
    0x00, 0xff, 0xfe, 0x51, 0x17, 0xff, 0xfa, 0x00,
    0x02, 0xff, 0xf5, 0x00, 0x00, 0x9f, 0xff, 0x00,
    0x04, 0xff, 0xf0, 0x00, 0x00, 0x4f, 0xff, 0x10,
    0x03, 0xff, 0xf0, 0x00, 0x00, 0x4f, 0xff, 0x00,
    0x01, 0xff, 0xf8, 0x00, 0x00, 0xbf, 0xfe, 0x00,
    0x00, 0xff, 0xff, 0xa5, 0x6c, 0xff, 0xfa, 0x00,
    0x05, 0xff, 0xff, 0xff, 0xff, 0xff, 0xff, 0x30,
    0x5f, 0xff, 0xff, 0xff, 0xff, 0xff, 0xff, 0xe3,
    0x4f, 0xff, 0x67, 0xdf, 0xec, 0x68, 0xff, 0xe2,
    0x04, 0xf5, 0x00, 0x00, 0x00, 0x00, 0x8e, 0x20,
    0x00, 0x10, 0x00, 0x00, 0x00, 0x00, 0x01, 0x00,

    /* U+00A5 "¥" */
    0x38, 0x86, 0x00, 0x00, 0x00, 0x00, 0x58, 0x84,
    0x1f, 0xff, 0x30, 0x00, 0x00, 0x02, 0xff, 0xf3,
    0x09, 0xff, 0xb0, 0x00, 0x00, 0x09, 0xff, 0xb0,
    0x01, 0xff, 0xf3, 0x00, 0x00, 0x2f, 0xff, 0x20,
    0x00, 0x8f, 0xfb, 0x00, 0x00, 0xaf, 0xfa, 0x00,
    0x00, 0x1f, 0xff, 0x30, 0x02, 0xff, 0xf2, 0x00,
    0x00, 0x08, 0xff, 0xb0, 0x0a, 0xff, 0x90, 0x00,
    0x00, 0x00, 0xef, 0xf3, 0x2f, 0xff, 0x10, 0x00,
    0x00, 0x00, 0x7f, 0xfb, 0xaf, 0xf8, 0x00, 0x00,
    0x0b, 0xff, 0xff, 0xff, 0xff, 0xff, 0xff, 0xd0,
    0x0b, 0xff, 0xff, 0xff, 0xff, 0xff, 0xff, 0xd0,
    0x0b, 0xff, 0xff, 0xff, 0xff, 0xff, 0xff, 0xd0,
    0x00, 0x00, 0x00, 0xbf, 0xfc, 0x00, 0x00, 0x00,
    0x00, 0x00, 0x00, 0xbf, 0xfc, 0x00, 0x00, 0x00,
    0x0b, 0xff, 0xff, 0xff, 0xff, 0xff, 0xff, 0xd0,
    0x0b, 0xff, 0xff, 0xff, 0xff, 0xff, 0xff, 0xd0,
    0x0b, 0xff, 0xff, 0xff, 0xff, 0xff, 0xff, 0xd0,
    0x00, 0x00, 0x00, 0xbf, 0xfc, 0x00, 0x00, 0x00,
    0x00, 0x00, 0x00, 0xbf, 0xfc, 0x00, 0x00, 0x00,
    0x00, 0x00, 0x00, 0xbf, 0xfc, 0x00, 0x00, 0x00,

    /* U+00A6 "¦" */
    0x35, 0x53, 0xbf, 0xf8, 0xbf, 0xf8, 0xbf, 0xf8,
    0xbf, 0xf8, 0xbf, 0xf8, 0xbf, 0xf8, 0xbf, 0xf8,
    0xbf, 0xf8, 0xbf, 0xf8, 0xbf, 0xf8, 0xbf, 0xf8,
    0xbf, 0xf8, 0x00, 0x00, 0x00, 0x00, 0x00, 0x00,
    0x35, 0x53, 0xbf, 0xf8, 0xbf, 0xf8, 0xbf, 0xf8,
    0xbf, 0xf8, 0xbf, 0xf8, 0xbf, 0xf8, 0xbf, 0xf8,
    0xbf, 0xf8, 0xbf, 0xf8, 0xbf, 0xf8, 0xbf, 0xf8,
    0xbf, 0xf8,

    /* U+00A7 "§" */
    0x00, 0x00, 0x00, 0x22, 0x10, 0x00, 0x00, 0x00,
    0x05, 0xcf, 0xff, 0xfd, 0x70, 0x00, 0x00, 0x9f,
    0xff, 0xff, 0xff, 0xfd, 0x20, 0x05, 0xff, 0xff,
    0xff, 0xff, 0xff, 0xd1, 0x0d, 0xff, 0xf5, 0x00,
    0x4b, 0xff, 0x91, 0x0f, 0xff, 0x70, 0x00, 0x00,
    0x84, 0x00, 0x1f, 0xff, 0x70, 0x00, 0x00, 0x00,
    0x00, 0x0f, 0xff, 0xe1, 0x00, 0x00, 0x00, 0x00,
    0x09, 0xff, 0xff, 0x83, 0x00, 0x00, 0x00, 0x01,
    0xdf, 0xff, 0xff, 0xe9, 0x30, 0x00, 0x00, 0xcf,
    0xff, 0xff, 0xff, 0xfa, 0x00, 0x09, 0xff, 0xfa,
    0xcf, 0xff, 0xff, 0xb0, 0x0f, 0xff, 0x40, 0x00,
    0x6e, 0xff, 0xf3, 0x3f, 0xff, 0x30, 0x00, 0x02,
    0xff, 0xf7, 0x2f, 0xff, 0xa0, 0x00, 0x00, 0xef,
    0xf8, 0x0e, 0xff, 0xfd, 0x50, 0x02, 0xff, 0xf5,
    0x05, 0xff, 0xff, 0xff, 0xff, 0xff, 0xd0, 0x00,
    0x5e, 0xff, 0xff, 0xff, 0xff, 0x10, 0x00, 0x00,
    0x6a, 0xff, 0xff, 0xff, 0x80, 0x00, 0x00, 0x00,
    0x04, 0xbf, 0xff, 0xf2, 0x00, 0x00, 0x00, 0x00,
    0x08, 0xff, 0xf6, 0x03, 0xc2, 0x00, 0x00, 0x01,
    0xff, 0xf7, 0x8f, 0xfd, 0x10, 0x00, 0x04, 0xff,
    0xf5, 0x7f, 0xff, 0xe8, 0x44, 0x7f, 0xff, 0xe0,
    0x0c, 0xff, 0xff, 0xff, 0xff, 0xff, 0x60, 0x00,
    0xbf, 0xff, 0xff, 0xff, 0xf6, 0x00, 0x00, 0x03,
    0x9d, 0xff, 0xd8, 0x20, 0x00,

    /* U+00A8 "¨" */
    0x01, 0x30, 0x00, 0x02, 0x30, 0x04, 0xff, 0xc0,
    0x07, 0xff, 0xa0, 0xbf, 0xff, 0x50, 0xef, 0xff,
    0x2b, 0xff, 0xf4, 0x0e, 0xff, 0xf1, 0x2d, 0xf9,
    0x00, 0x4e, 0xe6, 0x00,

    /* U+00A9 "©" */
    0x00, 0x00, 0x00, 0x03, 0x55, 0x30, 0x00, 0x00,
    0x00, 0x00, 0x00, 0x19, 0xff, 0xff, 0xff, 0xa1,
    0x00, 0x00, 0x00, 0x05, 0xff, 0xff, 0xff, 0xff,
    0xff, 0x50, 0x00, 0x00, 0x5f, 0xff, 0x93, 0x10,
    0x38, 0xff, 0xf6, 0x00, 0x02, 0xff, 0xd2, 0x00,
    0x00, 0x00, 0x2d, 0xff, 0x30, 0x0a, 0xff, 0x20,
    0x2a, 0xef, 0xc5, 0x02, 0xff, 0xc0, 0x1f, 0xf8,
    0x02, 0xff, 0xff, 0xff, 0x70, 0x7f, 0xf2, 0x6f,
    0xf1, 0x0b, 0xff, 0x76, 0xcf, 0x90, 0x1f, 0xf7,
    0x8f, 0xf0, 0x0f, 0xf9, 0x00, 0x12, 0x00, 0x0e,
    0xf9, 0x9f, 0xe0, 0x1f, 0xf6, 0x00, 0x00, 0x00,
    0x0d, 0xfa, 0x7f, 0xf0, 0x0f, 0xf9, 0x00, 0x12,
    0x00, 0x0f, 0xf9, 0x4f, 0xf3, 0x0b, 0xff, 0x76,
    0xcf, 0x90, 0x3f, 0xf6, 0x0f, 0xfa, 0x02, 0xef,
    0xff, 0xff, 0x70, 0xaf, 0xf1, 0x08, 0xff, 0x60,
    0x2a, 0xef, 0xc6, 0x05, 0xff, 0x90, 0x00, 0xdf,
    0xf8, 0x00, 0x00, 0x00, 0x7f, 0xfd, 0x10, 0x00,
    0x2d, 0xff, 0xe9, 0x76, 0x9e, 0xff, 0xe2, 0x00,
    0x00, 0x01, 0xaf, 0xff, 0xff, 0xff, 0xfb, 0x10,
    0x00, 0x00, 0x00, 0x03, 0x9d, 0xff, 0xd9, 0x40,
    0x00, 0x00,

    /* U+00AA "ª" */
    0x00, 0x00, 0x35, 0x52, 0x00, 0x00, 0x1a, 0xff,
    0xff, 0xfb, 0x10, 0x00, 0xef, 0xff, 0xff, 0xfb,
    0x00, 0x05, 0x62, 0x03, 0xef, 0xf2, 0x00, 0x00,
    0x22, 0x07, 0xff, 0x40, 0x06, 0xef, 0xfe, 0xdf,
    0xf5, 0x07, 0xff, 0xff, 0xff, 0xff, 0x50, 0xff,
    0xe3, 0x03, 0xff, 0xf5, 0x0f, 0xfa, 0x00, 0x08,
    0xff, 0x50, 0xef, 0xf7, 0x36, 0xff, 0xf5, 0x05,
    0xff, 0xff, 0xff, 0xff, 0x50, 0x04, 0xbf, 0xfb,
    0x2a, 0xb3,

    /* U+00AB "«" */
    0x00, 0x00, 0xdf, 0xfb, 0x00, 0x7f, 0xff, 0x30,
    0x00, 0x9f, 0xfe, 0x10, 0x3f, 0xff, 0x70, 0x00,
    0x4f, 0xff, 0x50, 0x0d, 0xff, 0xb0, 0x00, 0x1e,
    0xff, 0x90, 0x09, 0xff, 0xe1, 0x00, 0x0b, 0xff,
    0xd0, 0x04, 0xff, 0xf5, 0x00, 0x06, 0xff, 0xf3,
    0x01, 0xef, 0xfa, 0x00, 0x00, 0x8f, 0xff, 0x20,
    0x2f, 0xff, 0x80, 0x00, 0x00, 0xcf, 0xfc, 0x00,
    0x6f, 0xff, 0x30, 0x00, 0x02, 0xff, 0xf8, 0x00,
    0xaf, 0xfd, 0x00, 0x00, 0x06, 0xff, 0xf3, 0x01,
    0xef, 0xfa, 0x00, 0x00, 0x0a, 0xff, 0xd0, 0x04,
    0xff, 0xf5, 0x00, 0x00, 0x1e, 0xff, 0xa0, 0x08,
    0xff, 0xe1, 0x00, 0x00, 0x11, 0x11, 0x00, 0x01,
    0x11, 0x00,

    /* U+00AC "¬" */
    0x34, 0x44, 0x44, 0x44, 0x44, 0x48, 0x88, 0x0f,
    0xff, 0xff, 0xff, 0xff, 0xff, 0xff, 0xf2, 0xff,
    0xff, 0xff, 0xff, 0xff, 0xff, 0xff, 0x2f, 0xff,
    0xff, 0xff, 0xff, 0xff, 0xff, 0xf2, 0x00, 0x00,
    0x00, 0x00, 0x00, 0x2f, 0xff, 0x10, 0x00, 0x00,
    0x00, 0x00, 0x02, 0xff, 0xf1, 0x00, 0x00, 0x00,
    0x00, 0x00, 0x2f, 0xff, 0x10, 0x00, 0x00, 0x00,
    0x00, 0x02, 0xff, 0xf1, 0x00, 0x00, 0x00, 0x00,
    0x00, 0x2f, 0xff, 0x10,

    /* U+00AE "®" */
    0x00, 0x00, 0x00, 0x03, 0x55, 0x30, 0x00, 0x00,
    0x00, 0x00, 0x00, 0x19, 0xff, 0xff, 0xff, 0xa1,
    0x00, 0x00, 0x00, 0x05, 0xff, 0xff, 0xff, 0xff,
    0xff, 0x50, 0x00, 0x00, 0x5f, 0xff, 0x93, 0x10,
    0x38, 0xff, 0xf6, 0x00, 0x02, 0xff, 0xd2, 0x11,
    0x10, 0x00, 0x2d, 0xff, 0x30, 0x0a, 0xff, 0x21,
    0xff, 0xff, 0xd5, 0x02, 0xff, 0xc0, 0x1f, 0xf8,
    0x01, 0xff, 0xff, 0xff, 0x40, 0x7f, 0xf2, 0x6f,
    0xf1, 0x01, 0xff, 0x21, 0xcf, 0xa0, 0x1f, 0xf7,
    0x8f, 0xf0, 0x01, 0xff, 0x20, 0xaf, 0xa0, 0x0e,
    0xf9, 0x9f, 0xe0, 0x01, 0xff, 0xfe, 0xff, 0x60,
    0x0d, 0xfa, 0x7f, 0xf0, 0x01, 0xff, 0xff, 0xf9,
    0x00, 0x0f, 0xf9, 0x4f, 0xf3, 0x01, 0xff, 0x6f,
    0xf9, 0x00, 0x3f, 0xf6, 0x0f, 0xfa, 0x01, 0xff,
    0x25, 0xff, 0x20, 0xaf, 0xf1, 0x07, 0xff, 0x60,
    0x77, 0x00, 0x67, 0x35, 0xff, 0x90, 0x00, 0xdf,
    0xf8, 0x00, 0x00, 0x00, 0x7f, 0xfd, 0x10, 0x00,
    0x2d, 0xff, 0xe9, 0x66, 0x9e, 0xff, 0xe2, 0x00,
    0x00, 0x01, 0xaf, 0xff, 0xff, 0xff, 0xfb, 0x10,
    0x00, 0x00, 0x00, 0x03, 0x9d, 0xff, 0xd9, 0x40,
    0x00, 0x00,

    /* U+00AF "¯" */
    0x09, 0x99, 0x99, 0x99, 0x93, 0x0f, 0xff, 0xff,
    0xff, 0xf6, 0x0f, 0xff, 0xff, 0xff, 0xf6,

    /* U+00B0 "°" */
    0x00, 0x04, 0xbe, 0xfc, 0x60, 0x00, 0x00, 0x9f,
    0xff, 0xff, 0xfb, 0x00, 0x06, 0xff, 0xfd, 0xcf,
    0xff, 0x90, 0x0e, 0xff, 0x50, 0x03, 0xff, 0xf1,
    0x1f, 0xfc, 0x00, 0x00, 0xaf, 0xf4, 0x1f, 0xfc,
    0x00, 0x00, 0xaf, 0xf4, 0x0e, 0xff, 0x40, 0x02,
    0xff, 0xf1, 0x07, 0xff, 0xfc, 0xbf, 0xff, 0xa0,
    0x00, 0x9f, 0xff, 0xff, 0xfc, 0x00, 0x00, 0x05,
    0xbe, 0xfc, 0x60, 0x00,

    /* U+00B1 "±" */
    0x00, 0x00, 0x00, 0xcf, 0xf7, 0x00, 0x00, 0x00,
    0x00, 0x00, 0x00, 0xcf, 0xf7, 0x00, 0x00, 0x00,
    0x00, 0x00, 0x00, 0xcf, 0xf7, 0x00, 0x00, 0x00,
    0x00, 0x00, 0x00, 0xcf, 0xf7, 0x00, 0x00, 0x00,
    0x00, 0x00, 0x00, 0xcf, 0xf7, 0x00, 0x00, 0x00,
    0x1f, 0xff, 0xff, 0xff, 0xff, 0xff, 0xff, 0xf3,
    0x1f, 0xff, 0xff, 0xff, 0xff, 0xff, 0xff, 0xf3,
    0x1f, 0xff, 0xff, 0xff, 0xff, 0xff, 0xff, 0xf3,
    0x04, 0x44, 0x44, 0xff, 0xfb, 0x44, 0x44, 0x40,
    0x00, 0x00, 0x00, 0xcf, 0xf7, 0x00, 0x00, 0x00,
    0x00, 0x00, 0x00, 0xcf, 0xf7, 0x00, 0x00, 0x00,
    0x00, 0x00, 0x00, 0xcf, 0xf7, 0x00, 0x00, 0x00,
    0x00, 0x00, 0x00, 0xcf, 0xf7, 0x00, 0x00, 0x00,
    0x00, 0x00, 0x00, 0x34, 0x41, 0x00, 0x00, 0x00,
    0x00, 0x00, 0x00, 0x00, 0x00, 0x00, 0x00, 0x00,
    0x04, 0x44, 0x44, 0x44, 0x44, 0x44, 0x44, 0x40,
    0x1f, 0xff, 0xff, 0xff, 0xff, 0xff, 0xff, 0xf3,
    0x1f, 0xff, 0xff, 0xff, 0xff, 0xff, 0xff, 0xf3,
    0x1f, 0xff, 0xff, 0xff, 0xff, 0xff, 0xff, 0xf3,

    /* U+00B2 "²" */
    0x00, 0x3a, 0xef, 0xd6, 0x00, 0x04, 0xff, 0xff,
    0xff, 0x90, 0x0e, 0xff, 0xdb, 0xff, 0xf2, 0x02,
    0xc7, 0x00, 0x9f, 0xf5, 0x00, 0x00, 0x00, 0xbf,
    0xf2, 0x00, 0x00, 0x06, 0xff, 0xb0, 0x00, 0x00,
    0x5f, 0xfd, 0x10, 0x00, 0x06, 0xff, 0xe2, 0x00,
    0x00, 0x6f, 0xfe, 0x20, 0x00, 0x06, 0xff, 0xff,
    0xcc, 0xc6, 0x0f, 0xff, 0xff, 0xff, 0xf8, 0x1f,
    0xff, 0xff, 0xff, 0xf8,

    /* U+00B3 "³" */
    0x00, 0x7d, 0xfe, 0xb3, 0x00, 0x1c, 0xff, 0xff,
    0xff, 0x40, 0x4f, 0xfd, 0xad, 0xff, 0xb0, 0x04,
    0x70, 0x00, 0xff, 0xc0, 0x00, 0x03, 0x3b, 0xff,
    0x60, 0x00, 0x0f, 0xff, 0xff, 0x10, 0x00, 0x0f,
    0xff, 0xff, 0xe0, 0x00, 0x00, 0x02, 0xcf, 0xf6,
    0x02, 0xa1, 0x00, 0x9f, 0xf6, 0x2e, 0xfe, 0xbc,
    0xff, 0xf2, 0x0c, 0xff, 0xff, 0xff, 0x70, 0x00,
    0x7c, 0xff, 0xb4, 0x00,

    /* U+00B4 "´" */
    0x00, 0x00, 0x52, 0x00, 0x00, 0x7f, 0xe2, 0x00,
    0x8f, 0xfe, 0x30, 0x9f, 0xfe, 0x20, 0x8f, 0xfd,
    0x10, 0x01, 0xdc, 0x10, 0x00, 0x01, 0x00, 0x00,
    0x00,

    /* U+00B5 "µ" */
    0x5f, 0xff, 0x20, 0x00, 0x00, 0xbf, 0xfc, 0x5f,
    0xff, 0x20, 0x00, 0x00, 0xbf, 0xfc, 0x5f, 0xff,
    0x20, 0x00, 0x00, 0xbf, 0xfc, 0x5f, 0xff, 0x20,
    0x00, 0x00, 0xbf, 0xfc, 0x5f, 0xff, 0x20, 0x00,
    0x00, 0xbf, 0xfc, 0x5f, 0xff, 0x20, 0x00, 0x00,
    0xbf, 0xfc, 0x5f, 0xff, 0x20, 0x00, 0x00, 0xbf,
    0xfc, 0x5f, 0xff, 0x30, 0x00, 0x00, 0xbf, 0xfc,
    0xaf, 0xff, 0x40, 0x00, 0x00, 0xbf, 0xfc, 0xaf,
    0xff, 0x40, 0x00, 0x00, 0xff, 0xfc, 0x9f, 0xff,
    0x80, 0x00, 0x1a, 0xff, 0xfc, 0x7f, 0xff, 0xf9,
    0x79, 0xff, 0xff, 0xfc, 0x5f, 0xff, 0xff, 0xff,
    0xff, 0xff, 0xfc, 0x5f, 0xff, 0xff, 0xff, 0xfc,
    0x6f, 0xfc, 0x5f, 0xff, 0xff, 0xeb, 0x50, 0x0f,
    0xfc, 0x5f, 0xff, 0x20, 0x00, 0x00, 0x00, 0x00,
    0x5f, 0xff, 0x20, 0x00, 0x00, 0x00, 0x00, 0x5f,
    0xff, 0x20, 0x00, 0x00, 0x00, 0x00, 0x5f, 0xff,
    0x20, 0x00, 0x00, 0x00, 0x00, 0x5f, 0xff, 0x20,
    0x00, 0x00, 0x00, 0x00, 0x5f, 0xff, 0x20, 0x00,
    0x00, 0x00, 0x00,

    /* U+00B6 "¶" */
    0x00, 0x00, 0x05, 0xbd, 0xff, 0xff, 0xff, 0xff,
    0xff, 0xb0, 0x00, 0x3d, 0xff, 0xff, 0xff, 0xff,
    0xff, 0xff, 0xfb, 0x00, 0x4f, 0xff, 0xff, 0xff,
    0xff, 0xff, 0xff, 0xfa, 0x20, 0x2f, 0xff, 0xff,
    0xff, 0x95, 0x55, 0xff, 0xf9, 0x00, 0x0a, 0xff,
    0xff, 0xff, 0xf4, 0x00, 0x0f, 0xff, 0x70, 0x00,
    0xff, 0xff, 0xff, 0xff, 0x40, 0x00, 0xff, 0xf7,
    0x00, 0x4f, 0xff, 0xff, 0xff, 0xf4, 0x00, 0x0f,
    0xff, 0x70, 0x05, 0xff, 0xff, 0xff, 0xff, 0x40,
    0x00, 0xff, 0xf7, 0x00, 0x5f, 0xff, 0xff, 0xff,
    0xf4, 0x00, 0x0f, 0xff, 0x70, 0x04, 0xff, 0xff,
    0xff, 0xff, 0x40, 0x00, 0xff, 0xf7, 0x00, 0x1f,
    0xff, 0xff, 0xff, 0xf4, 0x00, 0x0f, 0xff, 0x70,
    0x00, 0xaf, 0xff, 0xff, 0xff, 0x40, 0x00, 0xff,
    0xf7, 0x00, 0x03, 0xff, 0xff, 0xff, 0xf4, 0x00,
    0x0f, 0xff, 0x70, 0x00, 0x06, 0xff, 0xff, 0xff,
    0x40, 0x00, 0xff, 0xf7, 0x00, 0x00, 0x06, 0xff,
    0xff, 0xf4, 0x00, 0x0f, 0xff, 0x70, 0x00, 0x00,
    0x02, 0x9d, 0xff, 0x40, 0x00, 0xff, 0xf7, 0x00,
    0x00, 0x00, 0x00, 0x00, 0x00, 0x00, 0x0f, 0xff,
    0x70, 0x00, 0x00, 0x00, 0x00, 0x00, 0x00, 0x00,
    0xff, 0xf7, 0x00, 0x00, 0x00, 0x00, 0x00, 0x00,
    0x00, 0x0f, 0xff, 0x60, 0x00, 0x00, 0x00, 0x10,
    0x00, 0x00, 0x02, 0xff, 0xf5, 0x00, 0x00, 0x02,
    0xbe, 0x00, 0x00, 0x00, 0x5f, 0xff, 0x30, 0x00,
    0x01, 0xff, 0xfa, 0x00, 0x00, 0x0d, 0xff, 0xf0,
    0x00, 0x00, 0x08, 0xff, 0xfc, 0x53, 0x6d, 0xff,
    0xf9, 0x00, 0x00, 0x00, 0x0c, 0xff, 0xff, 0xff,
    0xff, 0xfe, 0x10, 0x00, 0x00, 0x00, 0x1b, 0xff,
    0xff, 0xff, 0xfe, 0x20, 0x00, 0x00, 0x00, 0x00,
    0x04, 0xae, 0xfe, 0xc6, 0x00, 0x00, 0x00,

    /* U+00B7 "·" */
    0x00, 0x22, 0x00, 0x09, 0xff, 0xb0, 0x5f, 0xff,
    0xf8, 0x7f, 0xff, 0xfa, 0x3f, 0xff, 0xf6, 0x05,
    0xef, 0x80,

    /* U+00B8 "¸" */
    0x00, 0x5f, 0xb0, 0x00, 0x00, 0x9f, 0xfb, 0x30,
    0x00, 0x8b, 0xdf, 0xf1, 0x02, 0x10, 0x0e, 0xf3,
    0x0c, 0xfe, 0xff, 0xe0, 0x06, 0xce, 0xfb, 0x30,

    /* U+00B9 "¹" */
    0x00, 0x04, 0xff, 0x00, 0x27, 0xff, 0xf0, 0xbf,
    0xff, 0xff, 0x0b, 0xff, 0xff, 0xf0, 0x79, 0x5e,
    0xff, 0x00, 0x00, 0xef, 0xf0, 0x00, 0x0e, 0xff,
    0x00, 0x00, 0xef, 0xf0, 0x00, 0x0e, 0xff, 0x00,
    0x00, 0xef, 0xf0, 0x00, 0x0e, 0xff, 0x00, 0x00,
    0xef, 0xf0,

    /* U+00BA "º" */
    0x00, 0x00, 0x5a, 0xba, 0x71, 0x00, 0x00, 0x02,
    0xdf, 0xff, 0xff, 0xf5, 0x00, 0x01, 0xef, 0xff,
    0xff, 0xff, 0xf4, 0x00, 0x9f, 0xfe, 0x40, 0x3c,
    0xff, 0xd0, 0x0e, 0xff, 0x50, 0x00, 0x1f, 0xff,
    0x20, 0xff, 0xf0, 0x00, 0x00, 0xcf, 0xf5, 0x1f,
    0xff, 0x00, 0x00, 0x0b, 0xff, 0x50, 0xff, 0xf3,
    0x00, 0x00, 0xef, 0xf3, 0x0a, 0xff, 0xc1, 0x00,
    0x9f, 0xfe, 0x00, 0x3f, 0xff, 0xfc, 0xef, 0xff,
    0x60, 0x00, 0x5f, 0xff, 0xff, 0xff, 0x90, 0x00,
    0x00, 0x29, 0xef, 0xeb, 0x40, 0x00,

    /* U+00BB "»" */
    0x0a, 0xff, 0xe1, 0x04, 0xff, 0xf5, 0x00, 0x00,
    0x01, 0xef, 0xfa, 0x00, 0x8f, 0xff, 0x20, 0x00,
    0x00, 0x4f, 0xff, 0x50, 0x0c, 0xff, 0xc0, 0x00,
    0x00, 0x08, 0xff, 0xf2, 0x02, 0xff, 0xf8, 0x00,
    0x00, 0x00, 0xdf, 0xfc, 0x00, 0x6f, 0xff, 0x30,
    0x00, 0x00, 0x2f, 0xff, 0x80, 0x0b, 0xff, 0xd0,
    0x00, 0x00, 0x1e, 0xff, 0x90, 0x09, 0xff, 0xe1,
    0x00, 0x00, 0xbf, 0xfd, 0x00, 0x4f, 0xff, 0x50,
    0x00, 0x06, 0xff, 0xf3, 0x01, 0xef, 0xf9, 0x00,
    0x00, 0x2f, 0xff, 0x70, 0x0b, 0xff, 0xd0, 0x00,
    0x00, 0xdf, 0xfc, 0x00, 0x6f, 0xff, 0x30, 0x00,
    0x08, 0xff, 0xe1, 0x02, 0xff, 0xf7, 0x00, 0x00,
    0x01, 0x11, 0x10, 0x00, 0x11, 0x10, 0x00, 0x00,

    /* U+00BC "¼" */
    0x00, 0x00, 0x00, 0x00, 0x00, 0x00, 0x00, 0x00,
    0x35, 0x00, 0x00, 0x00, 0x00, 0x00, 0x4f, 0xf0,
    0x00, 0x00, 0x00, 0x00, 0x0d, 0xfb, 0x00, 0x00,
    0x00, 0x02, 0x7f, 0xff, 0x00, 0x00, 0x00, 0x00,
    0x08, 0xff, 0x90, 0x00, 0x00, 0x0b, 0xff, 0xff,
    0xf0, 0x00, 0x00, 0x00, 0x03, 0xff, 0xd0, 0x00,
    0x00, 0x00, 0xbf, 0xff, 0xff, 0x00, 0x00, 0x00,
    0x00, 0xdf, 0xf3, 0x00, 0x00, 0x00, 0x07, 0xa6,
    0xef, 0xf0, 0x00, 0x00, 0x00, 0x9f, 0xf8, 0x00,
    0x00, 0x00, 0x00, 0x00, 0x0e, 0xff, 0x00, 0x00,
    0x00, 0x4f, 0xfd, 0x00, 0x00, 0x00, 0x00, 0x00,
    0x00, 0xef, 0xf0, 0x00, 0x00, 0x0d, 0xff, 0x30,
    0x00, 0x00, 0x00, 0x00, 0x00, 0x0e, 0xff, 0x00,
    0x00, 0x09, 0xff, 0x80, 0x00, 0x00, 0x00, 0x00,
    0x00, 0x00, 0xef, 0xf0, 0x00, 0x04, 0xff, 0xd0,
    0x00, 0x68, 0x81, 0x00, 0x00, 0x00, 0x0e, 0xff,
    0x00, 0x00, 0xef, 0xf2, 0x00, 0x0e, 0xfd, 0x00,
    0x00, 0x00, 0x00, 0xef, 0xf0, 0x00, 0x9f, 0xf7,
    0x00, 0x04, 0xff, 0x80, 0x00, 0x00, 0x00, 0x0e,
    0xff, 0x00, 0x4f, 0xfc, 0x00, 0x00, 0xaf, 0xf3,
    0x00, 0x00, 0x00, 0x00, 0x11, 0x10, 0x1e, 0xff,
    0x20, 0x00, 0x0f, 0xfd, 0x00, 0xde, 0x30, 0x00,
    0x00, 0x00, 0x0a, 0xff, 0x70, 0x00, 0x05, 0xff,
    0x80, 0x2f, 0xf4, 0x00, 0x00, 0x00, 0x05, 0xff,
    0xc0, 0x00, 0x00, 0xaf, 0xf2, 0x06, 0xff, 0x40,
    0x00, 0x00, 0x01, 0xef, 0xf2, 0x00, 0x00, 0x0f,
    0xff, 0xbb, 0xff, 0xff, 0xa0, 0x00, 0x00, 0xaf,
    0xf6, 0x00, 0x00, 0x05, 0xff, 0xff, 0xff, 0xff,
    0xfe, 0x00, 0x00, 0x5f, 0xfb, 0x00, 0x00, 0x00,
    0x6f, 0xff, 0xff, 0xff, 0xff, 0xe0, 0x00, 0x1e,
    0xff, 0x10, 0x00, 0x00, 0x00, 0x00, 0x00, 0x09,
    0xff, 0x40, 0x00, 0x0b, 0xff, 0x60, 0x00, 0x00,
    0x00, 0x00, 0x00, 0x00, 0x9f, 0xf4, 0x00, 0x02,
    0xff, 0xb0, 0x00, 0x00, 0x00, 0x00, 0x00, 0x00,
    0x04, 0x88, 0x20, 0x00, 0x02, 0xa1, 0x00, 0x00,
    0x00, 0x00, 0x00, 0x00, 0x00, 0x00, 0x00, 0x00,

    /* U+00BD "½" */
    0x00, 0x00, 0x11, 0x00, 0x00, 0x00, 0x00, 0x00,
    0x47, 0x00, 0x00, 0x00, 0x00, 0x00, 0x8f, 0xf0,
    0x00, 0x00, 0x00, 0x00, 0x1e, 0xfd, 0x00, 0x00,
    0x00, 0x8d, 0xff, 0xff, 0x00, 0x00, 0x00, 0x00,
    0x0a, 0xff, 0x50, 0x00, 0x00, 0x0b, 0xff, 0xff,
    0xf0, 0x00, 0x00, 0x00, 0x05, 0xff, 0xa0, 0x00,
    0x00, 0x00, 0xae, 0xaf, 0xff, 0x00, 0x00, 0x00,
    0x01, 0xef, 0xe1, 0x00, 0x00, 0x00, 0x00, 0x00,
    0xef, 0xf0, 0x00, 0x00, 0x00, 0xbf, 0xf4, 0x00,
    0x00, 0x00, 0x00, 0x00, 0x0e, 0xff, 0x00, 0x00,
    0x00, 0x6f, 0xf9, 0x00, 0x00, 0x00, 0x00, 0x00,
    0x00, 0xef, 0xf0, 0x00, 0x00, 0x2f, 0xfe, 0x00,
    0x00, 0x00, 0x00, 0x00, 0x00, 0x0e, 0xff, 0x00,
    0x00, 0x0c, 0xff, 0x40, 0x01, 0x79, 0x95, 0x00,
    0x00, 0x00, 0xef, 0xf0, 0x00, 0x07, 0xff, 0x90,
    0x05, 0xff, 0xff, 0xfc, 0x00, 0x00, 0x0e, 0xff,
    0x00, 0x02, 0xff, 0xd0, 0x04, 0xff, 0xff, 0xff,
    0xf8, 0x00, 0x00, 0xef, 0xf0, 0x00, 0xdf, 0xf3,
    0x00, 0x2e, 0xfb, 0x13, 0xff, 0xe0, 0x00, 0x0e,
    0xff, 0x00, 0x8f, 0xf8, 0x00, 0x00, 0x2c, 0x00,
    0x0f, 0xfe, 0x00, 0x00, 0x00, 0x00, 0x3f, 0xfd,
    0x00, 0x00, 0x00, 0x00, 0x06, 0xff, 0xa0, 0x00,
    0x00, 0x00, 0x0d, 0xff, 0x20, 0x00, 0x00, 0x00,
    0x03, 0xff, 0xf2, 0x00, 0x00, 0x00, 0x09, 0xff,
    0x70, 0x00, 0x00, 0x00, 0x02, 0xef, 0xf5, 0x00,
    0x00, 0x00, 0x04, 0xff, 0xc0, 0x00, 0x00, 0x00,
    0x01, 0xdf, 0xf8, 0x00, 0x00, 0x00, 0x01, 0xef,
    0xf2, 0x00, 0x00, 0x00, 0x01, 0xdf, 0xf9, 0x00,
    0x00, 0x00, 0x00, 0xaf, 0xf6, 0x00, 0x00, 0x00,
    0x01, 0xcf, 0xff, 0xcc, 0xcc, 0x10, 0x00, 0x5f,
    0xfb, 0x00, 0x00, 0x00, 0x00, 0x7f, 0xff, 0xff,
    0xff, 0xf2, 0x00, 0x1e, 0xff, 0x10, 0x00, 0x00,
    0x00, 0x07, 0xff, 0xff, 0xff, 0xff, 0x20, 0x00,
    0x9f, 0x50, 0x00, 0x00, 0x00, 0x00, 0x00, 0x00,
    0x00, 0x00, 0x00, 0x00, 0x00, 0x20, 0x00, 0x00,
    0x00, 0x00, 0x00, 0x00, 0x00, 0x00, 0x00, 0x00,

    /* U+00BE "¾" */
    0x00, 0x00, 0x00, 0x00, 0x00, 0x00, 0x00, 0x00,
    0x00, 0x02, 0x00, 0x00, 0x00, 0x00, 0x00, 0x7d,
    0xfe, 0xb3, 0x00, 0x00, 0x00, 0x00, 0x00, 0x0e,
    0xe5, 0x00, 0x00, 0x00, 0x1c, 0xff, 0xff, 0xff,
    0x40, 0x00, 0x00, 0x00, 0x00, 0xaf, 0xf7, 0x00,
    0x00, 0x00, 0x4f, 0xfe, 0xad, 0xff, 0xb0, 0x00,
    0x00, 0x00, 0x04, 0xff, 0xc0, 0x00, 0x00, 0x00,
    0x05, 0x90, 0x00, 0xff, 0xc0, 0x00, 0x00, 0x00,
    0x1e, 0xff, 0x20, 0x00, 0x00, 0x00, 0x00, 0x00,
    0x06, 0xff, 0x80, 0x00, 0x00, 0x00, 0xaf, 0xf6,
    0x00, 0x00, 0x00, 0x00, 0x00, 0x0f, 0xff, 0xff,
    0x00, 0x00, 0x00, 0x05, 0xff, 0xb0, 0x00, 0x00,
    0x00, 0x00, 0x00, 0x0f, 0xff, 0xff, 0xb0, 0x00,
    0x00, 0x1e, 0xfe, 0x10, 0x00, 0x00, 0x00, 0x00,
    0x00, 0x03, 0x36, 0xef, 0xf4, 0x00, 0x00, 0xbf,
    0xf5, 0x00, 0x00, 0x00, 0x00, 0x00, 0x00, 0x30,
    0x00, 0x8f, 0xf7, 0x00, 0x06, 0xff, 0xa0, 0x00,
    0x78, 0x70, 0x00, 0x00, 0x08, 0xf6, 0x01, 0xcf,
    0xf4, 0x00, 0x2f, 0xfe, 0x10, 0x03, 0xff, 0xa0,
    0x00, 0x00, 0x2f, 0xff, 0xff, 0xff, 0xd0, 0x00,
    0xcf, 0xf4, 0x00, 0x08, 0xff, 0x40, 0x00, 0x00,
    0x06, 0xff, 0xff, 0xfd, 0x20, 0x07, 0xff, 0xa0,
    0x00, 0x0d, 0xfe, 0x00, 0x00, 0x00, 0x00, 0x17,
    0x99, 0x50, 0x00, 0x2f, 0xfe, 0x00, 0x00, 0x3f,
    0xf9, 0x01, 0xaa, 0x00, 0x00, 0x00, 0x00, 0x00,
    0x00, 0xcf, 0xf4, 0x00, 0x00, 0x8f, 0xf4, 0x05,
    0xff, 0x00, 0x00, 0x00, 0x00, 0x00, 0x08, 0xff,
    0x90, 0x00, 0x00, 0xef, 0xe0, 0x09, 0xff, 0x00,
    0x00, 0x00, 0x00, 0x00, 0x3f, 0xfd, 0x00, 0x00,
    0x03, 0xff, 0xfb, 0xbf, 0xff, 0xc7, 0x00, 0x00,
    0x00, 0x00, 0xdf, 0xf3, 0x00, 0x00, 0x08, 0xff,
    0xff, 0xff, 0xff, 0xfa, 0x00, 0x00, 0x00, 0x08,
    0xff, 0x80, 0x00, 0x00, 0x0a, 0xff, 0xff, 0xff,
    0xff, 0xfa, 0x00, 0x00, 0x00, 0x3f, 0xfd, 0x00,
    0x00, 0x00, 0x00, 0x00, 0x00, 0x0d, 0xff, 0x00,
    0x00, 0x00, 0x00, 0xdf, 0xf2, 0x00, 0x00, 0x00,
    0x00, 0x00, 0x00, 0x0d, 0xff, 0x00, 0x00, 0x00,
    0x05, 0xff, 0x70, 0x00, 0x00, 0x00, 0x00, 0x00,
    0x00, 0x06, 0x88, 0x00, 0x00, 0x00, 0x00, 0x3a,
    0x00, 0x00, 0x00, 0x00, 0x00, 0x00, 0x00, 0x00,
    0x00, 0x00,

    /* U+00BF "¿" */
    0x00, 0x00, 0x03, 0xdf, 0xa0, 0x00, 0x00, 0x00,
    0x00, 0x00, 0xef, 0xff, 0x80, 0x00, 0x00, 0x00,
    0x00, 0x2f, 0xff, 0xfb, 0x00, 0x00, 0x00, 0x00,
    0x00, 0xef, 0xff, 0x80, 0x00, 0x00, 0x00, 0x00,
    0x03, 0xdf, 0xa0, 0x00, 0x00, 0x00, 0x00, 0x00,
    0x00, 0x00, 0x00, 0x00, 0x00, 0x00, 0x00, 0x00,
    0x04, 0x20, 0x00, 0x00, 0x00, 0x00, 0x00, 0x1a,
    0xfc, 0x00, 0x00, 0x00, 0x00, 0x00, 0x4e, 0xff,
    0xf6, 0x00, 0x00, 0x00, 0x00, 0x8f, 0xff, 0xff,
    0x60, 0x00, 0x00, 0x00, 0x9f, 0xff, 0xfb, 0x20,
    0x00, 0x00, 0x00, 0x6f, 0xff, 0xf7, 0x00, 0x00,
    0x00, 0x00, 0x0e, 0xff, 0xf4, 0x00, 0x00, 0x00,
    0x00, 0x05, 0xff, 0xf7, 0x00, 0x00, 0x00, 0x00,
    0x00, 0x9f, 0xff, 0x00, 0x00, 0x00, 0x00, 0x00,
    0x0a, 0xff, 0xf0, 0x00, 0x00, 0x00, 0x00, 0x00,
    0x8f, 0xff, 0x20, 0x00, 0x00, 0x08, 0x90, 0x04,
    0xff, 0xfb, 0x00, 0x00, 0x09, 0xff, 0x70, 0x0e,
    0xff, 0xfd, 0x87, 0x9e, 0xff, 0xfe, 0x00, 0x3f,
    0xff, 0xff, 0xff, 0xff, 0xfe, 0x20, 0x00, 0x4f,
    0xff, 0xff, 0xff, 0xfa, 0x10, 0x00, 0x00, 0x18,
    0xdf, 0xfd, 0x93, 0x00, 0x00,

    /* U+00C0 "À" */
    0x00, 0x00, 0x00, 0x00, 0x00, 0x00, 0x00, 0x00,
    0x00, 0x00, 0x00, 0x00, 0x00, 0x6a, 0x00, 0x00,
    0x00, 0x00, 0x00, 0x00, 0x00, 0x00, 0x04, 0xff,
    0xc0, 0x00, 0x00, 0x00, 0x00, 0x00, 0x00, 0x00,
    0x00, 0xbf, 0xfc, 0x10, 0x00, 0x00, 0x00, 0x00,
    0x00, 0x00, 0x00, 0x0a, 0xff, 0xd2, 0x00, 0x00,
    0x00, 0x00, 0x00, 0x00, 0x00, 0x00, 0x8f, 0xf7,
    0x00, 0x00, 0x00, 0x00, 0x00, 0x00, 0x00, 0x00,
    0x07, 0x90, 0x00, 0x00, 0x00, 0x00, 0x00, 0x00,
    0x00, 0x00, 0x00, 0x00, 0x00, 0x00, 0x00, 0x00,
    0x00, 0x00, 0x00, 0x00, 0x00, 0x00, 0x00, 0x00,
    0x00, 0x00, 0x00, 0x00, 0x00, 0x06, 0xff, 0xff,
    0x40, 0x00, 0x00, 0x00, 0x00, 0x00, 0x00, 0x0c,
    0xff, 0xff, 0xa0, 0x00, 0x00, 0x00, 0x00, 0x00,
    0x00, 0x2f, 0xff, 0xff, 0xf0, 0x00, 0x00, 0x00,
    0x00, 0x00, 0x00, 0x8f, 0xff, 0xff, 0xf6, 0x00,
    0x00, 0x00, 0x00, 0x00, 0x00, 0xdf, 0xf9, 0xaf,
    0xfb, 0x00, 0x00, 0x00, 0x00, 0x00, 0x03, 0xff,
    0xf3, 0x5f, 0xff, 0x10, 0x00, 0x00, 0x00, 0x00,
    0x09, 0xff, 0xd0, 0x0f, 0xff, 0x70, 0x00, 0x00,
    0x00, 0x00, 0x0e, 0xff, 0x70, 0x0a, 0xff, 0xd0,
    0x00, 0x00, 0x00, 0x00, 0x5f, 0xff, 0x20, 0x04,
    0xff, 0xf2, 0x00, 0x00, 0x00, 0x00, 0xaf, 0xfc,
    0x00, 0x00, 0xef, 0xf8, 0x00, 0x00, 0x00, 0x01,
    0xff, 0xf6, 0x00, 0x00, 0x9f, 0xfe, 0x00, 0x00,
    0x00, 0x06, 0xff, 0xf1, 0x00, 0x00, 0x3f, 0xff,
    0x30, 0x00, 0x00, 0x0c, 0xff, 0xff, 0xff, 0xff,
    0xff, 0xff, 0x90, 0x00, 0x00, 0x2f, 0xff, 0xff,
    0xff, 0xff, 0xff, 0xff, 0xe0, 0x00, 0x00, 0x7f,
    0xff, 0xff, 0xff, 0xff, 0xff, 0xff, 0xf5, 0x00,
    0x00, 0xdf, 0xfe, 0x44, 0x44, 0x44, 0x44, 0xff,
    0xfa, 0x00, 0x03, 0xff, 0xf4, 0x00, 0x00, 0x00,
    0x00, 0x7f, 0xff, 0x10, 0x09, 0xff, 0xe0, 0x00,
    0x00, 0x00, 0x00, 0x2f, 0xff, 0x60, 0x0e, 0xff,
    0x80, 0x00, 0x00, 0x00, 0x00, 0x0c, 0xff, 0xc0,
    0x4f, 0xff, 0x30, 0x00, 0x00, 0x00, 0x00, 0x06,
    0xff, 0xf1,

    /* U+00C1 "Á" */
    0x00, 0x00, 0x00, 0x00, 0x00, 0x00, 0x00, 0x00,
    0x00, 0x00, 0x00, 0x00, 0x00, 0x00, 0x00, 0x01,
    0xc3, 0x00, 0x00, 0x00, 0x00, 0x00, 0x00, 0x00,
    0x00, 0x2d, 0xff, 0x20, 0x00, 0x00, 0x00, 0x00,
    0x00, 0x00, 0x03, 0xef, 0xf8, 0x00, 0x00, 0x00,
    0x00, 0x00, 0x00, 0x00, 0x3f, 0xff, 0x70, 0x00,
    0x00, 0x00, 0x00, 0x00, 0x00, 0x00, 0xaf, 0xf6,
    0x00, 0x00, 0x00, 0x00, 0x00, 0x00, 0x00, 0x00,
    0x0b, 0x50, 0x00, 0x00, 0x00, 0x00, 0x00, 0x00,
    0x00, 0x00, 0x00, 0x00, 0x00, 0x00, 0x00, 0x00,
    0x00, 0x00, 0x00, 0x00, 0x00, 0x00, 0x00, 0x00,
    0x00, 0x00, 0x00, 0x00, 0x00, 0x06, 0xff, 0xff,
    0x40, 0x00, 0x00, 0x00, 0x00, 0x00, 0x00, 0x0c,
    0xff, 0xff, 0xa0, 0x00, 0x00, 0x00, 0x00, 0x00,
    0x00, 0x2f, 0xff, 0xff, 0xf0, 0x00, 0x00, 0x00,
    0x00, 0x00, 0x00, 0x8f, 0xff, 0xff, 0xf6, 0x00,
    0x00, 0x00, 0x00, 0x00, 0x00, 0xdf, 0xf9, 0xaf,
    0xfb, 0x00, 0x00, 0x00, 0x00, 0x00, 0x03, 0xff,
    0xf3, 0x5f, 0xff, 0x10, 0x00, 0x00, 0x00, 0x00,
    0x09, 0xff, 0xd0, 0x0f, 0xff, 0x70, 0x00, 0x00,
    0x00, 0x00, 0x0e, 0xff, 0x70, 0x0a, 0xff, 0xd0,
    0x00, 0x00, 0x00, 0x00, 0x5f, 0xff, 0x20, 0x04,
    0xff, 0xf2, 0x00, 0x00, 0x00, 0x00, 0xaf, 0xfc,
    0x00, 0x00, 0xef, 0xf8, 0x00, 0x00, 0x00, 0x01,
    0xff, 0xf6, 0x00, 0x00, 0x9f, 0xfe, 0x00, 0x00,
    0x00, 0x06, 0xff, 0xf1, 0x00, 0x00, 0x3f, 0xff,
    0x30, 0x00, 0x00, 0x0c, 0xff, 0xff, 0xff, 0xff,
    0xff, 0xff, 0x90, 0x00, 0x00, 0x2f, 0xff, 0xff,
    0xff, 0xff, 0xff, 0xff, 0xe0, 0x00, 0x00, 0x7f,
    0xff, 0xff, 0xff, 0xff, 0xff, 0xff, 0xf5, 0x00,
    0x00, 0xdf, 0xfe, 0x44, 0x44, 0x44, 0x44, 0xff,
    0xfa, 0x00, 0x03, 0xff, 0xf4, 0x00, 0x00, 0x00,
    0x00, 0x7f, 0xff, 0x10, 0x09, 0xff, 0xe0, 0x00,
    0x00, 0x00, 0x00, 0x2f, 0xff, 0x60, 0x0e, 0xff,
    0x80, 0x00, 0x00, 0x00, 0x00, 0x0c, 0xff, 0xc0,
    0x4f, 0xff, 0x30, 0x00, 0x00, 0x00, 0x00, 0x06,
    0xff, 0xf1,

    /* U+00C2 "Â" */
    0x00, 0x00, 0x00, 0x00, 0x01, 0x00, 0x00, 0x00,
    0x00, 0x00, 0x00, 0x00, 0x00, 0x00, 0x1d, 0xc0,
    0x00, 0x00, 0x00, 0x00, 0x00, 0x00, 0x00, 0x01,
    0xdf, 0xfc, 0x00, 0x00, 0x00, 0x00, 0x00, 0x00,
    0x00, 0x1d, 0xff, 0xff, 0xc1, 0x00, 0x00, 0x00,
    0x00, 0x00, 0x02, 0xef, 0xf6, 0x9f, 0xfc, 0x10,
    0x00, 0x00, 0x00, 0x00, 0x01, 0xdf, 0x60, 0x0a,
    0xfc, 0x00, 0x00, 0x00, 0x00, 0x00, 0x00, 0x16,
    0x00, 0x00, 0x81, 0x00, 0x00, 0x00, 0x00, 0x00,
    0x00, 0x00, 0x00, 0x00, 0x00, 0x00, 0x00, 0x00,
    0x00, 0x00, 0x00, 0x00, 0x00, 0x00, 0x00, 0x00,
    0x00, 0x00, 0x00, 0x00, 0x00, 0x06, 0xff, 0xff,
    0x40, 0x00, 0x00, 0x00, 0x00, 0x00, 0x00, 0x0c,
    0xff, 0xff, 0xa0, 0x00, 0x00, 0x00, 0x00, 0x00,
    0x00, 0x2f, 0xff, 0xff, 0xf0, 0x00, 0x00, 0x00,
    0x00, 0x00, 0x00, 0x8f, 0xff, 0xff, 0xf6, 0x00,
    0x00, 0x00, 0x00, 0x00, 0x00, 0xdf, 0xf9, 0xaf,
    0xfb, 0x00, 0x00, 0x00, 0x00, 0x00, 0x03, 0xff,
    0xf3, 0x5f, 0xff, 0x10, 0x00, 0x00, 0x00, 0x00,
    0x09, 0xff, 0xd0, 0x0f, 0xff, 0x70, 0x00, 0x00,
    0x00, 0x00, 0x0e, 0xff, 0x70, 0x0a, 0xff, 0xd0,
    0x00, 0x00, 0x00, 0x00, 0x5f, 0xff, 0x20, 0x04,
    0xff, 0xf2, 0x00, 0x00, 0x00, 0x00, 0xaf, 0xfc,
    0x00, 0x00, 0xef, 0xf8, 0x00, 0x00, 0x00, 0x01,
    0xff, 0xf6, 0x00, 0x00, 0x9f, 0xfe, 0x00, 0x00,
    0x00, 0x06, 0xff, 0xf1, 0x00, 0x00, 0x3f, 0xff,
    0x30, 0x00, 0x00, 0x0c, 0xff, 0xff, 0xff, 0xff,
    0xff, 0xff, 0x90, 0x00, 0x00, 0x2f, 0xff, 0xff,
    0xff, 0xff, 0xff, 0xff, 0xe0, 0x00, 0x00, 0x7f,
    0xff, 0xff, 0xff, 0xff, 0xff, 0xff, 0xf5, 0x00,
    0x00, 0xdf, 0xfe, 0x44, 0x44, 0x44, 0x44, 0xff,
    0xfa, 0x00, 0x03, 0xff, 0xf4, 0x00, 0x00, 0x00,
    0x00, 0x7f, 0xff, 0x10, 0x09, 0xff, 0xe0, 0x00,
    0x00, 0x00, 0x00, 0x2f, 0xff, 0x60, 0x0e, 0xff,
    0x80, 0x00, 0x00, 0x00, 0x00, 0x0c, 0xff, 0xc0,
    0x4f, 0xff, 0x30, 0x00, 0x00, 0x00, 0x00, 0x06,
    0xff, 0xf1,

    /* U+00C3 "Ã" */
    0x00, 0x00, 0x01, 0x9e, 0xea, 0x20, 0x1c, 0x60,
    0x00, 0x00, 0x00, 0x00, 0x0c, 0xff, 0xff, 0xfb,
    0xdf, 0xf4, 0x00, 0x00, 0x00, 0x00, 0x5f, 0xfd,
    0xbf, 0xff, 0xff, 0xa0, 0x00, 0x00, 0x00, 0x00,
    0x05, 0xa0, 0x02, 0xae, 0xe9, 0x00, 0x00, 0x00,
    0x00, 0x00, 0x00, 0x00, 0x00, 0x00, 0x00, 0x00,
    0x00, 0x00, 0x00, 0x00, 0x00, 0x00, 0x00, 0x00,
    0x00, 0x00, 0x00, 0x00, 0x00, 0x00, 0x00, 0x00,
    0x00, 0x00, 0x00, 0x00, 0x00, 0x00, 0x00, 0x00,
    0x00, 0x06, 0xff, 0xff, 0x40, 0x00, 0x00, 0x00,
    0x00, 0x00, 0x00, 0x0c, 0xff, 0xff, 0xa0, 0x00,
    0x00, 0x00, 0x00, 0x00, 0x00, 0x2f, 0xff, 0xff,
    0xf0, 0x00, 0x00, 0x00, 0x00, 0x00, 0x00, 0x8f,
    0xff, 0xff, 0xf6, 0x00, 0x00, 0x00, 0x00, 0x00,
    0x00, 0xdf, 0xf9, 0xaf, 0xfb, 0x00, 0x00, 0x00,
    0x00, 0x00, 0x03, 0xff, 0xf3, 0x5f, 0xff, 0x10,
    0x00, 0x00, 0x00, 0x00, 0x09, 0xff, 0xd0, 0x0f,
    0xff, 0x70, 0x00, 0x00, 0x00, 0x00, 0x0e, 0xff,
    0x70, 0x0a, 0xff, 0xd0, 0x00, 0x00, 0x00, 0x00,
    0x5f, 0xff, 0x20, 0x04, 0xff, 0xf2, 0x00, 0x00,
    0x00, 0x00, 0xaf, 0xfc, 0x00, 0x00, 0xef, 0xf8,
    0x00, 0x00, 0x00, 0x01, 0xff, 0xf6, 0x00, 0x00,
    0x9f, 0xfe, 0x00, 0x00, 0x00, 0x06, 0xff, 0xf1,
    0x00, 0x00, 0x3f, 0xff, 0x30, 0x00, 0x00, 0x0c,
    0xff, 0xff, 0xff, 0xff, 0xff, 0xff, 0x90, 0x00,
    0x00, 0x2f, 0xff, 0xff, 0xff, 0xff, 0xff, 0xff,
    0xe0, 0x00, 0x00, 0x7f, 0xff, 0xff, 0xff, 0xff,
    0xff, 0xff, 0xf5, 0x00, 0x00, 0xdf, 0xfe, 0x44,
    0x44, 0x44, 0x44, 0xff, 0xfa, 0x00, 0x03, 0xff,
    0xf4, 0x00, 0x00, 0x00, 0x00, 0x7f, 0xff, 0x10,
    0x09, 0xff, 0xe0, 0x00, 0x00, 0x00, 0x00, 0x2f,
    0xff, 0x60, 0x0e, 0xff, 0x80, 0x00, 0x00, 0x00,
    0x00, 0x0c, 0xff, 0xc0, 0x4f, 0xff, 0x30, 0x00,
    0x00, 0x00, 0x00, 0x06, 0xff, 0xf1,

    /* U+00C4 "Ä" */
    0x00, 0x00, 0x04, 0xee, 0x60, 0x07, 0xed, 0x30,
    0x00, 0x00, 0x00, 0x00, 0x0e, 0xff, 0xf1, 0x1f,
    0xff, 0xd0, 0x00, 0x00, 0x00, 0x00, 0x0f, 0xff,
    0xf1, 0x2f, 0xff, 0xe0, 0x00, 0x00, 0x00, 0x00,
    0x08, 0xff, 0xa0, 0x0b, 0xff, 0x60, 0x00, 0x00,
    0x00, 0x00, 0x00, 0x22, 0x00, 0x00, 0x32, 0x00,
    0x00, 0x00, 0x00, 0x00, 0x00, 0x00, 0x00, 0x00,
    0x00, 0x00, 0x00, 0x00, 0x00, 0x00, 0x00, 0x00,
    0x00, 0x00, 0x00, 0x00, 0x00, 0x00, 0x00, 0x00,
    0x00, 0x06, 0xff, 0xff, 0x40, 0x00, 0x00, 0x00,
    0x00, 0x00, 0x00, 0x0c, 0xff, 0xff, 0xa0, 0x00,
    0x00, 0x00, 0x00, 0x00, 0x00, 0x2f, 0xff, 0xff,
    0xf0, 0x00, 0x00, 0x00, 0x00, 0x00, 0x00, 0x8f,
    0xff, 0xff, 0xf6, 0x00, 0x00, 0x00, 0x00, 0x00,
    0x00, 0xdf, 0xf9, 0xaf, 0xfb, 0x00, 0x00, 0x00,
    0x00, 0x00, 0x03, 0xff, 0xf3, 0x5f, 0xff, 0x10,
    0x00, 0x00, 0x00, 0x00, 0x09, 0xff, 0xd0, 0x0f,
    0xff, 0x70, 0x00, 0x00, 0x00, 0x00, 0x0e, 0xff,
    0x70, 0x0a, 0xff, 0xd0, 0x00, 0x00, 0x00, 0x00,
    0x5f, 0xff, 0x20, 0x04, 0xff, 0xf2, 0x00, 0x00,
    0x00, 0x00, 0xaf, 0xfc, 0x00, 0x00, 0xef, 0xf8,
    0x00, 0x00, 0x00, 0x01, 0xff, 0xf6, 0x00, 0x00,
    0x9f, 0xfe, 0x00, 0x00, 0x00, 0x06, 0xff, 0xf1,
    0x00, 0x00, 0x3f, 0xff, 0x30, 0x00, 0x00, 0x0c,
    0xff, 0xff, 0xff, 0xff, 0xff, 0xff, 0x90, 0x00,
    0x00, 0x2f, 0xff, 0xff, 0xff, 0xff, 0xff, 0xff,
    0xe0, 0x00, 0x00, 0x7f, 0xff, 0xff, 0xff, 0xff,
    0xff, 0xff, 0xf5, 0x00, 0x00, 0xdf, 0xfe, 0x44,
    0x44, 0x44, 0x44, 0xff, 0xfa, 0x00, 0x03, 0xff,
    0xf4, 0x00, 0x00, 0x00, 0x00, 0x7f, 0xff, 0x10,
    0x09, 0xff, 0xe0, 0x00, 0x00, 0x00, 0x00, 0x2f,
    0xff, 0x60, 0x0e, 0xff, 0x80, 0x00, 0x00, 0x00,
    0x00, 0x0c, 0xff, 0xc0, 0x4f, 0xff, 0x30, 0x00,
    0x00, 0x00, 0x00, 0x06, 0xff, 0xf1,

    /* U+00C5 "Å" */
    0x00, 0x00, 0x00, 0x00, 0x01, 0x00, 0x00, 0x00,
    0x00, 0x00, 0x00, 0x00, 0x00, 0x02, 0xcf, 0xfb,
    0x10, 0x00, 0x00, 0x00, 0x00, 0x00, 0x00, 0x0e,
    0xff, 0xff, 0xd0, 0x00, 0x00, 0x00, 0x00, 0x00,
    0x00, 0x4f, 0xe2, 0x3f, 0xf3, 0x00, 0x00, 0x00,
    0x00, 0x00, 0x00, 0x4f, 0xe2, 0x3f, 0xf3, 0x00,
    0x00, 0x00, 0x00, 0x00, 0x00, 0x0e, 0xff, 0xff,
    0xd0, 0x00, 0x00, 0x00, 0x00, 0x00, 0x00, 0x02,
    0xcf, 0xfb, 0x10, 0x00, 0x00, 0x00, 0x00, 0x00,
    0x00, 0x00, 0x01, 0x00, 0x00, 0x00, 0x00, 0x00,
    0x00, 0x00, 0x00, 0x00, 0x00, 0x00, 0x00, 0x00,
    0x00, 0x00, 0x00, 0x00, 0x00, 0x00, 0x00, 0x00,
    0x00, 0x00, 0x00, 0x00, 0x00, 0x00, 0x00, 0x06,
    0xff, 0xff, 0x40, 0x00, 0x00, 0x00, 0x00, 0x00,
    0x00, 0x0c, 0xff, 0xff, 0xa0, 0x00, 0x00, 0x00,
    0x00, 0x00, 0x00, 0x2f, 0xff, 0xff, 0xf0, 0x00,
    0x00, 0x00, 0x00, 0x00, 0x00, 0x8f, 0xff, 0xff,
    0xf6, 0x00, 0x00, 0x00, 0x00, 0x00, 0x00, 0xdf,
    0xf9, 0xaf, 0xfb, 0x00, 0x00, 0x00, 0x00, 0x00,
    0x03, 0xff, 0xf3, 0x5f, 0xff, 0x10, 0x00, 0x00,
    0x00, 0x00, 0x09, 0xff, 0xd0, 0x0f, 0xff, 0x70,
    0x00, 0x00, 0x00, 0x00, 0x0e, 0xff, 0x70, 0x0a,
    0xff, 0xd0, 0x00, 0x00, 0x00, 0x00, 0x5f, 0xff,
    0x20, 0x04, 0xff, 0xf2, 0x00, 0x00, 0x00, 0x00,
    0xaf, 0xfc, 0x00, 0x00, 0xef, 0xf8, 0x00, 0x00,
    0x00, 0x01, 0xff, 0xf6, 0x00, 0x00, 0x9f, 0xfe,
    0x00, 0x00, 0x00, 0x06, 0xff, 0xf1, 0x00, 0x00,
    0x3f, 0xff, 0x30, 0x00, 0x00, 0x0c, 0xff, 0xff,
    0xff, 0xff, 0xff, 0xff, 0x90, 0x00, 0x00, 0x2f,
    0xff, 0xff, 0xff, 0xff, 0xff, 0xff, 0xe0, 0x00,
    0x00, 0x7f, 0xff, 0xff, 0xff, 0xff, 0xff, 0xff,
    0xf5, 0x00, 0x00, 0xdf, 0xfe, 0x44, 0x44, 0x44,
    0x44, 0xff, 0xfa, 0x00, 0x03, 0xff, 0xf4, 0x00,
    0x00, 0x00, 0x00, 0x7f, 0xff, 0x10, 0x09, 0xff,
    0xe0, 0x00, 0x00, 0x00, 0x00, 0x2f, 0xff, 0x60,
    0x0e, 0xff, 0x80, 0x00, 0x00, 0x00, 0x00, 0x0c,
    0xff, 0xc0, 0x4f, 0xff, 0x30, 0x00, 0x00, 0x00,
    0x00, 0x06, 0xff, 0xf1,

    /* U+00C6 "Æ" */
    0x00, 0x00, 0x00, 0x00, 0xaf, 0xff, 0xff, 0xff,
    0xff, 0xff, 0xff, 0xf1, 0x00, 0x00, 0x00, 0x01,
    0xff, 0xff, 0xff, 0xff, 0xff, 0xff, 0xff, 0xf1,
    0x00, 0x00, 0x00, 0x07, 0xff, 0xff, 0xff, 0xff,
    0xff, 0xff, 0xff, 0xf1, 0x00, 0x00, 0x00, 0x0d,
    0xff, 0xce, 0xff, 0xe4, 0x44, 0x44, 0x44, 0x40,
    0x00, 0x00, 0x00, 0x4f, 0xff, 0x5c, 0xff, 0xb0,
    0x00, 0x00, 0x00, 0x00, 0x00, 0x00, 0x00, 0xaf,
    0xfe, 0x0a, 0xff, 0xc0, 0x00, 0x00, 0x00, 0x00,
    0x00, 0x00, 0x01, 0xff, 0xf8, 0x09, 0xff, 0xe0,
    0x00, 0x00, 0x00, 0x00, 0x00, 0x00, 0x07, 0xff,
    0xf2, 0x07, 0xff, 0xf0, 0x00, 0x00, 0x00, 0x00,
    0x00, 0x00, 0x0d, 0xff, 0xb0, 0x06, 0xff, 0xff,
    0xff, 0xff, 0xff, 0x00, 0x00, 0x00, 0x4f, 0xff,
    0x40, 0x04, 0xff, 0xff, 0xff, 0xff, 0xff, 0x00,
    0x00, 0x00, 0xaf, 0xfd, 0x00, 0x03, 0xff, 0xff,
    0xff, 0xff, 0xff, 0x00, 0x00, 0x01, 0xff, 0xf7,
    0x00, 0x01, 0xff, 0xfa, 0x44, 0x44, 0x44, 0x00,
    0x00, 0x07, 0xff, 0xff, 0xff, 0xff, 0xff, 0xf7,
    0x00, 0x00, 0x00, 0x00, 0x00, 0x0d, 0xff, 0xff,
    0xff, 0xff, 0xff, 0xf8, 0x00, 0x00, 0x00, 0x00,
    0x00, 0x4f, 0xff, 0xff, 0xff, 0xff, 0xff, 0xfa,
    0x00, 0x00, 0x00, 0x00, 0x00, 0xaf, 0xff, 0x44,
    0x44, 0x44, 0xff, 0xfb, 0x00, 0x00, 0x00, 0x00,
    0x01, 0xff, 0xf6, 0x00, 0x00, 0x00, 0xaf, 0xff,
    0x55, 0x55, 0x55, 0x53, 0x07, 0xff, 0xf0, 0x00,
    0x00, 0x00, 0x8f, 0xff, 0xff, 0xff, 0xff, 0xfb,
    0x0d, 0xff, 0x90, 0x00, 0x00, 0x00, 0x7f, 0xff,
    0xff, 0xff, 0xff, 0xfb, 0x4f, 0xff, 0x20, 0x00,
    0x00, 0x00, 0x5f, 0xff, 0xff, 0xff, 0xff, 0xfb,

    /* U+00C7 "Ç" */
    0x00, 0x00, 0x00, 0x06, 0xad, 0xff, 0xec, 0x94,
    0x00, 0x00, 0x00, 0x00, 0x00, 0x7e, 0xff, 0xff,
    0xff, 0xff, 0xfc, 0x20, 0x00, 0x00, 0x01, 0xcf,
    0xff, 0xff, 0xff, 0xff, 0xff, 0xff, 0x50, 0x00,
    0x00, 0xcf, 0xff, 0xfe, 0x86, 0x67, 0xbf, 0xff,
    0xff, 0x40, 0x00, 0x9f, 0xff, 0xf5, 0x00, 0x00,
    0x00, 0x1a, 0xff, 0xfe, 0x10, 0x2f, 0xff, 0xe2,
    0x00, 0x00, 0x00, 0x00, 0x08, 0xff, 0xa3, 0x09,
    0xff, 0xf5, 0x00, 0x00, 0x00, 0x00, 0x00, 0x04,
    0x00, 0x00, 0xdf, 0xfd, 0x00, 0x00, 0x00, 0x00,
    0x00, 0x00, 0x00, 0x00, 0x0f, 0xff, 0x80, 0x00,
    0x00, 0x00, 0x00, 0x00, 0x00, 0x00, 0x02, 0xff,
    0xf6, 0x00, 0x00, 0x00, 0x00, 0x00, 0x00, 0x00,
    0x00, 0x2f, 0xff, 0x60, 0x00, 0x00, 0x00, 0x00,
    0x00, 0x00, 0x00, 0x01, 0xff, 0xf8, 0x00, 0x00,
    0x00, 0x00, 0x00, 0x00, 0x00, 0x00, 0x0e, 0xff,
    0xd0, 0x00, 0x00, 0x00, 0x00, 0x00, 0x00, 0x00,
    0x00, 0xaf, 0xff, 0x50, 0x00, 0x00, 0x00, 0x00,
    0x00, 0x40, 0x00, 0x03, 0xff, 0xff, 0x20, 0x00,
    0x00, 0x00, 0x00, 0x8f, 0xfa, 0x20, 0x0a, 0xff,
    0xff, 0x50, 0x00, 0x00, 0x01, 0xaf, 0xff, 0xe1,
    0x00, 0x1d, 0xff, 0xff, 0xd8, 0x66, 0x7b, 0xff,
    0xff, 0xf4, 0x00, 0x00, 0x2d, 0xff, 0xff, 0xff,
    0xff, 0xff, 0xff, 0xf5, 0x00, 0x00, 0x00, 0x09,
    0xff, 0xff, 0xff, 0xff, 0xff, 0xc2, 0x00, 0x00,
    0x00, 0x00, 0x01, 0x7b, 0xff, 0xfe, 0xc9, 0x40,
    0x00, 0x00, 0x00, 0x00, 0x00, 0x00, 0x08, 0xfc,
    0x00, 0x00, 0x00, 0x00, 0x00, 0x00, 0x00, 0x00,
    0x00, 0xbf, 0xff, 0x60, 0x00, 0x00, 0x00, 0x00,
    0x00, 0x00, 0x00, 0x06, 0x79, 0xff, 0x00, 0x00,
    0x00, 0x00, 0x00, 0x00, 0x00, 0x03, 0x20, 0x1f,
    0xf1, 0x00, 0x00, 0x00, 0x00, 0x00, 0x00, 0x00,
    0xef, 0xef, 0xfd, 0x00, 0x00, 0x00, 0x00, 0x00,
    0x00, 0x00, 0x07, 0xcf, 0xeb, 0x20, 0x00, 0x00,
    0x00,

    /* U+00C8 "È" */
    0x00, 0x00, 0x00, 0x00, 0x00, 0x00, 0x00, 0x00,
    0xb5, 0x00, 0x00, 0x00, 0x00, 0x00, 0xaf, 0xf6,
    0x00, 0x00, 0x00, 0x00, 0x03, 0xef, 0xf8, 0x00,
    0x00, 0x00, 0x00, 0x02, 0xef, 0xf9, 0x00, 0x00,
    0x00, 0x00, 0x01, 0xdf, 0xf2, 0x00, 0x00, 0x00,
    0x00, 0x01, 0xb3, 0x00, 0x00, 0x00, 0x00, 0x00,
    0x00, 0x00, 0x00, 0x00, 0x00, 0x00, 0x00, 0x00,
    0x00, 0x00, 0x0b, 0xff, 0xff, 0xff, 0xff, 0xff,
    0xfe, 0xbf, 0xff, 0xff, 0xff, 0xff, 0xff, 0xeb,
    0xff, 0xff, 0xff, 0xff, 0xff, 0xfe, 0xbf, 0xff,
    0x44, 0x44, 0x44, 0x44, 0x4b, 0xff, 0xc0, 0x00,
    0x00, 0x00, 0x00, 0xbf, 0xfc, 0x00, 0x00, 0x00,
    0x00, 0x0b, 0xff, 0xc0, 0x00, 0x00, 0x00, 0x00,
    0xbf, 0xfc, 0x00, 0x00, 0x00, 0x00, 0x0b, 0xff,
    0xff, 0xff, 0xff, 0xff, 0x20, 0xbf, 0xff, 0xff,
    0xff, 0xff, 0xf2, 0x0b, 0xff, 0xff, 0xff, 0xff,
    0xff, 0x20, 0xbf, 0xff, 0x55, 0x55, 0x55, 0x50,
    0x0b, 0xff, 0xc0, 0x00, 0x00, 0x00, 0x00, 0xbf,
    0xfc, 0x00, 0x00, 0x00, 0x00, 0x0b, 0xff, 0xc0,
    0x00, 0x00, 0x00, 0x00, 0xbf, 0xfc, 0x00, 0x00,
    0x00, 0x00, 0x0b, 0xff, 0xf5, 0x55, 0x55, 0x55,
    0x54, 0xbf, 0xff, 0xff, 0xff, 0xff, 0xff, 0xeb,
    0xff, 0xff, 0xff, 0xff, 0xff, 0xfe, 0xbf, 0xff,
    0xff, 0xff, 0xff, 0xff, 0xe0,

    /* U+00C9 "É" */
    0x00, 0x00, 0x00, 0x00, 0x00, 0x00, 0x00, 0x00,
    0x00, 0x00, 0x05, 0xb0, 0x00, 0x00, 0x00, 0x00,
    0x06, 0xff, 0xb0, 0x00, 0x00, 0x00, 0x07, 0xff,
    0xe3, 0x00, 0x00, 0x00, 0x09, 0xff, 0xe2, 0x00,
    0x00, 0x00, 0x02, 0xef, 0xd2, 0x00, 0x00, 0x00,
    0x00, 0x03, 0xc1, 0x00, 0x00, 0x00, 0x00, 0x00,
    0x00, 0x00, 0x00, 0x00, 0x00, 0x00, 0x00, 0x00,
    0x00, 0x00, 0x0b, 0xff, 0xff, 0xff, 0xff, 0xff,
    0xfe, 0xbf, 0xff, 0xff, 0xff, 0xff, 0xff, 0xeb,
    0xff, 0xff, 0xff, 0xff, 0xff, 0xfe, 0xbf, 0xff,
    0x44, 0x44, 0x44, 0x44, 0x4b, 0xff, 0xc0, 0x00,
    0x00, 0x00, 0x00, 0xbf, 0xfc, 0x00, 0x00, 0x00,
    0x00, 0x0b, 0xff, 0xc0, 0x00, 0x00, 0x00, 0x00,
    0xbf, 0xfc, 0x00, 0x00, 0x00, 0x00, 0x0b, 0xff,
    0xff, 0xff, 0xff, 0xff, 0x20, 0xbf, 0xff, 0xff,
    0xff, 0xff, 0xf2, 0x0b, 0xff, 0xff, 0xff, 0xff,
    0xff, 0x20, 0xbf, 0xff, 0x55, 0x55, 0x55, 0x50,
    0x0b, 0xff, 0xc0, 0x00, 0x00, 0x00, 0x00, 0xbf,
    0xfc, 0x00, 0x00, 0x00, 0x00, 0x0b, 0xff, 0xc0,
    0x00, 0x00, 0x00, 0x00, 0xbf, 0xfc, 0x00, 0x00,
    0x00, 0x00, 0x0b, 0xff, 0xf5, 0x55, 0x55, 0x55,
    0x54, 0xbf, 0xff, 0xff, 0xff, 0xff, 0xff, 0xeb,
    0xff, 0xff, 0xff, 0xff, 0xff, 0xfe, 0xbf, 0xff,
    0xff, 0xff, 0xff, 0xff, 0xe0,

    /* U+00CA "Ê" */
    0x00, 0x00, 0x00, 0x20, 0x00, 0x00, 0x00, 0x00,
    0x00, 0x5f, 0x70, 0x00, 0x00, 0x00, 0x00, 0x5f,
    0xff, 0x70, 0x00, 0x00, 0x00, 0x5f, 0xff, 0xff,
    0x70, 0x00, 0x00, 0x5f, 0xfe, 0x4d, 0xff, 0x80,
    0x00, 0x05, 0xfe, 0x20, 0x1e, 0xf7, 0x00, 0x00,
    0x04, 0x20, 0x00, 0x27, 0x00, 0x00, 0x00, 0x00,
    0x00, 0x00, 0x00, 0x00, 0x00, 0x00, 0x00, 0x00,
    0x00, 0x00, 0x0b, 0xff, 0xff, 0xff, 0xff, 0xff,
    0xfe, 0xbf, 0xff, 0xff, 0xff, 0xff, 0xff, 0xeb,
    0xff, 0xff, 0xff, 0xff, 0xff, 0xfe, 0xbf, 0xff,
    0x44, 0x44, 0x44, 0x44, 0x4b, 0xff, 0xc0, 0x00,
    0x00, 0x00, 0x00, 0xbf, 0xfc, 0x00, 0x00, 0x00,
    0x00, 0x0b, 0xff, 0xc0, 0x00, 0x00, 0x00, 0x00,
    0xbf, 0xfc, 0x00, 0x00, 0x00, 0x00, 0x0b, 0xff,
    0xff, 0xff, 0xff, 0xff, 0x20, 0xbf, 0xff, 0xff,
    0xff, 0xff, 0xf2, 0x0b, 0xff, 0xff, 0xff, 0xff,
    0xff, 0x20, 0xbf, 0xff, 0x55, 0x55, 0x55, 0x50,
    0x0b, 0xff, 0xc0, 0x00, 0x00, 0x00, 0x00, 0xbf,
    0xfc, 0x00, 0x00, 0x00, 0x00, 0x0b, 0xff, 0xc0,
    0x00, 0x00, 0x00, 0x00, 0xbf, 0xfc, 0x00, 0x00,
    0x00, 0x00, 0x0b, 0xff, 0xf5, 0x55, 0x55, 0x55,
    0x54, 0xbf, 0xff, 0xff, 0xff, 0xff, 0xff, 0xeb,
    0xff, 0xff, 0xff, 0xff, 0xff, 0xfe, 0xbf, 0xff,
    0xff, 0xff, 0xff, 0xff, 0xe0,

    /* U+00CB "Ë" */
    0x00, 0x9f, 0xc2, 0x00, 0xbf, 0xb0, 0x00, 0x4f,
    0xff, 0xa0, 0x7f, 0xff, 0x70, 0x05, 0xff, 0xfb,
    0x08, 0xff, 0xf8, 0x00, 0x1d, 0xff, 0x40, 0x2e,
    0xfe, 0x20, 0x00, 0x03, 0x10, 0x00, 0x13, 0x00,
    0x00, 0x00, 0x00, 0x00, 0x00, 0x00, 0x00, 0x00,
    0x00, 0x00, 0x00, 0x00, 0x00, 0x0b, 0xff, 0xff,
    0xff, 0xff, 0xff, 0xfe, 0xbf, 0xff, 0xff, 0xff,
    0xff, 0xff, 0xeb, 0xff, 0xff, 0xff, 0xff, 0xff,
    0xfe, 0xbf, 0xff, 0x44, 0x44, 0x44, 0x44, 0x4b,
    0xff, 0xc0, 0x00, 0x00, 0x00, 0x00, 0xbf, 0xfc,
    0x00, 0x00, 0x00, 0x00, 0x0b, 0xff, 0xc0, 0x00,
    0x00, 0x00, 0x00, 0xbf, 0xfc, 0x00, 0x00, 0x00,
    0x00, 0x0b, 0xff, 0xff, 0xff, 0xff, 0xff, 0x20,
    0xbf, 0xff, 0xff, 0xff, 0xff, 0xf2, 0x0b, 0xff,
    0xff, 0xff, 0xff, 0xff, 0x20, 0xbf, 0xff, 0x55,
    0x55, 0x55, 0x50, 0x0b, 0xff, 0xc0, 0x00, 0x00,
    0x00, 0x00, 0xbf, 0xfc, 0x00, 0x00, 0x00, 0x00,
    0x0b, 0xff, 0xc0, 0x00, 0x00, 0x00, 0x00, 0xbf,
    0xfc, 0x00, 0x00, 0x00, 0x00, 0x0b, 0xff, 0xf5,
    0x55, 0x55, 0x55, 0x54, 0xbf, 0xff, 0xff, 0xff,
    0xff, 0xff, 0xeb, 0xff, 0xff, 0xff, 0xff, 0xff,
    0xfe, 0xbf, 0xff, 0xff, 0xff, 0xff, 0xff, 0xe0,

    /* U+00CC "Ì" */
    0x00, 0x00, 0x00, 0x00, 0x5b, 0x00, 0x00, 0x3f,
    0xfc, 0x10, 0x00, 0xaf, 0xfd, 0x10, 0x00, 0x9f,
    0xfe, 0x20, 0x00, 0x8f, 0xf8, 0x00, 0x00, 0x69,
    0x00, 0x00, 0x00, 0x00, 0x00, 0x00, 0x00, 0x00,
    0x00, 0xbf, 0xfc, 0x00, 0x0b, 0xff, 0xc0, 0x00,
    0xbf, 0xfc, 0x00, 0x0b, 0xff, 0xc0, 0x00, 0xbf,
    0xfc, 0x00, 0x0b, 0xff, 0xc0, 0x00, 0xbf, 0xfc,
    0x00, 0x0b, 0xff, 0xc0, 0x00, 0xbf, 0xfc, 0x00,
    0x0b, 0xff, 0xc0, 0x00, 0xbf, 0xfc, 0x00, 0x0b,
    0xff, 0xc0, 0x00, 0xbf, 0xfc, 0x00, 0x0b, 0xff,
    0xc0, 0x00, 0xbf, 0xfc, 0x00, 0x0b, 0xff, 0xc0,
    0x00, 0xbf, 0xfc, 0x00, 0x0b, 0xff, 0xc0, 0x00,
    0xbf, 0xfc, 0x00, 0x0b, 0xff, 0xc0,

    /* U+00CD "Í" */
    0x00, 0x00, 0x00, 0x00, 0x00, 0x1c, 0x40, 0x00,
    0x1d, 0xff, 0x30, 0x2e, 0xff, 0x90, 0x3e, 0xff,
    0x80, 0x0a, 0xff, 0x60, 0x00, 0x0a, 0x50, 0x00,
    0x00, 0x00, 0x00, 0x00, 0x00, 0x00, 0x00, 0x0b,
    0xff, 0xc0, 0x00, 0xbf, 0xfc, 0x00, 0x0b, 0xff,
    0xc0, 0x00, 0xbf, 0xfc, 0x00, 0x0b, 0xff, 0xc0,
    0x00, 0xbf, 0xfc, 0x00, 0x0b, 0xff, 0xc0, 0x00,
    0xbf, 0xfc, 0x00, 0x0b, 0xff, 0xc0, 0x00, 0xbf,
    0xfc, 0x00, 0x0b, 0xff, 0xc0, 0x00, 0xbf, 0xfc,
    0x00, 0x0b, 0xff, 0xc0, 0x00, 0xbf, 0xfc, 0x00,
    0x0b, 0xff, 0xc0, 0x00, 0xbf, 0xfc, 0x00, 0x0b,
    0xff, 0xc0, 0x00, 0xbf, 0xfc, 0x00, 0x0b, 0xff,
    0xc0, 0x00, 0xbf, 0xfc, 0x00, 0x00,

    /* U+00CE "Î" */
    0x00, 0x02, 0x20, 0x00, 0x00, 0x1e, 0xd1, 0x00,
    0x00, 0xcf, 0xfc, 0x00, 0x0b, 0xff, 0xff, 0xb0,
    0x9f, 0xf9, 0xbf, 0xf9, 0x5f, 0xc0, 0x1d, 0xf5,
    0x03, 0x10, 0x03, 0x40, 0x00, 0x00, 0x00, 0x00,
    0x00, 0x00, 0x00, 0x00, 0x00, 0xbf, 0xfc, 0x00,
    0x00, 0xbf, 0xfc, 0x00, 0x00, 0xbf, 0xfc, 0x00,
    0x00, 0xbf, 0xfc, 0x00, 0x00, 0xbf, 0xfc, 0x00,
    0x00, 0xbf, 0xfc, 0x00, 0x00, 0xbf, 0xfc, 0x00,
    0x00, 0xbf, 0xfc, 0x00, 0x00, 0xbf, 0xfc, 0x00,
    0x00, 0xbf, 0xfc, 0x00, 0x00, 0xbf, 0xfc, 0x00,
    0x00, 0xbf, 0xfc, 0x00, 0x00, 0xbf, 0xfc, 0x00,
    0x00, 0xbf, 0xfc, 0x00, 0x00, 0xbf, 0xfc, 0x00,
    0x00, 0xbf, 0xfc, 0x00, 0x00, 0xbf, 0xfc, 0x00,
    0x00, 0xbf, 0xfc, 0x00, 0x00, 0xbf, 0xfc, 0x00,
    0x00, 0xbf, 0xfc, 0x00,

    /* U+00CF "Ï" */
    0x09, 0xfc, 0x21, 0xcf, 0xa0, 0x4f, 0xff, 0xa9,
    0xff, 0xf5, 0x5f, 0xff, 0xba, 0xff, 0xf6, 0x0d,
    0xff, 0x44, 0xff, 0xd1, 0x00, 0x31, 0x00, 0x13,
    0x00, 0x00, 0x00, 0x00, 0x00, 0x00, 0x00, 0x00,
    0x00, 0x00, 0x00, 0x00, 0x0b, 0xff, 0xc0, 0x00,
    0x00, 0x0b, 0xff, 0xc0, 0x00, 0x00, 0x0b, 0xff,
    0xc0, 0x00, 0x00, 0x0b, 0xff, 0xc0, 0x00, 0x00,
    0x0b, 0xff, 0xc0, 0x00, 0x00, 0x0b, 0xff, 0xc0,
    0x00, 0x00, 0x0b, 0xff, 0xc0, 0x00, 0x00, 0x0b,
    0xff, 0xc0, 0x00, 0x00, 0x0b, 0xff, 0xc0, 0x00,
    0x00, 0x0b, 0xff, 0xc0, 0x00, 0x00, 0x0b, 0xff,
    0xc0, 0x00, 0x00, 0x0b, 0xff, 0xc0, 0x00, 0x00,
    0x0b, 0xff, 0xc0, 0x00, 0x00, 0x0b, 0xff, 0xc0,
    0x00, 0x00, 0x0b, 0xff, 0xc0, 0x00, 0x00, 0x0b,
    0xff, 0xc0, 0x00, 0x00, 0x0b, 0xff, 0xc0, 0x00,
    0x00, 0x0b, 0xff, 0xc0, 0x00, 0x00, 0x0b, 0xff,
    0xc0, 0x00, 0x00, 0x0b, 0xff, 0xc0, 0x00,

    /* U+00D0 "Ð" */
    0x00, 0x0f, 0xff, 0xff, 0xff, 0xfe, 0xb7, 0x10,
    0x00, 0x00, 0x00, 0x00, 0xff, 0xff, 0xff, 0xff,
    0xff, 0xff, 0x91, 0x00, 0x00, 0x00, 0x0f, 0xff,
    0xff, 0xff, 0xff, 0xff, 0xff, 0xd2, 0x00, 0x00,
    0x00, 0xff, 0xfc, 0x44, 0x46, 0x8d, 0xff, 0xff,
    0xd1, 0x00, 0x00, 0x0f, 0xff, 0x70, 0x00, 0x00,
    0x05, 0xef, 0xff, 0xa0, 0x00, 0x00, 0xff, 0xf7,
    0x00, 0x00, 0x00, 0x02, 0xff, 0xff, 0x20, 0x00,
    0x0f, 0xff, 0x70, 0x00, 0x00, 0x00, 0x06, 0xff,
    0xf8, 0x00, 0x00, 0xff, 0xf7, 0x00, 0x00, 0x00,
    0x00, 0x0e, 0xff, 0xc0, 0x5f, 0xff, 0xff, 0xff,
    0xff, 0xc0, 0x00, 0x00, 0xbf, 0xff, 0x05, 0xff,
    0xff, 0xff, 0xff, 0xfc, 0x00, 0x00, 0x09, 0xff,
    0xf0, 0x5f, 0xff, 0xff, 0xff, 0xff, 0xc0, 0x00,
    0x00, 0x9f, 0xff, 0x01, 0x33, 0xff, 0xfa, 0x33,
    0x32, 0x00, 0x00, 0x0b, 0xff, 0xf0, 0x00, 0x0f,
    0xff, 0x70, 0x00, 0x00, 0x00, 0x00, 0xef, 0xfd,
    0x00, 0x00, 0xff, 0xf7, 0x00, 0x00, 0x00, 0x00,
    0x5f, 0xff, 0x90, 0x00, 0x0f, 0xff, 0x70, 0x00,
    0x00, 0x00, 0x1e, 0xff, 0xf3, 0x00, 0x00, 0xff,
    0xf7, 0x00, 0x00, 0x00, 0x4e, 0xff, 0xfb, 0x00,
    0x00, 0x0f, 0xff, 0xc5, 0x55, 0x68, 0xdf, 0xff,
    0xfe, 0x10, 0x00, 0x00, 0xff, 0xff, 0xff, 0xff,
    0xff, 0xff, 0xfe, 0x20, 0x00, 0x00, 0x0f, 0xff,
    0xff, 0xff, 0xff, 0xff, 0xfa, 0x10, 0x00, 0x00,
    0x00, 0xff, 0xff, 0xff, 0xff, 0xeb, 0x72, 0x00,
    0x00, 0x00,

    /* U+00D1 "Ñ" */
    0x00, 0x00, 0x09, 0xee, 0xa3, 0x00, 0xc7, 0x00,
    0x00, 0x00, 0x00, 0xbf, 0xff, 0xff, 0xbd, 0xff,
    0x50, 0x00, 0x00, 0x04, 0xff, 0xeb, 0xff, 0xff,
    0xfb, 0x00, 0x00, 0x00, 0x00, 0x4a, 0x10, 0x29,
    0xee, 0x91, 0x00, 0x00, 0x00, 0x00, 0x00, 0x00,
    0x00, 0x00, 0x00, 0x00, 0x00, 0x00, 0x00, 0x00,
    0x00, 0x00, 0x00, 0x00, 0x00, 0x00, 0x00, 0x00,
    0x00, 0x00, 0x00, 0x00, 0x00, 0x00, 0x00, 0xbf,
    0xfb, 0x00, 0x00, 0x00, 0x00, 0x00, 0xef, 0xf9,
    0xbf, 0xff, 0x70, 0x00, 0x00, 0x00, 0x00, 0xef,
    0xf9, 0xbf, 0xff, 0xf3, 0x00, 0x00, 0x00, 0x00,
    0xef, 0xf9, 0xbf, 0xff, 0xfe, 0x10, 0x00, 0x00,
    0x00, 0xef, 0xf9, 0xbf, 0xff, 0xff, 0xb0, 0x00,
    0x00, 0x00, 0xef, 0xf9, 0xbf, 0xff, 0xff, 0xf7,
    0x00, 0x00, 0x00, 0xef, 0xf9, 0xbf, 0xfe, 0xef,
    0xff, 0x40, 0x00, 0x00, 0xef, 0xf9, 0xbf, 0xfc,
    0x4f, 0xff, 0xe1, 0x00, 0x00, 0xef, 0xf9, 0xbf,
    0xfc, 0x07, 0xff, 0xfb, 0x00, 0x00, 0xef, 0xf9,
    0xbf, 0xfc, 0x00, 0xbf, 0xff, 0x80, 0x00, 0xef,
    0xf9, 0xbf, 0xfc, 0x00, 0x0d, 0xff, 0xf4, 0x00,
    0xef, 0xf9, 0xbf, 0xfc, 0x00, 0x02, 0xff, 0xfe,
    0x10, 0xef, 0xf9, 0xbf, 0xfc, 0x00, 0x00, 0x5f,
    0xff, 0xc0, 0xef, 0xf9, 0xbf, 0xfc, 0x00, 0x00,
    0x09, 0xff, 0xf8, 0xef, 0xf9, 0xbf, 0xfc, 0x00,
    0x00, 0x00, 0xcf, 0xff, 0xff, 0xf9, 0xbf, 0xfc,
    0x00, 0x00, 0x00, 0x1e, 0xff, 0xff, 0xf9, 0xbf,
    0xfc, 0x00, 0x00, 0x00, 0x03, 0xff, 0xff, 0xf9,
    0xbf, 0xfc, 0x00, 0x00, 0x00, 0x00, 0x7f, 0xff,
    0xf9, 0xbf, 0xfc, 0x00, 0x00, 0x00, 0x00, 0x0a,
    0xff, 0xf9, 0xbf, 0xfc, 0x00, 0x00, 0x00, 0x00,
    0x00, 0xdf, 0xf9,

    /* U+00D2 "Ò" */
    0x00, 0x00, 0x00, 0x00, 0x70, 0x00, 0x00, 0x00,
    0x00, 0x00, 0x00, 0x00, 0x00, 0x00, 0x0a, 0xfc,
    0x10, 0x00, 0x00, 0x00, 0x00, 0x00, 0x00, 0x00,
    0x00, 0x0a, 0xff, 0xd1, 0x00, 0x00, 0x00, 0x00,
    0x00, 0x00, 0x00, 0x00, 0x00, 0x9f, 0xfe, 0x20,
    0x00, 0x00, 0x00, 0x00, 0x00, 0x00, 0x00, 0x00,
    0x08, 0xff, 0xe0, 0x00, 0x00, 0x00, 0x00, 0x00,
    0x00, 0x00, 0x00, 0x00, 0x6f, 0x40, 0x00, 0x00,
    0x00, 0x00, 0x00, 0x00, 0x00, 0x00, 0x00, 0x01,
    0x00, 0x00, 0x00, 0x00, 0x00, 0x00, 0x00, 0x00,
    0x00, 0x00, 0x00, 0x00, 0x00, 0x00, 0x00, 0x00,
    0x00, 0x00, 0x00, 0x05, 0x9d, 0xef, 0xec, 0x83,
    0x00, 0x00, 0x00, 0x00, 0x00, 0x06, 0xef, 0xff,
    0xff, 0xff, 0xff, 0xc4, 0x00, 0x00, 0x00, 0x01,
    0xbf, 0xff, 0xff, 0xff, 0xff, 0xff, 0xff, 0x70,
    0x00, 0x00, 0x0c, 0xff, 0xff, 0xea, 0x76, 0x8a,
    0xff, 0xff, 0xf8, 0x00, 0x00, 0x9f, 0xff, 0xf6,
    0x00, 0x00, 0x00, 0x19, 0xff, 0xff, 0x40, 0x02,
    0xff, 0xff, 0x30, 0x00, 0x00, 0x00, 0x00, 0x6f,
    0xff, 0xd0, 0x09, 0xff, 0xf5, 0x00, 0x00, 0x00,
    0x00, 0x00, 0x09, 0xff, 0xf4, 0x0d, 0xff, 0xd0,
    0x00, 0x00, 0x00, 0x00, 0x00, 0x02, 0xff, 0xf9,
    0x0f, 0xff, 0x80, 0x00, 0x00, 0x00, 0x00, 0x00,
    0x00, 0xdf, 0xfc, 0x2f, 0xff, 0x60, 0x00, 0x00,
    0x00, 0x00, 0x00, 0x00, 0xbf, 0xfd, 0x2f, 0xff,
    0x60, 0x00, 0x00, 0x00, 0x00, 0x00, 0x00, 0xbf,
    0xfd, 0x0f, 0xff, 0x80, 0x00, 0x00, 0x00, 0x00,
    0x00, 0x00, 0xdf, 0xfc, 0x0d, 0xff, 0xd0, 0x00,
    0x00, 0x00, 0x00, 0x00, 0x02, 0xff, 0xf9, 0x08,
    0xff, 0xf5, 0x00, 0x00, 0x00, 0x00, 0x00, 0x0a,
    0xff, 0xf4, 0x02, 0xff, 0xff, 0x30, 0x00, 0x00,
    0x00, 0x00, 0x6f, 0xff, 0xd0, 0x00, 0x8f, 0xff,
    0xf6, 0x00, 0x00, 0x00, 0x19, 0xff, 0xff, 0x40,
    0x00, 0x0c, 0xff, 0xff, 0xea, 0x76, 0x8b, 0xff,
    0xff, 0xf7, 0x00, 0x00, 0x01, 0xbf, 0xff, 0xff,
    0xff, 0xff, 0xff, 0xff, 0x70, 0x00, 0x00, 0x00,
    0x06, 0xef, 0xff, 0xff, 0xff, 0xff, 0xc4, 0x00,
    0x00, 0x00, 0x00, 0x00, 0x05, 0xad, 0xef, 0xec,
    0x84, 0x00, 0x00, 0x00,

    /* U+00D3 "Ó" */
    0x00, 0x00, 0x00, 0x00, 0x00, 0x00, 0x04, 0x40,
    0x00, 0x00, 0x00, 0x00, 0x00, 0x00, 0x00, 0x00,
    0x00, 0x5f, 0xf4, 0x00, 0x00, 0x00, 0x00, 0x00,
    0x00, 0x00, 0x00, 0x06, 0xff, 0xf4, 0x00, 0x00,
    0x00, 0x00, 0x00, 0x00, 0x00, 0x00, 0x7f, 0xfe,
    0x30, 0x00, 0x00, 0x00, 0x00, 0x00, 0x00, 0x00,
    0x05, 0xff, 0xe2, 0x00, 0x00, 0x00, 0x00, 0x00,
    0x00, 0x00, 0x00, 0x00, 0xad, 0x20, 0x00, 0x00,
    0x00, 0x00, 0x00, 0x00, 0x00, 0x00, 0x00, 0x01,
    0x00, 0x00, 0x00, 0x00, 0x00, 0x00, 0x00, 0x00,
    0x00, 0x00, 0x00, 0x00, 0x00, 0x00, 0x00, 0x00,
    0x00, 0x00, 0x00, 0x05, 0x9d, 0xef, 0xec, 0x83,
    0x00, 0x00, 0x00, 0x00, 0x00, 0x06, 0xef, 0xff,
    0xff, 0xff, 0xff, 0xc4, 0x00, 0x00, 0x00, 0x01,
    0xbf, 0xff, 0xff, 0xff, 0xff, 0xff, 0xff, 0x70,
    0x00, 0x00, 0x0c, 0xff, 0xff, 0xea, 0x76, 0x8a,
    0xff, 0xff, 0xf8, 0x00, 0x00, 0x9f, 0xff, 0xf6,
    0x00, 0x00, 0x00, 0x19, 0xff, 0xff, 0x40, 0x02,
    0xff, 0xff, 0x30, 0x00, 0x00, 0x00, 0x00, 0x6f,
    0xff, 0xd0, 0x09, 0xff, 0xf5, 0x00, 0x00, 0x00,
    0x00, 0x00, 0x09, 0xff, 0xf4, 0x0d, 0xff, 0xd0,
    0x00, 0x00, 0x00, 0x00, 0x00, 0x02, 0xff, 0xf9,
    0x0f, 0xff, 0x80, 0x00, 0x00, 0x00, 0x00, 0x00,
    0x00, 0xdf, 0xfc, 0x2f, 0xff, 0x60, 0x00, 0x00,
    0x00, 0x00, 0x00, 0x00, 0xbf, 0xfd, 0x2f, 0xff,
    0x60, 0x00, 0x00, 0x00, 0x00, 0x00, 0x00, 0xbf,
    0xfd, 0x0f, 0xff, 0x80, 0x00, 0x00, 0x00, 0x00,
    0x00, 0x00, 0xdf, 0xfc, 0x0d, 0xff, 0xd0, 0x00,
    0x00, 0x00, 0x00, 0x00, 0x02, 0xff, 0xf9, 0x08,
    0xff, 0xf5, 0x00, 0x00, 0x00, 0x00, 0x00, 0x0a,
    0xff, 0xf4, 0x02, 0xff, 0xff, 0x30, 0x00, 0x00,
    0x00, 0x00, 0x6f, 0xff, 0xd0, 0x00, 0x8f, 0xff,
    0xf6, 0x00, 0x00, 0x00, 0x19, 0xff, 0xff, 0x40,
    0x00, 0x0c, 0xff, 0xff, 0xea, 0x76, 0x8b, 0xff,
    0xff, 0xf7, 0x00, 0x00, 0x01, 0xbf, 0xff, 0xff,
    0xff, 0xff, 0xff, 0xff, 0x70, 0x00, 0x00, 0x00,
    0x06, 0xef, 0xff, 0xff, 0xff, 0xff, 0xc4, 0x00,
    0x00, 0x00, 0x00, 0x00, 0x05, 0xad, 0xef, 0xec,
    0x84, 0x00, 0x00, 0x00,

    /* U+00D4 "Ô" */
    0x00, 0x00, 0x00, 0x00, 0x00, 0x29, 0x00, 0x00,
    0x00, 0x00, 0x00, 0x00, 0x00, 0x00, 0x00, 0x01,
    0xef, 0x90, 0x00, 0x00, 0x00, 0x00, 0x00, 0x00,
    0x00, 0x00, 0x1d, 0xff, 0xf9, 0x00, 0x00, 0x00,
    0x00, 0x00, 0x00, 0x00, 0x01, 0xdf, 0xff, 0xff,
    0x80, 0x00, 0x00, 0x00, 0x00, 0x00, 0x00, 0x0c,
    0xff, 0x71, 0xef, 0xf6, 0x00, 0x00, 0x00, 0x00,
    0x00, 0x00, 0x05, 0xf8, 0x00, 0x3f, 0xf2, 0x00,
    0x00, 0x00, 0x00, 0x00, 0x00, 0x00, 0x30, 0x00,
    0x05, 0x40, 0x00, 0x00, 0x00, 0x00, 0x00, 0x00,
    0x00, 0x00, 0x00, 0x00, 0x00, 0x00, 0x00, 0x00,
    0x00, 0x00, 0x00, 0x00, 0x00, 0x00, 0x00, 0x00,
    0x00, 0x00, 0x00, 0x00, 0x00, 0x00, 0x05, 0x9d,
    0xef, 0xec, 0x83, 0x00, 0x00, 0x00, 0x00, 0x00,
    0x06, 0xef, 0xff, 0xff, 0xff, 0xff, 0xc4, 0x00,
    0x00, 0x00, 0x01, 0xbf, 0xff, 0xff, 0xff, 0xff,
    0xff, 0xff, 0x70, 0x00, 0x00, 0x0c, 0xff, 0xff,
    0xea, 0x76, 0x8a, 0xff, 0xff, 0xf8, 0x00, 0x00,
    0x9f, 0xff, 0xf6, 0x00, 0x00, 0x00, 0x19, 0xff,
    0xff, 0x40, 0x02, 0xff, 0xff, 0x30, 0x00, 0x00,
    0x00, 0x00, 0x6f, 0xff, 0xd0, 0x09, 0xff, 0xf5,
    0x00, 0x00, 0x00, 0x00, 0x00, 0x09, 0xff, 0xf4,
    0x0d, 0xff, 0xd0, 0x00, 0x00, 0x00, 0x00, 0x00,
    0x02, 0xff, 0xf9, 0x0f, 0xff, 0x80, 0x00, 0x00,
    0x00, 0x00, 0x00, 0x00, 0xdf, 0xfc, 0x2f, 0xff,
    0x60, 0x00, 0x00, 0x00, 0x00, 0x00, 0x00, 0xbf,
    0xfd, 0x2f, 0xff, 0x60, 0x00, 0x00, 0x00, 0x00,
    0x00, 0x00, 0xbf, 0xfd, 0x0f, 0xff, 0x80, 0x00,
    0x00, 0x00, 0x00, 0x00, 0x00, 0xdf, 0xfc, 0x0d,
    0xff, 0xd0, 0x00, 0x00, 0x00, 0x00, 0x00, 0x02,
    0xff, 0xf9, 0x08, 0xff, 0xf5, 0x00, 0x00, 0x00,
    0x00, 0x00, 0x0a, 0xff, 0xf4, 0x02, 0xff, 0xff,
    0x30, 0x00, 0x00, 0x00, 0x00, 0x6f, 0xff, 0xd0,
    0x00, 0x8f, 0xff, 0xf6, 0x00, 0x00, 0x00, 0x19,
    0xff, 0xff, 0x40, 0x00, 0x0c, 0xff, 0xff, 0xea,
    0x76, 0x8b, 0xff, 0xff, 0xf7, 0x00, 0x00, 0x01,
    0xbf, 0xff, 0xff, 0xff, 0xff, 0xff, 0xff, 0x70,
    0x00, 0x00, 0x00, 0x06, 0xef, 0xff, 0xff, 0xff,
    0xff, 0xc4, 0x00, 0x00, 0x00, 0x00, 0x00, 0x05,
    0xad, 0xef, 0xec, 0x84, 0x00, 0x00, 0x00,

    /* U+00D5 "Õ" */
    0x00, 0x00, 0x00, 0x01, 0x79, 0x60, 0x00, 0x42,
    0x00, 0x00, 0x00, 0x00, 0x00, 0x00, 0x2e, 0xff,
    0xfd, 0x31, 0xef, 0x70, 0x00, 0x00, 0x00, 0x00,
    0x00, 0xcf, 0xff, 0xff, 0xff, 0xff, 0x60, 0x00,
    0x00, 0x00, 0x00, 0x00, 0x9f, 0xa1, 0x6e, 0xff,
    0xfb, 0x00, 0x00, 0x00, 0x00, 0x00, 0x00, 0x02,
    0x10, 0x01, 0x79, 0x60, 0x00, 0x00, 0x00, 0x00,
    0x00, 0x00, 0x00, 0x00, 0x00, 0x00, 0x00, 0x00,
    0x00, 0x00, 0x00, 0x00, 0x00, 0x00, 0x00, 0x00,
    0x00, 0x00, 0x00, 0x00, 0x00, 0x00, 0x00, 0x00,
    0x00, 0x00, 0x00, 0x00, 0x00, 0x00, 0x00, 0x00,
    0x00, 0x00, 0x00, 0x05, 0x9d, 0xef, 0xec, 0x83,
    0x00, 0x00, 0x00, 0x00, 0x00, 0x06, 0xef, 0xff,
    0xff, 0xff, 0xff, 0xc4, 0x00, 0x00, 0x00, 0x01,
    0xbf, 0xff, 0xff, 0xff, 0xff, 0xff, 0xff, 0x70,
    0x00, 0x00, 0x0c, 0xff, 0xff, 0xea, 0x76, 0x8a,
    0xff, 0xff, 0xf8, 0x00, 0x00, 0x9f, 0xff, 0xf6,
    0x00, 0x00, 0x00, 0x19, 0xff, 0xff, 0x40, 0x02,
    0xff, 0xff, 0x30, 0x00, 0x00, 0x00, 0x00, 0x6f,
    0xff, 0xd0, 0x09, 0xff, 0xf5, 0x00, 0x00, 0x00,
    0x00, 0x00, 0x09, 0xff, 0xf4, 0x0d, 0xff, 0xd0,
    0x00, 0x00, 0x00, 0x00, 0x00, 0x02, 0xff, 0xf9,
    0x0f, 0xff, 0x80, 0x00, 0x00, 0x00, 0x00, 0x00,
    0x00, 0xdf, 0xfc, 0x2f, 0xff, 0x60, 0x00, 0x00,
    0x00, 0x00, 0x00, 0x00, 0xbf, 0xfd, 0x2f, 0xff,
    0x60, 0x00, 0x00, 0x00, 0x00, 0x00, 0x00, 0xbf,
    0xfd, 0x0f, 0xff, 0x80, 0x00, 0x00, 0x00, 0x00,
    0x00, 0x00, 0xdf, 0xfc, 0x0d, 0xff, 0xd0, 0x00,
    0x00, 0x00, 0x00, 0x00, 0x02, 0xff, 0xf9, 0x08,
    0xff, 0xf5, 0x00, 0x00, 0x00, 0x00, 0x00, 0x0a,
    0xff, 0xf4, 0x02, 0xff, 0xff, 0x30, 0x00, 0x00,
    0x00, 0x00, 0x6f, 0xff, 0xd0, 0x00, 0x8f, 0xff,
    0xf6, 0x00, 0x00, 0x00, 0x19, 0xff, 0xff, 0x40,
    0x00, 0x0c, 0xff, 0xff, 0xea, 0x76, 0x8b, 0xff,
    0xff, 0xf7, 0x00, 0x00, 0x01, 0xbf, 0xff, 0xff,
    0xff, 0xff, 0xff, 0xff, 0x70, 0x00, 0x00, 0x00,
    0x06, 0xef, 0xff, 0xff, 0xff, 0xff, 0xc4, 0x00,
    0x00, 0x00, 0x00, 0x00, 0x05, 0xad, 0xef, 0xec,
    0x84, 0x00, 0x00, 0x00,

    /* U+00D6 "Ö" */
    0x00, 0x00, 0x00, 0x01, 0x30, 0x00, 0x01, 0x30,
    0x00, 0x00, 0x00, 0x00, 0x00, 0x00, 0x3e, 0xfe,
    0x10, 0x5f, 0xfc, 0x00, 0x00, 0x00, 0x00, 0x00,
    0x00, 0x9f, 0xff, 0x70, 0xcf, 0xff, 0x40, 0x00,
    0x00, 0x00, 0x00, 0x00, 0x8f, 0xff, 0x60, 0xbf,
    0xff, 0x30, 0x00, 0x00, 0x00, 0x00, 0x00, 0x1c,
    0xfa, 0x00, 0x2d, 0xf8, 0x00, 0x00, 0x00, 0x00,
    0x00, 0x00, 0x00, 0x00, 0x00, 0x00, 0x00, 0x00,
    0x00, 0x00, 0x00, 0x00, 0x00, 0x00, 0x00, 0x00,
    0x00, 0x00, 0x00, 0x00, 0x00, 0x00, 0x00, 0x00,
    0x00, 0x00, 0x00, 0x00, 0x00, 0x00, 0x00, 0x00,
    0x00, 0x00, 0x00, 0x05, 0x9d, 0xef, 0xec, 0x83,
    0x00, 0x00, 0x00, 0x00, 0x00, 0x06, 0xef, 0xff,
    0xff, 0xff, 0xff, 0xc4, 0x00, 0x00, 0x00, 0x01,
    0xbf, 0xff, 0xff, 0xff, 0xff, 0xff, 0xff, 0x70,
    0x00, 0x00, 0x0c, 0xff, 0xff, 0xea, 0x76, 0x8a,
    0xff, 0xff, 0xf8, 0x00, 0x00, 0x9f, 0xff, 0xf6,
    0x00, 0x00, 0x00, 0x19, 0xff, 0xff, 0x40, 0x02,
    0xff, 0xff, 0x30, 0x00, 0x00, 0x00, 0x00, 0x6f,
    0xff, 0xd0, 0x09, 0xff, 0xf5, 0x00, 0x00, 0x00,
    0x00, 0x00, 0x09, 0xff, 0xf4, 0x0d, 0xff, 0xd0,
    0x00, 0x00, 0x00, 0x00, 0x00, 0x02, 0xff, 0xf9,
    0x0f, 0xff, 0x80, 0x00, 0x00, 0x00, 0x00, 0x00,
    0x00, 0xdf, 0xfc, 0x2f, 0xff, 0x60, 0x00, 0x00,
    0x00, 0x00, 0x00, 0x00, 0xbf, 0xfd, 0x2f, 0xff,
    0x60, 0x00, 0x00, 0x00, 0x00, 0x00, 0x00, 0xbf,
    0xfd, 0x0f, 0xff, 0x80, 0x00, 0x00, 0x00, 0x00,
    0x00, 0x00, 0xdf, 0xfc, 0x0d, 0xff, 0xd0, 0x00,
    0x00, 0x00, 0x00, 0x00, 0x02, 0xff, 0xf9, 0x08,
    0xff, 0xf5, 0x00, 0x00, 0x00, 0x00, 0x00, 0x0a,
    0xff, 0xf4, 0x02, 0xff, 0xff, 0x30, 0x00, 0x00,
    0x00, 0x00, 0x6f, 0xff, 0xd0, 0x00, 0x8f, 0xff,
    0xf6, 0x00, 0x00, 0x00, 0x19, 0xff, 0xff, 0x40,
    0x00, 0x0c, 0xff, 0xff, 0xea, 0x76, 0x8b, 0xff,
    0xff, 0xf7, 0x00, 0x00, 0x01, 0xbf, 0xff, 0xff,
    0xff, 0xff, 0xff, 0xff, 0x70, 0x00, 0x00, 0x00,
    0x06, 0xef, 0xff, 0xff, 0xff, 0xff, 0xc4, 0x00,
    0x00, 0x00, 0x00, 0x00, 0x05, 0xad, 0xef, 0xec,
    0x84, 0x00, 0x00, 0x00,

    /* U+00D7 "×" */
    0x01, 0xb2, 0x00, 0x00, 0x00, 0x1b, 0x20, 0x1d,
    0xfe, 0x20, 0x00, 0x01, 0xdf, 0xe2, 0x5f, 0xff,
    0xe2, 0x00, 0x1d, 0xff, 0xf7, 0x06, 0xff, 0xfe,
    0x21, 0xdf, 0xff, 0x80, 0x00, 0x6f, 0xff, 0xff,
    0xff, 0xf8, 0x00, 0x00, 0x06, 0xff, 0xff, 0xff,
    0x80, 0x00, 0x00, 0x00, 0x8f, 0xff, 0xfa, 0x00,
    0x00, 0x00, 0x01, 0xdf, 0xff, 0xfe, 0x20, 0x00,
    0x00, 0x1d, 0xff, 0xff, 0xff, 0xe2, 0x00, 0x01,
    0xdf, 0xff, 0x86, 0xff, 0xfe, 0x20, 0x1d, 0xff,
    0xf8, 0x00, 0x6f, 0xff, 0xe2, 0x6f, 0xff, 0x80,
    0x00, 0x06, 0xff, 0xf8, 0x07, 0xf8, 0x00, 0x00,
    0x00, 0x7f, 0x90, 0x00, 0x40, 0x00, 0x00, 0x00,
    0x04, 0x00,

    /* U+00D8 "Ø" */
    0x00, 0x00, 0x00, 0x00, 0x00, 0x00, 0x00, 0x00,
    0x01, 0xb2, 0x00, 0x00, 0x00, 0x00, 0x05, 0x9d,
    0xef, 0xec, 0x83, 0x0c, 0xff, 0x50, 0x00, 0x00,
    0x06, 0xef, 0xff, 0xff, 0xff, 0xff, 0xff, 0xff,
    0x40, 0x00, 0x01, 0xbf, 0xff, 0xff, 0xff, 0xff,
    0xff, 0xff, 0xf6, 0x00, 0x00, 0x0c, 0xff, 0xff,
    0xea, 0x76, 0x8a, 0xff, 0xff, 0xf8, 0x00, 0x00,
    0x9f, 0xff, 0xf6, 0x00, 0x00, 0x03, 0xff, 0xff,
    0xff, 0x40, 0x02, 0xff, 0xff, 0x30, 0x00, 0x00,
    0x1e, 0xff, 0xff, 0xff, 0xd0, 0x09, 0xff, 0xf5,
    0x00, 0x00, 0x00, 0xdf, 0xfe, 0x29, 0xff, 0xf4,
    0x0d, 0xff, 0xd0, 0x00, 0x00, 0x0b, 0xff, 0xf4,
    0x02, 0xff, 0xf9, 0x0f, 0xff, 0x80, 0x00, 0x00,
    0x8f, 0xff, 0x60, 0x00, 0xdf, 0xfc, 0x2f, 0xff,
    0x60, 0x00, 0x05, 0xff, 0xf9, 0x00, 0x00, 0xbf,
    0xfd, 0x2f, 0xff, 0x60, 0x00, 0x3f, 0xff, 0xb0,
    0x00, 0x00, 0xbf, 0xfd, 0x0f, 0xff, 0x80, 0x02,
    0xef, 0xfd, 0x10, 0x00, 0x00, 0xdf, 0xfc, 0x0d,
    0xff, 0xd0, 0x0d, 0xff, 0xf2, 0x00, 0x00, 0x02,
    0xff, 0xf9, 0x08, 0xff, 0xf5, 0xbf, 0xff, 0x40,
    0x00, 0x00, 0x0a, 0xff, 0xf4, 0x02, 0xff, 0xff,
    0xff, 0xf6, 0x00, 0x00, 0x00, 0x6f, 0xff, 0xd0,
    0x00, 0x8f, 0xff, 0xff, 0xa0, 0x00, 0x00, 0x19,
    0xff, 0xff, 0x40, 0x00, 0x0f, 0xff, 0xff, 0xfa,
    0x76, 0x8b, 0xff, 0xff, 0xf7, 0x00, 0x00, 0x2f,
    0xff, 0xff, 0xff, 0xff, 0xff, 0xff, 0xff, 0x70,
    0x00, 0x00, 0xdf, 0xff, 0xff, 0xff, 0xff, 0xff,
    0xff, 0xc4, 0x00, 0x00, 0x01, 0xbf, 0xf4, 0x05,
    0xad, 0xef, 0xec, 0x84, 0x00, 0x00, 0x00, 0x00,
    0x07, 0x60, 0x00, 0x00, 0x00, 0x00, 0x00, 0x00,
    0x00, 0x00,

    /* U+00D9 "Ù" */
    0x00, 0x00, 0x00, 0x00, 0x00, 0x00, 0x00, 0x00,
    0x00, 0x00, 0x03, 0xc1, 0x00, 0x00, 0x00, 0x00,
    0x00, 0x00, 0x01, 0xef, 0xe2, 0x00, 0x00, 0x00,
    0x00, 0x00, 0x00, 0x07, 0xff, 0xe3, 0x00, 0x00,
    0x00, 0x00, 0x00, 0x00, 0x06, 0xff, 0xf4, 0x00,
    0x00, 0x00, 0x00, 0x00, 0x00, 0x05, 0xff, 0xb0,
    0x00, 0x00, 0x00, 0x00, 0x00, 0x00, 0x04, 0xb0,
    0x00, 0x00, 0x00, 0x00, 0x00, 0x00, 0x00, 0x00,
    0x00, 0x00, 0x00, 0x00, 0x00, 0x00, 0x00, 0x00,
    0x00, 0x00, 0x00, 0x00, 0x0d, 0xff, 0xa0, 0x00,
    0x00, 0x00, 0x03, 0xff, 0xf4, 0xdf, 0xfa, 0x00,
    0x00, 0x00, 0x00, 0x3f, 0xff, 0x4d, 0xff, 0xa0,
    0x00, 0x00, 0x00, 0x03, 0xff, 0xf4, 0xdf, 0xfa,
    0x00, 0x00, 0x00, 0x00, 0x3f, 0xff, 0x4d, 0xff,
    0xa0, 0x00, 0x00, 0x00, 0x03, 0xff, 0xf4, 0xdf,
    0xfa, 0x00, 0x00, 0x00, 0x00, 0x3f, 0xff, 0x4d,
    0xff, 0xa0, 0x00, 0x00, 0x00, 0x03, 0xff, 0xf4,
    0xdf, 0xfa, 0x00, 0x00, 0x00, 0x00, 0x3f, 0xff,
    0x4d, 0xff, 0xa0, 0x00, 0x00, 0x00, 0x03, 0xff,
    0xf4, 0xdf, 0xfa, 0x00, 0x00, 0x00, 0x00, 0x3f,
    0xff, 0x4d, 0xff, 0xa0, 0x00, 0x00, 0x00, 0x03,
    0xff, 0xf4, 0xdf, 0xfa, 0x00, 0x00, 0x00, 0x00,
    0x3f, 0xff, 0x4c, 0xff, 0xb0, 0x00, 0x00, 0x00,
    0x04, 0xff, 0xf3, 0xbf, 0xfe, 0x00, 0x00, 0x00,
    0x00, 0x7f, 0xff, 0x18, 0xff, 0xf4, 0x00, 0x00,
    0x00, 0x0d, 0xff, 0xf0, 0x3f, 0xff, 0xe2, 0x00,
    0x00, 0x09, 0xff, 0xf9, 0x00, 0xbf, 0xff, 0xfa,
    0x66, 0x8d, 0xff, 0xff, 0x30, 0x01, 0xef, 0xff,
    0xff, 0xff, 0xff, 0xff, 0x70, 0x00, 0x02, 0xcf,
    0xff, 0xff, 0xff, 0xff, 0x60, 0x00, 0x00, 0x00,
    0x4a, 0xde, 0xfe, 0xb6, 0x10, 0x00, 0x00,

    /* U+00DA "Ú" */
    0x00, 0x00, 0x00, 0x00, 0x00, 0x00, 0x00, 0x00,
    0x00, 0x00, 0x00, 0x00, 0x00, 0x0a, 0x60, 0x00,
    0x00, 0x00, 0x00, 0x00, 0x00, 0x0b, 0xff, 0x50,
    0x00, 0x00, 0x00, 0x00, 0x00, 0x1c, 0xff, 0xb0,
    0x00, 0x00, 0x00, 0x00, 0x00, 0x1d, 0xff, 0xa0,
    0x00, 0x00, 0x00, 0x00, 0x00, 0x07, 0xff, 0x90,
    0x00, 0x00, 0x00, 0x00, 0x00, 0x00, 0x08, 0x80,
    0x00, 0x00, 0x00, 0x00, 0x00, 0x00, 0x00, 0x00,
    0x00, 0x00, 0x00, 0x00, 0x00, 0x00, 0x00, 0x00,
    0x00, 0x00, 0x00, 0x00, 0x0d, 0xff, 0xa0, 0x00,
    0x00, 0x00, 0x03, 0xff, 0xf4, 0xdf, 0xfa, 0x00,
    0x00, 0x00, 0x00, 0x3f, 0xff, 0x4d, 0xff, 0xa0,
    0x00, 0x00, 0x00, 0x03, 0xff, 0xf4, 0xdf, 0xfa,
    0x00, 0x00, 0x00, 0x00, 0x3f, 0xff, 0x4d, 0xff,
    0xa0, 0x00, 0x00, 0x00, 0x03, 0xff, 0xf4, 0xdf,
    0xfa, 0x00, 0x00, 0x00, 0x00, 0x3f, 0xff, 0x4d,
    0xff, 0xa0, 0x00, 0x00, 0x00, 0x03, 0xff, 0xf4,
    0xdf, 0xfa, 0x00, 0x00, 0x00, 0x00, 0x3f, 0xff,
    0x4d, 0xff, 0xa0, 0x00, 0x00, 0x00, 0x03, 0xff,
    0xf4, 0xdf, 0xfa, 0x00, 0x00, 0x00, 0x00, 0x3f,
    0xff, 0x4d, 0xff, 0xa0, 0x00, 0x00, 0x00, 0x03,
    0xff, 0xf4, 0xdf, 0xfa, 0x00, 0x00, 0x00, 0x00,
    0x3f, 0xff, 0x4c, 0xff, 0xb0, 0x00, 0x00, 0x00,
    0x04, 0xff, 0xf3, 0xbf, 0xfe, 0x00, 0x00, 0x00,
    0x00, 0x7f, 0xff, 0x18, 0xff, 0xf4, 0x00, 0x00,
    0x00, 0x0d, 0xff, 0xf0, 0x3f, 0xff, 0xe2, 0x00,
    0x00, 0x09, 0xff, 0xf9, 0x00, 0xbf, 0xff, 0xfa,
    0x66, 0x8d, 0xff, 0xff, 0x30, 0x01, 0xef, 0xff,
    0xff, 0xff, 0xff, 0xff, 0x70, 0x00, 0x02, 0xcf,
    0xff, 0xff, 0xff, 0xff, 0x60, 0x00, 0x00, 0x00,
    0x4a, 0xde, 0xfe, 0xb6, 0x10, 0x00, 0x00,

    /* U+00DB "Û" */
    0x00, 0x00, 0x00, 0x03, 0x80, 0x00, 0x00, 0x00,
    0x00, 0x00, 0x00, 0x03, 0xff, 0x80, 0x00, 0x00,
    0x00, 0x00, 0x00, 0x03, 0xff, 0xff, 0x70, 0x00,
    0x00, 0x00, 0x00, 0x03, 0xef, 0xff, 0xff, 0x70,
    0x00, 0x00, 0x00, 0x00, 0xef, 0xf4, 0x2e, 0xff,
    0x50, 0x00, 0x00, 0x00, 0x05, 0xf5, 0x00, 0x3f,
    0xc0, 0x00, 0x00, 0x00, 0x00, 0x01, 0x00, 0x00,
    0x41, 0x00, 0x00, 0x00, 0x00, 0x00, 0x00, 0x00,
    0x00, 0x00, 0x00, 0x00, 0x00, 0x00, 0x00, 0x00,
    0x00, 0x00, 0x00, 0x00, 0x0d, 0xff, 0xa0, 0x00,
    0x00, 0x00, 0x03, 0xff, 0xf4, 0xdf, 0xfa, 0x00,
    0x00, 0x00, 0x00, 0x3f, 0xff, 0x4d, 0xff, 0xa0,
    0x00, 0x00, 0x00, 0x03, 0xff, 0xf4, 0xdf, 0xfa,
    0x00, 0x00, 0x00, 0x00, 0x3f, 0xff, 0x4d, 0xff,
    0xa0, 0x00, 0x00, 0x00, 0x03, 0xff, 0xf4, 0xdf,
    0xfa, 0x00, 0x00, 0x00, 0x00, 0x3f, 0xff, 0x4d,
    0xff, 0xa0, 0x00, 0x00, 0x00, 0x03, 0xff, 0xf4,
    0xdf, 0xfa, 0x00, 0x00, 0x00, 0x00, 0x3f, 0xff,
    0x4d, 0xff, 0xa0, 0x00, 0x00, 0x00, 0x03, 0xff,
    0xf4, 0xdf, 0xfa, 0x00, 0x00, 0x00, 0x00, 0x3f,
    0xff, 0x4d, 0xff, 0xa0, 0x00, 0x00, 0x00, 0x03,
    0xff, 0xf4, 0xdf, 0xfa, 0x00, 0x00, 0x00, 0x00,
    0x3f, 0xff, 0x4c, 0xff, 0xb0, 0x00, 0x00, 0x00,
    0x04, 0xff, 0xf3, 0xbf, 0xfe, 0x00, 0x00, 0x00,
    0x00, 0x7f, 0xff, 0x18, 0xff, 0xf4, 0x00, 0x00,
    0x00, 0x0d, 0xff, 0xf0, 0x3f, 0xff, 0xe2, 0x00,
    0x00, 0x09, 0xff, 0xf9, 0x00, 0xbf, 0xff, 0xfa,
    0x66, 0x8d, 0xff, 0xff, 0x30, 0x01, 0xef, 0xff,
    0xff, 0xff, 0xff, 0xff, 0x70, 0x00, 0x02, 0xcf,
    0xff, 0xff, 0xff, 0xff, 0x60, 0x00, 0x00, 0x00,
    0x4a, 0xde, 0xfe, 0xb6, 0x10, 0x00, 0x00,

    /* U+00DC "Ü" */
    0x00, 0x00, 0x13, 0x00, 0x00, 0x23, 0x00, 0x00,
    0x00, 0x00, 0x4f, 0xfd, 0x00, 0x7f, 0xfa, 0x00,
    0x00, 0x00, 0x0b, 0xff, 0xf5, 0x0e, 0xff, 0xf2,
    0x00, 0x00, 0x00, 0xbf, 0xff, 0x40, 0xdf, 0xff,
    0x10, 0x00, 0x00, 0x02, 0xdf, 0x90, 0x04, 0xee,
    0x60, 0x00, 0x00, 0x00, 0x00, 0x00, 0x00, 0x00,
    0x00, 0x00, 0x00, 0x00, 0x00, 0x00, 0x00, 0x00,
    0x00, 0x00, 0x00, 0x00, 0x00, 0x00, 0x00, 0x00,
    0x00, 0x00, 0x00, 0x00, 0xdf, 0xfa, 0x00, 0x00,
    0x00, 0x00, 0x3f, 0xff, 0x4d, 0xff, 0xa0, 0x00,
    0x00, 0x00, 0x03, 0xff, 0xf4, 0xdf, 0xfa, 0x00,
    0x00, 0x00, 0x00, 0x3f, 0xff, 0x4d, 0xff, 0xa0,
    0x00, 0x00, 0x00, 0x03, 0xff, 0xf4, 0xdf, 0xfa,
    0x00, 0x00, 0x00, 0x00, 0x3f, 0xff, 0x4d, 0xff,
    0xa0, 0x00, 0x00, 0x00, 0x03, 0xff, 0xf4, 0xdf,
    0xfa, 0x00, 0x00, 0x00, 0x00, 0x3f, 0xff, 0x4d,
    0xff, 0xa0, 0x00, 0x00, 0x00, 0x03, 0xff, 0xf4,
    0xdf, 0xfa, 0x00, 0x00, 0x00, 0x00, 0x3f, 0xff,
    0x4d, 0xff, 0xa0, 0x00, 0x00, 0x00, 0x03, 0xff,
    0xf4, 0xdf, 0xfa, 0x00, 0x00, 0x00, 0x00, 0x3f,
    0xff, 0x4d, 0xff, 0xa0, 0x00, 0x00, 0x00, 0x03,
    0xff, 0xf4, 0xcf, 0xfb, 0x00, 0x00, 0x00, 0x00,
    0x4f, 0xff, 0x3b, 0xff, 0xe0, 0x00, 0x00, 0x00,
    0x07, 0xff, 0xf1, 0x8f, 0xff, 0x40, 0x00, 0x00,
    0x00, 0xdf, 0xff, 0x03, 0xff, 0xfe, 0x20, 0x00,
    0x00, 0x9f, 0xff, 0x90, 0x0b, 0xff, 0xff, 0xa6,
    0x68, 0xdf, 0xff, 0xf3, 0x00, 0x1e, 0xff, 0xff,
    0xff, 0xff, 0xff, 0xf7, 0x00, 0x00, 0x2c, 0xff,
    0xff, 0xff, 0xff, 0xf6, 0x00, 0x00, 0x00, 0x04,
    0xad, 0xef, 0xeb, 0x61, 0x00, 0x00,

    /* U+00DD "Ý" */
    0x00, 0x00, 0x00, 0x00, 0x00, 0x00, 0x00, 0x00,
    0x00, 0x00, 0x00, 0x00, 0x00, 0x00, 0x00, 0x5b,
    0x00, 0x00, 0x00, 0x00, 0x00, 0x00, 0x00, 0x00,
    0x6f, 0xfa, 0x00, 0x00, 0x00, 0x00, 0x00, 0x00,
    0x00, 0x8f, 0xfe, 0x30, 0x00, 0x00, 0x00, 0x00,
    0x00, 0x00, 0x9f, 0xfe, 0x20, 0x00, 0x00, 0x00,
    0x00, 0x00, 0x00, 0x2f, 0xfd, 0x10, 0x00, 0x00,
    0x00, 0x00, 0x00, 0x00, 0x00, 0x3b, 0x10, 0x00,
    0x00, 0x00, 0x00, 0x00, 0x00, 0x00, 0x00, 0x00,
    0x00, 0x00, 0x00, 0x00, 0x00, 0x00, 0x00, 0x00,
    0x00, 0x00, 0x00, 0x00, 0x00, 0x00, 0xcf, 0xff,
    0x10, 0x00, 0x00, 0x00, 0x0e, 0xff, 0xd0, 0x03,
    0xff, 0xf9, 0x00, 0x00, 0x00, 0x07, 0xff, 0xf5,
    0x00, 0x0b, 0xff, 0xf2, 0x00, 0x00, 0x00, 0xef,
    0xfc, 0x00, 0x00, 0x2f, 0xff, 0xa0, 0x00, 0x00,
    0x7f, 0xff, 0x40, 0x00, 0x00, 0xaf, 0xff, 0x20,
    0x00, 0x1e, 0xff, 0xb0, 0x00, 0x00, 0x02, 0xff,
    0xfa, 0x00, 0x08, 0xff, 0xf3, 0x00, 0x00, 0x00,
    0x09, 0xff, 0xf2, 0x01, 0xff, 0xfa, 0x00, 0x00,
    0x00, 0x00, 0x1f, 0xff, 0xa0, 0x8f, 0xff, 0x20,
    0x00, 0x00, 0x00, 0x00, 0x8f, 0xff, 0x4f, 0xff,
    0x90, 0x00, 0x00, 0x00, 0x00, 0x00, 0xef, 0xff,
    0xff, 0xf1, 0x00, 0x00, 0x00, 0x00, 0x00, 0x07,
    0xff, 0xff, 0xf8, 0x00, 0x00, 0x00, 0x00, 0x00,
    0x00, 0x0f, 0xff, 0xff, 0x00, 0x00, 0x00, 0x00,
    0x00, 0x00, 0x00, 0x8f, 0xff, 0xa0, 0x00, 0x00,
    0x00, 0x00, 0x00, 0x00, 0x03, 0xff, 0xf5, 0x00,
    0x00, 0x00, 0x00, 0x00, 0x00, 0x00, 0x3f, 0xff,
    0x40, 0x00, 0x00, 0x00, 0x00, 0x00, 0x00, 0x03,
    0xff, 0xf4, 0x00, 0x00, 0x00, 0x00, 0x00, 0x00,
    0x00, 0x3f, 0xff, 0x40, 0x00, 0x00, 0x00, 0x00,
    0x00, 0x00, 0x03, 0xff, 0xf4, 0x00, 0x00, 0x00,
    0x00, 0x00, 0x00, 0x00, 0x3f, 0xff, 0x40, 0x00,
    0x00, 0x00, 0x00, 0x00, 0x00, 0x03, 0xff, 0xf4,
    0x00, 0x00, 0x00, 0x00,

    /* U+00DE "Þ" */
    0xbf, 0xfc, 0x00, 0x00, 0x00, 0x00, 0x00, 0x0b,
    0xff, 0xc0, 0x00, 0x00, 0x00, 0x00, 0x00, 0xbf,
    0xff, 0x44, 0x44, 0x30, 0x00, 0x00, 0x0b, 0xff,
    0xff, 0xff, 0xff, 0xfb, 0x30, 0x00, 0xbf, 0xff,
    0xff, 0xff, 0xff, 0xff, 0x70, 0x0b, 0xff, 0xff,
    0xff, 0xff, 0xff, 0xff, 0x50, 0xbf, 0xfc, 0x00,
    0x00, 0x3a, 0xff, 0xfe, 0x0b, 0xff, 0xc0, 0x00,
    0x00, 0x08, 0xff, 0xf6, 0xbf, 0xfc, 0x00, 0x00,
    0x00, 0x0f, 0xff, 0x9b, 0xff, 0xc0, 0x00, 0x00,
    0x00, 0xdf, 0xfb, 0xbf, 0xfc, 0x00, 0x00, 0x00,
    0x0e, 0xff, 0xbb, 0xff, 0xc0, 0x00, 0x00, 0x02,
    0xff, 0xf9, 0xbf, 0xfc, 0x00, 0x00, 0x01, 0xcf,
    0xff, 0x4b, 0xff, 0xf5, 0x55, 0x68, 0xef, 0xff,
    0xd0, 0xbf, 0xff, 0xff, 0xff, 0xff, 0xff, 0xf2,
    0x0b, 0xff, 0xff, 0xff, 0xff, 0xff, 0xe3, 0x00,
    0xbf, 0xff, 0xff, 0xff, 0xec, 0x60, 0x00, 0x0b,
    0xff, 0xc0, 0x00, 0x00, 0x00, 0x00, 0x00, 0xbf,
    0xfc, 0x00, 0x00, 0x00, 0x00, 0x00, 0x0b, 0xff,
    0xc0, 0x00, 0x00, 0x00, 0x00, 0x00,

    /* U+00DF "ß" */
    0x00, 0x00, 0x6c, 0xef, 0xeb, 0x60, 0x00, 0x00,
    0x00, 0x3d, 0xff, 0xff, 0xff, 0xfd, 0x10, 0x00,
    0x01, 0xef, 0xff, 0xff, 0xff, 0xff, 0xd0, 0x00,
    0x09, 0xff, 0xfe, 0x75, 0x8e, 0xff, 0xf5, 0x00,
    0x0f, 0xff, 0xd0, 0x00, 0x04, 0xff, 0xf8, 0x00,
    0x2f, 0xff, 0x60, 0x00, 0x03, 0xff, 0xf6, 0x00,
    0x3f, 0xff, 0x40, 0x00, 0x1d, 0xff, 0xe0, 0x00,
    0x4f, 0xff, 0x30, 0x01, 0xdf, 0xfe, 0x20, 0x00,
    0x4f, 0xff, 0x30, 0x0b, 0xff, 0xe2, 0x00, 0x00,
    0x4f, 0xff, 0x30, 0x0f, 0xff, 0x80, 0x00, 0x00,
    0x4f, 0xff, 0x30, 0x0d, 0xff, 0xd1, 0x00, 0x00,
    0x4f, 0xff, 0x30, 0x05, 0xff, 0xfe, 0x30, 0x00,
    0x4f, 0xff, 0x30, 0x00, 0x5f, 0xff, 0xf6, 0x00,
    0x4f, 0xff, 0x30, 0x00, 0x02, 0xcf, 0xff, 0x50,
    0x4f, 0xff, 0x30, 0x00, 0x00, 0x0a, 0xff, 0xe0,
    0x4f, 0xff, 0x30, 0x26, 0x00, 0x02, 0xff, 0xf2,
    0x4f, 0xff, 0x35, 0xff, 0x60, 0x06, 0xff, 0xf2,
    0x4f, 0xff, 0x38, 0xff, 0xff, 0xef, 0xff, 0xe0,
    0x4f, 0xff, 0x30, 0x9f, 0xff, 0xff, 0xff, 0x40,
    0x4f, 0xff, 0x30, 0x04, 0xae, 0xfe, 0xa2, 0x00,

    /* U+00E0 "à" */
    0x00, 0x00, 0x71, 0x00, 0x00, 0x00, 0x00, 0x00,
    0x08, 0xfd, 0x10, 0x00, 0x00, 0x00, 0x00, 0x09,
    0xff, 0xd2, 0x00, 0x00, 0x00, 0x00, 0x00, 0x8f,
    0xfe, 0x20, 0x00, 0x00, 0x00, 0x00, 0x07, 0xff,
    0xe1, 0x00, 0x00, 0x00, 0x00, 0x00, 0x5f, 0x60,
    0x00, 0x00, 0x00, 0x00, 0x00, 0x01, 0x00, 0x00,
    0x00, 0x00, 0x00, 0x00, 0x00, 0x00, 0x00, 0x00,
    0x00, 0x04, 0x9c, 0xef, 0xeb, 0x60, 0x00, 0x00,
    0xbf, 0xff, 0xff, 0xff, 0xfb, 0x00, 0x00, 0x6f,
    0xff, 0xff, 0xff, 0xff, 0x80, 0x00, 0x09, 0x41,
    0x00, 0x4e, 0xff, 0xf0, 0x00, 0x00, 0x00, 0x00,
    0x05, 0xff, 0xf3, 0x00, 0x05, 0xbe, 0xfd, 0xa5,
    0xff, 0xf4, 0x00, 0xaf, 0xff, 0xff, 0xff, 0xff,
    0xf4, 0x06, 0xff, 0xff, 0xfe, 0xff, 0xff, 0xf4,
    0x0d, 0xff, 0xf4, 0x00, 0x2e, 0xff, 0xf4, 0x0f,
    0xff, 0x90, 0x00, 0x04, 0xff, 0xf4, 0x0f, 0xff,
    0x90, 0x00, 0x04, 0xff, 0xf4, 0x0e, 0xff, 0xf4,
    0x00, 0x2d, 0xff, 0xf4, 0x07, 0xff, 0xff, 0xfe,
    0xff, 0xff, 0xf4, 0x00, 0xbf, 0xff, 0xff, 0xff,
    0xff, 0xf4, 0x00, 0x06, 0xbe, 0xfd, 0x92, 0x8f,
    0xf4,

    /* U+00E1 "á" */
    0x00, 0x00, 0x00, 0x00, 0x02, 0x50, 0x00, 0x00,
    0x00, 0x00, 0x00, 0x3e, 0xf5, 0x00, 0x00, 0x00,
    0x00, 0x04, 0xff, 0xf6, 0x00, 0x00, 0x00, 0x00,
    0x5f, 0xff, 0x50, 0x00, 0x00, 0x00, 0x04, 0xff,
    0xf4, 0x00, 0x00, 0x00, 0x00, 0x00, 0x9e, 0x30,
    0x00, 0x00, 0x00, 0x00, 0x00, 0x01, 0x00, 0x00,
    0x00, 0x00, 0x00, 0x00, 0x00, 0x00, 0x00, 0x00,
    0x00, 0x04, 0x9c, 0xef, 0xeb, 0x60, 0x00, 0x00,
    0xbf, 0xff, 0xff, 0xff, 0xfb, 0x00, 0x00, 0x6f,
    0xff, 0xff, 0xff, 0xff, 0x80, 0x00, 0x09, 0x41,
    0x00, 0x4e, 0xff, 0xf0, 0x00, 0x00, 0x00, 0x00,
    0x05, 0xff, 0xf3, 0x00, 0x05, 0xbe, 0xfd, 0xa5,
    0xff, 0xf4, 0x00, 0xaf, 0xff, 0xff, 0xff, 0xff,
    0xf4, 0x06, 0xff, 0xff, 0xfe, 0xff, 0xff, 0xf4,
    0x0d, 0xff, 0xf4, 0x00, 0x2e, 0xff, 0xf4, 0x0f,
    0xff, 0x90, 0x00, 0x04, 0xff, 0xf4, 0x0f, 0xff,
    0x90, 0x00, 0x04, 0xff, 0xf4, 0x0e, 0xff, 0xf4,
    0x00, 0x2d, 0xff, 0xf4, 0x07, 0xff, 0xff, 0xfe,
    0xff, 0xff, 0xf4, 0x00, 0xbf, 0xff, 0xff, 0xff,
    0xff, 0xf4, 0x00, 0x06, 0xbe, 0xfd, 0x92, 0x8f,
    0xf4,

    /* U+00E2 "â" */
    0x00, 0x00, 0x00, 0x02, 0x00, 0x00, 0x00, 0x00,
    0x00, 0x00, 0x8f, 0x50, 0x00, 0x00, 0x00, 0x00,
    0x09, 0xff, 0xf6, 0x00, 0x00, 0x00, 0x00, 0xaf,
    0xff, 0xff, 0x70, 0x00, 0x00, 0x0a, 0xff, 0xb2,
    0xdf, 0xf7, 0x00, 0x00, 0x04, 0xfb, 0x00, 0x1c,
    0xd2, 0x00, 0x00, 0x00, 0x30, 0x00, 0x00, 0x10,
    0x00, 0x00, 0x00, 0x00, 0x00, 0x00, 0x00, 0x00,
    0x00, 0x04, 0x9c, 0xef, 0xeb, 0x60, 0x00, 0x00,
    0xbf, 0xff, 0xff, 0xff, 0xfb, 0x00, 0x00, 0x6f,
    0xff, 0xff, 0xff, 0xff, 0x80, 0x00, 0x09, 0x41,
    0x00, 0x4e, 0xff, 0xf0, 0x00, 0x00, 0x00, 0x00,
    0x05, 0xff, 0xf3, 0x00, 0x05, 0xbe, 0xfd, 0xa5,
    0xff, 0xf4, 0x00, 0xaf, 0xff, 0xff, 0xff, 0xff,
    0xf4, 0x06, 0xff, 0xff, 0xfe, 0xff, 0xff, 0xf4,
    0x0d, 0xff, 0xf4, 0x00, 0x2e, 0xff, 0xf4, 0x0f,
    0xff, 0x90, 0x00, 0x04, 0xff, 0xf4, 0x0f, 0xff,
    0x90, 0x00, 0x04, 0xff, 0xf4, 0x0e, 0xff, 0xf4,
    0x00, 0x2d, 0xff, 0xf4, 0x07, 0xff, 0xff, 0xfe,
    0xff, 0xff, 0xf4, 0x00, 0xbf, 0xff, 0xff, 0xff,
    0xff, 0xf4, 0x00, 0x06, 0xbe, 0xfd, 0x92, 0x8f,
    0xf4,

    /* U+00E3 "ã" */
    0x00, 0x00, 0x79, 0x70, 0x00, 0x33, 0x00, 0x00,
    0x1d, 0xff, 0xfe, 0x41, 0xcf, 0x90, 0x00, 0xaf,
    0xff, 0xff, 0xff, 0xff, 0x80, 0x00, 0x8f, 0xc1,
    0x5e, 0xff, 0xfd, 0x00, 0x00, 0x02, 0x20, 0x00,
    0x79, 0x70, 0x00, 0x00, 0x00, 0x00, 0x00, 0x00,
    0x00, 0x00, 0x00, 0x00, 0x00, 0x00, 0x00, 0x00,
    0x00, 0x00, 0x04, 0x9c, 0xef, 0xeb, 0x60, 0x00,
    0x00, 0xbf, 0xff, 0xff, 0xff, 0xfb, 0x00, 0x00,
    0x6f, 0xff, 0xff, 0xff, 0xff, 0x80, 0x00, 0x09,
    0x41, 0x00, 0x4e, 0xff, 0xf0, 0x00, 0x00, 0x00,
    0x00, 0x05, 0xff, 0xf3, 0x00, 0x05, 0xbe, 0xfd,
    0xa5, 0xff, 0xf4, 0x00, 0xaf, 0xff, 0xff, 0xff,
    0xff, 0xf4, 0x06, 0xff, 0xff, 0xfe, 0xff, 0xff,
    0xf4, 0x0d, 0xff, 0xf4, 0x00, 0x2e, 0xff, 0xf4,
    0x0f, 0xff, 0x90, 0x00, 0x04, 0xff, 0xf4, 0x0f,
    0xff, 0x90, 0x00, 0x04, 0xff, 0xf4, 0x0e, 0xff,
    0xf4, 0x00, 0x2d, 0xff, 0xf4, 0x07, 0xff, 0xff,
    0xfe, 0xff, 0xff, 0xf4, 0x00, 0xbf, 0xff, 0xff,
    0xff, 0xff, 0xf4, 0x00, 0x06, 0xbe, 0xfd, 0x92,
    0x8f, 0xf4,

    /* U+00E4 "ä" */
    0x00, 0x0b, 0xfb, 0x10, 0x1c, 0xf9, 0x00, 0x00,
    0x6f, 0xff, 0x80, 0x9f, 0xff, 0x50, 0x00, 0x7f,
    0xff, 0x90, 0xaf, 0xff, 0x60, 0x00, 0x2e, 0xfe,
    0x20, 0x4f, 0xfd, 0x00, 0x00, 0x00, 0x31, 0x00,
    0x01, 0x30, 0x00, 0x00, 0x04, 0x9c, 0xef, 0xeb,
    0x60, 0x00, 0x00, 0xbf, 0xff, 0xff, 0xff, 0xfb,
    0x00, 0x00, 0x6f, 0xff, 0xff, 0xff, 0xff, 0x80,
    0x00, 0x09, 0x41, 0x00, 0x4e, 0xff, 0xf0, 0x00,
    0x00, 0x00, 0x00, 0x05, 0xff, 0xf3, 0x00, 0x05,
    0xbe, 0xfd, 0xa5, 0xff, 0xf4, 0x00, 0xaf, 0xff,
    0xff, 0xff, 0xff, 0xf4, 0x06, 0xff, 0xff, 0xfe,
    0xff, 0xff, 0xf4, 0x0d, 0xff, 0xf4, 0x00, 0x2e,
    0xff, 0xf4, 0x0f, 0xff, 0x90, 0x00, 0x04, 0xff,
    0xf4, 0x0f, 0xff, 0x90, 0x00, 0x04, 0xff, 0xf4,
    0x0e, 0xff, 0xf4, 0x00, 0x2d, 0xff, 0xf4, 0x07,
    0xff, 0xff, 0xfe, 0xff, 0xff, 0xf4, 0x00, 0xbf,
    0xff, 0xff, 0xff, 0xff, 0xf4, 0x00, 0x06, 0xbe,
    0xfd, 0x92, 0x8f, 0xf4,

    /* U+00E5 "å" */
    0x00, 0x00, 0x04, 0xdf, 0xc4, 0x00, 0x00, 0x00,
    0x00, 0x3f, 0xff, 0xff, 0x20, 0x00, 0x00, 0x00,
    0xbf, 0xb2, 0xcf, 0x90, 0x00, 0x00, 0x00, 0xdf,
    0x50, 0x7f, 0xb0, 0x00, 0x00, 0x00, 0xbf, 0xb2,
    0xcf, 0x90, 0x00, 0x00, 0x00, 0x4f, 0xff, 0xff,
    0x20, 0x00, 0x00, 0x00, 0x05, 0xdf, 0xd4, 0x00,
    0x00, 0x00, 0x00, 0x00, 0x00, 0x00, 0x00, 0x00,
    0x00, 0x00, 0x00, 0x00, 0x00, 0x00, 0x00, 0x00,
    0x04, 0x9c, 0xef, 0xeb, 0x60, 0x00, 0x00, 0xbf,
    0xff, 0xff, 0xff, 0xfb, 0x00, 0x00, 0x6f, 0xff,
    0xff, 0xff, 0xff, 0x80, 0x00, 0x09, 0x41, 0x00,
    0x4e, 0xff, 0xf0, 0x00, 0x00, 0x00, 0x00, 0x05,
    0xff, 0xf3, 0x00, 0x05, 0xbe, 0xfd, 0xa5, 0xff,
    0xf4, 0x00, 0xaf, 0xff, 0xff, 0xff, 0xff, 0xf4,
    0x06, 0xff, 0xff, 0xfe, 0xff, 0xff, 0xf4, 0x0d,
    0xff, 0xf4, 0x00, 0x2e, 0xff, 0xf4, 0x0f, 0xff,
    0x90, 0x00, 0x04, 0xff, 0xf4, 0x0f, 0xff, 0x90,
    0x00, 0x04, 0xff, 0xf4, 0x0e, 0xff, 0xf4, 0x00,
    0x2d, 0xff, 0xf4, 0x07, 0xff, 0xff, 0xfe, 0xff,
    0xff, 0xf4, 0x00, 0xbf, 0xff, 0xff, 0xff, 0xff,
    0xf4, 0x00, 0x06, 0xbe, 0xfd, 0x92, 0x8f, 0xf4,

    /* U+00E6 "æ" */
    0x00, 0x04, 0x9d, 0xff, 0xea, 0x40, 0x05, 0xbe,
    0xfd, 0xa3, 0x00, 0x00, 0x0b, 0xff, 0xff, 0xff,
    0xff, 0x9b, 0xff, 0xff, 0xff, 0xf7, 0x00, 0x00,
    0x6f, 0xff, 0xff, 0xff, 0xff, 0xff, 0xff, 0xff,
    0xff, 0xf5, 0x00, 0x00, 0x94, 0x10, 0x05, 0xff,
    0xff, 0xf8, 0x10, 0x3d, 0xff, 0xe0, 0x00, 0x00,
    0x00, 0x00, 0x07, 0xff, 0xf9, 0x00, 0x00, 0x3f,
    0xff, 0x30, 0x00, 0x5b, 0xef, 0xe9, 0x7f, 0xff,
    0x30, 0x00, 0x00, 0xef, 0xf6, 0x00, 0xaf, 0xff,
    0xff, 0xff, 0xff, 0xff, 0xff, 0xff, 0xff, 0xff,
    0x80, 0x6f, 0xff, 0xff, 0xef, 0xff, 0xff, 0xff,
    0xff, 0xff, 0xff, 0xf8, 0x0d, 0xff, 0xf4, 0x00,
    0x2f, 0xff, 0xf9, 0x88, 0x88, 0x88, 0x88, 0x40,
    0xff, 0xf9, 0x00, 0x00, 0x5f, 0xff, 0x30, 0x00,
    0x00, 0x00, 0x00, 0x0f, 0xff, 0x90, 0x00, 0x04,
    0xff, 0xf9, 0x00, 0x00, 0x07, 0xe5, 0x00, 0xef,
    0xff, 0x40, 0x02, 0xdf, 0xff, 0xf7, 0x00, 0x06,
    0xff, 0xf3, 0x08, 0xff, 0xff, 0xfe, 0xff, 0xff,
    0xff, 0xff, 0xef, 0xff, 0xfa, 0x00, 0x0b, 0xff,
    0xff, 0xff, 0xf8, 0x1b, 0xff, 0xff, 0xff, 0xfa,
    0x00, 0x00, 0x06, 0xce, 0xfe, 0xa4, 0x00, 0x05,
    0xbe, 0xfe, 0xb4, 0x00, 0x00,

    /* U+00E7 "ç" */
    0x00, 0x00, 0x17, 0xce, 0xfe, 0xa4, 0x00, 0x00,
    0x00, 0x5f, 0xff, 0xff, 0xff, 0xfa, 0x00, 0x00,
    0x6f, 0xff, 0xff, 0xff, 0xff, 0xfb, 0x00, 0x2f,
    0xff, 0xfc, 0x76, 0x9f, 0xff, 0xf6, 0x08, 0xff,
    0xf8, 0x00, 0x00, 0x3f, 0xfd, 0x50, 0xdf, 0xfd,
    0x00, 0x00, 0x00, 0x53, 0x00, 0x0f, 0xff, 0x80,
    0x00, 0x00, 0x00, 0x00, 0x01, 0xff, 0xf7, 0x00,
    0x00, 0x00, 0x00, 0x00, 0x0f, 0xff, 0x80, 0x00,
    0x00, 0x00, 0x00, 0x00, 0xdf, 0xfd, 0x00, 0x00,
    0x00, 0x54, 0x00, 0x08, 0xff, 0xf8, 0x00, 0x00,
    0x3f, 0xfd, 0x50, 0x2f, 0xff, 0xfc, 0x76, 0x9f,
    0xff, 0xf6, 0x00, 0x5f, 0xff, 0xff, 0xff, 0xff,
    0xfb, 0x00, 0x00, 0x5f, 0xff, 0xff, 0xff, 0xf9,
    0x00, 0x00, 0x00, 0x17, 0xef, 0xfe, 0xa4, 0x00,
    0x00, 0x00, 0x00, 0x07, 0xfd, 0x00, 0x00, 0x00,
    0x00, 0x00, 0x00, 0xbf, 0xff, 0x60, 0x00, 0x00,
    0x00, 0x00, 0x06, 0x79, 0xff, 0x10, 0x00, 0x00,
    0x00, 0x03, 0x20, 0x1e, 0xf2, 0x00, 0x00, 0x00,
    0x00, 0xdf, 0xff, 0xfd, 0x00, 0x00, 0x00, 0x00,
    0x07, 0xcf, 0xeb, 0x20, 0x00, 0x00,

    /* U+00E8 "è" */
    0x00, 0x00, 0x07, 0x00, 0x00, 0x00, 0x00, 0x00,
    0x00, 0x00, 0xcf, 0xa0, 0x00, 0x00, 0x00, 0x00,
    0x00, 0x01, 0xcf, 0xfb, 0x00, 0x00, 0x00, 0x00,
    0x00, 0x00, 0x0b, 0xff, 0xc0, 0x00, 0x00, 0x00,
    0x00, 0x00, 0x00, 0xbf, 0xfb, 0x00, 0x00, 0x00,
    0x00, 0x00, 0x00, 0x09, 0xe2, 0x00, 0x00, 0x00,
    0x00, 0x00, 0x00, 0x00, 0x10, 0x00, 0x00, 0x00,
    0x00, 0x00, 0x00, 0x00, 0x00, 0x00, 0x00, 0x00,
    0x00, 0x00, 0x18, 0xce, 0xfd, 0xa4, 0x00, 0x00,
    0x00, 0x06, 0xff, 0xff, 0xff, 0xff, 0xa0, 0x00,
    0x00, 0x6f, 0xff, 0xfd, 0xcf, 0xff, 0xfb, 0x00,
    0x02, 0xff, 0xfb, 0x10, 0x00, 0x7f, 0xff, 0x70,
    0x08, 0xff, 0xd0, 0x00, 0x00, 0x09, 0xff, 0xd0,
    0x0d, 0xff, 0xfb, 0xbb, 0xbb, 0xbe, 0xff, 0xf2,
    0x0f, 0xff, 0xff, 0xff, 0xff, 0xff, 0xff, 0xf4,
    0x1f, 0xff, 0xff, 0xff, 0xff, 0xff, 0xff, 0xf5,
    0x0f, 0xff, 0x50, 0x00, 0x00, 0x00, 0x00, 0x00,
    0x0d, 0xff, 0x70, 0x00, 0x00, 0x00, 0x30, 0x00,
    0x08, 0xff, 0xe0, 0x00, 0x00, 0x05, 0xfb, 0x10,
    0x02, 0xff, 0xfc, 0x30, 0x00, 0x7f, 0xff, 0x90,
    0x00, 0x6f, 0xff, 0xff, 0xef, 0xff, 0xfd, 0x00,
    0x00, 0x06, 0xff, 0xff, 0xff, 0xff, 0xc1, 0x00,
    0x00, 0x00, 0x28, 0xde, 0xfd, 0xa4, 0x00, 0x00,

    /* U+00E9 "é" */
    0x00, 0x00, 0x00, 0x00, 0x00, 0x52, 0x00, 0x00,
    0x00, 0x00, 0x00, 0x00, 0x07, 0xfe, 0x20, 0x00,
    0x00, 0x00, 0x00, 0x00, 0x8f, 0xfe, 0x30, 0x00,
    0x00, 0x00, 0x00, 0x09, 0xff, 0xd2, 0x00, 0x00,
    0x00, 0x00, 0x00, 0x8f, 0xfd, 0x10, 0x00, 0x00,
    0x00, 0x00, 0x00, 0x1d, 0xc1, 0x00, 0x00, 0x00,
    0x00, 0x00, 0x00, 0x01, 0x00, 0x00, 0x00, 0x00,
    0x00, 0x00, 0x00, 0x00, 0x00, 0x00, 0x00, 0x00,
    0x00, 0x00, 0x18, 0xce, 0xfd, 0xa4, 0x00, 0x00,
    0x00, 0x06, 0xff, 0xff, 0xff, 0xff, 0xa0, 0x00,
    0x00, 0x6f, 0xff, 0xfd, 0xcf, 0xff, 0xfb, 0x00,
    0x02, 0xff, 0xfb, 0x10, 0x00, 0x7f, 0xff, 0x70,
    0x08, 0xff, 0xd0, 0x00, 0x00, 0x09, 0xff, 0xd0,
    0x0d, 0xff, 0xfb, 0xbb, 0xbb, 0xbe, 0xff, 0xf2,
    0x0f, 0xff, 0xff, 0xff, 0xff, 0xff, 0xff, 0xf4,
    0x1f, 0xff, 0xff, 0xff, 0xff, 0xff, 0xff, 0xf5,
    0x0f, 0xff, 0x50, 0x00, 0x00, 0x00, 0x00, 0x00,
    0x0d, 0xff, 0x70, 0x00, 0x00, 0x00, 0x30, 0x00,
    0x08, 0xff, 0xe0, 0x00, 0x00, 0x05, 0xfb, 0x10,
    0x02, 0xff, 0xfc, 0x30, 0x00, 0x7f, 0xff, 0x90,
    0x00, 0x6f, 0xff, 0xff, 0xef, 0xff, 0xfd, 0x00,
    0x00, 0x06, 0xff, 0xff, 0xff, 0xff, 0xc1, 0x00,
    0x00, 0x00, 0x28, 0xde, 0xfd, 0xa4, 0x00, 0x00,

    /* U+00EA "ê" */
    0x00, 0x00, 0x00, 0x00, 0x10, 0x00, 0x00, 0x00,
    0x00, 0x00, 0x00, 0x0c, 0xe2, 0x00, 0x00, 0x00,
    0x00, 0x00, 0x01, 0xcf, 0xfe, 0x30, 0x00, 0x00,
    0x00, 0x00, 0x1d, 0xff, 0xff, 0xf4, 0x00, 0x00,
    0x00, 0x01, 0xdf, 0xf8, 0x4f, 0xff, 0x30, 0x00,
    0x00, 0x00, 0x8f, 0x70, 0x03, 0xeb, 0x00, 0x00,
    0x00, 0x00, 0x03, 0x00, 0x00, 0x20, 0x00, 0x00,
    0x00, 0x00, 0x00, 0x00, 0x00, 0x00, 0x00, 0x00,
    0x00, 0x00, 0x18, 0xce, 0xfd, 0xa4, 0x00, 0x00,
    0x00, 0x06, 0xff, 0xff, 0xff, 0xff, 0xa0, 0x00,
    0x00, 0x6f, 0xff, 0xfd, 0xcf, 0xff, 0xfb, 0x00,
    0x02, 0xff, 0xfb, 0x10, 0x00, 0x7f, 0xff, 0x70,
    0x08, 0xff, 0xd0, 0x00, 0x00, 0x09, 0xff, 0xd0,
    0x0d, 0xff, 0xfb, 0xbb, 0xbb, 0xbe, 0xff, 0xf2,
    0x0f, 0xff, 0xff, 0xff, 0xff, 0xff, 0xff, 0xf4,
    0x1f, 0xff, 0xff, 0xff, 0xff, 0xff, 0xff, 0xf5,
    0x0f, 0xff, 0x50, 0x00, 0x00, 0x00, 0x00, 0x00,
    0x0d, 0xff, 0x70, 0x00, 0x00, 0x00, 0x30, 0x00,
    0x08, 0xff, 0xe0, 0x00, 0x00, 0x05, 0xfb, 0x10,
    0x02, 0xff, 0xfc, 0x30, 0x00, 0x7f, 0xff, 0x90,
    0x00, 0x6f, 0xff, 0xff, 0xef, 0xff, 0xfd, 0x00,
    0x00, 0x06, 0xff, 0xff, 0xff, 0xff, 0xc1, 0x00,
    0x00, 0x00, 0x28, 0xde, 0xfd, 0xa4, 0x00, 0x00,

    /* U+00EB "ë" */
    0x00, 0x02, 0xdf, 0x80, 0x04, 0xee, 0x60, 0x00,
    0x00, 0x0b, 0xff, 0xf3, 0x0e, 0xff, 0xf0, 0x00,
    0x00, 0x0c, 0xff, 0xf4, 0x0f, 0xff, 0xf1, 0x00,
    0x00, 0x05, 0xff, 0xc0, 0x08, 0xff, 0xa0, 0x00,
    0x00, 0x00, 0x13, 0x00, 0x00, 0x22, 0x00, 0x00,
    0x00, 0x00, 0x18, 0xce, 0xfd, 0xa4, 0x00, 0x00,
    0x00, 0x06, 0xff, 0xff, 0xff, 0xff, 0xa0, 0x00,
    0x00, 0x6f, 0xff, 0xfd, 0xcf, 0xff, 0xfb, 0x00,
    0x02, 0xff, 0xfb, 0x10, 0x00, 0x7f, 0xff, 0x70,
    0x08, 0xff, 0xd0, 0x00, 0x00, 0x09, 0xff, 0xd0,
    0x0d, 0xff, 0xfb, 0xbb, 0xbb, 0xbe, 0xff, 0xf2,
    0x0f, 0xff, 0xff, 0xff, 0xff, 0xff, 0xff, 0xf4,
    0x1f, 0xff, 0xff, 0xff, 0xff, 0xff, 0xff, 0xf5,
    0x0f, 0xff, 0x50, 0x00, 0x00, 0x00, 0x00, 0x00,
    0x0d, 0xff, 0x70, 0x00, 0x00, 0x00, 0x30, 0x00,
    0x08, 0xff, 0xe0, 0x00, 0x00, 0x05, 0xfb, 0x10,
    0x02, 0xff, 0xfc, 0x30, 0x00, 0x7f, 0xff, 0x90,
    0x00, 0x6f, 0xff, 0xff, 0xef, 0xff, 0xfd, 0x00,
    0x00, 0x06, 0xff, 0xff, 0xff, 0xff, 0xc1, 0x00,
    0x00, 0x00, 0x28, 0xde, 0xfd, 0xa4, 0x00, 0x00,

    /* U+00EC "ì" */
    0x00, 0x00, 0x00, 0x00, 0xb5, 0x00, 0x00, 0xaf,
    0xf6, 0x00, 0x03, 0xef, 0xf8, 0x00, 0x02, 0xef,
    0xf9, 0x00, 0x01, 0xdf, 0xf2, 0x00, 0x01, 0xb3,
    0x00, 0x00, 0x00, 0x00, 0x00, 0x00, 0x00, 0x00,
    0x02, 0xff, 0xf5, 0x00, 0x2f, 0xff, 0x50, 0x02,
    0xff, 0xf5, 0x00, 0x2f, 0xff, 0x50, 0x02, 0xff,
    0xf5, 0x00, 0x2f, 0xff, 0x50, 0x02, 0xff, 0xf5,
    0x00, 0x2f, 0xff, 0x50, 0x02, 0xff, 0xf5, 0x00,
    0x2f, 0xff, 0x50, 0x02, 0xff, 0xf5, 0x00, 0x2f,
    0xff, 0x50, 0x02, 0xff, 0xf5, 0x00, 0x2f, 0xff,
    0x50, 0x02, 0xff, 0xf5,

    /* U+00ED "í" */
    0x00, 0x00, 0x00, 0x00, 0x00, 0x00, 0x5b, 0x00,
    0x00, 0x06, 0xff, 0xb0, 0x00, 0x7f, 0xfe, 0x30,
    0x08, 0xff, 0xe2, 0x00, 0x2f, 0xfd, 0x20, 0x00,
    0x03, 0xc1, 0x00, 0x00, 0x00, 0x00, 0x00, 0x00,
    0x00, 0x00, 0x00, 0x00, 0x2f, 0xff, 0x50, 0x00,
    0x2f, 0xff, 0x50, 0x00, 0x2f, 0xff, 0x50, 0x00,
    0x2f, 0xff, 0x50, 0x00, 0x2f, 0xff, 0x50, 0x00,
    0x2f, 0xff, 0x50, 0x00, 0x2f, 0xff, 0x50, 0x00,
    0x2f, 0xff, 0x50, 0x00, 0x2f, 0xff, 0x50, 0x00,
    0x2f, 0xff, 0x50, 0x00, 0x2f, 0xff, 0x50, 0x00,
    0x2f, 0xff, 0x50, 0x00, 0x2f, 0xff, 0x50, 0x00,
    0x2f, 0xff, 0x50, 0x00, 0x2f, 0xff, 0x50, 0x00,

    /* U+00EE "î" */
    0x00, 0x00, 0x50, 0x00, 0x00, 0x00, 0x7f, 0x90,
    0x00, 0x00, 0x6f, 0xff, 0x90, 0x00, 0x6f, 0xff,
    0xff, 0x80, 0x2f, 0xfe, 0x3d, 0xff, 0x40, 0x5e,
    0x30, 0x1d, 0x60, 0x00, 0x00, 0x00, 0x00, 0x00,
    0x00, 0x00, 0x00, 0x00, 0x00, 0x2f, 0xff, 0x50,
    0x00, 0x02, 0xff, 0xf5, 0x00, 0x00, 0x2f, 0xff,
    0x50, 0x00, 0x02, 0xff, 0xf5, 0x00, 0x00, 0x2f,
    0xff, 0x50, 0x00, 0x02, 0xff, 0xf5, 0x00, 0x00,
    0x2f, 0xff, 0x50, 0x00, 0x02, 0xff, 0xf5, 0x00,
    0x00, 0x2f, 0xff, 0x50, 0x00, 0x02, 0xff, 0xf5,
    0x00, 0x00, 0x2f, 0xff, 0x50, 0x00, 0x02, 0xff,
    0xf5, 0x00, 0x00, 0x2f, 0xff, 0x50, 0x00, 0x02,
    0xff, 0xf5, 0x00, 0x00, 0x2f, 0xff, 0x50, 0x00,

    /* U+00EF "ï" */
    0x2d, 0xf8, 0x06, 0xee, 0x40, 0xbf, 0xff, 0x4f,
    0xff, 0xe0, 0xcf, 0xff, 0x6f, 0xff, 0xf0, 0x5f,
    0xfc, 0x0a, 0xff, 0x70, 0x01, 0x30, 0x00, 0x32,
    0x00, 0x00, 0x2f, 0xff, 0x50, 0x00, 0x00, 0x2f,
    0xff, 0x50, 0x00, 0x00, 0x2f, 0xff, 0x50, 0x00,
    0x00, 0x2f, 0xff, 0x50, 0x00, 0x00, 0x2f, 0xff,
    0x50, 0x00, 0x00, 0x2f, 0xff, 0x50, 0x00, 0x00,
    0x2f, 0xff, 0x50, 0x00, 0x00, 0x2f, 0xff, 0x50,
    0x00, 0x00, 0x2f, 0xff, 0x50, 0x00, 0x00, 0x2f,
    0xff, 0x50, 0x00, 0x00, 0x2f, 0xff, 0x50, 0x00,
    0x00, 0x2f, 0xff, 0x50, 0x00, 0x00, 0x2f, 0xff,
    0x50, 0x00, 0x00, 0x2f, 0xff, 0x50, 0x00, 0x00,
    0x2f, 0xff, 0x50, 0x00,

    /* U+00F0 "ð" */
    0x00, 0x0c, 0x72, 0x00, 0x04, 0xb0, 0x00, 0x00,
    0x07, 0xff, 0xfc, 0x57, 0xff, 0x90, 0x00, 0x00,
    0xdf, 0xff, 0xff, 0xff, 0xe4, 0x00, 0x00, 0x00,
    0x39, 0xff, 0xff, 0xf6, 0x00, 0x00, 0x00, 0x00,
    0x1d, 0xff, 0xff, 0xf4, 0x00, 0x00, 0x00, 0x0e,
    0xff, 0xde, 0xff, 0xf2, 0x00, 0x00, 0x00, 0x6f,
    0x70, 0x1d, 0xff, 0xc0, 0x00, 0x00, 0x00, 0x20,
    0x00, 0x2e, 0xff, 0x40, 0x00, 0x02, 0x9d, 0xfe,
    0xb4, 0x7f, 0xfb, 0x00, 0x07, 0xff, 0xff, 0xff,
    0xf8, 0xef, 0xf0, 0x06, 0xff, 0xff, 0xff, 0xff,
    0xff, 0xff, 0x41, 0xff, 0xff, 0xa4, 0x25, 0xcf,
    0xff, 0xf6, 0x6f, 0xff, 0x80, 0x00, 0x00, 0xcf,
    0xff, 0x8a, 0xff, 0xe0, 0x00, 0x00, 0x03, 0xff,
    0xf8, 0xcf, 0xfb, 0x00, 0x00, 0x00, 0x0f, 0xff,
    0x7c, 0xff, 0xb0, 0x00, 0x00, 0x00, 0xff, 0xf5,
    0xaf, 0xfe, 0x00, 0x00, 0x00, 0x3f, 0xff, 0x26,
    0xff, 0xf8, 0x00, 0x00, 0x0c, 0xff, 0xc0, 0x0e,
    0xff, 0xfa, 0x42, 0x5c, 0xff, 0xf5, 0x00, 0x4f,
    0xff, 0xff, 0xff, 0xff, 0xfa, 0x00, 0x00, 0x4e,
    0xff, 0xff, 0xff, 0xf9, 0x00, 0x00, 0x00, 0x17,
    0xce, 0xfe, 0xa4, 0x00, 0x00,

    /* U+00F1 "ñ" */
    0x00, 0x06, 0xdf, 0xd8, 0x21, 0xbb, 0x40, 0x00,
    0x6f, 0xff, 0xff, 0xff, 0xff, 0x70, 0x00, 0xef,
    0xfb, 0xef, 0xff, 0xfc, 0x00, 0x00, 0x05, 0x20,
    0x04, 0x89, 0x60, 0x00, 0x00, 0x00, 0x00, 0x00,
    0x00, 0x00, 0x00, 0x00, 0x00, 0x00, 0x00, 0x00,
    0x00, 0x00, 0x3f, 0xf8, 0x01, 0x7c, 0xef, 0xe9,
    0x10, 0x3f, 0xfc, 0x6f, 0xff, 0xff, 0xff, 0xd0,
    0x3f, 0xff, 0xff, 0xff, 0xff, 0xff, 0xf6, 0x3f,
    0xff, 0xff, 0xc7, 0x6b, 0xff, 0xfa, 0x3f, 0xff,
    0xf6, 0x00, 0x00, 0xdf, 0xfc, 0x3f, 0xff, 0x70,
    0x00, 0x00, 0x9f, 0xfd, 0x3f, 0xff, 0x40, 0x00,
    0x00, 0x9f, 0xfe, 0x3f, 0xff, 0x40, 0x00, 0x00,
    0x9f, 0xfe, 0x3f, 0xff, 0x40, 0x00, 0x00, 0x9f,
    0xfe, 0x3f, 0xff, 0x40, 0x00, 0x00, 0x9f, 0xfe,
    0x3f, 0xff, 0x40, 0x00, 0x00, 0x9f, 0xfe, 0x3f,
    0xff, 0x40, 0x00, 0x00, 0x9f, 0xfe, 0x3f, 0xff,
    0x40, 0x00, 0x00, 0x9f, 0xfe, 0x3f, 0xff, 0x40,
    0x00, 0x00, 0x9f, 0xfe, 0x3f, 0xff, 0x40, 0x00,
    0x00, 0x9f, 0xfe,

    /* U+00F2 "ò" */
    0x00, 0x00, 0x06, 0x10, 0x00, 0x00, 0x00, 0x00,
    0x00, 0x00, 0x08, 0xfd, 0x10, 0x00, 0x00, 0x00,
    0x00, 0x00, 0x00, 0x9f, 0xfe, 0x20, 0x00, 0x00,
    0x00, 0x00, 0x00, 0x00, 0x7f, 0xfe, 0x30, 0x00,
    0x00, 0x00, 0x00, 0x00, 0x00, 0x6f, 0xff, 0x10,
    0x00, 0x00, 0x00, 0x00, 0x00, 0x00, 0x5f, 0x60,
    0x00, 0x00, 0x00, 0x00, 0x00, 0x00, 0x00, 0x10,
    0x00, 0x00, 0x00, 0x00, 0x00, 0x00, 0x00, 0x00,
    0x00, 0x00, 0x00, 0x00, 0x00, 0x00, 0x16, 0xce,
    0xfe, 0xc6, 0x10, 0x00, 0x00, 0x00, 0x4e, 0xff,
    0xff, 0xff, 0xfe, 0x40, 0x00, 0x00, 0x5f, 0xff,
    0xff, 0xff, 0xff, 0xff, 0x40, 0x00, 0x1e, 0xff,
    0xfd, 0x76, 0x7d, 0xff, 0xfe, 0x10, 0x07, 0xff,
    0xf9, 0x00, 0x00, 0x0a, 0xff, 0xf7, 0x00, 0xdf,
    0xfe, 0x00, 0x00, 0x00, 0x0e, 0xff, 0xc0, 0x0f,
    0xff, 0x90, 0x00, 0x00, 0x00, 0x9f, 0xfe, 0x00,
    0xff, 0xf7, 0x00, 0x00, 0x00, 0x08, 0xff, 0xf0,
    0x0f, 0xff, 0x90, 0x00, 0x00, 0x00, 0x9f, 0xfe,
    0x00, 0xdf, 0xfe, 0x00, 0x00, 0x00, 0x0e, 0xff,
    0xc0, 0x07, 0xff, 0xf9, 0x00, 0x00, 0x0a, 0xff,
    0xf7, 0x00, 0x1f, 0xff, 0xfd, 0x76, 0x7d, 0xff,
    0xfe, 0x10, 0x00, 0x5f, 0xff, 0xff, 0xff, 0xff,
    0xff, 0x40, 0x00, 0x00, 0x4e, 0xff, 0xff, 0xff,
    0xfe, 0x40, 0x00, 0x00, 0x00, 0x17, 0xce, 0xfe,
    0xc6, 0x10, 0x00, 0x00,

    /* U+00F3 "ó" */
    0x00, 0x00, 0x00, 0x00, 0x00, 0x25, 0x00, 0x00,
    0x00, 0x00, 0x00, 0x00, 0x00, 0x3e, 0xf5, 0x00,
    0x00, 0x00, 0x00, 0x00, 0x00, 0x4f, 0xff, 0x60,
    0x00, 0x00, 0x00, 0x00, 0x00, 0x5f, 0xff, 0x50,
    0x00, 0x00, 0x00, 0x00, 0x00, 0x3f, 0xff, 0x40,
    0x00, 0x00, 0x00, 0x00, 0x00, 0x00, 0x9e, 0x30,
    0x00, 0x00, 0x00, 0x00, 0x00, 0x00, 0x00, 0x10,
    0x00, 0x00, 0x00, 0x00, 0x00, 0x00, 0x00, 0x00,
    0x00, 0x00, 0x00, 0x00, 0x00, 0x00, 0x16, 0xce,
    0xfe, 0xc6, 0x10, 0x00, 0x00, 0x00, 0x4e, 0xff,
    0xff, 0xff, 0xfe, 0x40, 0x00, 0x00, 0x5f, 0xff,
    0xff, 0xff, 0xff, 0xff, 0x40, 0x00, 0x1e, 0xff,
    0xfd, 0x76, 0x7d, 0xff, 0xfe, 0x10, 0x07, 0xff,
    0xf9, 0x00, 0x00, 0x0a, 0xff, 0xf7, 0x00, 0xdf,
    0xfe, 0x00, 0x00, 0x00, 0x0e, 0xff, 0xc0, 0x0f,
    0xff, 0x90, 0x00, 0x00, 0x00, 0x9f, 0xfe, 0x00,
    0xff, 0xf7, 0x00, 0x00, 0x00, 0x08, 0xff, 0xf0,
    0x0f, 0xff, 0x90, 0x00, 0x00, 0x00, 0x9f, 0xfe,
    0x00, 0xdf, 0xfe, 0x00, 0x00, 0x00, 0x0e, 0xff,
    0xc0, 0x07, 0xff, 0xf9, 0x00, 0x00, 0x0a, 0xff,
    0xf7, 0x00, 0x1f, 0xff, 0xfd, 0x76, 0x7d, 0xff,
    0xfe, 0x10, 0x00, 0x5f, 0xff, 0xff, 0xff, 0xff,
    0xff, 0x40, 0x00, 0x00, 0x4e, 0xff, 0xff, 0xff,
    0xfe, 0x40, 0x00, 0x00, 0x00, 0x17, 0xce, 0xfe,
    0xc6, 0x10, 0x00, 0x00,

    /* U+00F4 "ô" */
    0x00, 0x00, 0x00, 0x00, 0x20, 0x00, 0x00, 0x00,
    0x00, 0x00, 0x00, 0x00, 0x7f, 0x60, 0x00, 0x00,
    0x00, 0x00, 0x00, 0x00, 0x8f, 0xff, 0x70, 0x00,
    0x00, 0x00, 0x00, 0x00, 0x9f, 0xff, 0xff, 0x80,
    0x00, 0x00, 0x00, 0x00, 0x9f, 0xfc, 0x2c, 0xff,
    0x80, 0x00, 0x00, 0x00, 0x03, 0xfb, 0x00, 0x0c,
    0xe2, 0x00, 0x00, 0x00, 0x00, 0x02, 0x00, 0x00,
    0x01, 0x00, 0x00, 0x00, 0x00, 0x00, 0x00, 0x00,
    0x00, 0x00, 0x00, 0x00, 0x00, 0x00, 0x16, 0xce,
    0xfe, 0xc6, 0x10, 0x00, 0x00, 0x00, 0x4e, 0xff,
    0xff, 0xff, 0xfe, 0x40, 0x00, 0x00, 0x5f, 0xff,
    0xff, 0xff, 0xff, 0xff, 0x40, 0x00, 0x1e, 0xff,
    0xfd, 0x76, 0x7d, 0xff, 0xfe, 0x10, 0x07, 0xff,
    0xf9, 0x00, 0x00, 0x0a, 0xff, 0xf7, 0x00, 0xdf,
    0xfe, 0x00, 0x00, 0x00, 0x0e, 0xff, 0xc0, 0x0f,
    0xff, 0x90, 0x00, 0x00, 0x00, 0x9f, 0xfe, 0x00,
    0xff, 0xf7, 0x00, 0x00, 0x00, 0x08, 0xff, 0xf0,
    0x0f, 0xff, 0x90, 0x00, 0x00, 0x00, 0x9f, 0xfe,
    0x00, 0xdf, 0xfe, 0x00, 0x00, 0x00, 0x0e, 0xff,
    0xc0, 0x07, 0xff, 0xf9, 0x00, 0x00, 0x0a, 0xff,
    0xf7, 0x00, 0x1f, 0xff, 0xfd, 0x76, 0x7d, 0xff,
    0xfe, 0x10, 0x00, 0x5f, 0xff, 0xff, 0xff, 0xff,
    0xff, 0x40, 0x00, 0x00, 0x4e, 0xff, 0xff, 0xff,
    0xfe, 0x40, 0x00, 0x00, 0x00, 0x17, 0xce, 0xfe,
    0xc6, 0x10, 0x00, 0x00,

    /* U+00F5 "õ" */
    0x00, 0x00, 0x07, 0x97, 0x00, 0x03, 0x30, 0x00,
    0x00, 0x00, 0x1d, 0xff, 0xfe, 0x51, 0xcf, 0xa0,
    0x00, 0x00, 0x0a, 0xff, 0xff, 0xff, 0xff, 0xf9,
    0x00, 0x00, 0x00, 0x8f, 0xc1, 0x4e, 0xff, 0xfd,
    0x00, 0x00, 0x00, 0x00, 0x22, 0x00, 0x07, 0x97,
    0x00, 0x00, 0x00, 0x00, 0x00, 0x00, 0x00, 0x00,
    0x00, 0x00, 0x00, 0x00, 0x00, 0x00, 0x00, 0x00,
    0x00, 0x00, 0x00, 0x00, 0x00, 0x01, 0x6c, 0xef,
    0xec, 0x61, 0x00, 0x00, 0x00, 0x04, 0xef, 0xff,
    0xff, 0xff, 0xe4, 0x00, 0x00, 0x05, 0xff, 0xff,
    0xff, 0xff, 0xff, 0xf4, 0x00, 0x01, 0xef, 0xff,
    0xd7, 0x67, 0xdf, 0xff, 0xe1, 0x00, 0x7f, 0xff,
    0x90, 0x00, 0x00, 0xaf, 0xff, 0x70, 0x0d, 0xff,
    0xe0, 0x00, 0x00, 0x00, 0xef, 0xfc, 0x00, 0xff,
    0xf9, 0x00, 0x00, 0x00, 0x09, 0xff, 0xe0, 0x0f,
    0xff, 0x70, 0x00, 0x00, 0x00, 0x8f, 0xff, 0x00,
    0xff, 0xf9, 0x00, 0x00, 0x00, 0x09, 0xff, 0xe0,
    0x0d, 0xff, 0xe0, 0x00, 0x00, 0x00, 0xef, 0xfc,
    0x00, 0x7f, 0xff, 0x90, 0x00, 0x00, 0xaf, 0xff,
    0x70, 0x01, 0xff, 0xff, 0xd7, 0x67, 0xdf, 0xff,
    0xe1, 0x00, 0x05, 0xff, 0xff, 0xff, 0xff, 0xff,
    0xf4, 0x00, 0x00, 0x04, 0xef, 0xff, 0xff, 0xff,
    0xe4, 0x00, 0x00, 0x00, 0x01, 0x7c, 0xef, 0xec,
    0x61, 0x00, 0x00,

    /* U+00F6 "ö" */
    0x00, 0x00, 0xaf, 0xb1, 0x01, 0xcf, 0xa0, 0x00,
    0x00, 0x00, 0x6f, 0xff, 0x80, 0x9f, 0xff, 0x50,
    0x00, 0x00, 0x07, 0xff, 0xf9, 0x0a, 0xff, 0xf6,
    0x00, 0x00, 0x00, 0x1e, 0xff, 0x30, 0x4f, 0xfd,
    0x10, 0x00, 0x00, 0x00, 0x03, 0x10, 0x00, 0x13,
    0x00, 0x00, 0x00, 0x00, 0x01, 0x6c, 0xef, 0xec,
    0x61, 0x00, 0x00, 0x00, 0x04, 0xef, 0xff, 0xff,
    0xff, 0xe4, 0x00, 0x00, 0x05, 0xff, 0xff, 0xff,
    0xff, 0xff, 0xf4, 0x00, 0x01, 0xef, 0xff, 0xd7,
    0x67, 0xdf, 0xff, 0xe1, 0x00, 0x7f, 0xff, 0x90,
    0x00, 0x00, 0xaf, 0xff, 0x70, 0x0d, 0xff, 0xe0,
    0x00, 0x00, 0x00, 0xef, 0xfc, 0x00, 0xff, 0xf9,
    0x00, 0x00, 0x00, 0x09, 0xff, 0xe0, 0x0f, 0xff,
    0x70, 0x00, 0x00, 0x00, 0x8f, 0xff, 0x00, 0xff,
    0xf9, 0x00, 0x00, 0x00, 0x09, 0xff, 0xe0, 0x0d,
    0xff, 0xe0, 0x00, 0x00, 0x00, 0xef, 0xfc, 0x00,
    0x7f, 0xff, 0x90, 0x00, 0x00, 0xaf, 0xff, 0x70,
    0x01, 0xff, 0xff, 0xd7, 0x67, 0xdf, 0xff, 0xe1,
    0x00, 0x05, 0xff, 0xff, 0xff, 0xff, 0xff, 0xf4,
    0x00, 0x00, 0x04, 0xef, 0xff, 0xff, 0xff, 0xe4,
    0x00, 0x00, 0x00, 0x01, 0x7c, 0xef, 0xec, 0x61,
    0x00, 0x00,

    /* U+00F7 "÷" */
    0x00, 0x00, 0x00, 0x7e, 0xe7, 0x00, 0x00, 0x00,
    0x00, 0x00, 0x04, 0xff, 0xff, 0x40, 0x00, 0x00,
    0x00, 0x00, 0x07, 0xff, 0xff, 0x70, 0x00, 0x00,
    0x00, 0x00, 0x03, 0xff, 0xff, 0x20, 0x00, 0x00,
    0x00, 0x00, 0x00, 0x4a, 0xa3, 0x00, 0x00, 0x00,
    0x00, 0x00, 0x00, 0x00, 0x00, 0x00, 0x00, 0x00,
    0x6f, 0xff, 0xff, 0xff, 0xff, 0xff, 0xff, 0xf8,
    0x6f, 0xff, 0xff, 0xff, 0xff, 0xff, 0xff, 0xf8,
    0x6f, 0xff, 0xff, 0xff, 0xff, 0xff, 0xff, 0xf8,
    0x14, 0x44, 0x44, 0x44, 0x44, 0x44, 0x44, 0x42,
    0x00, 0x00, 0x00, 0x00, 0x00, 0x00, 0x00, 0x00,
    0x00, 0x00, 0x00, 0x4a, 0xa3, 0x00, 0x00, 0x00,
    0x00, 0x00, 0x03, 0xff, 0xff, 0x20, 0x00, 0x00,
    0x00, 0x00, 0x07, 0xff, 0xff, 0x70, 0x00, 0x00,
    0x00, 0x00, 0x04, 0xff, 0xff, 0x40, 0x00, 0x00,
    0x00, 0x00, 0x00, 0x7e, 0xe7, 0x00, 0x00, 0x00,

    /* U+00F8 "ø" */
    0x00, 0x00, 0x00, 0x00, 0x00, 0x00, 0x94, 0x00,
    0x00, 0x00, 0x5b, 0xdf, 0xec, 0x89, 0xff, 0x50,
    0x00, 0x2c, 0xff, 0xff, 0xff, 0xff, 0xfe, 0x10,
    0x01, 0xef, 0xff, 0xff, 0xff, 0xff, 0xfd, 0x00,
    0x0c, 0xff, 0xfa, 0x41, 0x3f, 0xff, 0xff, 0x40,
    0x3f, 0xff, 0x80, 0x00, 0x9f, 0xff, 0xff, 0xb0,
    0x8f, 0xfd, 0x00, 0x06, 0xff, 0xd6, 0xff, 0xf1,
    0xaf, 0xf9, 0x00, 0x3f, 0xff, 0x20, 0xff, 0xf3,
    0xcf, 0xf7, 0x01, 0xef, 0xf4, 0x00, 0xff, 0xf4,
    0xbf, 0xf9, 0x0c, 0xff, 0x80, 0x00, 0xff, 0xf3,
    0x8f, 0xfd, 0x9f, 0xfb, 0x00, 0x05, 0xff, 0xf1,
    0x3f, 0xff, 0xff, 0xd1, 0x00, 0x1e, 0xff, 0xb0,
    0x0c, 0xff, 0xff, 0x72, 0x37, 0xef, 0xff, 0x40,
    0x03, 0xff, 0xff, 0xff, 0xff, 0xff, 0xf9, 0x00,
    0x0b, 0xff, 0xff, 0xff, 0xff, 0xff, 0x70, 0x00,
    0x08, 0xfc, 0x5b, 0xdf, 0xec, 0x82, 0x00, 0x00,
    0x00, 0x41, 0x00, 0x00, 0x00, 0x00, 0x00, 0x00,

    /* U+00F9 "ù" */
    0x00, 0x00, 0x00, 0x00, 0x00, 0x00, 0x00, 0x00,
    0x03, 0xc2, 0x00, 0x00, 0x00, 0x00, 0x00, 0x1e,
    0xfe, 0x20, 0x00, 0x00, 0x00, 0x00, 0x07, 0xff,
    0xe3, 0x00, 0x00, 0x00, 0x00, 0x00, 0x6f, 0xff,
    0x40, 0x00, 0x00, 0x00, 0x00, 0x05, 0xff, 0xb0,
    0x00, 0x00, 0x00, 0x00, 0x00, 0x4b, 0x00, 0x00,
    0x00, 0x00, 0x00, 0x00, 0x00, 0x00, 0x00, 0x00,
    0x00, 0x00, 0x00, 0x00, 0x00, 0x00, 0x00, 0x5f,
    0xff, 0x20, 0x00, 0x00, 0xbf, 0xfc, 0x5f, 0xff,
    0x20, 0x00, 0x00, 0xbf, 0xfc, 0x5f, 0xff, 0x20,
    0x00, 0x00, 0xbf, 0xfc, 0x5f, 0xff, 0x20, 0x00,
    0x00, 0xbf, 0xfc, 0x5f, 0xff, 0x20, 0x00, 0x00,
    0xbf, 0xfc, 0x5f, 0xff, 0x20, 0x00, 0x00, 0xbf,
    0xfc, 0x5f, 0xff, 0x20, 0x00, 0x00, 0xbf, 0xfc,
    0x5f, 0xff, 0x20, 0x00, 0x00, 0xbf, 0xfc, 0x5f,
    0xff, 0x20, 0x00, 0x00, 0xbf, 0xfc, 0x4f, 0xff,
    0x20, 0x00, 0x00, 0xff, 0xfc, 0x3f, 0xff, 0x60,
    0x00, 0x1a, 0xff, 0xfc, 0x1f, 0xff, 0xf9, 0x79,
    0xff, 0xff, 0xfc, 0x0c, 0xff, 0xff, 0xff, 0xff,
    0xff, 0xfc, 0x04, 0xff, 0xff, 0xff, 0xfc, 0x6f,
    0xfc, 0x00, 0x3b, 0xef, 0xeb, 0x50, 0x0f, 0xfc,

    /* U+00FA "ú" */
    0x00, 0x00, 0x00, 0x00, 0x00, 0x00, 0x00, 0x00,
    0x00, 0x00, 0x00, 0x0a, 0x70, 0x00, 0x00, 0x00,
    0x00, 0x00, 0xbf, 0xf5, 0x00, 0x00, 0x00, 0x00,
    0x1c, 0xff, 0xc0, 0x00, 0x00, 0x00, 0x01, 0xdf,
    0xfb, 0x00, 0x00, 0x00, 0x00, 0x06, 0xff, 0x90,
    0x00, 0x00, 0x00, 0x00, 0x00, 0x88, 0x00, 0x00,
    0x00, 0x00, 0x00, 0x00, 0x00, 0x00, 0x00, 0x00,
    0x00, 0x00, 0x00, 0x00, 0x00, 0x00, 0x00, 0x5f,
    0xff, 0x20, 0x00, 0x00, 0xbf, 0xfc, 0x5f, 0xff,
    0x20, 0x00, 0x00, 0xbf, 0xfc, 0x5f, 0xff, 0x20,
    0x00, 0x00, 0xbf, 0xfc, 0x5f, 0xff, 0x20, 0x00,
    0x00, 0xbf, 0xfc, 0x5f, 0xff, 0x20, 0x00, 0x00,
    0xbf, 0xfc, 0x5f, 0xff, 0x20, 0x00, 0x00, 0xbf,
    0xfc, 0x5f, 0xff, 0x20, 0x00, 0x00, 0xbf, 0xfc,
    0x5f, 0xff, 0x20, 0x00, 0x00, 0xbf, 0xfc, 0x5f,
    0xff, 0x20, 0x00, 0x00, 0xbf, 0xfc, 0x4f, 0xff,
    0x20, 0x00, 0x00, 0xff, 0xfc, 0x3f, 0xff, 0x60,
    0x00, 0x1a, 0xff, 0xfc, 0x1f, 0xff, 0xf9, 0x79,
    0xff, 0xff, 0xfc, 0x0c, 0xff, 0xff, 0xff, 0xff,
    0xff, 0xfc, 0x04, 0xff, 0xff, 0xff, 0xfc, 0x6f,
    0xfc, 0x00, 0x3b, 0xef, 0xeb, 0x50, 0x0f, 0xfc,

    /* U+00FB "û" */
    0x00, 0x00, 0x00, 0x02, 0x00, 0x00, 0x00, 0x00,
    0x00, 0x00, 0xbe, 0x30, 0x00, 0x00, 0x00, 0x00,
    0x1c, 0xff, 0xf4, 0x00, 0x00, 0x00, 0x01, 0xdf,
    0xff, 0xff, 0x50, 0x00, 0x00, 0x0e, 0xff, 0x82,
    0xef, 0xf4, 0x00, 0x00, 0x05, 0xf7, 0x00, 0x1c,
    0x90, 0x00, 0x00, 0x00, 0x10, 0x00, 0x00, 0x00,
    0x00, 0x00, 0x00, 0x00, 0x00, 0x00, 0x00, 0x00,
    0x5f, 0xff, 0x20, 0x00, 0x00, 0xbf, 0xfc, 0x5f,
    0xff, 0x20, 0x00, 0x00, 0xbf, 0xfc, 0x5f, 0xff,
    0x20, 0x00, 0x00, 0xbf, 0xfc, 0x5f, 0xff, 0x20,
    0x00, 0x00, 0xbf, 0xfc, 0x5f, 0xff, 0x20, 0x00,
    0x00, 0xbf, 0xfc, 0x5f, 0xff, 0x20, 0x00, 0x00,
    0xbf, 0xfc, 0x5f, 0xff, 0x20, 0x00, 0x00, 0xbf,
    0xfc, 0x5f, 0xff, 0x20, 0x00, 0x00, 0xbf, 0xfc,
    0x5f, 0xff, 0x20, 0x00, 0x00, 0xbf, 0xfc, 0x4f,
    0xff, 0x20, 0x00, 0x00, 0xff, 0xfc, 0x3f, 0xff,
    0x60, 0x00, 0x1a, 0xff, 0xfc, 0x1f, 0xff, 0xf9,
    0x79, 0xff, 0xff, 0xfc, 0x0c, 0xff, 0xff, 0xff,
    0xff, 0xff, 0xfc, 0x04, 0xff, 0xff, 0xff, 0xfc,
    0x6f, 0xfc, 0x00, 0x3b, 0xef, 0xeb, 0x50, 0x0f,
    0xfc,

    /* U+00FC "ü" */
    0x00, 0x2c, 0xf9, 0x00, 0x4d, 0xe7, 0x00, 0x00,
    0xaf, 0xff, 0x40, 0xdf, 0xff, 0x10, 0x00, 0xbf,
    0xff, 0x50, 0xef, 0xff, 0x20, 0x00, 0x4f, 0xfd,
    0x00, 0x7f, 0xfb, 0x00, 0x00, 0x01, 0x30, 0x00,
    0x02, 0x30, 0x00, 0x5f, 0xff, 0x20, 0x00, 0x00,
    0xbf, 0xfc, 0x5f, 0xff, 0x20, 0x00, 0x00, 0xbf,
    0xfc, 0x5f, 0xff, 0x20, 0x00, 0x00, 0xbf, 0xfc,
    0x5f, 0xff, 0x20, 0x00, 0x00, 0xbf, 0xfc, 0x5f,
    0xff, 0x20, 0x00, 0x00, 0xbf, 0xfc, 0x5f, 0xff,
    0x20, 0x00, 0x00, 0xbf, 0xfc, 0x5f, 0xff, 0x20,
    0x00, 0x00, 0xbf, 0xfc, 0x5f, 0xff, 0x20, 0x00,
    0x00, 0xbf, 0xfc, 0x5f, 0xff, 0x20, 0x00, 0x00,
    0xbf, 0xfc, 0x4f, 0xff, 0x20, 0x00, 0x00, 0xff,
    0xfc, 0x3f, 0xff, 0x60, 0x00, 0x1a, 0xff, 0xfc,
    0x1f, 0xff, 0xf9, 0x79, 0xff, 0xff, 0xfc, 0x0c,
    0xff, 0xff, 0xff, 0xff, 0xff, 0xfc, 0x04, 0xff,
    0xff, 0xff, 0xfc, 0x6f, 0xfc, 0x00, 0x3b, 0xef,
    0xeb, 0x50, 0x0f, 0xfc,

    /* U+00FD "ý" */
    0x00, 0x00, 0x00, 0x00, 0x00, 0x00, 0x00, 0x00,
    0x00, 0x00, 0x00, 0x00, 0x02, 0xc2, 0x00, 0x00,
    0x00, 0x00, 0x00, 0x00, 0x3e, 0xfe, 0x10, 0x00,
    0x00, 0x00, 0x00, 0x04, 0xff, 0xf6, 0x00, 0x00,
    0x00, 0x00, 0x00, 0x5f, 0xff, 0x50, 0x00, 0x00,
    0x00, 0x00, 0x00, 0xcf, 0xf4, 0x00, 0x00, 0x00,
    0x00, 0x00, 0x00, 0x1c, 0x30, 0x00, 0x00, 0x00,
    0x00, 0x00, 0x00, 0x00, 0x00, 0x00, 0x00, 0x00,
    0x00, 0x00, 0x00, 0x00, 0x00, 0x00, 0x00, 0x00,
    0x6f, 0xff, 0x30, 0x00, 0x00, 0x08, 0xff, 0xf1,
    0x0e, 0xff, 0xa0, 0x00, 0x00, 0x0e, 0xff, 0xa0,
    0x08, 0xff, 0xf1, 0x00, 0x00, 0x6f, 0xff, 0x30,
    0x01, 0xff, 0xf7, 0x00, 0x00, 0xcf, 0xfc, 0x00,
    0x00, 0xaf, 0xfe, 0x00, 0x03, 0xff, 0xf5, 0x00,
    0x00, 0x3f, 0xff, 0x50, 0x0a, 0xff, 0xe0, 0x00,
    0x00, 0x0c, 0xff, 0xc0, 0x2f, 0xff, 0x70, 0x00,
    0x00, 0x05, 0xff, 0xf3, 0x8f, 0xff, 0x10, 0x00,
    0x00, 0x00, 0xef, 0xfb, 0xef, 0xf9, 0x00, 0x00,
    0x00, 0x00, 0x8f, 0xff, 0xff, 0xf2, 0x00, 0x00,
    0x00, 0x00, 0x1f, 0xff, 0xff, 0xb0, 0x00, 0x00,
    0x00, 0x00, 0x0a, 0xff, 0xff, 0x50, 0x00, 0x00,
    0x00, 0x00, 0x03, 0xff, 0xfe, 0x00, 0x00, 0x00,
    0x00, 0x00, 0x02, 0xff, 0xf7, 0x00, 0x00, 0x00,
    0x00, 0x00, 0x09, 0xff, 0xf1, 0x00, 0x00, 0x00,
    0x00, 0x00, 0x0f, 0xff, 0x90, 0x00, 0x00, 0x00,
    0x00, 0x00, 0x7f, 0xff, 0x20, 0x00, 0x00, 0x00,
    0x00, 0x00, 0xdf, 0xfb, 0x00, 0x00, 0x00, 0x00,
    0x00, 0x04, 0xff, 0xf4, 0x00, 0x00, 0x00, 0x00,
    0x00, 0x0b, 0xff, 0xd0, 0x00, 0x00, 0x00, 0x00,
    0x00, 0x2f, 0xff, 0x60, 0x00, 0x00, 0x00, 0x00,

    /* U+00FE "þ" */
    0x3f, 0xff, 0x40, 0x00, 0x00, 0x00, 0x00, 0x00,
    0x3f, 0xff, 0x40, 0x00, 0x00, 0x00, 0x00, 0x00,
    0x3f, 0xff, 0x40, 0x00, 0x00, 0x00, 0x00, 0x00,
    0x3f, 0xff, 0x40, 0x00, 0x00, 0x00, 0x00, 0x00,
    0x3f, 0xff, 0x40, 0x00, 0x00, 0x00, 0x00, 0x00,
    0x3f, 0xff, 0x44, 0xbe, 0xfd, 0xa4, 0x00, 0x00,
    0x3f, 0xff, 0xef, 0xff, 0xff, 0xff, 0xa0, 0x00,
    0x3f, 0xff, 0xff, 0xff, 0xff, 0xff, 0xfa, 0x00,
    0x3f, 0xff, 0xfe, 0x62, 0x38, 0xff, 0xff, 0x40,
    0x3f, 0xff, 0xe2, 0x00, 0x00, 0x4f, 0xff, 0xa0,
    0x3f, 0xff, 0x70, 0x00, 0x00, 0x0b, 0xff, 0xf0,
    0x3f, 0xff, 0x30, 0x00, 0x00, 0x07, 0xff, 0xf1,
    0x3f, 0xff, 0x10, 0x00, 0x00, 0x05, 0xff, 0xf2,
    0x3f, 0xff, 0x30, 0x00, 0x00, 0x07, 0xff, 0xf1,
    0x3f, 0xff, 0x70, 0x00, 0x00, 0x0b, 0xff, 0xf0,
    0x3f, 0xff, 0xe2, 0x00, 0x00, 0x4f, 0xff, 0xa0,
    0x3f, 0xff, 0xfe, 0x62, 0x38, 0xff, 0xff, 0x40,
    0x3f, 0xff, 0xff, 0xff, 0xff, 0xff, 0xfa, 0x00,
    0x3f, 0xff, 0xef, 0xff, 0xff, 0xff, 0xa0, 0x00,
    0x3f, 0xff, 0x44, 0xbe, 0xfd, 0xa4, 0x00, 0x00,
    0x3f, 0xff, 0x40, 0x00, 0x00, 0x00, 0x00, 0x00,
    0x3f, 0xff, 0x40, 0x00, 0x00, 0x00, 0x00, 0x00,
    0x3f, 0xff, 0x40, 0x00, 0x00, 0x00, 0x00, 0x00,
    0x3f, 0xff, 0x40, 0x00, 0x00, 0x00, 0x00, 0x00,
    0x3f, 0xff, 0x40, 0x00, 0x00, 0x00, 0x00, 0x00,
    0x3f, 0xff, 0x40, 0x00, 0x00, 0x00, 0x00, 0x00,

    /* U+00FF "ÿ" */
    0x00, 0x06, 0xee, 0x40, 0x08, 0xfd, 0x20, 0x00,
    0x00, 0x1f, 0xff, 0xe0, 0x3f, 0xff, 0xb0, 0x00,
    0x00, 0x1f, 0xff, 0xf0, 0x4f, 0xff, 0xc0, 0x00,
    0x00, 0x0a, 0xff, 0x70, 0x0c, 0xff, 0x50, 0x00,
    0x00, 0x00, 0x22, 0x00, 0x00, 0x31, 0x00, 0x00,
    0x6f, 0xff, 0x30, 0x00, 0x00, 0x08, 0xff, 0xf1,
    0x0e, 0xff, 0xa0, 0x00, 0x00, 0x0e, 0xff, 0xa0,
    0x08, 0xff, 0xf1, 0x00, 0x00, 0x6f, 0xff, 0x30,
    0x01, 0xff, 0xf7, 0x00, 0x00, 0xcf, 0xfc, 0x00,
    0x00, 0xaf, 0xfe, 0x00, 0x03, 0xff, 0xf5, 0x00,
    0x00, 0x3f, 0xff, 0x50, 0x0a, 0xff, 0xe0, 0x00,
    0x00, 0x0c, 0xff, 0xc0, 0x2f, 0xff, 0x70, 0x00,
    0x00, 0x05, 0xff, 0xf3, 0x8f, 0xff, 0x10, 0x00,
    0x00, 0x00, 0xef, 0xfb, 0xef, 0xf9, 0x00, 0x00,
    0x00, 0x00, 0x8f, 0xff, 0xff, 0xf2, 0x00, 0x00,
    0x00, 0x00, 0x1f, 0xff, 0xff, 0xb0, 0x00, 0x00,
    0x00, 0x00, 0x0a, 0xff, 0xff, 0x50, 0x00, 0x00,
    0x00, 0x00, 0x03, 0xff, 0xfe, 0x00, 0x00, 0x00,
    0x00, 0x00, 0x02, 0xff, 0xf7, 0x00, 0x00, 0x00,
    0x00, 0x00, 0x09, 0xff, 0xf1, 0x00, 0x00, 0x00,
    0x00, 0x00, 0x0f, 0xff, 0x90, 0x00, 0x00, 0x00,
    0x00, 0x00, 0x7f, 0xff, 0x20, 0x00, 0x00, 0x00,
    0x00, 0x00, 0xdf, 0xfb, 0x00, 0x00, 0x00, 0x00,
    0x00, 0x04, 0xff, 0xf4, 0x00, 0x00, 0x00, 0x00,
    0x00, 0x0b, 0xff, 0xd0, 0x00, 0x00, 0x00, 0x00,
    0x00, 0x2f, 0xff, 0x60, 0x00, 0x00, 0x00, 0x00
};

/*---------------------
 *  GLYPH DESCRIPTION
 *--------------------*/

static const lv_font_fmt_txt_glyph_dsc_t glyph_dsc[] = {
    {.bitmap_index = 0, .adv_w = 0, .box_w = 0, .box_h = 0, .ofs_x = 0, .ofs_y = 0} /* id = 0 reserved */,
    {.bitmap_index = 0, .adv_w = 125, .box_w = 0, .box_h = 0, .ofs_x = 0, .ofs_y = 0},
    {.bitmap_index = 0, .adv_w = 139, .box_w = 6, .box_h = 22, .ofs_x = 1, .ofs_y = 0},
    {.bitmap_index = 66, .adv_w = 159, .box_w = 10, .box_h = 9, .ofs_x = 0, .ofs_y = 11},
    {.bitmap_index = 111, .adv_w = 320, .box_w = 18, .box_h = 20, .ofs_x = 1, .ofs_y = 0},
    {.bitmap_index = 291, .adv_w = 257, .box_w = 14, .box_h = 26, .ofs_x = 1, .ofs_y = -3},
    {.bitmap_index = 473, .adv_w = 355, .box_w = 22, .box_h = 20, .ofs_x = 0, .ofs_y = 0},
    {.bitmap_index = 693, .adv_w = 310, .box_w = 18, .box_h = 22, .ofs_x = 1, .ofs_y = 0},
    {.bitmap_index = 891, .adv_w = 81, .box_w = 5, .box_h = 9, .ofs_x = 0, .ofs_y = 11},
    {.bitmap_index = 914, .adv_w = 168, .box_w = 10, .box_h = 30, .ofs_x = 1, .ofs_y = -5},
    {.bitmap_index = 1064, .adv_w = 168, .box_w = 9, .box_h = 30, .ofs_x = 0, .ofs_y = -5},
    {.bitmap_index = 1199, .adv_w = 216, .box_w = 12, .box_h = 12, .ofs_x = 1, .ofs_y = 10},
    {.bitmap_index = 1271, .adv_w = 322, .box_w = 16, .box_h = 15, .ofs_x = 2, .ofs_y = 2},
    {.bitmap_index = 1391, .adv_w = 133, .box_w = 6, .box_h = 10, .ofs_x = 1, .ofs_y = -5},
    {.bitmap_index = 1421, .adv_w = 177, .box_w = 11, .box_h = 4, .ofs_x = 0, .ofs_y = 7},
    {.bitmap_index = 1443, .adv_w = 131, .box_w = 6, .box_h = 6, .ofs_x = 1, .ofs_y = 0},
    {.bitmap_index = 1461, .adv_w = 225, .box_w = 15, .box_h = 25, .ofs_x = 0, .ofs_y = -3},
    {.bitmap_index = 1649, .adv_w = 263, .box_w = 15, .box_h = 20, .ofs_x = 1, .ofs_y = 0},
    {.bitmap_index = 1799, .adv_w = 169, .box_w = 9, .box_h = 20, .ofs_x = 0, .ofs_y = 0},
    {.bitmap_index = 1889, .adv_w = 241, .box_w = 14, .box_h = 20, .ofs_x = 0, .ofs_y = 0},
    {.bitmap_index = 2029, .adv_w = 244, .box_w = 15, .box_h = 20, .ofs_x = 0, .ofs_y = 0},
    {.bitmap_index = 2179, .adv_w = 270, .box_w = 16, .box_h = 20, .ofs_x = 1, .ofs_y = 0},
    {.bitmap_index = 2339, .adv_w = 252, .box_w = 14, .box_h = 20, .ofs_x = 1, .ofs_y = 0},
    {.bitmap_index = 2479, .adv_w = 261, .box_w = 16, .box_h = 20, .ofs_x = 0, .ofs_y = 0},
    {.bitmap_index = 2639, .adv_w = 233, .box_w = 15, .box_h = 20, .ofs_x = 0, .ofs_y = 0},
    {.bitmap_index = 2789, .adv_w = 258, .box_w = 14, .box_h = 20, .ofs_x = 1, .ofs_y = 0},
    {.bitmap_index = 2929, .adv_w = 261, .box_w = 16, .box_h = 20, .ofs_x = 0, .ofs_y = 0},
    {.bitmap_index = 3089, .adv_w = 131, .box_w = 6, .box_h = 15, .ofs_x = 1, .ofs_y = 0},
    {.bitmap_index = 3134, .adv_w = 133, .box_w = 6, .box_h = 20, .ofs_x = 1, .ofs_y = -5},
    {.bitmap_index = 3194, .adv_w = 322, .box_w = 14, .box_h = 16, .ofs_x = 3, .ofs_y = 1},
    {.bitmap_index = 3306, .adv_w = 322, .box_w = 14, .box_h = 9, .ofs_x = 3, .ofs_y = 4},
    {.bitmap_index = 3369, .adv_w = 322, .box_w = 14, .box_h = 16, .ofs_x = 3, .ofs_y = 1},
    {.bitmap_index = 3481, .adv_w = 259, .box_w = 15, .box_h = 22, .ofs_x = 0, .ofs_y = 0},
    {.bitmap_index = 3646, .adv_w = 407, .box_w = 24, .box_h = 24, .ofs_x = 1, .ofs_y = -2},
    {.bitmap_index = 3934, .adv_w = 316, .box_w = 20, .box_h = 20, .ofs_x = 0, .ofs_y = 0},
    {.bitmap_index = 4134, .adv_w = 286, .box_w = 15, .box_h = 20, .ofs_x = 2, .ofs_y = 0},
    {.bitmap_index = 4284, .adv_w = 338, .box_w = 21, .box_h = 20, .ofs_x = 0, .ofs_y = 0},
    {.bitmap_index = 4494, .adv_w = 323, .box_w = 18, .box_h = 20, .ofs_x = 2, .ofs_y = 0},
    {.bitmap_index = 4674, .adv_w = 263, .box_w = 13, .box_h = 20, .ofs_x = 2, .ofs_y = 0},
    {.bitmap_index = 4804, .adv_w = 248, .box_w = 13, .box_h = 20, .ofs_x = 2, .ofs_y = 0},
    {.bitmap_index = 4934, .adv_w = 347, .box_w = 22, .box_h = 20, .ofs_x = 0, .ofs_y = 0},
    {.bitmap_index = 5154, .adv_w = 332, .box_w = 17, .box_h = 20, .ofs_x = 2, .ofs_y = 0},
    {.bitmap_index = 5324, .adv_w = 129, .box_w = 4, .box_h = 20, .ofs_x = 2, .ofs_y = 0},
    {.bitmap_index = 5364, .adv_w = 258, .box_w = 13, .box_h = 20, .ofs_x = 1, .ofs_y = 0},
    {.bitmap_index = 5494, .adv_w = 297, .box_w = 17, .box_h = 20, .ofs_x = 2, .ofs_y = 0},
    {.bitmap_index = 5664, .adv_w = 240, .box_w = 13, .box_h = 20, .ofs_x = 2, .ofs_y = 0},
    {.bitmap_index = 5794, .adv_w = 419, .box_w = 26, .box_h = 20, .ofs_x = 0, .ofs_y = 0},
    {.bitmap_index = 6054, .adv_w = 349, .box_w = 18, .box_h = 20, .ofs_x = 2, .ofs_y = 0},
    {.bitmap_index = 6234, .adv_w = 363, .box_w = 22, .box_h = 20, .ofs_x = 0, .ofs_y = 0},
    {.bitmap_index = 6454, .adv_w = 281, .box_w = 15, .box_h = 20, .ofs_x = 2, .ofs_y = 0},
    {.bitmap_index = 6604, .adv_w = 363, .box_w = 22, .box_h = 21, .ofs_x = 0, .ofs_y = -1},
    {.bitmap_index = 6835, .adv_w = 294, .box_w = 16, .box_h = 20, .ofs_x = 2, .ofs_y = 0},
    {.bitmap_index = 6995, .adv_w = 269, .box_w = 16, .box_h = 20, .ofs_x = 0, .ofs_y = 0},
    {.bitmap_index = 7155, .adv_w = 270, .box_w = 17, .box_h = 20, .ofs_x = 0, .ofs_y = 0},
    {.bitmap_index = 7325, .adv_w = 327, .box_w = 17, .box_h = 20, .ofs_x = 2, .ofs_y = 0},
    {.bitmap_index = 7495, .adv_w = 308, .box_w = 20, .box_h = 20, .ofs_x = 0, .ofs_y = 0},
    {.bitmap_index = 7695, .adv_w = 468, .box_w = 29, .box_h = 20, .ofs_x = 0, .ofs_y = 0},
    {.bitmap_index = 7985, .adv_w = 312, .box_w = 20, .box_h = 20, .ofs_x = 0, .ofs_y = 0},
    {.bitmap_index = 8185, .adv_w = 275, .box_w = 19, .box_h = 20, .ofs_x = -1, .ofs_y = 0},
    {.bitmap_index = 8375, .adv_w = 271, .box_w = 15, .box_h = 20, .ofs_x = 1, .ofs_y = 0},
    {.bitmap_index = 8525, .adv_w = 153, .box_w = 7, .box_h = 28, .ofs_x = 2, .ofs_y = -4},
    {.bitmap_index = 8623, .adv_w = 225, .box_w = 15, .box_h = 25, .ofs_x = 0, .ofs_y = -3},
    {.bitmap_index = 8811, .adv_w = 149, .box_w = 8, .box_h = 28, .ofs_x = 0, .ofs_y = -4},
    {.bitmap_index = 8923, .adv_w = 322, .box_w = 14, .box_h = 8, .ofs_x = 3, .ofs_y = 9},
    {.bitmap_index = 8979, .adv_w = 263, .box_w = 16, .box_h = 3, .ofs_x = 0, .ofs_y = -3},
    {.bitmap_index = 9003, .adv_w = 263, .box_w = 8, .box_h = 7, .ofs_x = 4, .ofs_y = 16},
    {.bitmap_index = 9031, .adv_w = 239, .box_w = 14, .box_h = 15, .ofs_x = 0, .ofs_y = 0},
    {.bitmap_index = 9136, .adv_w = 274, .box_w = 16, .box_h = 20, .ofs_x = 1, .ofs_y = 0},
    {.bitmap_index = 9296, .adv_w = 245, .box_w = 15, .box_h = 15, .ofs_x = 0, .ofs_y = 0},
    {.bitmap_index = 9409, .adv_w = 274, .box_w = 16, .box_h = 20, .ofs_x = 0, .ofs_y = 0},
    {.bitmap_index = 9569, .adv_w = 259, .box_w = 16, .box_h = 15, .ofs_x = 0, .ofs_y = 0},
    {.bitmap_index = 9689, .adv_w = 155, .box_w = 10, .box_h = 20, .ofs_x = 0, .ofs_y = 0},
    {.bitmap_index = 9789, .adv_w = 276, .box_w = 15, .box_h = 21, .ofs_x = 1, .ofs_y = -6},
    {.bitmap_index = 9947, .adv_w = 265, .box_w = 14, .box_h = 20, .ofs_x = 1, .ofs_y = 0},
    {.bitmap_index = 10087, .adv_w = 115, .box_w = 5, .box_h = 22, .ofs_x = 1, .ofs_y = 0},
    {.bitmap_index = 10142, .adv_w = 117, .box_w = 7, .box_h = 28, .ofs_x = -1, .ofs_y = -6},
    {.bitmap_index = 10240, .adv_w = 229, .box_w = 14, .box_h = 20, .ofs_x = 1, .ofs_y = 0},
    {.bitmap_index = 10380, .adv_w = 122, .box_w = 6, .box_h = 20, .ofs_x = 1, .ofs_y = 0},
    {.bitmap_index = 10440, .adv_w = 406, .box_w = 23, .box_h = 15, .ofs_x = 1, .ofs_y = 0},
    {.bitmap_index = 10613, .adv_w = 265, .box_w = 14, .box_h = 15, .ofs_x = 1, .ofs_y = 0},
    {.bitmap_index = 10718, .adv_w = 272, .box_w = 17, .box_h = 15, .ofs_x = 0, .ofs_y = 0},
    {.bitmap_index = 10846, .adv_w = 274, .box_w = 16, .box_h = 21, .ofs_x = 1, .ofs_y = -6},
    {.bitmap_index = 11014, .adv_w = 274, .box_w = 16, .box_h = 21, .ofs_x = 0, .ofs_y = -6},
    {.bitmap_index = 11182, .adv_w = 169, .box_w = 9, .box_h = 15, .ofs_x = 1, .ofs_y = 0},
    {.bitmap_index = 11250, .adv_w = 211, .box_w = 12, .box_h = 15, .ofs_x = 1, .ofs_y = 0},
    {.bitmap_index = 11340, .adv_w = 179, .box_w = 10, .box_h = 19, .ofs_x = 0, .ofs_y = 0},
    {.bitmap_index = 11435, .adv_w = 265, .box_w = 14, .box_h = 15, .ofs_x = 1, .ofs_y = 0},
    {.bitmap_index = 11540, .adv_w = 246, .box_w = 15, .box_h = 15, .ofs_x = 0, .ofs_y = 0},
    {.bitmap_index = 11653, .adv_w = 355, .box_w = 22, .box_h = 15, .ofs_x = 0, .ofs_y = 0},
    {.bitmap_index = 11818, .adv_w = 241, .box_w = 15, .box_h = 15, .ofs_x = 0, .ofs_y = 0},
    {.bitmap_index = 11931, .adv_w = 249, .box_w = 16, .box_h = 21, .ofs_x = 0, .ofs_y = -6},
    {.bitmap_index = 12099, .adv_w = 222, .box_w = 12, .box_h = 15, .ofs_x = 1, .ofs_y = 0},
    {.bitmap_index = 12189, .adv_w = 153, .box_w = 8, .box_h = 29, .ofs_x = 1, .ofs_y = -5},
    {.bitmap_index = 12305, .adv_w = 126, .box_w = 4, .box_h = 29, .ofs_x = 2, .ofs_y = -4},
    {.bitmap_index = 12363, .adv_w = 153, .box_w = 8, .box_h = 29, .ofs_x = 1, .ofs_y = -5},
    {.bitmap_index = 12479, .adv_w = 322, .box_w = 18, .box_h = 7, .ofs_x = 1, .ofs_y = 5},
    {.bitmap_index = 12542, .adv_w = 125, .box_w = 0, .box_h = 0, .ofs_x = 0, .ofs_y = 0},
    {.bitmap_index = 12542, .adv_w = 139, .box_w = 6, .box_h = 22, .ofs_x = 1, .ofs_y = -6},
    {.bitmap_index = 12608, .adv_w = 254, .box_w = 15, .box_h = 21, .ofs_x = 1, .ofs_y = 0},
    {.bitmap_index = 12766, .adv_w = 244, .box_w = 14, .box_h = 20, .ofs_x = 1, .ofs_y = 0},
    {.bitmap_index = 12906, .adv_w = 285, .box_w = 16, .box_h = 16, .ofs_x = 1, .ofs_y = 2},
    {.bitmap_index = 13034, .adv_w = 258, .box_w = 16, .box_h = 20, .ofs_x = 0, .ofs_y = 0},
    {.bitmap_index = 13194, .adv_w = 126, .box_w = 4, .box_h = 29, .ofs_x = 2, .ofs_y = -4},
    {.bitmap_index = 13252, .adv_w = 251, .box_w = 14, .box_h = 27, .ofs_x = 1, .ofs_y = -4},
    {.bitmap_index = 13441, .adv_w = 263, .box_w = 11, .box_h = 5, .ofs_x = 3, .ofs_y = 17},
    {.bitmap_index = 13469, .adv_w = 321, .box_w = 18, .box_h = 18, .ofs_x = 1, .ofs_y = 6},
    {.bitmap_index = 13631, .adv_w = 181, .box_w = 11, .box_h = 12, .ofs_x = 0, .ofs_y = 9},
    {.bitmap_index = 13697, .adv_w = 264, .box_w = 15, .box_h = 13, .ofs_x = 1, .ofs_y = 2},
    {.bitmap_index = 13795, .adv_w = 322, .box_w = 15, .box_h = 9, .ofs_x = 3, .ofs_y = 3},
    {.bitmap_index = 13863, .adv_w = 321, .box_w = 18, .box_h = 18, .ofs_x = 1, .ofs_y = 6},
    {.bitmap_index = 14025, .adv_w = 263, .box_w = 10, .box_h = 3, .ofs_x = 3, .ofs_y = 18},
    {.bitmap_index = 14040, .adv_w = 195, .box_w = 12, .box_h = 10, .ofs_x = 0, .ofs_y = 10},
    {.bitmap_index = 14100, .adv_w = 322, .box_w = 16, .box_h = 19, .ofs_x = 2, .ofs_y = 0},
    {.bitmap_index = 14252, .adv_w = 167, .box_w = 10, .box_h = 12, .ofs_x = 0, .ofs_y = 11},
    {.bitmap_index = 14312, .adv_w = 160, .box_w = 10, .box_h = 12, .ofs_x = 0, .ofs_y = 11},
    {.bitmap_index = 14372, .adv_w = 263, .box_w = 7, .box_h = 7, .ofs_x = 5, .ofs_y = 16},
    {.bitmap_index = 14397, .adv_w = 265, .box_w = 14, .box_h = 21, .ofs_x = 1, .ofs_y = -6},
    {.bitmap_index = 14544, .adv_w = 330, .box_w = 19, .box_h = 26, .ofs_x = 1, .ofs_y = -4},
    {.bitmap_index = 14791, .adv_w = 131, .box_w = 6, .box_h = 6, .ofs_x = 1, .ofs_y = 6},
    {.bitmap_index = 14809, .adv_w = 263, .box_w = 8, .box_h = 6, .ofs_x = 4, .ofs_y = -6},
    {.bitmap_index = 14833, .adv_w = 114, .box_w = 7, .box_h = 12, .ofs_x = 0, .ofs_y = 11},
    {.bitmap_index = 14875, .adv_w = 212, .box_w = 13, .box_h = 12, .ofs_x = 0, .ofs_y = 9},
    {.bitmap_index = 14953, .adv_w = 264, .box_w = 16, .box_h = 13, .ofs_x = 0, .ofs_y = 2},
    {.bitmap_index = 15057, .adv_w = 405, .box_w = 25, .box_h = 23, .ofs_x = 0, .ofs_y = -1},
    {.bitmap_index = 15345, .adv_w = 400, .box_w = 25, .box_h = 23, .ofs_x = 0, .ofs_y = -2},
    {.bitmap_index = 15633, .adv_w = 449, .box_w = 28, .box_h = 23, .ofs_x = 0, .ofs_y = -1},
    {.bitmap_index = 15955, .adv_w = 238, .box_w = 15, .box_h = 22, .ofs_x = 1, .ofs_y = -6},
    {.bitmap_index = 16120, .adv_w = 316, .box_w = 20, .box_h = 29, .ofs_x = 0, .ofs_y = 0},
    {.bitmap_index = 16410, .adv_w = 316, .box_w = 20, .box_h = 29, .ofs_x = 0, .ofs_y = 0},
    {.bitmap_index = 16700, .adv_w = 316, .box_w = 20, .box_h = 29, .ofs_x = 0, .ofs_y = 0},
    {.bitmap_index = 16990, .adv_w = 316, .box_w = 20, .box_h = 27, .ofs_x = 0, .ofs_y = 0},
    {.bitmap_index = 17260, .adv_w = 316, .box_w = 20, .box_h = 27, .ofs_x = 0, .ofs_y = 0},
    {.bitmap_index = 17530, .adv_w = 316, .box_w = 20, .box_h = 30, .ofs_x = 0, .ofs_y = 0},
    {.bitmap_index = 17830, .adv_w = 404, .box_w = 24, .box_h = 20, .ofs_x = 0, .ofs_y = 0},
    {.bitmap_index = 18070, .adv_w = 338, .box_w = 21, .box_h = 26, .ofs_x = 0, .ofs_y = -6},
    {.bitmap_index = 18343, .adv_w = 263, .box_w = 13, .box_h = 29, .ofs_x = 2, .ofs_y = 0},
    {.bitmap_index = 18532, .adv_w = 263, .box_w = 13, .box_h = 29, .ofs_x = 2, .ofs_y = 0},
    {.bitmap_index = 18721, .adv_w = 263, .box_w = 13, .box_h = 29, .ofs_x = 2, .ofs_y = 0},
    {.bitmap_index = 18910, .adv_w = 263, .box_w = 13, .box_h = 27, .ofs_x = 2, .ofs_y = 0},
    {.bitmap_index = 19086, .adv_w = 129, .box_w = 7, .box_h = 29, .ofs_x = -1, .ofs_y = 0},
    {.bitmap_index = 19188, .adv_w = 129, .box_w = 7, .box_h = 29, .ofs_x = 2, .ofs_y = 0},
    {.bitmap_index = 19290, .adv_w = 129, .box_w = 8, .box_h = 29, .ofs_x = 0, .ofs_y = 0},
    {.bitmap_index = 19406, .adv_w = 129, .box_w = 10, .box_h = 27, .ofs_x = -1, .ofs_y = 0},
    {.bitmap_index = 19541, .adv_w = 343, .box_w = 21, .box_h = 20, .ofs_x = 0, .ofs_y = 0},
    {.bitmap_index = 19751, .adv_w = 349, .box_w = 18, .box_h = 27, .ofs_x = 2, .ofs_y = 0},
    {.bitmap_index = 19994, .adv_w = 363, .box_w = 22, .box_h = 28, .ofs_x = 0, .ofs_y = 0},
    {.bitmap_index = 20302, .adv_w = 363, .box_w = 22, .box_h = 28, .ofs_x = 0, .ofs_y = 0},
    {.bitmap_index = 20610, .adv_w = 363, .box_w = 22, .box_h = 29, .ofs_x = 0, .ofs_y = 0},
    {.bitmap_index = 20929, .adv_w = 363, .box_w = 22, .box_h = 28, .ofs_x = 0, .ofs_y = 0},
    {.bitmap_index = 21237, .adv_w = 363, .box_w = 22, .box_h = 28, .ofs_x = 0, .ofs_y = 0},
    {.bitmap_index = 21545, .adv_w = 322, .box_w = 14, .box_h = 14, .ofs_x = 3, .ofs_y = 3},
    {.bitmap_index = 21643, .adv_w = 363, .box_w = 22, .box_h = 22, .ofs_x = 0, .ofs_y = -1},
    {.bitmap_index = 21885, .adv_w = 327, .box_w = 17, .box_h = 29, .ofs_x = 2, .ofs_y = 0},
    {.bitmap_index = 22132, .adv_w = 327, .box_w = 17, .box_h = 29, .ofs_x = 2, .ofs_y = 0},
    {.bitmap_index = 22379, .adv_w = 327, .box_w = 17, .box_h = 29, .ofs_x = 2, .ofs_y = 0},
    {.bitmap_index = 22626, .adv_w = 327, .box_w = 17, .box_h = 28, .ofs_x = 2, .ofs_y = 0},
    {.bitmap_index = 22864, .adv_w = 275, .box_w = 19, .box_h = 29, .ofs_x = -1, .ofs_y = 0},
    {.bitmap_index = 23140, .adv_w = 281, .box_w = 15, .box_h = 20, .ofs_x = 2, .ofs_y = 0},
    {.bitmap_index = 23290, .adv_w = 272, .box_w = 16, .box_h = 20, .ofs_x = 1, .ofs_y = 0},
    {.bitmap_index = 23450, .adv_w = 239, .box_w = 14, .box_h = 23, .ofs_x = 0, .ofs_y = 0},
    {.bitmap_index = 23611, .adv_w = 239, .box_w = 14, .box_h = 23, .ofs_x = 0, .ofs_y = 0},
    {.bitmap_index = 23772, .adv_w = 239, .box_w = 14, .box_h = 23, .ofs_x = 0, .ofs_y = 0},
    {.bitmap_index = 23933, .adv_w = 239, .box_w = 14, .box_h = 22, .ofs_x = 0, .ofs_y = 0},
    {.bitmap_index = 24087, .adv_w = 239, .box_w = 14, .box_h = 20, .ofs_x = 0, .ofs_y = 0},
    {.bitmap_index = 24227, .adv_w = 239, .box_w = 14, .box_h = 24, .ofs_x = 0, .ofs_y = 0},
    {.bitmap_index = 24395, .adv_w = 374, .box_w = 23, .box_h = 15, .ofs_x = 0, .ofs_y = 0},
    {.bitmap_index = 24568, .adv_w = 245, .box_w = 15, .box_h = 21, .ofs_x = 0, .ofs_y = -6},
    {.bitmap_index = 24726, .adv_w = 259, .box_w = 16, .box_h = 23, .ofs_x = 0, .ofs_y = 0},
    {.bitmap_index = 24910, .adv_w = 259, .box_w = 16, .box_h = 23, .ofs_x = 0, .ofs_y = 0},
    {.bitmap_index = 25094, .adv_w = 259, .box_w = 16, .box_h = 23, .ofs_x = 0, .ofs_y = 0},
    {.bitmap_index = 25278, .adv_w = 259, .box_w = 16, .box_h = 20, .ofs_x = 0, .ofs_y = 0},
    {.bitmap_index = 25438, .adv_w = 115, .box_w = 7, .box_h = 24, .ofs_x = -1, .ofs_y = 0},
    {.bitmap_index = 25522, .adv_w = 115, .box_w = 8, .box_h = 24, .ofs_x = 1, .ofs_y = 0},
    {.bitmap_index = 25618, .adv_w = 115, .box_w = 9, .box_h = 23, .ofs_x = -1, .ofs_y = 0},
    {.bitmap_index = 25722, .adv_w = 115, .box_w = 10, .box_h = 20, .ofs_x = -1, .ofs_y = 0},
    {.bitmap_index = 25822, .adv_w = 267, .box_w = 15, .box_h = 22, .ofs_x = 1, .ofs_y = 0},
    {.bitmap_index = 25987, .adv_w = 265, .box_w = 14, .box_h = 21, .ofs_x = 1, .ofs_y = 0},
    {.bitmap_index = 26134, .adv_w = 272, .box_w = 17, .box_h = 23, .ofs_x = 0, .ofs_y = 0},
    {.bitmap_index = 26330, .adv_w = 272, .box_w = 17, .box_h = 23, .ofs_x = 0, .ofs_y = 0},
    {.bitmap_index = 26526, .adv_w = 272, .box_w = 17, .box_h = 23, .ofs_x = 0, .ofs_y = 0},
    {.bitmap_index = 26722, .adv_w = 272, .box_w = 17, .box_h = 22, .ofs_x = 0, .ofs_y = 0},
    {.bitmap_index = 26909, .adv_w = 272, .box_w = 17, .box_h = 20, .ofs_x = 0, .ofs_y = 0},
    {.bitmap_index = 27079, .adv_w = 322, .box_w = 16, .box_h = 16, .ofs_x = 2, .ofs_y = 2},
    {.bitmap_index = 27207, .adv_w = 280, .box_w = 16, .box_h = 17, .ofs_x = 1, .ofs_y = -1},
    {.bitmap_index = 27343, .adv_w = 265, .box_w = 14, .box_h = 24, .ofs_x = 1, .ofs_y = 0},
    {.bitmap_index = 27511, .adv_w = 265, .box_w = 14, .box_h = 24, .ofs_x = 1, .ofs_y = 0},
    {.bitmap_index = 27679, .adv_w = 265, .box_w = 14, .box_h = 23, .ofs_x = 1, .ofs_y = 0},
    {.bitmap_index = 27840, .adv_w = 265, .box_w = 14, .box_h = 20, .ofs_x = 1, .ofs_y = 0},
    {.bitmap_index = 27980, .adv_w = 249, .box_w = 16, .box_h = 30, .ofs_x = 0, .ofs_y = -6},
    {.bitmap_index = 28220, .adv_w = 274, .box_w = 16, .box_h = 26, .ofs_x = 1, .ofs_y = -6},
    {.bitmap_index = 28428, .adv_w = 249, .box_w = 16, .box_h = 26, .ofs_x = 0, .ofs_y = -6}
};

/*---------------------
 *  CHARACTER MAPPING
 *--------------------*/



/*Collect the unicode lists and glyph_id offsets*/
static const lv_font_fmt_txt_cmap_t cmaps[] =
{
    {
        .range_start = 32, .range_length = 95, .glyph_id_start = 1,
        .unicode_list = NULL, .glyph_id_ofs_list = NULL, .list_length = 0, .type = LV_FONT_FMT_TXT_CMAP_FORMAT0_TINY
    },
    {
        .range_start = 160, .range_length = 13, .glyph_id_start = 96,
        .unicode_list = NULL, .glyph_id_ofs_list = NULL, .list_length = 0, .type = LV_FONT_FMT_TXT_CMAP_FORMAT0_TINY
    },
    {
        .range_start = 174, .range_length = 82, .glyph_id_start = 109,
        .unicode_list = NULL, .glyph_id_ofs_list = NULL, .list_length = 0, .type = LV_FONT_FMT_TXT_CMAP_FORMAT0_TINY
    }
};



/*--------------------
 *  ALL CUSTOM DATA
 *--------------------*/

#if LVGL_VERSION_MAJOR == 8
/*Store all the custom data of the font*/
static  lv_font_fmt_txt_glyph_cache_t cache;
#endif

#if LVGL_VERSION_MAJOR >= 8
static const lv_font_fmt_txt_dsc_t font_dsc = {
#else
static lv_font_fmt_txt_dsc_t font_dsc = {
#endif
    .glyph_bitmap = glyph_bitmap,
    .glyph_dsc = glyph_dsc,
    .cmaps = cmaps,
    .kern_dsc = NULL,
    .kern_scale = 0,
    .cmap_num = 3,
    .bpp = 4,
    .kern_classes = 0,
    .bitmap_format = 0,
#if LVGL_VERSION_MAJOR == 8
    .cache = &cache
#endif

};



/*-----------------
 *  PUBLIC FONT
 *----------------*/

/*Initialize a public general font descriptor*/
#if LVGL_VERSION_MAJOR >= 8
const lv_font_t font_medium_30_data = {
#else
lv_font_t font_medium_30_data = {
#endif
    .get_glyph_dsc = lv_font_get_glyph_dsc_fmt_txt,    /*Function pointer to get glyph's data*/
    .get_glyph_bitmap = lv_font_get_bitmap_fmt_txt,    /*Function pointer to get glyph's bitmap*/
    .line_height = 36,          /*The maximum line height required by the font*/
    .base_line = 6,             /*Baseline measured from the bottom of the line*/
#if LV_VERSION_CHECK(9, 6, 0) || LVGL_VERSION_MAJOR >= 10
    .cap_height = 20,           /*Cap height of the font*/
    .x_height = 15,               /*x-height of the font*/
#endif
#if !(LVGL_VERSION_MAJOR == 6 && LVGL_VERSION_MINOR == 0)
    .subpx = LV_FONT_SUBPX_NONE,
#endif
#if LV_VERSION_CHECK(7, 4, 0) || LVGL_VERSION_MAJOR >= 8
    .underline_position = -6,
    .underline_thickness = 2,
#endif

#if LV_VERSION_CHECK(9, 3, 0)
    .static_bitmap = 1,    /*Bitmaps are stored as const so they are always static if not compressed */
#endif

    .dsc = &font_dsc,          /*The custom font data. Will be accessed by `get_glyph_bitmap/dsc` */
#if LV_VERSION_CHECK(8, 2, 0) || LVGL_VERSION_MAJOR >= 9
    .fallback = NULL,
#endif
    .user_data = NULL,
};



#endif /*#if FONT_MEDIUM_30_DATA*/
