/*******************************************************************************
 * Size: 20 px
 * Bpp: 4
 * Opts: --font /fonts/Gabarito-SemiBold.ttf -o /fonts/font_semibold_20_data.c --size 20 --bpp 4 --format lvgl --no-compress --range 0x20-0x7F, 0xA0-0xFF
 ******************************************************************************/

#ifdef __has_include
    #if __has_include("lvgl.h")
        #ifndef LV_LVGL_H_INCLUDE_SIMPLE
            #define LV_LVGL_H_INCLUDE_SIMPLE
        #endif
    #endif
#endif

#ifdef LV_LVGL_H_INCLUDE_SIMPLE
    #include "lvgl.h"
#else
    #include "lvgl/lvgl.h"
#endif



#ifndef FONT_SEMIBOLD_20_DATA
#define FONT_SEMIBOLD_20_DATA 1
#endif

#if FONT_SEMIBOLD_20_DATA

/*-----------------
 *    BITMAPS
 *----------------*/

/*Store the image of the glyphs*/
static LV_ATTRIBUTE_LARGE_CONST const uint8_t glyph_bitmap[] = {
    /* U+0020 " " */

    /* U+0021 "!" */
    0xaf, 0xf6, 0x9f, 0xf5, 0x9f, 0xf5, 0x8f, 0xf4,
    0x8f, 0xf4, 0x7f, 0xf3, 0x7f, 0xf3, 0x6f, 0xf2,
    0x5f, 0xf0, 0x3d, 0xc0, 0x07, 0x50, 0xbf, 0xf6,
    0xdf, 0xf9, 0x5e, 0xd2,

    /* U+0022 "\"" */
    0x7f, 0xf1, 0xff, 0xa7, 0xff, 0x1f, 0xfa, 0x7f,
    0xf1, 0xff, 0xa5, 0xff, 0x1d, 0xfa, 0x2f, 0xf1,
    0x9f, 0xa0, 0xef, 0x16, 0xfa, 0x01, 0x10, 0x01,
    0x00,

    /* U+0023 "#" */
    0x00, 0x00, 0x8f, 0xa0, 0x1f, 0xf2, 0x00, 0x00,
    0x0b, 0xf7, 0x04, 0xff, 0x00, 0x00, 0x00, 0xef,
    0x40, 0x7f, 0xc0, 0x00, 0x00, 0x1f, 0xf2, 0x0a,
    0xf9, 0x00, 0x05, 0xff, 0xff, 0xff, 0xff, 0xff,
    0xd0, 0x5f, 0xff, 0xff, 0xff, 0xff, 0xfd, 0x00,
    0x0a, 0xf9, 0x02, 0xff, 0x00, 0x00, 0x00, 0xdf,
    0x60, 0x5f, 0xd0, 0x00, 0x00, 0x0f, 0xf3, 0x08,
    0xfb, 0x00, 0x04, 0xff, 0xff, 0xff, 0xff, 0xff,
    0xd0, 0x4f, 0xff, 0xff, 0xff, 0xff, 0xfd, 0x00,
    0x08, 0xfa, 0x01, 0xff, 0x20, 0x00, 0x00, 0xbf,
    0x70, 0x4f, 0xf0, 0x00, 0x00, 0x0e, 0xf4, 0x07,
    0xfc, 0x00, 0x00,

    /* U+0024 "$" */
    0x00, 0x00, 0x58, 0x40, 0x00, 0x00, 0x00, 0x0b,
    0xf9, 0x00, 0x00, 0x00, 0x19, 0xff, 0xfa, 0x30,
    0x00, 0x1e, 0xff, 0xff, 0xff, 0x50, 0x09, 0xff,
    0xb8, 0xbf, 0xfb, 0x00, 0xdf, 0xc0, 0x00, 0x57,
    0x00, 0x0e, 0xfd, 0x00, 0x00, 0x00, 0x00, 0xaf,
    0xfe, 0x83, 0x00, 0x00, 0x02, 0xef, 0xff, 0xfe,
    0x60, 0x00, 0x01, 0x9e, 0xff, 0xff, 0x70, 0x00,
    0x00, 0x03, 0x9f, 0xff, 0x00, 0x02, 0x00, 0x00,
    0xaf, 0xf2, 0x09, 0xf7, 0x00, 0x09, 0xff, 0x21,
    0xef, 0xfc, 0x8a, 0xff, 0xc0, 0x04, 0xff, 0xff,
    0xff, 0xe2, 0x00, 0x02, 0xaf, 0xff, 0x91, 0x00,
    0x00, 0x00, 0xbf, 0x90, 0x00, 0x00, 0x00, 0x0b,
    0xf9, 0x00, 0x00,

    /* U+0025 "%" */
    0x02, 0xbf, 0xd5, 0x00, 0x00, 0x03, 0xa0, 0x01,
    0xef, 0xff, 0xf5, 0x00, 0x01, 0xef, 0x80, 0x6f,
    0xd1, 0x8f, 0xc0, 0x00, 0xdf, 0xb0, 0x08, 0xf8,
    0x02, 0xfe, 0x00, 0xbf, 0xd0, 0x00, 0x6f, 0xd1,
    0x7f, 0xc0, 0x9f, 0xe2, 0x00, 0x01, 0xef, 0xff,
    0xf5, 0x7f, 0xf3, 0x00, 0x00, 0x02, 0xbf, 0xd5,
    0x4f, 0xf5, 0x00, 0x00, 0x00, 0x00, 0x00, 0x3f,
    0xf7, 0x00, 0x00, 0x00, 0x00, 0x00, 0x1e, 0xfa,
    0x05, 0xdf, 0xd5, 0x00, 0x00, 0x0c, 0xfc, 0x04,
    0xff, 0xff, 0xf4, 0x00, 0x0b, 0xfd, 0x10, 0xbf,
    0x80, 0x8f, 0xb0, 0x08, 0xfe, 0x20, 0x0b, 0xf8,
    0x08, 0xfb, 0x05, 0xff, 0x40, 0x00, 0x4f, 0xff,
    0xff, 0x40, 0x0a, 0x60, 0x00, 0x00, 0x5d, 0xfd,
    0x50, 0x00, 0x00, 0x00, 0x00, 0x00, 0x00, 0x00,
    0x00,

    /* U+0026 "&" */
    0x00, 0x06, 0xdf, 0xeb, 0x30, 0x00, 0x00, 0x09,
    0xff, 0xff, 0xff, 0x50, 0x00, 0x02, 0xff, 0xfa,
    0xaf, 0xb1, 0x00, 0x00, 0x5f, 0xf6, 0x00, 0x10,
    0x00, 0x00, 0x02, 0xff, 0xb2, 0x00, 0x00, 0x00,
    0x00, 0x08, 0xff, 0xff, 0xff, 0xff, 0xf8, 0x00,
    0x6f, 0xff, 0xff, 0xff, 0xff, 0x80, 0x5f, 0xfc,
    0x65, 0x5f, 0xff, 0x52, 0x0d, 0xfd, 0x00, 0x00,
    0xff, 0xb0, 0x00, 0xff, 0xa0, 0x00, 0x0f, 0xfa,
    0x00, 0x0e, 0xfe, 0x10, 0x06, 0xff, 0x70, 0x00,
    0x8f, 0xfe, 0xab, 0xff, 0xf2, 0x00, 0x00, 0xdf,
    0xff, 0xff, 0xf6, 0x00, 0x00, 0x00, 0x8d, 0xfe,
    0xb4, 0x00, 0x00,

    /* U+0027 "'" */
    0x7f, 0xf1, 0x7f, 0xf1, 0x7f, 0xf1, 0x5f, 0xf1,
    0x2f, 0xf1, 0x0e, 0xf1, 0x01, 0x10,

    /* U+0028 "(" */
    0x00, 0x06, 0x90, 0x00, 0x4f, 0xf9, 0x01, 0xef,
    0xf2, 0x09, 0xff, 0x50, 0x1f, 0xfc, 0x00, 0x6f,
    0xf4, 0x00, 0xaf, 0xf0, 0x00, 0xdf, 0xc0, 0x00,
    0xef, 0xa0, 0x00, 0xff, 0x90, 0x00, 0xef, 0xa0,
    0x00, 0xdf, 0xc0, 0x00, 0xaf, 0xf0, 0x00, 0x6f,
    0xf5, 0x00, 0x0f, 0xfd, 0x00, 0x08, 0xff, 0x60,
    0x00, 0xdf, 0xf3, 0x00, 0x3f, 0xf8, 0x00, 0x04,
    0x70,

    /* U+0029 ")" */
    0x09, 0x60, 0x00, 0x9f, 0xf4, 0x00, 0x2f, 0xfe,
    0x10, 0x05, 0xff, 0x90, 0x00, 0xcf, 0xf1, 0x00,
    0x4f, 0xf6, 0x00, 0x0f, 0xfa, 0x00, 0x0b, 0xfd,
    0x00, 0x0a, 0xfe, 0x00, 0x09, 0xff, 0x00, 0x0a,
    0xfe, 0x00, 0x0c, 0xfd, 0x00, 0x0f, 0xfa, 0x00,
    0x5f, 0xf6, 0x00, 0xdf, 0xf0, 0x06, 0xff, 0x80,
    0x3f, 0xfe, 0x00, 0x8f, 0xf3, 0x00, 0x07, 0x40,
    0x00,

    /* U+002A "*" */
    0x00, 0x13, 0x03, 0x10, 0x00, 0x2f, 0xd0, 0xde,
    0x10, 0x00, 0x9f, 0xaf, 0x90, 0x04, 0xa9, 0xff,
    0xf9, 0xa3, 0x5f, 0xff, 0xff, 0xff, 0x40, 0x14,
    0xff, 0xf3, 0x10, 0x01, 0xef, 0x3f, 0xe1, 0x00,
    0x07, 0x90, 0x87, 0x00,

    /* U+002B "+" */
    0x00, 0x00, 0xaf, 0xe0, 0x00, 0x00, 0x00, 0x0a,
    0xfe, 0x00, 0x00, 0x00, 0x00, 0xaf, 0xe0, 0x00,
    0x00, 0x77, 0x7f, 0xff, 0x77, 0x73, 0x1f, 0xff,
    0xff, 0xff, 0xff, 0x81, 0xff, 0xff, 0xff, 0xff,
    0xf8, 0x00, 0x00, 0xaf, 0xe0, 0x00, 0x00, 0x00,
    0x0a, 0xfe, 0x00, 0x00, 0x00, 0x00, 0xaf, 0xe0,
    0x00, 0x00, 0x00, 0x05, 0x87, 0x00, 0x00,

    /* U+002C "," */
    0x07, 0xed, 0x10, 0xdf, 0xfa, 0x01, 0xff, 0xc0,
    0x0e, 0xf9, 0x03, 0xff, 0x20, 0xdf, 0x60, 0x08,
    0x50, 0x00,

    /* U+002D "-" */
    0x26, 0x66, 0x66, 0x56, 0xff, 0xff, 0xfc, 0x6f,
    0xff, 0xff, 0xc0,

    /* U+002E "." */
    0x03, 0xa8, 0x00, 0xef, 0xf7, 0x1f, 0xff, 0x90,
    0x6e, 0xc1,

    /* U+002F "/" */
    0x00, 0x00, 0x00, 0x00, 0x74, 0x00, 0x00, 0x00,
    0x00, 0x1f, 0xf7, 0x00, 0x00, 0x00, 0x08, 0xff,
    0x10, 0x00, 0x00, 0x01, 0xff, 0x90, 0x00, 0x00,
    0x00, 0x8f, 0xf2, 0x00, 0x00, 0x00, 0x1f, 0xf9,
    0x00, 0x00, 0x00, 0x08, 0xff, 0x20, 0x00, 0x00,
    0x00, 0xef, 0xa0, 0x00, 0x00, 0x00, 0x7f, 0xf2,
    0x00, 0x00, 0x00, 0x0e, 0xfa, 0x00, 0x00, 0x00,
    0x07, 0xff, 0x20, 0x00, 0x00, 0x00, 0xef, 0xa0,
    0x00, 0x00, 0x00, 0x6f, 0xf3, 0x00, 0x00, 0x00,
    0x0e, 0xfb, 0x00, 0x00, 0x00, 0x06, 0xff, 0x30,
    0x00, 0x00, 0x00, 0xdf, 0xb0, 0x00, 0x00, 0x00,
    0x02, 0x93, 0x00, 0x00, 0x00, 0x00,

    /* U+0030 "0" */
    0x00, 0x06, 0xdf, 0xd7, 0x00, 0x00, 0x0a, 0xff,
    0xff, 0xfb, 0x00, 0x05, 0xff, 0xea, 0xef, 0xf6,
    0x00, 0xcf, 0xf2, 0x01, 0xff, 0xd0, 0x0f, 0xfa,
    0x00, 0x09, 0xff, 0x23, 0xff, 0x70, 0x00, 0x6f,
    0xf4, 0x4f, 0xf5, 0x00, 0x04, 0xff, 0x64, 0xff,
    0x50, 0x00, 0x4f, 0xf6, 0x3f, 0xf7, 0x00, 0x06,
    0xff, 0x40, 0xff, 0x90, 0x00, 0x8f, 0xf2, 0x0c,
    0xfe, 0x10, 0x0e, 0xfe, 0x00, 0x5f, 0xfe, 0x9d,
    0xff, 0x60, 0x00, 0xaf, 0xff, 0xff, 0xb0, 0x00,
    0x00, 0x7d, 0xfd, 0x80, 0x00,

    /* U+0031 "1" */
    0x00, 0x07, 0xfb, 0x00, 0x3e, 0xfb, 0x3a, 0xff,
    0xfb, 0x6f, 0xff, 0xfb, 0x6e, 0xaf, 0xfb, 0x00,
    0x0f, 0xfb, 0x00, 0x0f, 0xfb, 0x00, 0x0f, 0xfb,
    0x00, 0x0f, 0xfb, 0x00, 0x0f, 0xfb, 0x00, 0x0f,
    0xfb, 0x00, 0x0f, 0xfb, 0x00, 0x0f, 0xfb, 0x00,
    0x0f, 0xfb,

    /* U+0032 "2" */
    0x00, 0x2a, 0xef, 0xc5, 0x00, 0x04, 0xff, 0xff,
    0xff, 0x70, 0x1e, 0xff, 0xba, 0xff, 0xf0, 0x1b,
    0xf4, 0x00, 0x7f, 0xf3, 0x00, 0x30, 0x00, 0x6f,
    0xf2, 0x00, 0x00, 0x00, 0xbf, 0xf0, 0x00, 0x00,
    0x06, 0xff, 0x90, 0x00, 0x00, 0x3f, 0xfe, 0x10,
    0x00, 0x02, 0xef, 0xf3, 0x00, 0x00, 0x1e, 0xff,
    0x40, 0x00, 0x01, 0xdf, 0xf6, 0x00, 0x00, 0x0c,
    0xff, 0xf8, 0x88, 0x83, 0x1f, 0xff, 0xff, 0xff,
    0xf6, 0x1f, 0xff, 0xff, 0xff, 0xf6,

    /* U+0033 "3" */
    0x00, 0x4b, 0xef, 0xd6, 0x00, 0x08, 0xff, 0xff,
    0xff, 0x80, 0x1f, 0xfe, 0x9a, 0xff, 0xf1, 0x03,
    0xb1, 0x00, 0x8f, 0xf3, 0x00, 0x00, 0x00, 0x7f,
    0xf1, 0x00, 0x02, 0x47, 0xff, 0xa0, 0x00, 0x0a,
    0xff, 0xff, 0x10, 0x00, 0x0a, 0xff, 0xff, 0xd1,
    0x00, 0x00, 0x02, 0x9f, 0xf8, 0x00, 0x00, 0x00,
    0x0e, 0xfb, 0x04, 0x70, 0x00, 0x1f, 0xfb, 0x4f,
    0xfd, 0x99, 0xef, 0xf7, 0x0b, 0xff, 0xff, 0xff,
    0xc0, 0x00, 0x6c, 0xef, 0xd8, 0x00,

    /* U+0034 "4" */
    0x00, 0x03, 0xff, 0x60, 0x00, 0x00, 0x00, 0x09,
    0xff, 0x00, 0x00, 0x00, 0x00, 0x0e, 0xfa, 0x00,
    0x00, 0x00, 0x00, 0x5f, 0xf5, 0x00, 0x00, 0x00,
    0x00, 0xbf, 0xe0, 0x03, 0x51, 0x00, 0x01, 0xff,
    0x90, 0x0d, 0xf3, 0x00, 0x06, 0xff, 0x30, 0x3f,
    0xf3, 0x00, 0x0c, 0xfe, 0x00, 0x8f, 0xf3, 0x00,
    0x2f, 0xff, 0xff, 0xff, 0xff, 0xf0, 0x4f, 0xff,
    0xff, 0xff, 0xff, 0xf0, 0x28, 0x88, 0x88, 0xff,
    0xfb, 0x80, 0x00, 0x00, 0x00, 0x7f, 0xf3, 0x00,
    0x00, 0x00, 0x00, 0x7f, 0xf3, 0x00, 0x00, 0x00,
    0x00, 0x7f, 0xf3, 0x00,

    /* U+0035 "5" */
    0x0d, 0xff, 0xff, 0xff, 0xf4, 0x00, 0xdf, 0xff,
    0xff, 0xff, 0x40, 0x0d, 0xff, 0x88, 0x88, 0x82,
    0x00, 0xdf, 0xa0, 0x00, 0x00, 0x00, 0x0d, 0xfa,
    0x00, 0x00, 0x00, 0x00, 0xdf, 0xdb, 0xfe, 0xa2,
    0x00, 0x0d, 0xff, 0xff, 0xff, 0xe2, 0x00, 0xdf,
    0xfb, 0x9d, 0xff, 0xa0, 0x03, 0x74, 0x00, 0x0d,
    0xff, 0x00, 0x00, 0x00, 0x00, 0xaf, 0xf0, 0x00,
    0x52, 0x00, 0x0d, 0xff, 0x00, 0xbf, 0xf9, 0x8d,
    0xff, 0x90, 0x08, 0xff, 0xff, 0xff, 0xd1, 0x00,
    0x04, 0xbe, 0xfd, 0x81, 0x00,

    /* U+0036 "6" */
    0x00, 0x03, 0xae, 0xfd, 0x81, 0x00, 0x06, 0xff,
    0xff, 0xff, 0xe1, 0x02, 0xff, 0xf9, 0x7a, 0xf7,
    0x00, 0xbf, 0xf4, 0x00, 0x01, 0x00, 0x0f, 0xfb,
    0x00, 0x00, 0x00, 0x03, 0xff, 0x77, 0xdf, 0xd8,
    0x00, 0x4f, 0xff, 0xff, 0xff, 0xfa, 0x05, 0xff,
    0xfc, 0x79, 0xff, 0xf3, 0x4f, 0xfd, 0x00, 0x05,
    0xff, 0x72, 0xff, 0x90, 0x00, 0x1f, 0xf8, 0x0e,
    0xfd, 0x00, 0x05, 0xff, 0x60, 0x8f, 0xfc, 0x79,
    0xff, 0xf1, 0x00, 0xcf, 0xff, 0xff, 0xf7, 0x00,
    0x00, 0x7d, 0xfe, 0xb4, 0x00,

    /* U+0037 "7" */
    0x7f, 0xff, 0xff, 0xff, 0xf6, 0x7f, 0xff, 0xff,
    0xff, 0xf6, 0x38, 0x88, 0x88, 0xff, 0xf4, 0x00,
    0x00, 0x00, 0xef, 0xd0, 0x00, 0x00, 0x06, 0xff,
    0x60, 0x00, 0x00, 0x0d, 0xfe, 0x00, 0x00, 0x00,
    0x5f, 0xf7, 0x00, 0x00, 0x00, 0xcf, 0xf1, 0x00,
    0x00, 0x04, 0xff, 0x90, 0x00, 0x00, 0x0b, 0xff,
    0x20, 0x00, 0x00, 0x3f, 0xfa, 0x00, 0x00, 0x00,
    0xbf, 0xf3, 0x00, 0x00, 0x02, 0xff, 0xc0, 0x00,
    0x00, 0x0a, 0xff, 0x40, 0x00, 0x00,

    /* U+0038 "8" */
    0x00, 0x1a, 0xef, 0xe9, 0x10, 0x00, 0x1e, 0xff,
    0xff, 0xfd, 0x10, 0x09, 0xff, 0xc8, 0xdf, 0xf7,
    0x00, 0xdf, 0xd0, 0x00, 0xff, 0xb0, 0x0c, 0xfd,
    0x00, 0x0f, 0xfa, 0x00, 0x6f, 0xfb, 0x7c, 0xff,
    0x40, 0x00, 0x9f, 0xff, 0xff, 0x80, 0x00, 0x2d,
    0xff, 0xff, 0xfc, 0x10, 0x0c, 0xfe, 0x30, 0x4f,
    0xfa, 0x02, 0xff, 0x70, 0x00, 0x9f, 0xf0, 0x2f,
    0xfa, 0x00, 0x0c, 0xff, 0x00, 0xef, 0xfb, 0x8c,
    0xff, 0xc0, 0x05, 0xff, 0xff, 0xff, 0xf3, 0x00,
    0x03, 0xbe, 0xfe, 0xa2, 0x00,

    /* U+0039 "9" */
    0x00, 0x3a, 0xef, 0xd8, 0x10, 0x00, 0x4f, 0xff,
    0xff, 0xfd, 0x10, 0x0e, 0xff, 0xa7, 0xbf, 0xfa,
    0x04, 0xff, 0x70, 0x00, 0xaf, 0xf1, 0x6f, 0xf3,
    0x00, 0x06, 0xff, 0x55, 0xff, 0x70, 0x00, 0xaf,
    0xf7, 0x1f, 0xff, 0xa7, 0xbf, 0xff, 0x80, 0x8f,
    0xff, 0xff, 0xff, 0xf7, 0x00, 0x6d, 0xfe, 0x85,
    0xff, 0x60, 0x00, 0x00, 0x00, 0x9f, 0xf2, 0x00,
    0x10, 0x00, 0x2f, 0xfd, 0x00, 0x4f, 0xb8, 0x9f,
    0xff, 0x50, 0x0d, 0xff, 0xff, 0xff, 0x80, 0x00,
    0x07, 0xdf, 0xeb, 0x40, 0x00,

    /* U+003A ":" */
    0x06, 0xfc, 0x11, 0xff, 0xf9, 0x0e, 0xff, 0x70,
    0x3a, 0x80, 0x00, 0x00, 0x00, 0x00, 0x00, 0x03,
    0xa8, 0x00, 0xef, 0xf7, 0x1f, 0xff, 0x90, 0x6e,
    0xc1,

    /* U+003B ";" */
    0x06, 0xfc, 0x10, 0xff, 0xf9, 0x0e, 0xff, 0x80,
    0x3a, 0x80, 0x00, 0x00, 0x00, 0x00, 0x00, 0x04,
    0xa8, 0x00, 0xef, 0xf8, 0x04, 0xff, 0xc0, 0x0e,
    0xfa, 0x01, 0xff, 0x40, 0xbf, 0x90, 0x0c, 0x90,
    0x00, 0x00, 0x00,

    /* U+003C "<" */
    0x00, 0x00, 0x00, 0x02, 0x00, 0x00, 0x00, 0x00,
    0x8f, 0x60, 0x00, 0x00, 0x4e, 0xff, 0xd0, 0x00,
    0x1a, 0xff, 0xf8, 0x00, 0x07, 0xff, 0xfc, 0x20,
    0x00, 0x9f, 0xff, 0x60, 0x00, 0x00, 0x9f, 0xff,
    0x60, 0x00, 0x00, 0x07, 0xff, 0xfc, 0x20, 0x00,
    0x00, 0x1a, 0xff, 0xf8, 0x00, 0x00, 0x00, 0x4e,
    0xff, 0xd0, 0x00, 0x00, 0x00, 0x8f, 0x60, 0x00,
    0x00, 0x00, 0x02, 0x00,

    /* U+003D "=" */
    0x45, 0x55, 0x55, 0x55, 0x51, 0xdf, 0xff, 0xff,
    0xff, 0xf4, 0xdf, 0xff, 0xff, 0xff, 0xf4, 0x00,
    0x00, 0x00, 0x00, 0x00, 0x45, 0x55, 0x55, 0x55,
    0x51, 0xdf, 0xff, 0xff, 0xff, 0xf4, 0xdf, 0xff,
    0xff, 0xff, 0xf4,

    /* U+003E ">" */
    0x01, 0x00, 0x00, 0x00, 0x00, 0x1e, 0xa1, 0x00,
    0x00, 0x00, 0x6f, 0xff, 0x70, 0x00, 0x00, 0x04,
    0xdf, 0xfd, 0x30, 0x00, 0x00, 0x08, 0xff, 0xf9,
    0x10, 0x00, 0x00, 0x2b, 0xff, 0xe0, 0x00, 0x00,
    0x1a, 0xff, 0xf0, 0x00, 0x06, 0xff, 0xfb, 0x20,
    0x03, 0xcf, 0xfd, 0x40, 0x00, 0x6f, 0xff, 0x80,
    0x00, 0x00, 0x1f, 0xb2, 0x00, 0x00, 0x00, 0x02,
    0x00, 0x00, 0x00, 0x00,

    /* U+003F "?" */
    0x00, 0x02, 0x68, 0x72, 0x00, 0x01, 0xaf, 0xff,
    0xff, 0x80, 0x1d, 0xff, 0xff, 0xff, 0xf5, 0x1d,
    0xfb, 0x30, 0x5f, 0xfc, 0x02, 0x80, 0x00, 0x0c,
    0xff, 0x00, 0x00, 0x00, 0x0e, 0xfe, 0x00, 0x00,
    0x00, 0x9f, 0xf9, 0x00, 0x00, 0x1c, 0xff, 0xe1,
    0x00, 0x03, 0xff, 0xfd, 0x20, 0x00, 0x00, 0xef,
    0x90, 0x00, 0x00, 0x00, 0x43, 0x00, 0x00, 0x00,
    0x00, 0x47, 0x10, 0x00, 0x00, 0x03, 0xff, 0xd0,
    0x00, 0x00, 0x06, 0xff, 0xf0, 0x00, 0x00, 0x00,
    0xbf, 0x70, 0x00,

    /* U+0040 "@" */
    0x00, 0x00, 0x04, 0xad, 0xff, 0xc8, 0x10, 0x00,
    0x00, 0x00, 0x1c, 0xff, 0xff, 0xff, 0xff, 0x70,
    0x00, 0x00, 0x2e, 0xff, 0xc7, 0x45, 0x8e, 0xff,
    0x80, 0x00, 0x0d, 0xff, 0x50, 0x00, 0x00, 0x0a,
    0xff, 0x50, 0x07, 0xff, 0x40, 0x6d, 0xfb, 0x7f,
    0x4c, 0xfd, 0x00, 0xdf, 0xb0, 0x7f, 0xff, 0xff,
    0xf1, 0x5f, 0xf2, 0x1f, 0xf5, 0x2f, 0xf9, 0x0f,
    0xfe, 0x01, 0xff, 0x53, 0xff, 0x37, 0xff, 0x00,
    0xff, 0xb0, 0x1f, 0xf4, 0x3f, 0xf3, 0x9f, 0xd0,
    0x0f, 0xf8, 0x03, 0xff, 0x22, 0xff, 0x59, 0xff,
    0x16, 0xff, 0x91, 0xcf, 0xc0, 0x0e, 0xfa, 0x3f,
    0xff, 0xff, 0xff, 0xff, 0xf3, 0x00, 0x9f, 0xf4,
    0x6e, 0xfa, 0x19, 0xef, 0xa2, 0x00, 0x01, 0xff,
    0xe5, 0x00, 0x00, 0x00, 0x43, 0x00, 0x00, 0x04,
    0xff, 0xfc, 0x75, 0x57, 0xcf, 0xe1, 0x00, 0x00,
    0x03, 0xdf, 0xff, 0xff, 0xff, 0xfa, 0x00, 0x00,
    0x00, 0x00, 0x5a, 0xdf, 0xfd, 0x93, 0x00, 0x00,

    /* U+0041 "A" */
    0x00, 0x00, 0x1f, 0xff, 0x50, 0x00, 0x00, 0x00,
    0x06, 0xff, 0xfa, 0x00, 0x00, 0x00, 0x00, 0xbf,
    0xff, 0xf0, 0x00, 0x00, 0x00, 0x1f, 0xfb, 0xff,
    0x50, 0x00, 0x00, 0x06, 0xff, 0x2e, 0xfb, 0x00,
    0x00, 0x00, 0xcf, 0xd0, 0x8f, 0xf0, 0x00, 0x00,
    0x2f, 0xf7, 0x03, 0xff, 0x50, 0x00, 0x07, 0xff,
    0x20, 0x0e, 0xfb, 0x00, 0x00, 0xdf, 0xc0, 0x00,
    0x9f, 0xf0, 0x00, 0x2f, 0xff, 0xff, 0xff, 0xff,
    0x50, 0x08, 0xff, 0xff, 0xff, 0xff, 0xfb, 0x00,
    0xdf, 0xf7, 0x77, 0x77, 0xff, 0xf0, 0x3f, 0xf6,
    0x00, 0x00, 0x04, 0xff, 0x58, 0xff, 0x10, 0x00,
    0x00, 0x0e, 0xfb,

    /* U+0042 "B" */
    0xaf, 0xff, 0xff, 0xd9, 0x10, 0x0a, 0xff, 0xff,
    0xff, 0xfd, 0x00, 0xaf, 0xf8, 0x88, 0xef, 0xf6,
    0x0a, 0xff, 0x00, 0x03, 0xff, 0x90, 0xaf, 0xf0,
    0x00, 0x1f, 0xf9, 0x0a, 0xff, 0x00, 0x08, 0xff,
    0x60, 0xaf, 0xff, 0xff, 0xff, 0xd0, 0x0a, 0xff,
    0xff, 0xff, 0xf6, 0x00, 0xaf, 0xf5, 0x55, 0x8f,
    0xf6, 0x0a, 0xff, 0x00, 0x00, 0xbf, 0xe0, 0xaf,
    0xf0, 0x00, 0x0c, 0xff, 0x0a, 0xff, 0x88, 0x8c,
    0xff, 0xe0, 0xaf, 0xff, 0xff, 0xff, 0xf6, 0x0a,
    0xff, 0xff, 0xfe, 0xb5, 0x00,

    /* U+0043 "C" */
    0x00, 0x00, 0x6b, 0xef, 0xeb, 0x60, 0x00, 0x00,
    0x2d, 0xff, 0xff, 0xff, 0xfb, 0x00, 0x01, 0xef,
    0xff, 0xa9, 0xbf, 0xff, 0xc0, 0x0a, 0xff, 0xa0,
    0x00, 0x01, 0xcf, 0xf6, 0x1f, 0xfd, 0x00, 0x00,
    0x00, 0x19, 0x40, 0x5f, 0xf6, 0x00, 0x00, 0x00,
    0x00, 0x00, 0x7f, 0xf3, 0x00, 0x00, 0x00, 0x00,
    0x00, 0x7f, 0xf3, 0x00, 0x00, 0x00, 0x00, 0x00,
    0x5f, 0xf6, 0x00, 0x00, 0x00, 0x00, 0x00, 0x1f,
    0xfd, 0x00, 0x00, 0x00, 0x19, 0x40, 0x0b, 0xff,
    0xa0, 0x00, 0x01, 0xcf, 0xf6, 0x01, 0xef, 0xfe,
    0xa8, 0xaf, 0xff, 0xc0, 0x00, 0x2d, 0xff, 0xff,
    0xff, 0xfc, 0x10, 0x00, 0x00, 0x6c, 0xef, 0xdb,
    0x50, 0x00,

    /* U+0044 "D" */
    0xaf, 0xff, 0xff, 0xd9, 0x20, 0x00, 0xaf, 0xff,
    0xff, 0xff, 0xf7, 0x00, 0xaf, 0xf8, 0x89, 0xcf,
    0xff, 0x70, 0xaf, 0xf0, 0x00, 0x04, 0xff, 0xf1,
    0xaf, 0xf0, 0x00, 0x00, 0x7f, 0xf7, 0xaf, 0xf0,
    0x00, 0x00, 0x1f, 0xfb, 0xaf, 0xf0, 0x00, 0x00,
    0x0e, 0xfc, 0xaf, 0xf0, 0x00, 0x00, 0x0e, 0xfc,
    0xaf, 0xf0, 0x00, 0x00, 0x0f, 0xfb, 0xaf, 0xf0,
    0x00, 0x00, 0x6f, 0xf7, 0xaf, 0xf0, 0x00, 0x04,
    0xff, 0xf1, 0xaf, 0xf8, 0x89, 0xcf, 0xff, 0x70,
    0xaf, 0xff, 0xff, 0xff, 0xf8, 0x00, 0xaf, 0xff,
    0xff, 0xd9, 0x30, 0x00,

    /* U+0045 "E" */
    0xaf, 0xff, 0xff, 0xff, 0xea, 0xff, 0xff, 0xff,
    0xfe, 0xaf, 0xf7, 0x77, 0x77, 0x7a, 0xff, 0x00,
    0x00, 0x00, 0xaf, 0xf0, 0x00, 0x00, 0x0a, 0xff,
    0x00, 0x00, 0x00, 0xaf, 0xff, 0xff, 0xfc, 0x0a,
    0xff, 0xff, 0xff, 0xc0, 0xaf, 0xf8, 0x88, 0x86,
    0x0a, 0xff, 0x00, 0x00, 0x00, 0xaf, 0xf0, 0x00,
    0x00, 0x0a, 0xff, 0x88, 0x88, 0x87, 0xaf, 0xff,
    0xff, 0xff, 0xea, 0xff, 0xff, 0xff, 0xfe,

    /* U+0046 "F" */
    0xaf, 0xff, 0xff, 0xff, 0xca, 0xff, 0xff, 0xff,
    0xfc, 0xaf, 0xf8, 0x88, 0x88, 0x6a, 0xff, 0x00,
    0x00, 0x00, 0xaf, 0xf0, 0x00, 0x00, 0x0a, 0xff,
    0x00, 0x00, 0x00, 0xaf, 0xff, 0xff, 0xfb, 0x0a,
    0xff, 0xff, 0xff, 0xb0, 0xaf, 0xf8, 0x88, 0x85,
    0x0a, 0xff, 0x00, 0x00, 0x00, 0xaf, 0xf0, 0x00,
    0x00, 0x0a, 0xff, 0x00, 0x00, 0x00, 0xaf, 0xf0,
    0x00, 0x00, 0x0a, 0xff, 0x00, 0x00, 0x00,

    /* U+0047 "G" */
    0x00, 0x00, 0x6b, 0xef, 0xdb, 0x50, 0x00, 0x00,
    0x2d, 0xff, 0xff, 0xff, 0xfb, 0x10, 0x01, 0xef,
    0xff, 0xa9, 0xbf, 0xff, 0xc0, 0x0a, 0xff, 0xa0,
    0x00, 0x01, 0xcf, 0xf5, 0x1f, 0xfd, 0x00, 0x00,
    0x00, 0x18, 0x20, 0x5f, 0xf6, 0x00, 0x00, 0x00,
    0x00, 0x00, 0x7f, 0xf3, 0x00, 0x04, 0x66, 0x66,
    0x65, 0x7f, 0xf3, 0x00, 0x0c, 0xff, 0xff, 0xff,
    0x5f, 0xf6, 0x00, 0x0c, 0xff, 0xff, 0xfe, 0x1f,
    0xfc, 0x00, 0x00, 0x00, 0x0e, 0xfb, 0x0b, 0xff,
    0x90, 0x00, 0x01, 0xbf, 0xf5, 0x01, 0xef, 0xfe,
    0x97, 0x9e, 0xff, 0xb0, 0x00, 0x2d, 0xff, 0xff,
    0xff, 0xfa, 0x00, 0x00, 0x00, 0x6c, 0xef, 0xea,
    0x40, 0x00,

    /* U+0048 "H" */
    0xaf, 0xf0, 0x00, 0x00, 0x4f, 0xf5, 0xaf, 0xf0,
    0x00, 0x00, 0x4f, 0xf5, 0xaf, 0xf0, 0x00, 0x00,
    0x4f, 0xf5, 0xaf, 0xf0, 0x00, 0x00, 0x4f, 0xf5,
    0xaf, 0xf0, 0x00, 0x00, 0x4f, 0xf5, 0xaf, 0xf0,
    0x00, 0x00, 0x4f, 0xf5, 0xaf, 0xff, 0xff, 0xff,
    0xff, 0xf5, 0xaf, 0xff, 0xff, 0xff, 0xff, 0xf5,
    0xaf, 0xf8, 0x88, 0x88, 0xcf, 0xf5, 0xaf, 0xf0,
    0x00, 0x00, 0x4f, 0xf5, 0xaf, 0xf0, 0x00, 0x00,
    0x4f, 0xf5, 0xaf, 0xf0, 0x00, 0x00, 0x4f, 0xf5,
    0xaf, 0xf0, 0x00, 0x00, 0x4f, 0xf5, 0xaf, 0xf0,
    0x00, 0x00, 0x4f, 0xf5,

    /* U+0049 "I" */
    0xaf, 0xfa, 0xff, 0xaf, 0xfa, 0xff, 0xaf, 0xfa,
    0xff, 0xaf, 0xfa, 0xff, 0xaf, 0xfa, 0xff, 0xaf,
    0xfa, 0xff, 0xaf, 0xfa, 0xff,

    /* U+004A "J" */
    0x00, 0x00, 0x00, 0x1f, 0xf9, 0x00, 0x00, 0x00,
    0x1f, 0xf9, 0x00, 0x00, 0x00, 0x1f, 0xf9, 0x00,
    0x00, 0x00, 0x1f, 0xf9, 0x00, 0x00, 0x00, 0x1f,
    0xf9, 0x00, 0x00, 0x00, 0x1f, 0xf9, 0x00, 0x00,
    0x00, 0x1f, 0xf9, 0x00, 0x00, 0x00, 0x1f, 0xf9,
    0x13, 0x31, 0x00, 0x1f, 0xf9, 0x4f, 0xf5, 0x00,
    0x1f, 0xf9, 0x3f, 0xf8, 0x00, 0x4f, 0xf7, 0x0e,
    0xff, 0xa9, 0xff, 0xf2, 0x06, 0xff, 0xff, 0xff,
    0x90, 0x00, 0x4b, 0xff, 0xc6, 0x00,

    /* U+004B "K" */
    0xaf, 0xf0, 0x00, 0x05, 0xff, 0xd1, 0xaf, 0xf0,
    0x00, 0x4f, 0xfe, 0x10, 0xaf, 0xf0, 0x02, 0xff,
    0xf2, 0x00, 0xaf, 0xf0, 0x1e, 0xff, 0x40, 0x00,
    0xaf, 0xf1, 0xdf, 0xf5, 0x00, 0x00, 0xaf, 0xfc,
    0xff, 0x70, 0x00, 0x00, 0xaf, 0xff, 0xfa, 0x00,
    0x00, 0x00, 0xaf, 0xff, 0xfa, 0x00, 0x00, 0x00,
    0xaf, 0xfc, 0xff, 0x80, 0x00, 0x00, 0xaf, 0xf1,
    0xef, 0xf6, 0x00, 0x00, 0xaf, 0xf0, 0x2f, 0xff,
    0x40, 0x00, 0xaf, 0xf0, 0x04, 0xff, 0xf3, 0x00,
    0xaf, 0xf0, 0x00, 0x5f, 0xfe, 0x20, 0xaf, 0xf0,
    0x00, 0x07, 0xff, 0xd1,

    /* U+004C "L" */
    0xaf, 0xf0, 0x00, 0x00, 0x0a, 0xff, 0x00, 0x00,
    0x00, 0xaf, 0xf0, 0x00, 0x00, 0x0a, 0xff, 0x00,
    0x00, 0x00, 0xaf, 0xf0, 0x00, 0x00, 0x0a, 0xff,
    0x00, 0x00, 0x00, 0xaf, 0xf0, 0x00, 0x00, 0x0a,
    0xff, 0x00, 0x00, 0x00, 0xaf, 0xf0, 0x00, 0x00,
    0x0a, 0xff, 0x00, 0x00, 0x00, 0xaf, 0xf0, 0x00,
    0x00, 0x0a, 0xff, 0x88, 0x88, 0x84, 0xaf, 0xff,
    0xff, 0xff, 0x8a, 0xff, 0xff, 0xff, 0xf8,

    /* U+004D "M" */
    0x00, 0x2f, 0xf7, 0x00, 0x00, 0x01, 0xff, 0x70,
    0x00, 0x04, 0xff, 0xd0, 0x00, 0x00, 0x7f, 0xfa,
    0x00, 0x00, 0x7f, 0xff, 0x20, 0x00, 0x0d, 0xff,
    0xd0, 0x00, 0x0a, 0xff, 0xf8, 0x00, 0x02, 0xff,
    0xff, 0x00, 0x00, 0xdf, 0xff, 0xd0, 0x00, 0x8f,
    0xff, 0xf3, 0x00, 0x0f, 0xfa, 0xff, 0x30, 0x0d,
    0xfa, 0xff, 0x50, 0x02, 0xff, 0x5e, 0xf9, 0x03,
    0xff, 0x3f, 0xf8, 0x00, 0x5f, 0xf2, 0x9f, 0xe0,
    0x9f, 0xe0, 0xdf, 0xb0, 0x08, 0xff, 0x03, 0xff,
    0x4e, 0xf9, 0x0a, 0xfe, 0x00, 0xbf, 0xd0, 0x0e,
    0xfd, 0xff, 0x40, 0x8f, 0xf0, 0x0e, 0xfb, 0x00,
    0x8f, 0xff, 0xe0, 0x05, 0xff, 0x30, 0xff, 0x90,
    0x03, 0xff, 0xf9, 0x00, 0x3f, 0xf6, 0x3f, 0xf6,
    0x00, 0x0d, 0xff, 0x30, 0x00, 0xff, 0x96, 0xff,
    0x40, 0x00, 0x8f, 0xd0, 0x00, 0x0e, 0xfc,

    /* U+004E "N" */
    0xaf, 0xf2, 0x00, 0x00, 0x0a, 0xff, 0xaf, 0xfc,
    0x00, 0x00, 0x0a, 0xff, 0xaf, 0xff, 0x80, 0x00,
    0x0a, 0xff, 0xaf, 0xff, 0xf4, 0x00, 0x0a, 0xff,
    0xaf, 0xff, 0xfe, 0x10, 0x0a, 0xff, 0xaf, 0xf8,
    0xff, 0xb0, 0x0a, 0xff, 0xaf, 0xf0, 0xcf, 0xf7,
    0x0a, 0xff, 0xaf, 0xf0, 0x2f, 0xff, 0x3a, 0xff,
    0xaf, 0xf0, 0x05, 0xff, 0xda, 0xff, 0xaf, 0xf0,
    0x00, 0x9f, 0xff, 0xff, 0xaf, 0xf0, 0x00, 0x0d,
    0xff, 0xff, 0xaf, 0xf0, 0x00, 0x03, 0xff, 0xff,
    0xaf, 0xf0, 0x00, 0x00, 0x7f, 0xff, 0xaf, 0xf0,
    0x00, 0x00, 0x0b, 0xff,

    /* U+004F "O" */
    0x00, 0x00, 0x5b, 0xef, 0xeb, 0x50, 0x00, 0x00,
    0x02, 0xcf, 0xff, 0xff, 0xff, 0xc1, 0x00, 0x01,
    0xef, 0xff, 0xb9, 0xbf, 0xff, 0xe1, 0x00, 0xaf,
    0xfb, 0x10, 0x00, 0x1b, 0xff, 0xa0, 0x1f, 0xfd,
    0x00, 0x00, 0x00, 0x0d, 0xff, 0x15, 0xff, 0x60,
    0x00, 0x00, 0x00, 0x6f, 0xf5, 0x7f, 0xf3, 0x00,
    0x00, 0x00, 0x03, 0xff, 0x77, 0xff, 0x30, 0x00,
    0x00, 0x00, 0x3f, 0xf7, 0x5f, 0xf6, 0x00, 0x00,
    0x00, 0x06, 0xff, 0x51, 0xff, 0xd0, 0x00, 0x00,
    0x00, 0xdf, 0xf1, 0x0a, 0xff, 0xb1, 0x00, 0x01,
    0xbf, 0xfa, 0x00, 0x1e, 0xff, 0xfb, 0x9b, 0xff,
    0xfe, 0x10, 0x00, 0x2d, 0xff, 0xff, 0xff, 0xfd,
    0x20, 0x00, 0x00, 0x06, 0xbe, 0xfe, 0xb6, 0x00,
    0x00,

    /* U+0050 "P" */
    0xaf, 0xff, 0xff, 0xd7, 0x00, 0x0a, 0xff, 0xff,
    0xff, 0xfd, 0x00, 0xaf, 0xf8, 0x89, 0xef, 0xf9,
    0x0a, 0xff, 0x00, 0x00, 0xef, 0xf0, 0xaf, 0xf0,
    0x00, 0x09, 0xff, 0x2a, 0xff, 0x00, 0x00, 0x9f,
    0xf2, 0xaf, 0xf0, 0x00, 0x1e, 0xff, 0x0a, 0xff,
    0x88, 0x9e, 0xff, 0x90, 0xaf, 0xff, 0xff, 0xff,
    0xd0, 0x0a, 0xff, 0xff, 0xfd, 0x80, 0x00, 0xaf,
    0xf0, 0x00, 0x00, 0x00, 0x0a, 0xff, 0x00, 0x00,
    0x00, 0x00, 0xaf, 0xf0, 0x00, 0x00, 0x00, 0x0a,
    0xff, 0x00, 0x00, 0x00, 0x00,

    /* U+0051 "Q" */
    0x00, 0x00, 0x5b, 0xef, 0xeb, 0x50, 0x00, 0x00,
    0x02, 0xcf, 0xff, 0xff, 0xff, 0xc1, 0x00, 0x01,
    0xef, 0xff, 0xb9, 0xbf, 0xff, 0xe1, 0x00, 0xaf,
    0xfb, 0x10, 0x00, 0x1b, 0xff, 0xa0, 0x1f, 0xfd,
    0x00, 0x00, 0x00, 0x0d, 0xff, 0x15, 0xff, 0x60,
    0x00, 0x00, 0x00, 0x6f, 0xf5, 0x7f, 0xf3, 0x00,
    0x00, 0x00, 0x03, 0xff, 0x77, 0xff, 0x30, 0x00,
    0x01, 0x10, 0x3f, 0xf7, 0x5f, 0xf6, 0x00, 0x07,
    0xff, 0x36, 0xff, 0x51, 0xff, 0xd0, 0x00, 0x0c,
    0xfd, 0xdf, 0xf1, 0x0a, 0xff, 0xb1, 0x00, 0x3f,
    0xff, 0xfa, 0x00, 0x1e, 0xff, 0xfb, 0x9b, 0xff,
    0xff, 0x10, 0x00, 0x2d, 0xff, 0xff, 0xff, 0xff,
    0xd0, 0x00, 0x00, 0x06, 0xbe, 0xfe, 0xbb, 0xff,
    0x50, 0x00, 0x00, 0x00, 0x00, 0x00, 0x07, 0x86,
    0x00,

    /* U+0052 "R" */
    0xaf, 0xff, 0xff, 0xd8, 0x10, 0x0a, 0xff, 0xff,
    0xff, 0xfe, 0x20, 0xaf, 0xf8, 0x88, 0xdf, 0xfc,
    0x0a, 0xff, 0x00, 0x00, 0xbf, 0xf2, 0xaf, 0xf0,
    0x00, 0x06, 0xff, 0x4a, 0xff, 0x00, 0x00, 0x8f,
    0xf3, 0xaf, 0xf0, 0x00, 0x5f, 0xff, 0x0a, 0xff,
    0xff, 0xff, 0xff, 0x70, 0xaf, 0xff, 0xff, 0xff,
    0x80, 0x0a, 0xff, 0x88, 0xff, 0xf2, 0x00, 0xaf,
    0xf0, 0x03, 0xff, 0xa0, 0x0a, 0xff, 0x00, 0x0b,
    0xff, 0x20, 0xaf, 0xf0, 0x00, 0x3f, 0xfa, 0x0a,
    0xff, 0x00, 0x00, 0xaf, 0xf3,

    /* U+0053 "S" */
    0x00, 0x18, 0xdf, 0xec, 0x50, 0x00, 0x1e, 0xff,
    0xff, 0xff, 0xa0, 0x09, 0xff, 0xb8, 0x9e, 0xff,
    0x30, 0xdf, 0xd0, 0x00, 0x19, 0x10, 0x0d, 0xfe,
    0x00, 0x00, 0x00, 0x00, 0x9f, 0xfe, 0x83, 0x00,
    0x00, 0x01, 0xdf, 0xff, 0xfe, 0x80, 0x00, 0x00,
    0x7d, 0xff, 0xff, 0xd0, 0x00, 0x00, 0x01, 0x6e,
    0xff, 0x70, 0x04, 0x00, 0x00, 0x1f, 0xfa, 0x2d,
    0xf6, 0x00, 0x01, 0xff, 0xa1, 0xef, 0xfc, 0x77,
    0xdf, 0xf6, 0x03, 0xef, 0xff, 0xff, 0xfb, 0x00,
    0x01, 0x8d, 0xff, 0xc6, 0x00,

    /* U+0054 "T" */
    0xcf, 0xff, 0xff, 0xff, 0xff, 0xf2, 0xcf, 0xff,
    0xff, 0xff, 0xff, 0xf2, 0x68, 0x88, 0xff, 0xf8,
    0x88, 0x81, 0x00, 0x00, 0xbf, 0xf0, 0x00, 0x00,
    0x00, 0x00, 0xbf, 0xf0, 0x00, 0x00, 0x00, 0x00,
    0xbf, 0xf0, 0x00, 0x00, 0x00, 0x00, 0xbf, 0xf0,
    0x00, 0x00, 0x00, 0x00, 0xbf, 0xf0, 0x00, 0x00,
    0x00, 0x00, 0xbf, 0xf0, 0x00, 0x00, 0x00, 0x00,
    0xbf, 0xf0, 0x00, 0x00, 0x00, 0x00, 0xbf, 0xf0,
    0x00, 0x00, 0x00, 0x00, 0xbf, 0xf0, 0x00, 0x00,
    0x00, 0x00, 0xbf, 0xf0, 0x00, 0x00, 0x00, 0x00,
    0xbf, 0xf0, 0x00, 0x00,

    /* U+0055 "U" */
    0xbf, 0xe0, 0x00, 0x00, 0x6f, 0xf3, 0xbf, 0xe0,
    0x00, 0x00, 0x6f, 0xf3, 0xbf, 0xe0, 0x00, 0x00,
    0x6f, 0xf3, 0xbf, 0xe0, 0x00, 0x00, 0x6f, 0xf3,
    0xbf, 0xe0, 0x00, 0x00, 0x6f, 0xf3, 0xbf, 0xe0,
    0x00, 0x00, 0x6f, 0xf3, 0xbf, 0xe0, 0x00, 0x00,
    0x6f, 0xf3, 0xbf, 0xe0, 0x00, 0x00, 0x6f, 0xf3,
    0xbf, 0xf0, 0x00, 0x00, 0x7f, 0xf2, 0x9f, 0xf2,
    0x00, 0x00, 0xaf, 0xf1, 0x6f, 0xfa, 0x00, 0x02,
    0xff, 0xd0, 0x0e, 0xff, 0xd9, 0xaf, 0xff, 0x70,
    0x04, 0xff, 0xff, 0xff, 0xfb, 0x00, 0x00, 0x29,
    0xdf, 0xec, 0x60, 0x00,

    /* U+0056 "V" */
    0xaf, 0xf0, 0x00, 0x00, 0x01, 0xff, 0x85, 0xff,
    0x50, 0x00, 0x00, 0x7f, 0xf3, 0x0f, 0xfa, 0x00,
    0x00, 0x0c, 0xfd, 0x00, 0xaf, 0xf0, 0x00, 0x01,
    0xff, 0x80, 0x05, 0xff, 0x50, 0x00, 0x7f, 0xf3,
    0x00, 0x0f, 0xfa, 0x00, 0x0c, 0xfd, 0x00, 0x00,
    0xaf, 0xf0, 0x01, 0xff, 0x80, 0x00, 0x05, 0xff,
    0x50, 0x7f, 0xf2, 0x00, 0x00, 0x0f, 0xfa, 0x0c,
    0xfd, 0x00, 0x00, 0x00, 0xaf, 0xf2, 0xff, 0x80,
    0x00, 0x00, 0x05, 0xff, 0xcf, 0xf2, 0x00, 0x00,
    0x00, 0x0f, 0xff, 0xfd, 0x00, 0x00, 0x00, 0x00,
    0xaf, 0xff, 0x80, 0x00, 0x00, 0x00, 0x04, 0xff,
    0xf2, 0x00, 0x00,

    /* U+0057 "W" */
    0x9f, 0xf0, 0x00, 0x00, 0xef, 0xf3, 0x00, 0x00,
    0x6f, 0xf3, 0x5f, 0xf4, 0x00, 0x00, 0xef, 0xf8,
    0x00, 0x00, 0xaf, 0xe0, 0x1f, 0xf8, 0x00, 0x03,
    0xff, 0xfc, 0x00, 0x00, 0xef, 0xa0, 0x0c, 0xfd,
    0x00, 0x07, 0xff, 0xff, 0x10, 0x03, 0xff, 0x60,
    0x08, 0xff, 0x10, 0x0c, 0xfe, 0xff, 0x60, 0x07,
    0xff, 0x20, 0x04, 0xff, 0x50, 0x1f, 0xf7, 0xdf,
    0xb0, 0x0b, 0xfe, 0x00, 0x00, 0xff, 0x90, 0x5f,
    0xf2, 0x8f, 0xf0, 0x0f, 0xf9, 0x00, 0x00, 0xbf,
    0xd0, 0xaf, 0xd0, 0x3f, 0xf4, 0x3f, 0xf5, 0x00,
    0x00, 0x7f, 0xf1, 0xef, 0x90, 0x0e, 0xf9, 0x7f,
    0xf1, 0x00, 0x00, 0x3f, 0xf9, 0xff, 0x40, 0x0a,
    0xfd, 0xbf, 0xd0, 0x00, 0x00, 0x0e, 0xff, 0xff,
    0x00, 0x05, 0xff, 0xff, 0x80, 0x00, 0x00, 0x0a,
    0xff, 0xfa, 0x00, 0x01, 0xff, 0xff, 0x40, 0x00,
    0x00, 0x06, 0xff, 0xf6, 0x00, 0x00, 0xcf, 0xff,
    0x00, 0x00, 0x00, 0x02, 0xff, 0xf1, 0x00, 0x00,
    0x7f, 0xfc, 0x00, 0x00,

    /* U+0058 "X" */
    0x5f, 0xfc, 0x00, 0x00, 0x06, 0xff, 0xb0, 0x0a,
    0xff, 0x60, 0x00, 0x1f, 0xfe, 0x10, 0x01, 0xef,
    0xf2, 0x00, 0xbf, 0xf5, 0x00, 0x00, 0x5f, 0xfb,
    0x06, 0xff, 0xa0, 0x00, 0x00, 0x0a, 0xff, 0x7e,
    0xfe, 0x10, 0x00, 0x00, 0x01, 0xef, 0xff, 0xf5,
    0x00, 0x00, 0x00, 0x00, 0x4f, 0xff, 0xb0, 0x00,
    0x00, 0x00, 0x00, 0x7f, 0xff, 0xa0, 0x00, 0x00,
    0x00, 0x02, 0xff, 0xff, 0xf4, 0x00, 0x00, 0x00,
    0x0c, 0xff, 0x7f, 0xfe, 0x10, 0x00, 0x00, 0x7f,
    0xfa, 0x07, 0xff, 0xa0, 0x00, 0x02, 0xff, 0xe1,
    0x00, 0xcf, 0xf5, 0x00, 0x0c, 0xff, 0x50, 0x00,
    0x2f, 0xfe, 0x10, 0x8f, 0xfb, 0x00, 0x00, 0x07,
    0xff, 0xb0,

    /* U+0059 "Y" */
    0x0c, 0xff, 0x10, 0x00, 0x05, 0xff, 0x80, 0x4f,
    0xf9, 0x00, 0x00, 0xcf, 0xf1, 0x00, 0xcf, 0xf1,
    0x00, 0x4f, 0xf8, 0x00, 0x04, 0xff, 0x90, 0x0c,
    0xff, 0x10, 0x00, 0x0c, 0xff, 0x14, 0xff, 0x70,
    0x00, 0x00, 0x4f, 0xf8, 0xcf, 0xe0, 0x00, 0x00,
    0x00, 0xcf, 0xff, 0xf7, 0x00, 0x00, 0x00, 0x04,
    0xff, 0xfe, 0x00, 0x00, 0x00, 0x00, 0x0d, 0xff,
    0x90, 0x00, 0x00, 0x00, 0x00, 0x7f, 0xf3, 0x00,
    0x00, 0x00, 0x00, 0x07, 0xff, 0x30, 0x00, 0x00,
    0x00, 0x00, 0x7f, 0xf3, 0x00, 0x00, 0x00, 0x00,
    0x07, 0xff, 0x30, 0x00, 0x00, 0x00, 0x00, 0x7f,
    0xf3, 0x00, 0x00,

    /* U+005A "Z" */
    0x0f, 0xff, 0xff, 0xff, 0xff, 0xa0, 0xff, 0xff,
    0xff, 0xff, 0xfa, 0x07, 0x88, 0x88, 0x8f, 0xff,
    0x50, 0x00, 0x00, 0x05, 0xff, 0xa0, 0x00, 0x00,
    0x01, 0xef, 0xe1, 0x00, 0x00, 0x00, 0xbf, 0xf4,
    0x00, 0x00, 0x00, 0x6f, 0xf9, 0x00, 0x00, 0x00,
    0x1f, 0xfe, 0x00, 0x00, 0x00, 0x0b, 0xff, 0x40,
    0x00, 0x00, 0x07, 0xff, 0x90, 0x00, 0x00, 0x02,
    0xff, 0xd0, 0x00, 0x00, 0x00, 0xcf, 0xfb, 0x88,
    0x88, 0x85, 0x2f, 0xff, 0xff, 0xff, 0xff, 0xb2,
    0xff, 0xff, 0xff, 0xff, 0xfb,

    /* U+005B "[" */
    0x57, 0xc7, 0x70, 0xbf, 0xff, 0xf1, 0xbf, 0xff,
    0xf1, 0xbf, 0xe0, 0x00, 0xbf, 0xe0, 0x00, 0xbf,
    0xe0, 0x00, 0xbf, 0xe0, 0x00, 0xbf, 0xe0, 0x00,
    0xbf, 0xe0, 0x00, 0xbf, 0xe0, 0x00, 0xbf, 0xe0,
    0x00, 0xbf, 0xe0, 0x00, 0xbf, 0xe0, 0x00, 0xbf,
    0xe0, 0x00, 0xbf, 0xe0, 0x00, 0xbf, 0xe0, 0x00,
    0xbf, 0xf6, 0x60, 0xbf, 0xff, 0xf1, 0xbf, 0xff,
    0xf1,

    /* U+005C "\\" */
    0x01, 0x73, 0x00, 0x00, 0x00, 0x00, 0xdf, 0xb0,
    0x00, 0x00, 0x00, 0x07, 0xff, 0x20, 0x00, 0x00,
    0x00, 0x0e, 0xfa, 0x00, 0x00, 0x00, 0x00, 0x7f,
    0xf2, 0x00, 0x00, 0x00, 0x00, 0xef, 0xa0, 0x00,
    0x00, 0x00, 0x08, 0xff, 0x20, 0x00, 0x00, 0x00,
    0x1f, 0xf9, 0x00, 0x00, 0x00, 0x00, 0x8f, 0xf1,
    0x00, 0x00, 0x00, 0x01, 0xff, 0x90, 0x00, 0x00,
    0x00, 0x08, 0xff, 0x10, 0x00, 0x00, 0x00, 0x1f,
    0xf9, 0x00, 0x00, 0x00, 0x00, 0x9f, 0xf1, 0x00,
    0x00, 0x00, 0x01, 0xff, 0x80, 0x00, 0x00, 0x00,
    0x09, 0xff, 0x10, 0x00, 0x00, 0x00, 0x2f, 0xf7,
    0x00, 0x00, 0x00, 0x00, 0x86, 0x00,

    /* U+005D "]" */
    0x47, 0xa9, 0x70, 0xbf, 0xff, 0xf2, 0xbf, 0xff,
    0xf2, 0x00, 0x8f, 0xf2, 0x00, 0x8f, 0xf2, 0x00,
    0x8f, 0xf2, 0x00, 0x8f, 0xf2, 0x00, 0x8f, 0xf2,
    0x00, 0x8f, 0xf2, 0x00, 0x8f, 0xf2, 0x00, 0x8f,
    0xf2, 0x00, 0x8f, 0xf2, 0x00, 0x8f, 0xf2, 0x00,
    0x8f, 0xf2, 0x00, 0x8f, 0xf2, 0x00, 0x8f, 0xf2,
    0x46, 0xff, 0xf2, 0xbf, 0xff, 0xf2, 0xbf, 0xff,
    0xf2,

    /* U+005E "^" */
    0x00, 0x00, 0x00, 0x00, 0x00, 0x00, 0x03, 0xe8,
    0x00, 0x00, 0x00, 0x4f, 0xff, 0xa0, 0x00, 0x06,
    0xff, 0xcf, 0xfb, 0x00, 0x6f, 0xf9, 0x04, 0xff,
    0xc0, 0x1e, 0x70, 0x00, 0x2d, 0x60, 0x00, 0x00,
    0x00, 0x00, 0x00,

    /* U+005F "_" */
    0x12, 0x22, 0x22, 0x22, 0x22, 0x19, 0xff, 0xff,
    0xff, 0xff, 0xfa, 0x9f, 0xff, 0xff, 0xff, 0xff,
    0xa0,

    /* U+0060 "`" */
    0x00, 0x00, 0x04, 0xe4, 0x00, 0x5f, 0xf5, 0x00,
    0x4f, 0xf5, 0x00, 0x3b, 0x00,

    /* U+0061 "a" */
    0x02, 0x8c, 0xef, 0xc5, 0x00, 0x06, 0xff, 0xff,
    0xff, 0x60, 0x00, 0x74, 0x35, 0xef, 0xd0, 0x01,
    0x9e, 0xeb, 0xdf, 0xf0, 0x0d, 0xff, 0xff, 0xff,
    0xf1, 0x5f, 0xfa, 0x12, 0xff, 0xf1, 0x7f, 0xf4,
    0x00, 0x9f, 0xf1, 0x5f, 0xfa, 0x12, 0xff, 0xf1,
    0x0d, 0xff, 0xff, 0xff, 0xf1, 0x01, 0xae, 0xfb,
    0x5f, 0xf1,

    /* U+0062 "b" */
    0xef, 0xb0, 0x00, 0x00, 0x00, 0xef, 0xb0, 0x00,
    0x00, 0x00, 0xef, 0xb0, 0x00, 0x00, 0x00, 0xef,
    0xb0, 0x00, 0x00, 0x00, 0xef, 0xc9, 0xef, 0xd7,
    0x00, 0xef, 0xff, 0xff, 0xff, 0xa0, 0xef, 0xfe,
    0x78, 0xff, 0xf5, 0xef, 0xf1, 0x00, 0x3f, 0xfa,
    0xef, 0xf0, 0x00, 0x0d, 0xfd, 0xef, 0xf0, 0x00,
    0x0e, 0xfd, 0xef, 0xf2, 0x00, 0x4f, 0xfa, 0xef,
    0xff, 0xaa, 0xff, 0xf4, 0xef, 0xff, 0xff, 0xff,
    0xa0, 0xef, 0x38, 0xef, 0xd7, 0x00,

    /* U+0063 "c" */
    0x00, 0x29, 0xef, 0xd8, 0x10, 0x03, 0xef, 0xff,
    0xff, 0xe2, 0x0d, 0xff, 0xc8, 0xcf, 0xfb, 0x3f,
    0xfa, 0x00, 0x09, 0x81, 0x6f, 0xf4, 0x00, 0x00,
    0x00, 0x6f, 0xf4, 0x00, 0x00, 0x00, 0x3f, 0xfa,
    0x00, 0x09, 0x81, 0x0d, 0xff, 0xc9, 0xcf, 0xfb,
    0x03, 0xef, 0xff, 0xff, 0xd2, 0x00, 0x29, 0xef,
    0xd8, 0x10,

    /* U+0064 "d" */
    0x00, 0x00, 0x00, 0x05, 0xff, 0x40, 0x00, 0x00,
    0x00, 0x5f, 0xf4, 0x00, 0x00, 0x00, 0x05, 0xff,
    0x40, 0x00, 0x00, 0x00, 0x5f, 0xf4, 0x00, 0x3b,
    0xef, 0xb8, 0xff, 0x40, 0x4f, 0xff, 0xff, 0xff,
    0xf4, 0x0e, 0xff, 0xb7, 0xbf, 0xff, 0x44, 0xff,
    0xa0, 0x00, 0xcf, 0xf4, 0x6f, 0xf4, 0x00, 0x06,
    0xff, 0x46, 0xff, 0x40, 0x00, 0x6f, 0xf4, 0x4f,
    0xfa, 0x00, 0x0c, 0xff, 0x40, 0xef, 0xfb, 0x7b,
    0xff, 0xf4, 0x04, 0xff, 0xff, 0xff, 0xff, 0x40,
    0x03, 0xbe, 0xfb, 0x3c, 0xf4,

    /* U+0065 "e" */
    0x00, 0x2a, 0xef, 0xd8, 0x00, 0x00, 0x3f, 0xff,
    0xff, 0xfd, 0x10, 0x0d, 0xfd, 0x41, 0x5f, 0xf9,
    0x03, 0xff, 0x30, 0x00, 0x7f, 0xf0, 0x6f, 0xff,
    0xff, 0xff, 0xff, 0x36, 0xff, 0xff, 0xff, 0xff,
    0xf3, 0x4f, 0xf3, 0x00, 0x00, 0x20, 0x00, 0xef,
    0xd4, 0x24, 0xcf, 0x90, 0x04, 0xff, 0xff, 0xff,
    0xf3, 0x00, 0x02, 0xae, 0xfe, 0x92, 0x00,

    /* U+0066 "f" */
    0x00, 0x1a, 0xff, 0x60, 0x0b, 0xff, 0xf7, 0x01,
    0xff, 0xe7, 0x30, 0x2f, 0xf7, 0x00, 0x9f, 0xff,
    0xff, 0x39, 0xff, 0xff, 0xf3, 0x39, 0xff, 0xd6,
    0x10, 0x3f, 0xf7, 0x00, 0x03, 0xff, 0x70, 0x00,
    0x3f, 0xf7, 0x00, 0x03, 0xff, 0x70, 0x00, 0x3f,
    0xf7, 0x00, 0x03, 0xff, 0x70, 0x00, 0x3f, 0xf7,
    0x00,

    /* U+0067 "g" */
    0x00, 0x3b, 0xef, 0xb3, 0xbf, 0x60, 0x4f, 0xff,
    0xff, 0xff, 0xf6, 0x0e, 0xff, 0x95, 0x8f, 0xff,
    0x64, 0xff, 0x90, 0x00, 0x8f, 0xf6, 0x6f, 0xf4,
    0x00, 0x03, 0xff, 0x65, 0xff, 0x70, 0x00, 0x5f,
    0xf6, 0x1f, 0xfe, 0x40, 0x3f, 0xff, 0x60, 0x8f,
    0xff, 0xff, 0xff, 0xf6, 0x00, 0x7f, 0xff, 0xfc,
    0xff, 0x50, 0x00, 0x03, 0x41, 0x4f, 0xf4, 0x01,
    0x85, 0x00, 0x08, 0xff, 0x10, 0xaf, 0xf7, 0x47,
    0xff, 0xb0, 0x01, 0xef, 0xff, 0xff, 0xe2, 0x00,
    0x01, 0x9d, 0xfe, 0x91, 0x00,

    /* U+0068 "h" */
    0xef, 0xb0, 0x00, 0x00, 0x00, 0xef, 0xb0, 0x00,
    0x00, 0x00, 0xef, 0xb0, 0x00, 0x00, 0x00, 0xef,
    0xb0, 0x00, 0x00, 0x00, 0xef, 0xb4, 0xbf, 0xfa,
    0x10, 0xef, 0xff, 0xff, 0xff, 0x90, 0xef, 0xff,
    0xba, 0xff, 0xe0, 0xef, 0xf2, 0x00, 0xaf, 0xf0,
    0xef, 0xb0, 0x00, 0x9f, 0xf0, 0xef, 0xb0, 0x00,
    0x9f, 0xf0, 0xef, 0xb0, 0x00, 0x9f, 0xf0, 0xef,
    0xb0, 0x00, 0x9f, 0xf0, 0xef, 0xb0, 0x00, 0x9f,
    0xf0, 0xef, 0xb0, 0x00, 0x9f, 0xf0,

    /* U+0069 "i" */
    0x00, 0x20, 0x00, 0xcf, 0xb0, 0x1f, 0xff, 0x00,
    0xaf, 0x90, 0x00, 0x00, 0x00, 0xdf, 0xc0, 0x0d,
    0xfc, 0x00, 0xdf, 0xc0, 0x0d, 0xfc, 0x00, 0xdf,
    0xc0, 0x0d, 0xfc, 0x00, 0xdf, 0xc0, 0x0d, 0xfc,
    0x00, 0xdf, 0xc0, 0x0d, 0xfc, 0x00,

    /* U+006A "j" */
    0x00, 0x02, 0x00, 0x00, 0xaf, 0xd0, 0x00, 0xff,
    0xf2, 0x00, 0x8f, 0xa0, 0x00, 0x00, 0x00, 0x00,
    0xbf, 0xe0, 0x00, 0xbf, 0xe0, 0x00, 0xbf, 0xe0,
    0x00, 0xbf, 0xe0, 0x00, 0xbf, 0xe0, 0x00, 0xbf,
    0xe0, 0x00, 0xbf, 0xe0, 0x00, 0xbf, 0xe0, 0x00,
    0xbf, 0xe0, 0x00, 0xbf, 0xe0, 0x00, 0xbf, 0xe0,
    0x06, 0xff, 0xd0, 0x2f, 0xff, 0x80, 0x1e, 0xfa,
    0x00,

    /* U+006B "k" */
    0xef, 0xb0, 0x00, 0x00, 0x00, 0xef, 0xb0, 0x00,
    0x00, 0x00, 0xef, 0xb0, 0x00, 0x00, 0x00, 0xef,
    0xb0, 0x00, 0x00, 0x00, 0xef, 0xb0, 0x06, 0xff,
    0x90, 0xef, 0xb0, 0x4f, 0xfb, 0x00, 0xef, 0xb3,
    0xff, 0xc0, 0x00, 0xef, 0xde, 0xfd, 0x10, 0x00,
    0xef, 0xff, 0xf2, 0x00, 0x00, 0xef, 0xff, 0xf7,
    0x00, 0x00, 0xef, 0xbc, 0xff, 0x40, 0x00, 0xef,
    0xb1, 0xef, 0xe2, 0x00, 0xef, 0xb0, 0x3f, 0xfd,
    0x00, 0xef, 0xb0, 0x06, 0xff, 0xa0,

    /* U+006C "l" */
    0xef, 0xb0, 0xef, 0xb0, 0xef, 0xb0, 0xef, 0xb0,
    0xef, 0xb0, 0xef, 0xb0, 0xef, 0xb0, 0xef, 0xb0,
    0xef, 0xb0, 0xef, 0xb0, 0xef, 0xb0, 0xdf, 0xf6,
    0xaf, 0xfb, 0x1c, 0xfa,

    /* U+006D "m" */
    0xef, 0x35, 0xcf, 0xe8, 0x05, 0xcf, 0xe9, 0x0e,
    0xff, 0xff, 0xff, 0xff, 0xff, 0xff, 0xf6, 0xef,
    0xfd, 0x68, 0xff, 0xfe, 0x77, 0xff, 0xbe, 0xff,
    0x00, 0x0d, 0xff, 0x10, 0x0d, 0xfd, 0xef, 0xb0,
    0x00, 0xdf, 0xc0, 0x00, 0xcf, 0xde, 0xfb, 0x00,
    0x0d, 0xfc, 0x00, 0x0c, 0xfd, 0xef, 0xb0, 0x00,
    0xdf, 0xc0, 0x00, 0xcf, 0xde, 0xfb, 0x00, 0x0d,
    0xfc, 0x00, 0x0c, 0xfd, 0xef, 0xb0, 0x00, 0xdf,
    0xc0, 0x00, 0xcf, 0xde, 0xfb, 0x00, 0x0d, 0xfc,
    0x00, 0x0c, 0xfd,

    /* U+006E "n" */
    0xef, 0x34, 0xbf, 0xfa, 0x10, 0xef, 0xff, 0xff,
    0xff, 0x90, 0xef, 0xff, 0xba, 0xff, 0xe0, 0xef,
    0xf2, 0x00, 0xaf, 0xf0, 0xef, 0xb0, 0x00, 0x9f,
    0xf0, 0xef, 0xb0, 0x00, 0x9f, 0xf0, 0xef, 0xb0,
    0x00, 0x9f, 0xf0, 0xef, 0xb0, 0x00, 0x9f, 0xf0,
    0xef, 0xb0, 0x00, 0x9f, 0xf0, 0xef, 0xb0, 0x00,
    0x9f, 0xf0,

    /* U+006F "o" */
    0x00, 0x19, 0xdf, 0xea, 0x30, 0x00, 0x2e, 0xff,
    0xff, 0xff, 0x60, 0x0d, 0xff, 0xc9, 0xbf, 0xff,
    0x23, 0xff, 0xb0, 0x00, 0x6f, 0xf8, 0x6f, 0xf4,
    0x00, 0x00, 0xff, 0xa6, 0xff, 0x40, 0x00, 0x0f,
    0xfa, 0x3f, 0xfb, 0x00, 0x07, 0xff, 0x80, 0xdf,
    0xfd, 0x9b, 0xff, 0xf2, 0x02, 0xef, 0xff, 0xff,
    0xf6, 0x00, 0x01, 0x9d, 0xfe, 0xa3, 0x00,

    /* U+0070 "p" */
    0xef, 0x38, 0xef, 0xd7, 0x00, 0xef, 0xff, 0xff,
    0xff, 0xa0, 0xef, 0xff, 0xaa, 0xff, 0xf4, 0xef,
    0xf2, 0x00, 0x4f, 0xfa, 0xef, 0xf0, 0x00, 0x0e,
    0xfd, 0xef, 0xf0, 0x00, 0x0d, 0xfd, 0xef, 0xf1,
    0x00, 0x3f, 0xfa, 0xef, 0xfe, 0x88, 0xff, 0xf4,
    0xef, 0xff, 0xff, 0xff, 0xa0, 0xef, 0xc9, 0xef,
    0xd7, 0x00, 0xef, 0xb0, 0x00, 0x00, 0x00, 0xef,
    0xb0, 0x00, 0x00, 0x00, 0xef, 0xb0, 0x00, 0x00,
    0x00, 0xef, 0xb0, 0x00, 0x00, 0x00,

    /* U+0071 "q" */
    0x00, 0x3b, 0xef, 0xb3, 0xcf, 0x40, 0x4f, 0xff,
    0xff, 0xff, 0xf4, 0x0e, 0xff, 0xb7, 0xbf, 0xff,
    0x44, 0xff, 0xa0, 0x00, 0xcf, 0xf4, 0x6f, 0xf4,
    0x00, 0x06, 0xff, 0x46, 0xff, 0x40, 0x00, 0x6f,
    0xf4, 0x4f, 0xfa, 0x00, 0x0c, 0xff, 0x40, 0xef,
    0xfb, 0x7b, 0xff, 0xf4, 0x04, 0xff, 0xff, 0xff,
    0xff, 0x40, 0x03, 0xbe, 0xfb, 0x8f, 0xf4, 0x00,
    0x00, 0x00, 0x05, 0xff, 0x40, 0x00, 0x00, 0x00,
    0x5f, 0xf4, 0x00, 0x00, 0x00, 0x05, 0xff, 0x40,
    0x00, 0x00, 0x00, 0x5f, 0xf4,

    /* U+0072 "r" */
    0x00, 0x00, 0x00, 0xef, 0x4a, 0xfd, 0xef, 0xff,
    0xfd, 0xef, 0xfa, 0x64, 0xef, 0xf0, 0x00, 0xef,
    0xb0, 0x00, 0xef, 0xb0, 0x00, 0xef, 0xb0, 0x00,
    0xef, 0xb0, 0x00, 0xef, 0xb0, 0x00, 0xef, 0xb0,
    0x00,

    /* U+0073 "s" */
    0x00, 0x8e, 0xfe, 0x91, 0x00, 0xaf, 0xff, 0xff,
    0xe1, 0x1f, 0xf8, 0x37, 0xe7, 0x01, 0xff, 0x81,
    0x00, 0x00, 0x0a, 0xff, 0xfd, 0x70, 0x00, 0x06,
    0xcf, 0xff, 0xc0, 0x00, 0x20, 0x19, 0xff, 0x31,
    0xcf, 0x62, 0x7f, 0xf3, 0x0d, 0xff, 0xff, 0xfc,
    0x00, 0x08, 0xdf, 0xe9, 0x10,

    /* U+0074 "t" */
    0x00, 0x48, 0x50, 0x00, 0x0b, 0xfa, 0x00, 0x00,
    0xef, 0xa0, 0x08, 0xff, 0xff, 0xfc, 0x8f, 0xff,
    0xff, 0xc3, 0x6f, 0xff, 0x65, 0x00, 0xff, 0xa0,
    0x00, 0x0f, 0xfa, 0x00, 0x00, 0xff, 0xa0, 0x00,
    0x0f, 0xfa, 0x00, 0x00, 0xef, 0xf9, 0x70, 0x09,
    0xff, 0xfc, 0x00, 0x09, 0xef, 0xa0,

    /* U+0075 "u" */
    0xff, 0xa0, 0x00, 0xbf, 0xff, 0xfa, 0x00, 0x0b,
    0xff, 0xff, 0xa0, 0x00, 0xbf, 0xff, 0xfa, 0x00,
    0x0b, 0xff, 0xff, 0xa0, 0x00, 0xbf, 0xff, 0xfa,
    0x00, 0x0b, 0xff, 0xff, 0xb0, 0x01, 0xff, 0xfd,
    0xff, 0xaa, 0xff, 0xff, 0x8f, 0xff, 0xff, 0xff,
    0xf0, 0x9e, 0xfc, 0x52, 0xff,

    /* U+0076 "v" */
    0x9f, 0xf2, 0x00, 0x0c, 0xfe, 0x03, 0xff, 0x80,
    0x01, 0xff, 0x80, 0x0d, 0xfd, 0x00, 0x6f, 0xf3,
    0x00, 0x7f, 0xf2, 0x0b, 0xfd, 0x00, 0x01, 0xff,
    0x81, 0xff, 0x70, 0x00, 0x0b, 0xfd, 0x5f, 0xf2,
    0x00, 0x00, 0x5f, 0xfd, 0xfc, 0x00, 0x00, 0x00,
    0xef, 0xff, 0x60, 0x00, 0x00, 0x09, 0xff, 0xf1,
    0x00, 0x00, 0x00, 0x3f, 0xfb, 0x00, 0x00,

    /* U+0077 "w" */
    0xaf, 0xe0, 0x00, 0xaf, 0xb0, 0x00, 0xdf, 0xa5,
    0xff, 0x30, 0x0f, 0xff, 0x10, 0x1f, 0xf5, 0x1f,
    0xf7, 0x04, 0xff, 0xf6, 0x05, 0xff, 0x10, 0xcf,
    0xb0, 0x9f, 0xff, 0xb0, 0xaf, 0xc0, 0x07, 0xff,
    0x0e, 0xfa, 0xff, 0x0e, 0xf7, 0x00, 0x2f, 0xf8,
    0xff, 0x1e, 0xf8, 0xff, 0x20, 0x00, 0xdf, 0xff,
    0xb0, 0xaf, 0xff, 0xd0, 0x00, 0x08, 0xff, 0xf6,
    0x04, 0xff, 0xf8, 0x00, 0x00, 0x4f, 0xff, 0x10,
    0x0f, 0xff, 0x40, 0x00, 0x00, 0xff, 0xb0, 0x00,
    0xaf, 0xf0, 0x00,

    /* U+0078 "x" */
    0x6f, 0xf9, 0x00, 0x4f, 0xfa, 0x00, 0xbf, 0xf3,
    0x0d, 0xfe, 0x10, 0x01, 0xef, 0xd8, 0xff, 0x50,
    0x00, 0x05, 0xff, 0xff, 0xa0, 0x00, 0x00, 0x0c,
    0xff, 0xf1, 0x00, 0x00, 0x00, 0xcf, 0xff, 0x10,
    0x00, 0x00, 0x6f, 0xff, 0xfb, 0x00, 0x00, 0x2f,
    0xfc, 0x7f, 0xf6, 0x00, 0x0b, 0xff, 0x20, 0xdf,
    0xf1, 0x06, 0xff, 0x80, 0x03, 0xff, 0xb0,

    /* U+0079 "y" */
    0x9f, 0xf2, 0x00, 0x05, 0xff, 0x52, 0xff, 0x80,
    0x00, 0xcf, 0xe0, 0x0b, 0xfe, 0x00, 0x3f, 0xf7,
    0x00, 0x4f, 0xf6, 0x0a, 0xff, 0x10, 0x00, 0xdf,
    0xc1, 0xff, 0x90, 0x00, 0x06, 0xff, 0xbf, 0xf3,
    0x00, 0x00, 0x0f, 0xff, 0xfc, 0x00, 0x00, 0x00,
    0x9f, 0xff, 0x50, 0x00, 0x00, 0x02, 0xff, 0xf0,
    0x00, 0x00, 0x00, 0x3f, 0xf7, 0x00, 0x00, 0x00,
    0x0a, 0xff, 0x10, 0x00, 0x00, 0x01, 0xff, 0xa0,
    0x00, 0x00, 0x00, 0x7f, 0xf3, 0x00, 0x00, 0x00,
    0x0e, 0xfc, 0x00, 0x00, 0x00,

    /* U+007A "z" */
    0x2f, 0xff, 0xff, 0xff, 0x92, 0xff, 0xff, 0xff,
    0xf9, 0x05, 0x55, 0x5f, 0xff, 0x30, 0x00, 0x09,
    0xff, 0x50, 0x00, 0x06, 0xff, 0x80, 0x00, 0x04,
    0xff, 0xb0, 0x00, 0x02, 0xef, 0xd0, 0x00, 0x00,
    0xdf, 0xf7, 0x55, 0x53, 0x4f, 0xff, 0xff, 0xff,
    0xa4, 0xff, 0xff, 0xff, 0xfa,

    /* U+007B "{" */
    0x00, 0x14, 0x64, 0x04, 0xef, 0xfa, 0x0d, 0xff,
    0xfa, 0x0f, 0xfc, 0x10, 0x0e, 0xfb, 0x00, 0x06,
    0xff, 0x20, 0x00, 0xcf, 0xa0, 0x00, 0x4f, 0xf2,
    0x00, 0x4f, 0xf4, 0x08, 0xff, 0xf0, 0x0f, 0xff,
    0x70, 0x0a, 0xff, 0xe0, 0x00, 0x5f, 0xf4, 0x00,
    0x4f, 0xf1, 0x00, 0xcf, 0x80, 0x07, 0xfe, 0x00,
    0x0e, 0xfa, 0x00, 0x0f, 0xfe, 0x84, 0x0b, 0xff,
    0xfa, 0x01, 0x9d, 0xfa,

    /* U+007C "|" */
    0x9f, 0xc9, 0xfd, 0x9f, 0xd9, 0xfd, 0x9f, 0xd9,
    0xfd, 0x9f, 0xd9, 0xfd, 0x9f, 0xd9, 0xfd, 0x9f,
    0xd9, 0xfd, 0x9f, 0xd9, 0xfd, 0x9f, 0xd9, 0xfd,
    0x9f, 0xd9, 0xfd, 0x9f, 0xd0,

    /* U+007D "}" */
    0x16, 0x63, 0x00, 0x3f, 0xff, 0xa0, 0x3f, 0xff,
    0xf4, 0x00, 0x6f, 0xf8, 0x00, 0x3f, 0xf5, 0x00,
    0xaf, 0xd0, 0x03, 0xff, 0x30, 0x0a, 0xfb, 0x00,
    0x0d, 0xfc, 0x00, 0x08, 0xff, 0xb3, 0x00, 0xff,
    0xf8, 0x08, 0xff, 0xd4, 0x0d, 0xfc, 0x00, 0x0a,
    0xfb, 0x00, 0x02, 0xff, 0x40, 0x00, 0x8f, 0xd0,
    0x00, 0x2f, 0xf6, 0x17, 0xbf, 0xf7, 0x3f, 0xff,
    0xf2, 0x3f, 0xec, 0x40,

    /* U+007E "~" */
    0x00, 0x02, 0x10, 0x00, 0x03, 0x00, 0x05, 0xef,
    0xfc, 0x63, 0x8f, 0xd1, 0x4f, 0xff, 0xff, 0xff,
    0xff, 0x80, 0x7f, 0xb1, 0x17, 0xdf, 0xe7, 0x00,
    0x01, 0x10, 0x00, 0x00, 0x00, 0x00,

    /* U+00A0 " " */

    /* U+00A1 "¡" */
    0x17, 0x60, 0xbf, 0xf7, 0xdf, 0xf9, 0x4e, 0xd2,
    0x00, 0x00, 0x2c, 0xc0, 0x4f, 0xf1, 0x6f, 0xf2,
    0x7f, 0xf3, 0x7f, 0xf4, 0x8f, 0xf4, 0x8f, 0xf5,
    0x9f, 0xf5, 0x9f, 0xf6, 0xaf, 0xf6,

    /* U+00A2 "¢" */
    0x00, 0x00, 0xcf, 0xb0, 0x00, 0x00, 0x00, 0x0c,
    0xfb, 0x00, 0x00, 0x00, 0x07, 0xff, 0xf9, 0x20,
    0x00, 0x1c, 0xff, 0xff, 0xff, 0x40, 0x0a, 0xff,
    0xc7, 0x9f, 0xfe, 0x01, 0xff, 0xb0, 0x00, 0x5c,
    0x40, 0x3f, 0xf6, 0x00, 0x00, 0x00, 0x04, 0xff,
    0x50, 0x00, 0x00, 0x00, 0x2f, 0xf9, 0x00, 0x03,
    0x71, 0x00, 0xdf, 0xf8, 0x35, 0xef, 0xe0, 0x03,
    0xff, 0xff, 0xff, 0xf7, 0x00, 0x03, 0xcf, 0xff,
    0xe6, 0x00, 0x00, 0x00, 0xef, 0xe0, 0x00, 0x00,
    0x00, 0x0c, 0xfb, 0x00, 0x00,

    /* U+00A3 "£" */
    0x00, 0x07, 0xdf, 0xea, 0x20, 0x00, 0xaf, 0xff,
    0xff, 0xf3, 0x03, 0xff, 0xe9, 0xbf, 0xf6, 0x07,
    0xff, 0x30, 0x08, 0x70, 0x06, 0xff, 0x20, 0x00,
    0x00, 0x03, 0xff, 0x50, 0x00, 0x00, 0x00, 0xdf,
    0xc0, 0x00, 0x00, 0x2f, 0xff, 0xff, 0xff, 0x10,
    0x2f, 0xff, 0xff, 0xff, 0x10, 0x04, 0x4f, 0xfc,
    0x44, 0x00, 0x00, 0x4f, 0xf4, 0x00, 0x00, 0x02,
    0xdf, 0xf8, 0x88, 0x87, 0x1f, 0xff, 0xff, 0xff,
    0xfe, 0x0d, 0xff, 0xff, 0xff, 0xfe,

    /* U+00A4 "¤" */
    0x00, 0x10, 0x00, 0x00, 0x01, 0x00, 0x07, 0xf4,
    0x26, 0x51, 0x7f, 0x30, 0x1f, 0xff, 0xff, 0xff,
    0xff, 0xc0, 0x03, 0xff, 0xff, 0xff, 0xff, 0x10,
    0x01, 0xff, 0xa1, 0x2d, 0xfe, 0x00, 0x04, 0xff,
    0x20, 0x07, 0xff, 0x00, 0x03, 0xff, 0x40, 0x09,
    0xff, 0x00, 0x00, 0xff, 0xe8, 0x9f, 0xff, 0x00,
    0x0a, 0xff, 0xff, 0xff, 0xff, 0x60, 0x1e, 0xff,
    0xcf, 0xec, 0xff, 0xb0, 0x02, 0xa0, 0x00, 0x00,
    0x2a, 0x00,

    /* U+00A5 "¥" */
    0x7f, 0xf1, 0x00, 0x00, 0xef, 0x90, 0xef, 0x70,
    0x00, 0x6f, 0xf1, 0x08, 0xfe, 0x00, 0x0e, 0xf9,
    0x00, 0x1f, 0xf6, 0x06, 0xff, 0x10, 0x00, 0x8f,
    0xe0, 0xdf, 0x90, 0x00, 0x34, 0xff, 0xbf, 0xf5,
    0x30, 0x1f, 0xff, 0xff, 0xff, 0xff, 0x21, 0xff,
    0xff, 0xff, 0xff, 0xf2, 0x00, 0x00, 0xcf, 0xd0,
    0x00, 0x01, 0xff, 0xff, 0xff, 0xff, 0xf2, 0x1f,
    0xff, 0xff, 0xff, 0xff, 0x20, 0x33, 0x3d, 0xfd,
    0x33, 0x30, 0x00, 0x00, 0xcf, 0xd0, 0x00, 0x00,

    /* U+00A6 "¦" */
    0x9f, 0xd9, 0xfd, 0x9f, 0xd9, 0xfd, 0x9f, 0xd9,
    0xfd, 0x9f, 0xd9, 0xfd, 0x35, 0x40, 0x00, 0x35,
    0x49, 0xfd, 0x9f, 0xd9, 0xfd, 0x9f, 0xd9, 0xfd,
    0x9f, 0xd9, 0xfd, 0x9f, 0xd0,

    /* U+00A7 "§" */
    0x00, 0x19, 0xef, 0xea, 0x20, 0x00, 0x1e, 0xff,
    0xff, 0xff, 0x40, 0x08, 0xff, 0xa7, 0xaf, 0xf7,
    0x00, 0xcf, 0xd0, 0x00, 0x44, 0x00, 0x0c, 0xff,
    0x30, 0x00, 0x00, 0x00, 0x7f, 0xff, 0xb6, 0x10,
    0x00, 0x00, 0xff, 0xff, 0xff, 0x80, 0x00, 0x4f,
    0xff, 0xff, 0xff, 0x80, 0x0b, 0xfb, 0x00, 0x6f,
    0xfe, 0x00, 0xdf, 0xd0, 0x00, 0xaf, 0xf0, 0x09,
    0xff, 0xe9, 0x6d, 0xfb, 0x00, 0x1d, 0xff, 0xff,
    0xff, 0x10, 0x00, 0x05, 0xaf, 0xff, 0xf6, 0x00,
    0x00, 0x00, 0x05, 0xff, 0xd0, 0x05, 0xd3, 0x00,
    0x0c, 0xfe, 0x01, 0xff, 0xf9, 0x69, 0xff, 0xa0,
    0x05, 0xff, 0xff, 0xff, 0xe2, 0x00, 0x03, 0xae,
    0xfe, 0x91, 0x00,

    /* U+00A8 "¨" */
    0x00, 0x00, 0x00, 0x07, 0xf9, 0x08, 0xf8, 0xef,
    0xf0, 0xff, 0xf7, 0xf9, 0x08, 0xf8,

    /* U+00A9 "©" */
    0x00, 0x00, 0x59, 0xba, 0x61, 0x00, 0x00, 0x01,
    0xcf, 0xff, 0xff, 0xe5, 0x00, 0x01, 0xdf, 0xa3,
    0x01, 0x7f, 0xf4, 0x00, 0x9f, 0x82, 0xbf, 0xe7,
    0x3f, 0xe0, 0x0f, 0xe0, 0xcf, 0xbe, 0xf3, 0x9f,
    0x52, 0xfa, 0x2f, 0xb0, 0x12, 0x04, 0xf8, 0x2f,
    0x92, 0xfb, 0x01, 0x30, 0x4f, 0x80, 0xfc, 0x0c,
    0xfb, 0xef, 0x37, 0xf6, 0x0b, 0xf4, 0x1b, 0xfe,
    0x71, 0xef, 0x10, 0x2f, 0xf5, 0x00, 0x02, 0xdf,
    0x70, 0x00, 0x4f, 0xfe, 0xcd, 0xff, 0x90, 0x00,
    0x00, 0x19, 0xdf, 0xeb, 0x40, 0x00,

    /* U+00AA "ª" */
    0x02, 0x8a, 0x95, 0x00, 0xbf, 0xff, 0xf6, 0x02,
    0x20, 0x5f, 0xc0, 0x6d, 0xfc, 0xfe, 0x3f, 0xe8,
    0xef, 0xf7, 0xf7, 0x03, 0xff, 0x3f, 0xe9, 0xdf,
    0xf0, 0x6e, 0xfa, 0xdf,

    /* U+00AB "«" */
    0x00, 0x0b, 0xfe, 0x13, 0xff, 0x80, 0x06, 0xff,
    0x40, 0xdf, 0xd0, 0x02, 0xff, 0x90, 0x9f, 0xf2,
    0x00, 0xdf, 0xd0, 0x5f, 0xf6, 0x00, 0x1e, 0xfb,
    0x06, 0xff, 0x40, 0x00, 0x4f, 0xf7, 0x0b, 0xfe,
    0x10, 0x00, 0x8f, 0xf3, 0x1e, 0xfb, 0x00, 0x00,
    0xdf, 0xd0, 0x4f, 0xf6, 0x00, 0x01, 0x22, 0x00,
    0x22, 0x20,

    /* U+00AC "¬" */
    0x08, 0x88, 0x88, 0x88, 0xff, 0x81, 0xff, 0xff,
    0xff, 0xff, 0xff, 0x1f, 0xff, 0xff, 0xff, 0xff,
    0xf0, 0x00, 0x00, 0x00, 0x0f, 0xf8, 0x00, 0x00,
    0x00, 0x00, 0xff, 0x80, 0x00, 0x00, 0x00, 0x0f,
    0xf8,

    /* U+00AE "®" */
    0x00, 0x00, 0x59, 0xba, 0x61, 0x00, 0x00, 0x01,
    0xcf, 0xff, 0xff, 0xe5, 0x00, 0x01, 0xdf, 0xa3,
    0x01, 0x7f, 0xf4, 0x00, 0x9f, 0x86, 0xdd, 0xb4,
    0x3f, 0xe0, 0x0f, 0xe0, 0x7f, 0xff, 0xf0, 0x9f,
    0x52, 0xfa, 0x07, 0xf2, 0x8f, 0x24, 0xf8, 0x2f,
    0x90, 0x7f, 0xff, 0xd0, 0x4f, 0x80, 0xfc, 0x07,
    0xff, 0xf6, 0x07, 0xf6, 0x0b, 0xf4, 0x6f, 0x2c,
    0xd0, 0xef, 0x10, 0x2f, 0xf5, 0x00, 0x02, 0xdf,
    0x70, 0x00, 0x4f, 0xfe, 0xcd, 0xff, 0x90, 0x00,
    0x00, 0x19, 0xdf, 0xeb, 0x40, 0x00,

    /* U+00AF "¯" */
    0x00, 0x00, 0x00, 0x05, 0xff, 0xff, 0xf6, 0x5f,
    0xff, 0xff, 0x60,

    /* U+00B0 "°" */
    0x00, 0x9d, 0xd8, 0x00, 0x0c, 0xff, 0xff, 0xc0,
    0x5f, 0xd2, 0x2e, 0xf4, 0x7f, 0x80, 0x09, 0xf7,
    0x5f, 0xd1, 0x1d, 0xf5, 0x0d, 0xff, 0xff, 0xd0,
    0x01, 0xae, 0xea, 0x10,

    /* U+00B1 "±" */
    0x00, 0x00, 0x58, 0x60, 0x00, 0x00, 0x00, 0x0a,
    0xfd, 0x00, 0x00, 0x00, 0x00, 0xaf, 0xd0, 0x00,
    0x01, 0xff, 0xff, 0xff, 0xff, 0xf8, 0x1f, 0xff,
    0xff, 0xff, 0xff, 0x80, 0x88, 0x8f, 0xff, 0x88,
    0x84, 0x00, 0x00, 0xaf, 0xd0, 0x00, 0x00, 0x00,
    0x0a, 0xfd, 0x00, 0x00, 0x00, 0x00, 0x9e, 0xc0,
    0x00, 0x00, 0x00, 0x00, 0x00, 0x00, 0x00, 0x08,
    0x88, 0x88, 0x88, 0x88, 0x41, 0xff, 0xff, 0xff,
    0xff, 0xf8, 0x1f, 0xff, 0xff, 0xff, 0xff, 0x80,

    /* U+00B2 "²" */
    0x04, 0xcf, 0xd5, 0x03, 0xff, 0xff, 0xf2, 0x08,
    0x60, 0xcf, 0x40, 0x00, 0x3f, 0xe0, 0x00, 0x3f,
    0xf4, 0x00, 0x4f, 0xf4, 0x00, 0x3f, 0xff, 0xff,
    0x65, 0xff, 0xff, 0xf7,

    /* U+00B3 "³" */
    0x08, 0xef, 0xc3, 0x07, 0xff, 0xff, 0xf0, 0x06,
    0x12, 0xff, 0x00, 0x0e, 0xff, 0xa0, 0x00, 0x8a,
    0xff, 0x30, 0x82, 0x0b, 0xf6, 0x5f, 0xff, 0xff,
    0x20, 0x7e, 0xfc, 0x40,

    /* U+00B4 "´" */
    0x00, 0x00, 0x00, 0x03, 0xe5, 0x04, 0xff, 0x64,
    0xff, 0x50, 0x0a, 0x40, 0x00,

    /* U+00B5 "µ" */
    0xff, 0xa0, 0x00, 0xbf, 0xff, 0xfa, 0x00, 0x0b,
    0xff, 0xff, 0xa0, 0x00, 0xbf, 0xff, 0xfa, 0x00,
    0x0b, 0xff, 0xff, 0xa0, 0x00, 0xbf, 0xff, 0xff,
    0x00, 0x0b, 0xff, 0xff, 0xf0, 0x00, 0xff, 0xff,
    0xff, 0x77, 0xdf, 0xff, 0xff, 0xff, 0xff, 0xff,
    0xff, 0xff, 0xfc, 0x63, 0xff, 0xff, 0xa0, 0x00,
    0x00, 0x0f, 0xfa, 0x00, 0x00, 0x00, 0xff, 0xa0,
    0x00, 0x00, 0x0f, 0xfa, 0x00, 0x00, 0x00,

    /* U+00B6 "¶" */
    0x00, 0x03, 0xae, 0xff, 0xff, 0xff, 0xf4, 0x00,
    0x7f, 0xff, 0xff, 0xff, 0xff, 0xe2, 0x04, 0xff,
    0xff, 0xf7, 0x7f, 0xff, 0x00, 0x0b, 0xff, 0xff,
    0xe0, 0x0c, 0xfd, 0x00, 0x0f, 0xff, 0xff, 0xe0,
    0x0c, 0xfd, 0x00, 0x0f, 0xff, 0xff, 0xe0, 0x0c,
    0xfd, 0x00, 0x0e, 0xff, 0xff, 0xe0, 0x0c, 0xfd,
    0x00, 0x0a, 0xff, 0xff, 0xe0, 0x0c, 0xfd, 0x00,
    0x02, 0xef, 0xff, 0xe0, 0x0c, 0xfd, 0x00, 0x00,
    0x3e, 0xff, 0xe0, 0x0c, 0xfd, 0x00, 0x00, 0x00,
    0x58, 0x80, 0x0c, 0xfd, 0x00, 0x00, 0x00, 0x00,
    0x00, 0x0c, 0xfc, 0x00, 0x00, 0x00, 0x10, 0x00,
    0x0d, 0xfc, 0x00, 0x00, 0x2b, 0xe1, 0x00, 0x1f,
    0xf9, 0x00, 0x00, 0x3f, 0xfd, 0x77, 0xdf, 0xf4,
    0x00, 0x00, 0x07, 0xff, 0xff, 0xff, 0xa0, 0x00,
    0x00, 0x00, 0x4b, 0xef, 0xd7, 0x00, 0x00,

    /* U+00B7 "·" */
    0x03, 0xa8, 0x00, 0xef, 0xf7, 0x1f, 0xff, 0x90,
    0x6e, 0xc1,

    /* U+00B8 "¸" */
    0x09, 0xf2, 0x00, 0xbf, 0xf5, 0x24, 0x3f, 0x98,
    0xff, 0xf3, 0x02, 0x31, 0x00,

    /* U+00B9 "¹" */
    0x02, 0xcf, 0x2c, 0xff, 0xf2, 0xcc, 0xff, 0x20,
    0x0e, 0xf2, 0x00, 0xef, 0x20, 0x0e, 0xf2, 0x00,
    0xef, 0x20, 0x0e, 0xf2,

    /* U+00BA "º" */
    0x00, 0x8e, 0xfc, 0x50, 0x00, 0xbf, 0xff, 0xff,
    0x60, 0x4f, 0xf5, 0x19, 0xfe, 0x07, 0xfc, 0x00,
    0x1f, 0xf2, 0x7f, 0xc0, 0x01, 0xff, 0x24, 0xff,
    0x51, 0x9f, 0xe0, 0x0b, 0xff, 0xff, 0xf6, 0x00,
    0x08, 0xef, 0xd5, 0x00,

    /* U+00BB "»" */
    0x2f, 0xfa, 0x08, 0xff, 0x30, 0x00, 0x5f, 0xf5,
    0x0c, 0xfd, 0x00, 0x00, 0xaf, 0xf2, 0x2f, 0xfa,
    0x00, 0x00, 0xef, 0xc0, 0x6f, 0xf5, 0x00, 0x0c,
    0xfd, 0x04, 0xff, 0x70, 0x08, 0xff, 0x31, 0xef,
    0xb0, 0x03, 0xff, 0x70, 0xaf, 0xe1, 0x00, 0xef,
    0xc0, 0x6f, 0xf5, 0x00, 0x02, 0x20, 0x02, 0x22,
    0x00, 0x00,

    /* U+00BC "¼" */
    0x00, 0x00, 0x00, 0x00, 0x00, 0x04, 0x00, 0x00,
    0x00, 0x02, 0xcf, 0x20, 0x00, 0x00, 0x6f, 0xa0,
    0x00, 0x00, 0xcf, 0xff, 0x20, 0x00, 0x01, 0xff,
    0x30, 0x00, 0x00, 0xcc, 0xff, 0x20, 0x00, 0x0b,
    0xf8, 0x00, 0x00, 0x00, 0x00, 0xef, 0x20, 0x00,
    0x6f, 0xd0, 0x00, 0x00, 0x00, 0x00, 0xef, 0x20,
    0x01, 0xff, 0x30, 0x00, 0x00, 0x00, 0x00, 0xef,
    0x20, 0x0b, 0xf9, 0x01, 0x97, 0x00, 0x00, 0x00,
    0xef, 0x20, 0x5f, 0xe0, 0x06, 0xf9, 0x00, 0x00,
    0x00, 0xef, 0x21, 0xef, 0x40, 0x0c, 0xf3, 0x00,
    0x00, 0x00, 0x22, 0x0a, 0xf9, 0x00, 0x1f, 0xe0,
    0x9f, 0x00, 0x00, 0x00, 0x5f, 0xe1, 0x00, 0x7f,
    0x80, 0xdf, 0x00, 0x00, 0x01, 0xef, 0x40, 0x00,
    0xcf, 0xff, 0xff, 0xf1, 0x00, 0x0a, 0xfa, 0x00,
    0x00, 0xff, 0xff, 0xff, 0xf1, 0x00, 0x4f, 0xe1,
    0x00, 0x00, 0x00, 0x00, 0xff, 0x00, 0x00, 0xbf,
    0x50, 0x00, 0x00, 0x00, 0x00, 0x88, 0x00, 0x00,
    0x04, 0x00, 0x00, 0x00, 0x00, 0x00, 0x00, 0x00,

    /* U+00BD "½" */
    0x00, 0x00, 0x00, 0x00, 0x00, 0x03, 0x00, 0x00,
    0x00, 0x09, 0xf2, 0x00, 0x00, 0x06, 0xf8, 0x00,
    0x00, 0x16, 0xff, 0x20, 0x00, 0x01, 0xef, 0x60,
    0x00, 0x0c, 0xff, 0xf2, 0x00, 0x00, 0xaf, 0xc0,
    0x00, 0x00, 0xbb, 0xff, 0x20, 0x00, 0x4f, 0xf2,
    0x00, 0x00, 0x00, 0x0e, 0xf2, 0x00, 0x0e, 0xf7,
    0x00, 0x00, 0x00, 0x00, 0xef, 0x20, 0x09, 0xfd,
    0x00, 0x00, 0x00, 0x00, 0x0e, 0xf2, 0x03, 0xff,
    0x30, 0x4c, 0xfd, 0x50, 0x00, 0xef, 0x20, 0xdf,
    0x80, 0x2f, 0xff, 0xff, 0x20, 0x02, 0x20, 0x7f,
    0xd0, 0x00, 0x11, 0x0c, 0xf5, 0x00, 0x00, 0x2f,
    0xf4, 0x00, 0x00, 0x03, 0xfe, 0x10, 0x00, 0x0b,
    0xf9, 0x00, 0x00, 0x03, 0xef, 0x40, 0x00, 0x05,
    0xfe, 0x00, 0x00, 0x03, 0xff, 0x50, 0x00, 0x01,
    0xef, 0x40, 0x00, 0x02, 0xff, 0xff, 0xf7, 0x00,
    0xaf, 0xa0, 0x00, 0x00, 0x5f, 0xff, 0xff, 0x70,
    0x05, 0xc1, 0x00, 0x00, 0x00, 0x00, 0x00, 0x00,

    /* U+00BE "¾" */
    0x00, 0x00, 0x00, 0x00, 0x00, 0x00, 0x01, 0x00,
    0x00, 0x00, 0x7e, 0xfc, 0x30, 0x00, 0x00, 0x07,
    0xf6, 0x00, 0x00, 0x7f, 0xff, 0xfe, 0x00, 0x00,
    0x02, 0xff, 0x20, 0x00, 0x00, 0x81, 0x0f, 0xf0,
    0x00, 0x00, 0xcf, 0x70, 0x00, 0x00, 0x00, 0x8f,
    0xfa, 0x00, 0x00, 0x7f, 0xc0, 0x00, 0x00, 0x00,
    0x0e, 0xff, 0xe2, 0x00, 0x2f, 0xf2, 0x00, 0x00,
    0x00, 0x05, 0x10, 0xcf, 0x60, 0x0c, 0xf7, 0x03,
    0x96, 0x00, 0x05, 0xff, 0xff, 0xf2, 0x07, 0xfc,
    0x00, 0x9f, 0x60, 0x00, 0x07, 0xef, 0xc4, 0x02,
    0xff, 0x20, 0x0e, 0xf1, 0x34, 0x00, 0x00, 0x00,
    0x00, 0xcf, 0x70, 0x04, 0xfb, 0x0d, 0xd0, 0x00,
    0x00, 0x00, 0x7f, 0xc0, 0x00, 0xaf, 0x51, 0xfd,
    0x00, 0x00, 0x00, 0x2f, 0xf2, 0x00, 0x0f, 0xff,
    0xff, 0xfe, 0x00, 0x00, 0x0c, 0xf7, 0x00, 0x02,
    0xff, 0xff, 0xff, 0xe0, 0x00, 0x07, 0xfc, 0x00,
    0x00, 0x00, 0x00, 0x3f, 0xd0, 0x00, 0x00, 0xdf,
    0x20, 0x00, 0x00, 0x00, 0x01, 0x86, 0x00, 0x00,
    0x00, 0x40, 0x00, 0x00, 0x00, 0x00, 0x00, 0x00,

    /* U+00BF "¿" */
    0x00, 0x00, 0x37, 0x30, 0x00, 0x00, 0x00, 0x1f,
    0xff, 0x10, 0x00, 0x00, 0x03, 0xff, 0xf3, 0x00,
    0x00, 0x00, 0x09, 0xf9, 0x00, 0x00, 0x00, 0x00,
    0x00, 0x00, 0x00, 0x00, 0x00, 0x04, 0xd7, 0x00,
    0x00, 0x00, 0x08, 0xff, 0xf1, 0x00, 0x00, 0x0b,
    0xff, 0xf6, 0x00, 0x00, 0x08, 0xff, 0xc2, 0x00,
    0x00, 0x00, 0xff, 0xd0, 0x00, 0x00, 0x00, 0x2f,
    0xf9, 0x00, 0x00, 0x20, 0x01, 0xff, 0xc0, 0x00,
    0x6f, 0x50, 0x0c, 0xff, 0xc9, 0xcf, 0xfe, 0x00,
    0x3f, 0xff, 0xff, 0xfe, 0x30, 0x00, 0x2a, 0xef,
    0xd8, 0x10, 0x00,

    /* U+00C0 "À" */
    0x00, 0x00, 0x20, 0x00, 0x00, 0x00, 0x00, 0x00,
    0x2e, 0xc1, 0x00, 0x00, 0x00, 0x00, 0x00, 0xbf,
    0xd1, 0x00, 0x00, 0x00, 0x00, 0x00, 0xaf, 0xb0,
    0x00, 0x00, 0x00, 0x00, 0x00, 0x71, 0x00, 0x00,
    0x00, 0x00, 0x00, 0x00, 0x00, 0x00, 0x00, 0x00,
    0x00, 0x1f, 0xff, 0x50, 0x00, 0x00, 0x00, 0x06,
    0xff, 0xfa, 0x00, 0x00, 0x00, 0x00, 0xbf, 0xff,
    0xf0, 0x00, 0x00, 0x00, 0x1f, 0xfb, 0xff, 0x50,
    0x00, 0x00, 0x06, 0xff, 0x2e, 0xfb, 0x00, 0x00,
    0x00, 0xcf, 0xd0, 0x8f, 0xf0, 0x00, 0x00, 0x2f,
    0xf7, 0x03, 0xff, 0x50, 0x00, 0x07, 0xff, 0x20,
    0x0e, 0xfb, 0x00, 0x00, 0xdf, 0xc0, 0x00, 0x9f,
    0xf0, 0x00, 0x2f, 0xff, 0xff, 0xff, 0xff, 0x50,
    0x08, 0xff, 0xff, 0xff, 0xff, 0xfb, 0x00, 0xdf,
    0xf7, 0x77, 0x77, 0xff, 0xf0, 0x3f, 0xf6, 0x00,
    0x00, 0x04, 0xff, 0x58, 0xff, 0x10, 0x00, 0x00,
    0x0e, 0xfb,

    /* U+00C1 "Á" */
    0x00, 0x00, 0x00, 0x00, 0x30, 0x00, 0x00, 0x00,
    0x00, 0x00, 0x9f, 0x50, 0x00, 0x00, 0x00, 0x00,
    0xaf, 0xd1, 0x00, 0x00, 0x00, 0x00, 0x7f, 0xc1,
    0x00, 0x00, 0x00, 0x00, 0x00, 0x80, 0x00, 0x00,
    0x00, 0x00, 0x00, 0x00, 0x00, 0x00, 0x00, 0x00,
    0x00, 0x1f, 0xff, 0x50, 0x00, 0x00, 0x00, 0x06,
    0xff, 0xfa, 0x00, 0x00, 0x00, 0x00, 0xbf, 0xff,
    0xf0, 0x00, 0x00, 0x00, 0x1f, 0xfb, 0xff, 0x50,
    0x00, 0x00, 0x06, 0xff, 0x2e, 0xfb, 0x00, 0x00,
    0x00, 0xcf, 0xd0, 0x8f, 0xf0, 0x00, 0x00, 0x2f,
    0xf7, 0x03, 0xff, 0x50, 0x00, 0x07, 0xff, 0x20,
    0x0e, 0xfb, 0x00, 0x00, 0xdf, 0xc0, 0x00, 0x9f,
    0xf0, 0x00, 0x2f, 0xff, 0xff, 0xff, 0xff, 0x50,
    0x08, 0xff, 0xff, 0xff, 0xff, 0xfb, 0x00, 0xdf,
    0xf7, 0x77, 0x77, 0xff, 0xf0, 0x3f, 0xf6, 0x00,
    0x00, 0x04, 0xff, 0x58, 0xff, 0x10, 0x00, 0x00,
    0x0e, 0xfb,

    /* U+00C2 "Â" */
    0x00, 0x00, 0x00, 0x81, 0x00, 0x00, 0x00, 0x00,
    0x01, 0xbf, 0xe3, 0x00, 0x00, 0x00, 0x01, 0xdf,
    0xff, 0xf4, 0x00, 0x00, 0x00, 0x0a, 0x90, 0x3b,
    0x10, 0x00, 0x00, 0x00, 0x00, 0x00, 0x00, 0x00,
    0x00, 0x00, 0x01, 0xff, 0xf5, 0x00, 0x00, 0x00,
    0x00, 0x6f, 0xff, 0xa0, 0x00, 0x00, 0x00, 0x0b,
    0xff, 0xff, 0x00, 0x00, 0x00, 0x01, 0xff, 0xbf,
    0xf5, 0x00, 0x00, 0x00, 0x6f, 0xf2, 0xef, 0xb0,
    0x00, 0x00, 0x0c, 0xfd, 0x08, 0xff, 0x00, 0x00,
    0x02, 0xff, 0x70, 0x3f, 0xf5, 0x00, 0x00, 0x7f,
    0xf2, 0x00, 0xef, 0xb0, 0x00, 0x0d, 0xfc, 0x00,
    0x09, 0xff, 0x00, 0x02, 0xff, 0xff, 0xff, 0xff,
    0xf5, 0x00, 0x8f, 0xff, 0xff, 0xff, 0xff, 0xb0,
    0x0d, 0xff, 0x77, 0x77, 0x7f, 0xff, 0x03, 0xff,
    0x60, 0x00, 0x00, 0x4f, 0xf5, 0x8f, 0xf1, 0x00,
    0x00, 0x00, 0xef, 0xb0,

    /* U+00C3 "Ã" */
    0x00, 0x02, 0xcf, 0x91, 0x89, 0x10, 0x00, 0x00,
    0xdf, 0xff, 0xff, 0xf2, 0x00, 0x00, 0x05, 0xa1,
    0x6d, 0xd4, 0x00, 0x00, 0x00, 0x00, 0x00, 0x00,
    0x00, 0x00, 0x00, 0x00, 0x1f, 0xff, 0x50, 0x00,
    0x00, 0x00, 0x06, 0xff, 0xfa, 0x00, 0x00, 0x00,
    0x00, 0xbf, 0xff, 0xf0, 0x00, 0x00, 0x00, 0x1f,
    0xfb, 0xff, 0x50, 0x00, 0x00, 0x06, 0xff, 0x2e,
    0xfb, 0x00, 0x00, 0x00, 0xcf, 0xd0, 0x8f, 0xf0,
    0x00, 0x00, 0x2f, 0xf7, 0x03, 0xff, 0x50, 0x00,
    0x07, 0xff, 0x20, 0x0e, 0xfb, 0x00, 0x00, 0xdf,
    0xc0, 0x00, 0x9f, 0xf0, 0x00, 0x2f, 0xff, 0xff,
    0xff, 0xff, 0x50, 0x08, 0xff, 0xff, 0xff, 0xff,
    0xfb, 0x00, 0xdf, 0xf7, 0x77, 0x77, 0xff, 0xf0,
    0x3f, 0xf6, 0x00, 0x00, 0x04, 0xff, 0x58, 0xff,
    0x10, 0x00, 0x00, 0x0e, 0xfb,

    /* U+00C4 "Ä" */
    0x00, 0x00, 0x00, 0x00, 0x00, 0x00, 0x00, 0x00,
    0x6f, 0xb0, 0x7f, 0xa0, 0x00, 0x00, 0x0c, 0xff,
    0x2d, 0xff, 0x10, 0x00, 0x00, 0x6f, 0xb0, 0x7f,
    0xa0, 0x00, 0x00, 0x00, 0x00, 0x00, 0x00, 0x00,
    0x00, 0x00, 0x01, 0xff, 0xf5, 0x00, 0x00, 0x00,
    0x00, 0x6f, 0xff, 0xa0, 0x00, 0x00, 0x00, 0x0b,
    0xff, 0xff, 0x00, 0x00, 0x00, 0x01, 0xff, 0xbf,
    0xf5, 0x00, 0x00, 0x00, 0x6f, 0xf2, 0xef, 0xb0,
    0x00, 0x00, 0x0c, 0xfd, 0x08, 0xff, 0x00, 0x00,
    0x02, 0xff, 0x70, 0x3f, 0xf5, 0x00, 0x00, 0x7f,
    0xf2, 0x00, 0xef, 0xb0, 0x00, 0x0d, 0xfc, 0x00,
    0x09, 0xff, 0x00, 0x02, 0xff, 0xff, 0xff, 0xff,
    0xf5, 0x00, 0x8f, 0xff, 0xff, 0xff, 0xff, 0xb0,
    0x0d, 0xff, 0x77, 0x77, 0x7f, 0xff, 0x03, 0xff,
    0x60, 0x00, 0x00, 0x4f, 0xf5, 0x8f, 0xf1, 0x00,
    0x00, 0x00, 0xef, 0xb0,

    /* U+00C5 "Å" */
    0x00, 0x00, 0x03, 0x75, 0x00, 0x00, 0x00, 0x00,
    0x03, 0xff, 0xf7, 0x00, 0x00, 0x00, 0x00, 0x9f,
    0x2c, 0xe0, 0x00, 0x00, 0x00, 0x07, 0xfa, 0xfc,
    0x00, 0x00, 0x00, 0x00, 0x09, 0xfc, 0x20, 0x00,
    0x00, 0x00, 0x00, 0x00, 0x00, 0x00, 0x00, 0x00,
    0x00, 0x1f, 0xff, 0x50, 0x00, 0x00, 0x00, 0x06,
    0xff, 0xfa, 0x00, 0x00, 0x00, 0x00, 0xbf, 0xff,
    0xf0, 0x00, 0x00, 0x00, 0x1f, 0xfb, 0xff, 0x50,
    0x00, 0x00, 0x06, 0xff, 0x2e, 0xfb, 0x00, 0x00,
    0x00, 0xcf, 0xd0, 0x8f, 0xf0, 0x00, 0x00, 0x2f,
    0xf7, 0x03, 0xff, 0x50, 0x00, 0x07, 0xff, 0x20,
    0x0e, 0xfb, 0x00, 0x00, 0xdf, 0xc0, 0x00, 0x9f,
    0xf0, 0x00, 0x2f, 0xff, 0xff, 0xff, 0xff, 0x50,
    0x08, 0xff, 0xff, 0xff, 0xff, 0xfb, 0x00, 0xdf,
    0xf7, 0x77, 0x77, 0xff, 0xf0, 0x3f, 0xf6, 0x00,
    0x00, 0x04, 0xff, 0x58, 0xff, 0x10, 0x00, 0x00,
    0x0e, 0xfb,

    /* U+00C6 "Æ" */
    0x00, 0x00, 0x09, 0xff, 0xff, 0xff, 0xff, 0xfa,
    0x00, 0x00, 0x00, 0xff, 0xff, 0xff, 0xff, 0xff,
    0xa0, 0x00, 0x00, 0x5f, 0xff, 0xff, 0x88, 0x88,
    0x85, 0x00, 0x00, 0x0b, 0xff, 0x8f, 0xf2, 0x00,
    0x00, 0x00, 0x00, 0x01, 0xff, 0x96, 0xff, 0x30,
    0x00, 0x00, 0x00, 0x00, 0x7f, 0xf3, 0x4f, 0xf4,
    0x00, 0x00, 0x00, 0x00, 0x0d, 0xfd, 0x03, 0xff,
    0xff, 0xff, 0xf0, 0x00, 0x04, 0xff, 0x60, 0x1f,
    0xff, 0xff, 0xff, 0x00, 0x00, 0xcf, 0xf8, 0x77,
    0xff, 0xf8, 0x88, 0x70, 0x00, 0x0f, 0xff, 0xff,
    0xff, 0xfa, 0x00, 0x00, 0x00, 0x06, 0xff, 0xff,
    0xff, 0xff, 0xb0, 0x00, 0x00, 0x00, 0xcf, 0xd0,
    0x00, 0x0b, 0xff, 0x88, 0x88, 0x80, 0x2f, 0xf7,
    0x00, 0x00, 0xaf, 0xff, 0xff, 0xff, 0x08, 0xff,
    0x10, 0x00, 0x08, 0xff, 0xff, 0xff, 0xf0,

    /* U+00C7 "Ç" */
    0x00, 0x00, 0x6b, 0xef, 0xeb, 0x60, 0x00, 0x00,
    0x2d, 0xff, 0xff, 0xff, 0xfb, 0x00, 0x01, 0xef,
    0xff, 0xa9, 0xbf, 0xff, 0xc0, 0x0a, 0xff, 0xa0,
    0x00, 0x01, 0xcf, 0xf6, 0x1f, 0xfd, 0x00, 0x00,
    0x00, 0x19, 0x40, 0x5f, 0xf6, 0x00, 0x00, 0x00,
    0x00, 0x00, 0x7f, 0xf3, 0x00, 0x00, 0x00, 0x00,
    0x00, 0x7f, 0xf3, 0x00, 0x00, 0x00, 0x00, 0x00,
    0x5f, 0xf6, 0x00, 0x00, 0x00, 0x00, 0x00, 0x1f,
    0xfd, 0x00, 0x00, 0x00, 0x19, 0x40, 0x0b, 0xff,
    0xa0, 0x00, 0x01, 0xcf, 0xf6, 0x01, 0xef, 0xfe,
    0xa8, 0xaf, 0xff, 0xc0, 0x00, 0x2d, 0xff, 0xff,
    0xff, 0xfc, 0x10, 0x00, 0x00, 0x6c, 0xff, 0xdb,
    0x50, 0x00, 0x00, 0x00, 0x00, 0xdf, 0x50, 0x00,
    0x00, 0x00, 0x00, 0x00, 0x9c, 0xf4, 0x00, 0x00,
    0x00, 0x00, 0x06, 0x78, 0xf5, 0x00, 0x00, 0x00,
    0x00, 0x09, 0xef, 0xa0, 0x00, 0x00,

    /* U+00C8 "È" */
    0x00, 0x20, 0x00, 0x00, 0x00, 0x2e, 0xc0, 0x00,
    0x00, 0x00, 0xbf, 0xc1, 0x00, 0x00, 0x00, 0xaf,
    0xb0, 0x00, 0x00, 0x00, 0x71, 0x00, 0x00, 0x00,
    0x00, 0x00, 0x00, 0xaf, 0xff, 0xff, 0xff, 0xea,
    0xff, 0xff, 0xff, 0xfe, 0xaf, 0xf7, 0x77, 0x77,
    0x7a, 0xff, 0x00, 0x00, 0x00, 0xaf, 0xf0, 0x00,
    0x00, 0x0a, 0xff, 0x00, 0x00, 0x00, 0xaf, 0xff,
    0xff, 0xfc, 0x0a, 0xff, 0xff, 0xff, 0xc0, 0xaf,
    0xf8, 0x88, 0x86, 0x0a, 0xff, 0x00, 0x00, 0x00,
    0xaf, 0xf0, 0x00, 0x00, 0x0a, 0xff, 0x88, 0x88,
    0x87, 0xaf, 0xff, 0xff, 0xff, 0xea, 0xff, 0xff,
    0xff, 0xfe,

    /* U+00C9 "É" */
    0x00, 0x00, 0x00, 0x30, 0x00, 0x00, 0x00, 0x9f,
    0x40, 0x00, 0x00, 0xbf, 0xd1, 0x00, 0x00, 0x8f,
    0xc1, 0x00, 0x00, 0x00, 0x80, 0x00, 0x00, 0x00,
    0x00, 0x00, 0x00, 0xaf, 0xff, 0xff, 0xff, 0xea,
    0xff, 0xff, 0xff, 0xfe, 0xaf, 0xf7, 0x77, 0x77,
    0x7a, 0xff, 0x00, 0x00, 0x00, 0xaf, 0xf0, 0x00,
    0x00, 0x0a, 0xff, 0x00, 0x00, 0x00, 0xaf, 0xff,
    0xff, 0xfc, 0x0a, 0xff, 0xff, 0xff, 0xc0, 0xaf,
    0xf8, 0x88, 0x86, 0x0a, 0xff, 0x00, 0x00, 0x00,
    0xaf, 0xf0, 0x00, 0x00, 0x0a, 0xff, 0x88, 0x88,
    0x87, 0xaf, 0xff, 0xff, 0xff, 0xea, 0xff, 0xff,
    0xff, 0xfe,

    /* U+00CA "Ê" */
    0x00, 0x00, 0x81, 0x00, 0x00, 0x01, 0xcf, 0xe2,
    0x00, 0x01, 0xdf, 0xff, 0xf4, 0x00, 0x0b, 0x80,
    0x3b, 0x10, 0x00, 0x00, 0x00, 0x00, 0x0a, 0xff,
    0xff, 0xff, 0xfe, 0xaf, 0xff, 0xff, 0xff, 0xea,
    0xff, 0x77, 0x77, 0x77, 0xaf, 0xf0, 0x00, 0x00,
    0x0a, 0xff, 0x00, 0x00, 0x00, 0xaf, 0xf0, 0x00,
    0x00, 0x0a, 0xff, 0xff, 0xff, 0xc0, 0xaf, 0xff,
    0xff, 0xfc, 0x0a, 0xff, 0x88, 0x88, 0x60, 0xaf,
    0xf0, 0x00, 0x00, 0x0a, 0xff, 0x00, 0x00, 0x00,
    0xaf, 0xf8, 0x88, 0x88, 0x7a, 0xff, 0xff, 0xff,
    0xfe, 0xaf, 0xff, 0xff, 0xff, 0xe0,

    /* U+00CB "Ë" */
    0x00, 0x00, 0x00, 0x00, 0x00, 0x6f, 0xa0, 0x7f,
    0xa0, 0x0c, 0xff, 0x1d, 0xff, 0x00, 0x6f, 0xa0,
    0x7f, 0xa0, 0x00, 0x00, 0x00, 0x00, 0x0a, 0xff,
    0xff, 0xff, 0xfe, 0xaf, 0xff, 0xff, 0xff, 0xea,
    0xff, 0x77, 0x77, 0x77, 0xaf, 0xf0, 0x00, 0x00,
    0x0a, 0xff, 0x00, 0x00, 0x00, 0xaf, 0xf0, 0x00,
    0x00, 0x0a, 0xff, 0xff, 0xff, 0xc0, 0xaf, 0xff,
    0xff, 0xfc, 0x0a, 0xff, 0x88, 0x88, 0x60, 0xaf,
    0xf0, 0x00, 0x00, 0x0a, 0xff, 0x00, 0x00, 0x00,
    0xaf, 0xf8, 0x88, 0x88, 0x7a, 0xff, 0xff, 0xff,
    0xfe, 0xaf, 0xff, 0xff, 0xff, 0xe0,

    /* U+00CC "Ì" */
    0x02, 0x00, 0x02, 0xec, 0x10, 0x0a, 0xfd, 0x10,
    0x09, 0xfb, 0x00, 0x07, 0x10, 0x00, 0x00, 0x00,
    0xaf, 0xf0, 0x0a, 0xff, 0x00, 0xaf, 0xf0, 0x0a,
    0xff, 0x00, 0xaf, 0xf0, 0x0a, 0xff, 0x00, 0xaf,
    0xf0, 0x0a, 0xff, 0x00, 0xaf, 0xf0, 0x0a, 0xff,
    0x00, 0xaf, 0xf0, 0x0a, 0xff, 0x00, 0xaf, 0xf0,
    0x0a, 0xff,

    /* U+00CD "Í" */
    0x00, 0x03, 0x00, 0x09, 0xf5, 0x0a, 0xfd, 0x27,
    0xfd, 0x10, 0x08, 0x10, 0x00, 0x00, 0x00, 0xaf,
    0xf0, 0x0a, 0xff, 0x00, 0xaf, 0xf0, 0x0a, 0xff,
    0x00, 0xaf, 0xf0, 0x0a, 0xff, 0x00, 0xaf, 0xf0,
    0x0a, 0xff, 0x00, 0xaf, 0xf0, 0x0a, 0xff, 0x00,
    0xaf, 0xf0, 0x0a, 0xff, 0x00, 0xaf, 0xf0, 0x0a,
    0xff, 0x00,

    /* U+00CE "Î" */
    0x00, 0x0b, 0x30, 0x00, 0x0b, 0xfe, 0x20, 0x0b,
    0xff, 0xfe, 0x10, 0x4b, 0x06, 0x70, 0x00, 0x00,
    0x00, 0x00, 0x0a, 0xff, 0x00, 0x00, 0xaf, 0xf0,
    0x00, 0x0a, 0xff, 0x00, 0x00, 0xaf, 0xf0, 0x00,
    0x0a, 0xff, 0x00, 0x00, 0xaf, 0xf0, 0x00, 0x0a,
    0xff, 0x00, 0x00, 0xaf, 0xf0, 0x00, 0x0a, 0xff,
    0x00, 0x00, 0xaf, 0xf0, 0x00, 0x0a, 0xff, 0x00,
    0x00, 0xaf, 0xf0, 0x00, 0x0a, 0xff, 0x00, 0x00,
    0xaf, 0xf0, 0x00,

    /* U+00CF "Ï" */
    0x00, 0x00, 0x00, 0x02, 0xee, 0x2b, 0xf6, 0x7f,
    0xf9, 0xff, 0xc2, 0xde, 0x2b, 0xf6, 0x00, 0x00,
    0x00, 0x00, 0x0a, 0xff, 0x00, 0x00, 0xaf, 0xf0,
    0x00, 0x0a, 0xff, 0x00, 0x00, 0xaf, 0xf0, 0x00,
    0x0a, 0xff, 0x00, 0x00, 0xaf, 0xf0, 0x00, 0x0a,
    0xff, 0x00, 0x00, 0xaf, 0xf0, 0x00, 0x0a, 0xff,
    0x00, 0x00, 0xaf, 0xf0, 0x00, 0x0a, 0xff, 0x00,
    0x00, 0xaf, 0xf0, 0x00, 0x0a, 0xff, 0x00, 0x00,
    0xaf, 0xf0, 0x00,

    /* U+00D0 "Ð" */
    0x02, 0xff, 0xff, 0xfe, 0xb6, 0x00, 0x00, 0x02,
    0xff, 0xff, 0xff, 0xff, 0xd2, 0x00, 0x02, 0xff,
    0xf8, 0x8a, 0xff, 0xfe, 0x10, 0x02, 0xff, 0x70,
    0x00, 0x1b, 0xff, 0x90, 0x02, 0xff, 0x70, 0x00,
    0x00, 0xef, 0xe0, 0x02, 0xff, 0x70, 0x00, 0x00,
    0x8f, 0xf3, 0xaf, 0xff, 0xff, 0xf2, 0x00, 0x6f,
    0xf4, 0xaf, 0xff, 0xff, 0xf2, 0x00, 0x6f, 0xf4,
    0x48, 0xff, 0xe6, 0x61, 0x00, 0x8f, 0xf3, 0x02,
    0xff, 0x70, 0x00, 0x00, 0xef, 0xf0, 0x02, 0xff,
    0x70, 0x00, 0x0b, 0xff, 0x90, 0x02, 0xff, 0xf8,
    0x8a, 0xef, 0xfe, 0x10, 0x02, 0xff, 0xff, 0xff,
    0xff, 0xd2, 0x00, 0x02, 0xff, 0xff, 0xfe, 0xc6,
    0x00, 0x00,

    /* U+00D1 "Ñ" */
    0x00, 0x06, 0xed, 0x61, 0xc6, 0x00, 0x00, 0x3f,
    0xff, 0xff, 0xfb, 0x00, 0x00, 0x18, 0x61, 0xae,
    0xb1, 0x00, 0x00, 0x00, 0x00, 0x00, 0x00, 0x00,
    0xaf, 0xf2, 0x00, 0x00, 0x0a, 0xff, 0xaf, 0xfc,
    0x00, 0x00, 0x0a, 0xff, 0xaf, 0xff, 0x80, 0x00,
    0x0a, 0xff, 0xaf, 0xff, 0xf4, 0x00, 0x0a, 0xff,
    0xaf, 0xff, 0xfe, 0x10, 0x0a, 0xff, 0xaf, 0xf8,
    0xff, 0xb0, 0x0a, 0xff, 0xaf, 0xf0, 0xcf, 0xf7,
    0x0a, 0xff, 0xaf, 0xf0, 0x2f, 0xff, 0x3a, 0xff,
    0xaf, 0xf0, 0x05, 0xff, 0xda, 0xff, 0xaf, 0xf0,
    0x00, 0x9f, 0xff, 0xff, 0xaf, 0xf0, 0x00, 0x0d,
    0xff, 0xff, 0xaf, 0xf0, 0x00, 0x03, 0xff, 0xff,
    0xaf, 0xf0, 0x00, 0x00, 0x7f, 0xff, 0xaf, 0xf0,
    0x00, 0x00, 0x0b, 0xff,

    /* U+00D2 "Ò" */
    0x00, 0x00, 0x00, 0x00, 0x00, 0x00, 0x00, 0x00,
    0x00, 0x02, 0xe7, 0x00, 0x00, 0x00, 0x00, 0x00,
    0x00, 0x3e, 0xf8, 0x00, 0x00, 0x00, 0x00, 0x00,
    0x00, 0x2e, 0xf8, 0x00, 0x00, 0x00, 0x00, 0x00,
    0x00, 0x1b, 0x20, 0x00, 0x00, 0x00, 0x00, 0x00,
    0x00, 0x00, 0x00, 0x00, 0x00, 0x00, 0x00, 0x5b,
    0xef, 0xeb, 0x50, 0x00, 0x00, 0x02, 0xcf, 0xff,
    0xff, 0xff, 0xc1, 0x00, 0x01, 0xef, 0xff, 0xb9,
    0xbf, 0xff, 0xe1, 0x00, 0xaf, 0xfb, 0x10, 0x00,
    0x1b, 0xff, 0xa0, 0x1f, 0xfd, 0x00, 0x00, 0x00,
    0x0d, 0xff, 0x15, 0xff, 0x60, 0x00, 0x00, 0x00,
    0x6f, 0xf5, 0x7f, 0xf3, 0x00, 0x00, 0x00, 0x03,
    0xff, 0x77, 0xff, 0x30, 0x00, 0x00, 0x00, 0x3f,
    0xf7, 0x5f, 0xf6, 0x00, 0x00, 0x00, 0x06, 0xff,
    0x51, 0xff, 0xd0, 0x00, 0x00, 0x00, 0xdf, 0xf1,
    0x0a, 0xff, 0xb1, 0x00, 0x01, 0xbf, 0xfa, 0x00,
    0x1e, 0xff, 0xfb, 0x9b, 0xff, 0xfe, 0x10, 0x00,
    0x2d, 0xff, 0xff, 0xff, 0xfd, 0x20, 0x00, 0x00,
    0x06, 0xbe, 0xfe, 0xb6, 0x00, 0x00,

    /* U+00D3 "Ó" */
    0x00, 0x00, 0x00, 0x00, 0x00, 0x00, 0x00, 0x00,
    0x00, 0x00, 0x00, 0x08, 0xd1, 0x00, 0x00, 0x00,
    0x00, 0x00, 0x09, 0xfe, 0x20, 0x00, 0x00, 0x00,
    0x00, 0x09, 0xfd, 0x10, 0x00, 0x00, 0x00, 0x00,
    0x00, 0x2b, 0x10, 0x00, 0x00, 0x00, 0x00, 0x00,
    0x00, 0x00, 0x00, 0x00, 0x00, 0x00, 0x00, 0x5b,
    0xef, 0xeb, 0x50, 0x00, 0x00, 0x02, 0xcf, 0xff,
    0xff, 0xff, 0xc1, 0x00, 0x01, 0xef, 0xff, 0xb9,
    0xbf, 0xff, 0xe1, 0x00, 0xaf, 0xfb, 0x10, 0x00,
    0x1b, 0xff, 0xa0, 0x1f, 0xfd, 0x00, 0x00, 0x00,
    0x0d, 0xff, 0x15, 0xff, 0x60, 0x00, 0x00, 0x00,
    0x6f, 0xf5, 0x7f, 0xf3, 0x00, 0x00, 0x00, 0x03,
    0xff, 0x77, 0xff, 0x30, 0x00, 0x00, 0x00, 0x3f,
    0xf7, 0x5f, 0xf6, 0x00, 0x00, 0x00, 0x06, 0xff,
    0x51, 0xff, 0xd0, 0x00, 0x00, 0x00, 0xdf, 0xf1,
    0x0a, 0xff, 0xb1, 0x00, 0x01, 0xbf, 0xfa, 0x00,
    0x1e, 0xff, 0xfb, 0x9b, 0xff, 0xfe, 0x10, 0x00,
    0x2d, 0xff, 0xff, 0xff, 0xfd, 0x20, 0x00, 0x00,
    0x06, 0xbe, 0xfe, 0xb6, 0x00, 0x00,

    /* U+00D4 "Ô" */
    0x00, 0x00, 0x00, 0x01, 0x00, 0x00, 0x00, 0x00,
    0x00, 0x00, 0x06, 0xf4, 0x00, 0x00, 0x00, 0x00,
    0x00, 0x06, 0xff, 0xf5, 0x00, 0x00, 0x00, 0x00,
    0x04, 0xfe, 0x6f, 0xf3, 0x00, 0x00, 0x00, 0x00,
    0x08, 0x20, 0x38, 0x00, 0x00, 0x00, 0x00, 0x00,
    0x00, 0x00, 0x00, 0x00, 0x00, 0x00, 0x00, 0x5b,
    0xef, 0xeb, 0x50, 0x00, 0x00, 0x02, 0xcf, 0xff,
    0xff, 0xff, 0xc1, 0x00, 0x01, 0xef, 0xff, 0xb9,
    0xbf, 0xff, 0xe1, 0x00, 0xaf, 0xfb, 0x10, 0x00,
    0x1b, 0xff, 0xa0, 0x1f, 0xfd, 0x00, 0x00, 0x00,
    0x0d, 0xff, 0x15, 0xff, 0x60, 0x00, 0x00, 0x00,
    0x6f, 0xf5, 0x7f, 0xf3, 0x00, 0x00, 0x00, 0x03,
    0xff, 0x77, 0xff, 0x30, 0x00, 0x00, 0x00, 0x3f,
    0xf7, 0x5f, 0xf6, 0x00, 0x00, 0x00, 0x06, 0xff,
    0x51, 0xff, 0xd0, 0x00, 0x00, 0x00, 0xdf, 0xf1,
    0x0a, 0xff, 0xb1, 0x00, 0x01, 0xbf, 0xfa, 0x00,
    0x1e, 0xff, 0xfb, 0x9b, 0xff, 0xfe, 0x10, 0x00,
    0x2d, 0xff, 0xff, 0xff, 0xfd, 0x20, 0x00, 0x00,
    0x06, 0xbe, 0xfe, 0xb6, 0x00, 0x00,

    /* U+00D5 "Õ" */
    0x00, 0x00, 0x4d, 0xe8, 0x1a, 0x70, 0x00, 0x00,
    0x00, 0x1e, 0xff, 0xff, 0xfe, 0x00, 0x00, 0x00,
    0x00, 0x69, 0x18, 0xec, 0x30, 0x00, 0x00, 0x00,
    0x00, 0x00, 0x00, 0x00, 0x00, 0x00, 0x00, 0x00,
    0x5b, 0xef, 0xeb, 0x50, 0x00, 0x00, 0x02, 0xcf,
    0xff, 0xff, 0xff, 0xc1, 0x00, 0x01, 0xef, 0xff,
    0xb9, 0xbf, 0xff, 0xe1, 0x00, 0xaf, 0xfb, 0x10,
    0x00, 0x1b, 0xff, 0xa0, 0x1f, 0xfd, 0x00, 0x00,
    0x00, 0x0d, 0xff, 0x15, 0xff, 0x60, 0x00, 0x00,
    0x00, 0x6f, 0xf5, 0x7f, 0xf3, 0x00, 0x00, 0x00,
    0x03, 0xff, 0x77, 0xff, 0x30, 0x00, 0x00, 0x00,
    0x3f, 0xf7, 0x5f, 0xf6, 0x00, 0x00, 0x00, 0x06,
    0xff, 0x51, 0xff, 0xd0, 0x00, 0x00, 0x00, 0xdf,
    0xf1, 0x0a, 0xff, 0xb1, 0x00, 0x01, 0xbf, 0xfa,
    0x00, 0x1e, 0xff, 0xfb, 0x9b, 0xff, 0xfe, 0x10,
    0x00, 0x2d, 0xff, 0xff, 0xff, 0xfd, 0x20, 0x00,
    0x00, 0x06, 0xbe, 0xfe, 0xb6, 0x00, 0x00,

    /* U+00D6 "Ö" */
    0x00, 0x00, 0x00, 0x00, 0x00, 0x00, 0x00, 0x00,
    0x00, 0x08, 0xf8, 0x09, 0xf7, 0x00, 0x00, 0x00,
    0x00, 0xff, 0xf0, 0xff, 0xe0, 0x00, 0x00, 0x00,
    0x08, 0xf9, 0x09, 0xf7, 0x00, 0x00, 0x00, 0x00,
    0x00, 0x00, 0x00, 0x00, 0x00, 0x00, 0x00, 0x05,
    0xbe, 0xfe, 0xb5, 0x00, 0x00, 0x00, 0x2c, 0xff,
    0xff, 0xff, 0xfc, 0x10, 0x00, 0x1e, 0xff, 0xfb,
    0x9b, 0xff, 0xfe, 0x10, 0x0a, 0xff, 0xb1, 0x00,
    0x01, 0xbf, 0xfa, 0x01, 0xff, 0xd0, 0x00, 0x00,
    0x00, 0xdf, 0xf1, 0x5f, 0xf6, 0x00, 0x00, 0x00,
    0x06, 0xff, 0x57, 0xff, 0x30, 0x00, 0x00, 0x00,
    0x3f, 0xf7, 0x7f, 0xf3, 0x00, 0x00, 0x00, 0x03,
    0xff, 0x75, 0xff, 0x60, 0x00, 0x00, 0x00, 0x6f,
    0xf5, 0x1f, 0xfd, 0x00, 0x00, 0x00, 0x0d, 0xff,
    0x10, 0xaf, 0xfb, 0x10, 0x00, 0x1b, 0xff, 0xa0,
    0x01, 0xef, 0xff, 0xb9, 0xbf, 0xff, 0xe1, 0x00,
    0x02, 0xdf, 0xff, 0xff, 0xff, 0xd2, 0x00, 0x00,
    0x00, 0x6b, 0xef, 0xeb, 0x60, 0x00, 0x00,

    /* U+00D7 "×" */
    0x02, 0x00, 0x00, 0x03, 0x00, 0x3f, 0xb0, 0x00,
    0x5f, 0x90, 0x9f, 0xfb, 0x05, 0xff, 0xe1, 0x0a,
    0xff, 0xff, 0xfe, 0x20, 0x00, 0xaf, 0xff, 0xf2,
    0x00, 0x00, 0x5f, 0xff, 0xe0, 0x00, 0x05, 0xff,
    0xff, 0xfb, 0x00, 0x5f, 0xfe, 0x3a, 0xff, 0xb0,
    0x8f, 0xe2, 0x00, 0xaf, 0xd1, 0x07, 0x20, 0x00,
    0x08, 0x10,

    /* U+00D8 "Ø" */
    0x00, 0x00, 0x00, 0x00, 0x00, 0x02, 0x20, 0x00,
    0x00, 0x05, 0xbe, 0xfe, 0xb6, 0xdf, 0x50, 0x00,
    0x2c, 0xff, 0xff, 0xff, 0xff, 0xf4, 0x00, 0x1e,
    0xff, 0xfb, 0x9b, 0xff, 0xff, 0x10, 0x0a, 0xff,
    0xb1, 0x00, 0x4f, 0xff, 0xfa, 0x01, 0xff, 0xd0,
    0x00, 0x2f, 0xfe, 0xef, 0xf1, 0x5f, 0xf6, 0x00,
    0x0d, 0xff, 0x26, 0xff, 0x57, 0xff, 0x30, 0x0a,
    0xff, 0x50, 0x3f, 0xf7, 0x7f, 0xf3, 0x07, 0xff,
    0x80, 0x03, 0xff, 0x75, 0xff, 0x64, 0xff, 0xb0,
    0x00, 0x6f, 0xf5, 0x1f, 0xff, 0xff, 0xe1, 0x00,
    0x0d, 0xff, 0x10, 0xaf, 0xff, 0xf3, 0x00, 0x1b,
    0xff, 0xa0, 0x01, 0xff, 0xff, 0xb9, 0xbf, 0xff,
    0xe1, 0x00, 0x7f, 0xff, 0xff, 0xff, 0xff, 0xd2,
    0x00, 0x07, 0xfc, 0x6b, 0xef, 0xeb, 0x60, 0x00,
    0x00, 0x03, 0x10, 0x00, 0x00, 0x00, 0x00, 0x00,

    /* U+00D9 "Ù" */
    0x00, 0x01, 0x10, 0x00, 0x00, 0x00, 0x00, 0x1e,
    0xd1, 0x00, 0x00, 0x00, 0x00, 0x09, 0xfe, 0x20,
    0x00, 0x00, 0x00, 0x00, 0x8f, 0xd0, 0x00, 0x00,
    0x00, 0x00, 0x07, 0x20, 0x00, 0x00, 0x00, 0x00,
    0x00, 0x00, 0x00, 0x00, 0xbf, 0xe0, 0x00, 0x00,
    0x6f, 0xf3, 0xbf, 0xe0, 0x00, 0x00, 0x6f, 0xf3,
    0xbf, 0xe0, 0x00, 0x00, 0x6f, 0xf3, 0xbf, 0xe0,
    0x00, 0x00, 0x6f, 0xf3, 0xbf, 0xe0, 0x00, 0x00,
    0x6f, 0xf3, 0xbf, 0xe0, 0x00, 0x00, 0x6f, 0xf3,
    0xbf, 0xe0, 0x00, 0x00, 0x6f, 0xf3, 0xbf, 0xe0,
    0x00, 0x00, 0x6f, 0xf3, 0xbf, 0xf0, 0x00, 0x00,
    0x7f, 0xf2, 0x9f, 0xf2, 0x00, 0x00, 0xaf, 0xf1,
    0x6f, 0xfa, 0x00, 0x02, 0xff, 0xd0, 0x0e, 0xff,
    0xd9, 0xaf, 0xff, 0x70, 0x04, 0xff, 0xff, 0xff,
    0xfb, 0x00, 0x00, 0x29, 0xdf, 0xec, 0x60, 0x00,

    /* U+00DA "Ú" */
    0x00, 0x00, 0x00, 0x03, 0x00, 0x00, 0x00, 0x00,
    0x00, 0x8f, 0x60, 0x00, 0x00, 0x00, 0x09, 0xfe,
    0x20, 0x00, 0x00, 0x00, 0x6f, 0xd2, 0x00, 0x00,
    0x00, 0x00, 0x08, 0x10, 0x00, 0x00, 0x00, 0x00,
    0x00, 0x00, 0x00, 0x00, 0xbf, 0xe0, 0x00, 0x00,
    0x6f, 0xf3, 0xbf, 0xe0, 0x00, 0x00, 0x6f, 0xf3,
    0xbf, 0xe0, 0x00, 0x00, 0x6f, 0xf3, 0xbf, 0xe0,
    0x00, 0x00, 0x6f, 0xf3, 0xbf, 0xe0, 0x00, 0x00,
    0x6f, 0xf3, 0xbf, 0xe0, 0x00, 0x00, 0x6f, 0xf3,
    0xbf, 0xe0, 0x00, 0x00, 0x6f, 0xf3, 0xbf, 0xe0,
    0x00, 0x00, 0x6f, 0xf3, 0xbf, 0xf0, 0x00, 0x00,
    0x7f, 0xf2, 0x9f, 0xf2, 0x00, 0x00, 0xaf, 0xf1,
    0x6f, 0xfa, 0x00, 0x02, 0xff, 0xd0, 0x0e, 0xff,
    0xd9, 0xaf, 0xff, 0x70, 0x04, 0xff, 0xff, 0xff,
    0xfb, 0x00, 0x00, 0x29, 0xdf, 0xec, 0x60, 0x00,

    /* U+00DB "Û" */
    0x00, 0x00, 0x01, 0x00, 0x00, 0x00, 0x00, 0x00,
    0x3e, 0x80, 0x00, 0x00, 0x00, 0x04, 0xff, 0xfa,
    0x00, 0x00, 0x00, 0x1f, 0xf6, 0xcf, 0x70, 0x00,
    0x00, 0x04, 0x40, 0x07, 0x00, 0x00, 0x00, 0x00,
    0x00, 0x00, 0x00, 0x00, 0xbf, 0xe0, 0x00, 0x00,
    0x6f, 0xf3, 0xbf, 0xe0, 0x00, 0x00, 0x6f, 0xf3,
    0xbf, 0xe0, 0x00, 0x00, 0x6f, 0xf3, 0xbf, 0xe0,
    0x00, 0x00, 0x6f, 0xf3, 0xbf, 0xe0, 0x00, 0x00,
    0x6f, 0xf3, 0xbf, 0xe0, 0x00, 0x00, 0x6f, 0xf3,
    0xbf, 0xe0, 0x00, 0x00, 0x6f, 0xf3, 0xbf, 0xe0,
    0x00, 0x00, 0x6f, 0xf3, 0xbf, 0xf0, 0x00, 0x00,
    0x7f, 0xf2, 0x9f, 0xf2, 0x00, 0x00, 0xaf, 0xf1,
    0x6f, 0xfa, 0x00, 0x02, 0xff, 0xd0, 0x0e, 0xff,
    0xd9, 0xaf, 0xff, 0x70, 0x04, 0xff, 0xff, 0xff,
    0xfb, 0x00, 0x00, 0x29, 0xdf, 0xec, 0x60, 0x00,

    /* U+00DC "Ü" */
    0x00, 0x00, 0x00, 0x00, 0x00, 0x00, 0x00, 0x4f,
    0xc0, 0x5f, 0xb0, 0x00, 0x00, 0xaf, 0xf3, 0xbf,
    0xf2, 0x00, 0x00, 0x4e, 0xc0, 0x5f, 0xb0, 0x00,
    0x00, 0x00, 0x00, 0x00, 0x00, 0x00, 0xbf, 0xe0,
    0x00, 0x00, 0x6f, 0xf3, 0xbf, 0xe0, 0x00, 0x00,
    0x6f, 0xf3, 0xbf, 0xe0, 0x00, 0x00, 0x6f, 0xf3,
    0xbf, 0xe0, 0x00, 0x00, 0x6f, 0xf3, 0xbf, 0xe0,
    0x00, 0x00, 0x6f, 0xf3, 0xbf, 0xe0, 0x00, 0x00,
    0x6f, 0xf3, 0xbf, 0xe0, 0x00, 0x00, 0x6f, 0xf3,
    0xbf, 0xe0, 0x00, 0x00, 0x6f, 0xf3, 0xbf, 0xf0,
    0x00, 0x00, 0x7f, 0xf2, 0x9f, 0xf2, 0x00, 0x00,
    0xaf, 0xf1, 0x6f, 0xfa, 0x00, 0x02, 0xff, 0xd0,
    0x0e, 0xff, 0xd9, 0xaf, 0xff, 0x70, 0x04, 0xff,
    0xff, 0xff, 0xfb, 0x00, 0x00, 0x29, 0xdf, 0xec,
    0x60, 0x00,

    /* U+00DD "Ý" */
    0x00, 0x00, 0x00, 0x00, 0x30, 0x00, 0x00, 0x00,
    0x00, 0x00, 0x6f, 0x80, 0x00, 0x00, 0x00, 0x00,
    0x7f, 0xf3, 0x00, 0x00, 0x00, 0x00, 0x4f, 0xe3,
    0x00, 0x00, 0x00, 0x00, 0x00, 0x72, 0x00, 0x00,
    0x00, 0x00, 0x00, 0x00, 0x00, 0x00, 0x00, 0x0c,
    0xff, 0x10, 0x00, 0x05, 0xff, 0x80, 0x4f, 0xf9,
    0x00, 0x00, 0xcf, 0xf1, 0x00, 0xcf, 0xf1, 0x00,
    0x4f, 0xf8, 0x00, 0x04, 0xff, 0x90, 0x0c, 0xff,
    0x10, 0x00, 0x0c, 0xff, 0x14, 0xff, 0x70, 0x00,
    0x00, 0x4f, 0xf8, 0xcf, 0xe0, 0x00, 0x00, 0x00,
    0xcf, 0xff, 0xf7, 0x00, 0x00, 0x00, 0x04, 0xff,
    0xfe, 0x00, 0x00, 0x00, 0x00, 0x0d, 0xff, 0x90,
    0x00, 0x00, 0x00, 0x00, 0x7f, 0xf3, 0x00, 0x00,
    0x00, 0x00, 0x07, 0xff, 0x30, 0x00, 0x00, 0x00,
    0x00, 0x7f, 0xf3, 0x00, 0x00, 0x00, 0x00, 0x07,
    0xff, 0x30, 0x00, 0x00, 0x00, 0x00, 0x7f, 0xf3,
    0x00, 0x00,

    /* U+00DE "Þ" */
    0xaf, 0xf0, 0x00, 0x00, 0x00, 0x0a, 0xff, 0x00,
    0x00, 0x00, 0x00, 0xaf, 0xf8, 0x87, 0x50, 0x00,
    0x0a, 0xff, 0xff, 0xff, 0xf6, 0x00, 0xaf, 0xff,
    0xff, 0xff, 0xf5, 0x0a, 0xff, 0x00, 0x16, 0xff,
    0xd0, 0xaf, 0xf0, 0x00, 0x0a, 0xff, 0x1a, 0xff,
    0x00, 0x00, 0x8f, 0xf2, 0xaf, 0xf0, 0x00, 0x0d,
    0xff, 0x0a, 0xff, 0x88, 0x9e, 0xff, 0xa0, 0xaf,
    0xff, 0xff, 0xff, 0xd1, 0x0a, 0xff, 0xff, 0xfd,
    0x80, 0x00, 0xaf, 0xf0, 0x00, 0x00, 0x00, 0x0a,
    0xff, 0x00, 0x00, 0x00, 0x00,

    /* U+00DF "ß" */
    0x00, 0x8d, 0xfe, 0xb4, 0x00, 0x00, 0xcf, 0xff,
    0xff, 0xf5, 0x00, 0x7f, 0xfd, 0x8a, 0xff, 0xd0,
    0x0c, 0xfe, 0x00, 0x0c, 0xff, 0x00, 0xef, 0xb0,
    0x02, 0xff, 0x90, 0x0f, 0xfb, 0x01, 0xdf, 0xc0,
    0x00, 0xff, 0xb0, 0x6f, 0xf2, 0x00, 0x0f, 0xfb,
    0x05, 0xff, 0x90, 0x00, 0xff, 0xb0, 0x0a, 0xff,
    0xc1, 0x0f, 0xfb, 0x00, 0x07, 0xff, 0xb0, 0xff,
    0xb0, 0x20, 0x08, 0xff, 0x1f, 0xfb, 0x4f, 0x82,
    0xaf, 0xf1, 0xff, 0xb6, 0xff, 0xff, 0xfc, 0x0f,
    0xfb, 0x04, 0xcf, 0xe9, 0x10,

    /* U+00E0 "à" */
    0x00, 0x00, 0x00, 0x00, 0x00, 0x00, 0x7e, 0x20,
    0x00, 0x00, 0x00, 0x8f, 0xe3, 0x00, 0x00, 0x00,
    0x07, 0xff, 0x20, 0x00, 0x00, 0x00, 0x69, 0x00,
    0x00, 0x00, 0x00, 0x00, 0x00, 0x00, 0x02, 0x8c,
    0xef, 0xc5, 0x00, 0x06, 0xff, 0xff, 0xff, 0x60,
    0x00, 0x74, 0x35, 0xef, 0xd0, 0x01, 0x9e, 0xeb,
    0xdf, 0xf0, 0x0d, 0xff, 0xff, 0xff, 0xf1, 0x5f,
    0xfa, 0x12, 0xff, 0xf1, 0x7f, 0xf4, 0x00, 0x9f,
    0xf1, 0x5f, 0xfa, 0x12, 0xff, 0xf1, 0x0d, 0xff,
    0xff, 0xff, 0xf1, 0x01, 0xae, 0xfb, 0x5f, 0xf1,

    /* U+00E1 "á" */
    0x00, 0x00, 0x00, 0x00, 0x00, 0x00, 0x00, 0x01,
    0xd8, 0x00, 0x00, 0x00, 0x2e, 0xf9, 0x00, 0x00,
    0x01, 0xef, 0x80, 0x00, 0x00, 0x00, 0x87, 0x00,
    0x00, 0x00, 0x00, 0x00, 0x00, 0x00, 0x02, 0x8c,
    0xef, 0xc5, 0x00, 0x06, 0xff, 0xff, 0xff, 0x60,
    0x00, 0x74, 0x35, 0xef, 0xd0, 0x01, 0x9e, 0xeb,
    0xdf, 0xf0, 0x0d, 0xff, 0xff, 0xff, 0xf1, 0x5f,
    0xfa, 0x12, 0xff, 0xf1, 0x7f, 0xf4, 0x00, 0x9f,
    0xf1, 0x5f, 0xfa, 0x12, 0xff, 0xf1, 0x0d, 0xff,
    0xff, 0xff, 0xf1, 0x01, 0xae, 0xfb, 0x5f, 0xf1,

    /* U+00E2 "â" */
    0x00, 0x00, 0x45, 0x00, 0x00, 0x00, 0x04, 0xff,
    0x50, 0x00, 0x00, 0x4f, 0xff, 0xf5, 0x00, 0x00,
    0x9f, 0x44, 0xfc, 0x00, 0x00, 0x03, 0x00, 0x51,
    0x00, 0x00, 0x00, 0x00, 0x00, 0x00, 0x02, 0x8c,
    0xef, 0xc5, 0x00, 0x06, 0xff, 0xff, 0xff, 0x60,
    0x00, 0x74, 0x35, 0xef, 0xd0, 0x01, 0x9e, 0xeb,
    0xdf, 0xf0, 0x0d, 0xff, 0xff, 0xff, 0xf1, 0x5f,
    0xfa, 0x12, 0xff, 0xf1, 0x7f, 0xf4, 0x00, 0x9f,
    0xf1, 0x5f, 0xfa, 0x12, 0xff, 0xf1, 0x0d, 0xff,
    0xff, 0xff, 0xf1, 0x01, 0xae, 0xfb, 0x5f, 0xf1,

    /* U+00E3 "ã" */
    0x00, 0x8f, 0xff, 0xff, 0x90, 0x06, 0xff, 0xff,
    0xfa, 0x00, 0x00, 0x00, 0x00, 0x00, 0x00, 0x00,
    0x00, 0x00, 0x00, 0x00, 0x02, 0x8c, 0xef, 0xc5,
    0x00, 0x06, 0xff, 0xff, 0xff, 0x60, 0x00, 0x74,
    0x35, 0xef, 0xd0, 0x01, 0x9e, 0xeb, 0xdf, 0xf0,
    0x0d, 0xff, 0xff, 0xff, 0xf1, 0x5f, 0xfa, 0x12,
    0xff, 0xf1, 0x7f, 0xf4, 0x00, 0x9f, 0xf1, 0x5f,
    0xfa, 0x12, 0xff, 0xf1, 0x0d, 0xff, 0xff, 0xff,
    0xf1, 0x01, 0xae, 0xfb, 0x5f, 0xf1,

    /* U+00E4 "ä" */
    0x01, 0xde, 0x31, 0xde, 0x20, 0x05, 0xff, 0x86,
    0xff, 0x70, 0x01, 0xde, 0x32, 0xee, 0x20, 0x00,
    0x00, 0x00, 0x00, 0x00, 0x02, 0x8c, 0xef, 0xc5,
    0x00, 0x06, 0xff, 0xff, 0xff, 0x60, 0x00, 0x74,
    0x35, 0xef, 0xd0, 0x01, 0x9e, 0xeb, 0xdf, 0xf0,
    0x0d, 0xff, 0xff, 0xff, 0xf1, 0x5f, 0xfa, 0x12,
    0xff, 0xf1, 0x7f, 0xf4, 0x00, 0x9f, 0xf1, 0x5f,
    0xfa, 0x12, 0xff, 0xf1, 0x0d, 0xff, 0xff, 0xff,
    0xf1, 0x01, 0xae, 0xfb, 0x5f, 0xf1,

    /* U+00E5 "å" */
    0x00, 0x05, 0xee, 0x60, 0x00, 0x00, 0x1f, 0xdc,
    0xf3, 0x00, 0x00, 0x2f, 0x86, 0xf5, 0x00, 0x00,
    0x0c, 0xff, 0xd0, 0x00, 0x00, 0x00, 0x67, 0x10,
    0x00, 0x00, 0x00, 0x00, 0x00, 0x00, 0x02, 0x8c,
    0xef, 0xc5, 0x00, 0x06, 0xff, 0xff, 0xff, 0x60,
    0x00, 0x74, 0x35, 0xef, 0xd0, 0x01, 0x9e, 0xeb,
    0xdf, 0xf0, 0x0d, 0xff, 0xff, 0xff, 0xf1, 0x5f,
    0xfa, 0x12, 0xff, 0xf1, 0x7f, 0xf4, 0x00, 0x9f,
    0xf1, 0x5f, 0xfa, 0x12, 0xff, 0xf1, 0x0d, 0xff,
    0xff, 0xff, 0xf1, 0x01, 0xae, 0xfb, 0x5f, 0xf1,

    /* U+00E6 "æ" */
    0x02, 0x8c, 0xff, 0xc4, 0x4b, 0xfe, 0xb3, 0x00,
    0x06, 0xff, 0xff, 0xff, 0xff, 0xff, 0xff, 0x40,
    0x00, 0x74, 0x36, 0xff, 0xfc, 0x45, 0xdf, 0xd0,
    0x01, 0x9e, 0xea, 0xff, 0xf1, 0x00, 0x4f, 0xf2,
    0x0d, 0xff, 0xff, 0xff, 0xff, 0xff, 0xff, 0xf3,
    0x5f, 0xfa, 0x12, 0xff, 0xfd, 0xdd, 0xdd, 0xd3,
    0x7f, 0xf4, 0x00, 0xef, 0xf0, 0x00, 0x04, 0x00,
    0x5f, 0xfa, 0x12, 0xff, 0xfa, 0x10, 0x7f, 0xd0,
    0x0d, 0xff, 0xff, 0xfd, 0xff, 0xff, 0xff, 0x70,
    0x01, 0xae, 0xfd, 0x60, 0x4b, 0xef, 0xc5, 0x00,

    /* U+00E7 "ç" */
    0x00, 0x29, 0xef, 0xd8, 0x10, 0x03, 0xef, 0xff,
    0xff, 0xe2, 0x0d, 0xff, 0xc8, 0xcf, 0xfb, 0x3f,
    0xfa, 0x00, 0x09, 0x81, 0x6f, 0xf4, 0x00, 0x00,
    0x00, 0x6f, 0xf4, 0x00, 0x00, 0x00, 0x3f, 0xfa,
    0x00, 0x09, 0x81, 0x0d, 0xff, 0xc9, 0xcf, 0xfb,
    0x03, 0xef, 0xff, 0xff, 0xd2, 0x00, 0x29, 0xff,
    0xd8, 0x10, 0x00, 0x00, 0xdf, 0x50, 0x00, 0x00,
    0x00, 0x9b, 0xf4, 0x00, 0x00, 0x06, 0x78, 0xf5,
    0x00, 0x00, 0x08, 0xef, 0xa0, 0x00,

    /* U+00E8 "è" */
    0x00, 0x00, 0x00, 0x00, 0x00, 0x00, 0x03, 0xe6,
    0x00, 0x00, 0x00, 0x00, 0x4f, 0xf7, 0x00, 0x00,
    0x00, 0x00, 0x3e, 0xf6, 0x00, 0x00, 0x00, 0x00,
    0x2b, 0x10, 0x00, 0x00, 0x00, 0x00, 0x00, 0x00,
    0x00, 0x00, 0x2a, 0xef, 0xd8, 0x00, 0x00, 0x3f,
    0xff, 0xff, 0xfd, 0x10, 0x0d, 0xfd, 0x41, 0x5f,
    0xf9, 0x03, 0xff, 0x30, 0x00, 0x7f, 0xf0, 0x6f,
    0xff, 0xff, 0xff, 0xff, 0x36, 0xff, 0xff, 0xff,
    0xff, 0xf3, 0x4f, 0xf3, 0x00, 0x00, 0x20, 0x00,
    0xef, 0xd4, 0x24, 0xcf, 0x90, 0x04, 0xff, 0xff,
    0xff, 0xf3, 0x00, 0x02, 0xae, 0xfe, 0x92, 0x00,

    /* U+00E9 "é" */
    0x00, 0x00, 0x00, 0x00, 0x00, 0x00, 0x00, 0x00,
    0x09, 0xc1, 0x00, 0x00, 0x00, 0x0a, 0xfd, 0x10,
    0x00, 0x00, 0x0a, 0xfc, 0x10, 0x00, 0x00, 0x00,
    0x3b, 0x00, 0x00, 0x00, 0x00, 0x00, 0x00, 0x00,
    0x00, 0x00, 0x2a, 0xef, 0xd8, 0x00, 0x00, 0x3f,
    0xff, 0xff, 0xfd, 0x10, 0x0d, 0xfd, 0x41, 0x5f,
    0xf9, 0x03, 0xff, 0x30, 0x00, 0x7f, 0xf0, 0x6f,
    0xff, 0xff, 0xff, 0xff, 0x36, 0xff, 0xff, 0xff,
    0xff, 0xf3, 0x4f, 0xf3, 0x00, 0x00, 0x20, 0x00,
    0xef, 0xd4, 0x24, 0xcf, 0x90, 0x04, 0xff, 0xff,
    0xff, 0xf3, 0x00, 0x02, 0xae, 0xfe, 0x92, 0x00,

    /* U+00EA "ê" */
    0x00, 0x00, 0x18, 0x00, 0x00, 0x00, 0x00, 0x1d,
    0xfa, 0x00, 0x00, 0x00, 0x1d, 0xff, 0xfa, 0x00,
    0x00, 0x05, 0xf9, 0x1d, 0xf2, 0x00, 0x00, 0x03,
    0x00, 0x24, 0x00, 0x00, 0x00, 0x00, 0x00, 0x00,
    0x00, 0x00, 0x2a, 0xef, 0xd8, 0x00, 0x00, 0x3f,
    0xff, 0xff, 0xfd, 0x10, 0x0d, 0xfd, 0x41, 0x5f,
    0xf9, 0x03, 0xff, 0x30, 0x00, 0x7f, 0xf0, 0x6f,
    0xff, 0xff, 0xff, 0xff, 0x36, 0xff, 0xff, 0xff,
    0xff, 0xf3, 0x4f, 0xf3, 0x00, 0x00, 0x20, 0x00,
    0xef, 0xd4, 0x24, 0xcf, 0x90, 0x04, 0xff, 0xff,
    0xff, 0xf3, 0x00, 0x02, 0xae, 0xfe, 0x92, 0x00,

    /* U+00EB "ë" */
    0x00, 0x9f, 0x70, 0xaf, 0x60, 0x00, 0x0f, 0xfe,
    0x1f, 0xfd, 0x00, 0x00, 0x9f, 0x80, 0xaf, 0x70,
    0x00, 0x00, 0x00, 0x00, 0x00, 0x00, 0x00, 0x2a,
    0xef, 0xd8, 0x00, 0x00, 0x3f, 0xff, 0xff, 0xfd,
    0x10, 0x0d, 0xfd, 0x41, 0x5f, 0xf9, 0x03, 0xff,
    0x30, 0x00, 0x7f, 0xf0, 0x6f, 0xff, 0xff, 0xff,
    0xff, 0x36, 0xff, 0xff, 0xff, 0xff, 0xf3, 0x4f,
    0xf3, 0x00, 0x00, 0x20, 0x00, 0xef, 0xd4, 0x24,
    0xcf, 0x90, 0x04, 0xff, 0xff, 0xff, 0xf3, 0x00,
    0x02, 0xae, 0xfe, 0x92, 0x00,

    /* U+00EC "ì" */
    0x03, 0x00, 0x04, 0xfa, 0x00, 0x1d, 0xfb, 0x00,
    0x1c, 0xf8, 0x00, 0x08, 0x00, 0x00, 0x00, 0x00,
    0xdf, 0xc0, 0x0d, 0xfc, 0x00, 0xdf, 0xc0, 0x0d,
    0xfc, 0x00, 0xdf, 0xc0, 0x0d, 0xfc, 0x00, 0xdf,
    0xc0, 0x0d, 0xfc, 0x00, 0xdf, 0xc0, 0x0d, 0xfc,

    /* U+00ED "í" */
    0x00, 0x02, 0x00, 0x0b, 0xf3, 0x1c, 0xfb, 0x0a,
    0xfa, 0x00, 0x18, 0x00, 0x00, 0x00, 0x00, 0xdf,
    0xc0, 0x0d, 0xfc, 0x00, 0xdf, 0xc0, 0x0d, 0xfc,
    0x00, 0xdf, 0xc0, 0x0d, 0xfc, 0x00, 0xdf, 0xc0,
    0x0d, 0xfc, 0x00, 0xdf, 0xc0, 0x0d, 0xfc, 0x00,

    /* U+00EE "î" */
    0x00, 0x1b, 0x00, 0x00, 0x0c, 0xfb, 0x00, 0x0b,
    0xff, 0xfa, 0x00, 0xbc, 0x1e, 0xb0, 0x00, 0x10,
    0x20, 0x00, 0x00, 0x00, 0x00, 0x00, 0xdf, 0xc0,
    0x00, 0x0d, 0xfc, 0x00, 0x00, 0xdf, 0xc0, 0x00,
    0x0d, 0xfc, 0x00, 0x00, 0xdf, 0xc0, 0x00, 0x0d,
    0xfc, 0x00, 0x00, 0xdf, 0xc0, 0x00, 0x0d, 0xfc,
    0x00, 0x00, 0xdf, 0xc0, 0x00, 0x0d, 0xfc, 0x00,

    /* U+00EF "ï" */
    0x4e, 0xc2, 0xde, 0x3a, 0xff, 0x9f, 0xf9, 0x4f,
    0xc2, 0xde, 0x40, 0x00, 0x00, 0x00, 0x00, 0xdf,
    0xc0, 0x00, 0x0d, 0xfc, 0x00, 0x00, 0xdf, 0xc0,
    0x00, 0x0d, 0xfc, 0x00, 0x00, 0xdf, 0xc0, 0x00,
    0x0d, 0xfc, 0x00, 0x00, 0xdf, 0xc0, 0x00, 0x0d,
    0xfc, 0x00, 0x00, 0xdf, 0xc0, 0x00, 0x0d, 0xfc,
    0x00,

    /* U+00F0 "ð" */
    0x00, 0x21, 0x00, 0x03, 0x00, 0x00, 0x0b, 0xfd,
    0x7a, 0xf3, 0x00, 0x01, 0xdf, 0xff, 0xff, 0x10,
    0x00, 0x00, 0x4f, 0xff, 0xf4, 0x00, 0x00, 0x0c,
    0xfb, 0xdf, 0xe1, 0x00, 0x00, 0x25, 0x01, 0xdf,
    0x90, 0x00, 0x3b, 0xee, 0xb8, 0xff, 0x00, 0x4f,
    0xff, 0xff, 0xff, 0xf4, 0x0d, 0xff, 0xb7, 0xaf,
    0xff, 0x72, 0xff, 0xa0, 0x00, 0x7f, 0xf7, 0x4f,
    0xf5, 0x00, 0x03, 0xff, 0x52, 0xff, 0x90, 0x00,
    0x6f, 0xf1, 0x0d, 0xff, 0x95, 0x8f, 0xfb, 0x00,
    0x3f, 0xff, 0xff, 0xfe, 0x20, 0x00, 0x2a, 0xef,
    0xd9, 0x10, 0x00,

    /* U+00F1 "ñ" */
    0x03, 0xdf, 0xff, 0xff, 0x10, 0x0d, 0xff, 0xff,
    0xd4, 0x00, 0x00, 0x00, 0x00, 0x00, 0x00, 0x00,
    0x00, 0x00, 0x00, 0x00, 0xef, 0x34, 0xbf, 0xfa,
    0x10, 0xef, 0xff, 0xff, 0xff, 0x90, 0xef, 0xff,
    0xba, 0xff, 0xe0, 0xef, 0xf2, 0x00, 0xaf, 0xf0,
    0xef, 0xb0, 0x00, 0x9f, 0xf0, 0xef, 0xb0, 0x00,
    0x9f, 0xf0, 0xef, 0xb0, 0x00, 0x9f, 0xf0, 0xef,
    0xb0, 0x00, 0x9f, 0xf0, 0xef, 0xb0, 0x00, 0x9f,
    0xf0, 0xef, 0xb0, 0x00, 0x9f, 0xf0,

    /* U+00F2 "ò" */
    0x00, 0x00, 0x00, 0x00, 0x00, 0x00, 0x01, 0xd9,
    0x00, 0x00, 0x00, 0x00, 0x1d, 0xfa, 0x00, 0x00,
    0x00, 0x00, 0x1c, 0xfa, 0x00, 0x00, 0x00, 0x00,
    0x0b, 0x30, 0x00, 0x00, 0x00, 0x00, 0x00, 0x00,
    0x00, 0x00, 0x19, 0xdf, 0xea, 0x30, 0x00, 0x2e,
    0xff, 0xff, 0xff, 0x60, 0x0d, 0xff, 0xc9, 0xbf,
    0xff, 0x23, 0xff, 0xb0, 0x00, 0x6f, 0xf8, 0x6f,
    0xf4, 0x00, 0x00, 0xff, 0xa6, 0xff, 0x40, 0x00,
    0x0f, 0xfa, 0x3f, 0xfb, 0x00, 0x07, 0xff, 0x80,
    0xdf, 0xfd, 0x9b, 0xff, 0xf2, 0x02, 0xef, 0xff,
    0xff, 0xf6, 0x00, 0x01, 0x9d, 0xfe, 0xa3, 0x00,

    /* U+00F3 "ó" */
    0x00, 0x00, 0x00, 0x00, 0x00, 0x00, 0x00, 0x00,
    0x06, 0xe2, 0x00, 0x00, 0x00, 0x07, 0xff, 0x30,
    0x00, 0x00, 0x07, 0xfe, 0x30, 0x00, 0x00, 0x00,
    0x1b, 0x20, 0x00, 0x00, 0x00, 0x00, 0x00, 0x00,
    0x00, 0x00, 0x19, 0xdf, 0xea, 0x30, 0x00, 0x2e,
    0xff, 0xff, 0xff, 0x60, 0x0d, 0xff, 0xc9, 0xbf,
    0xff, 0x23, 0xff, 0xb0, 0x00, 0x6f, 0xf8, 0x6f,
    0xf4, 0x00, 0x00, 0xff, 0xa6, 0xff, 0x40, 0x00,
    0x0f, 0xfa, 0x3f, 0xfb, 0x00, 0x07, 0xff, 0x80,
    0xdf, 0xfd, 0x9b, 0xff, 0xf2, 0x02, 0xef, 0xff,
    0xff, 0xf6, 0x00, 0x01, 0x9d, 0xfe, 0xa3, 0x00,

    /* U+00F4 "ô" */
    0x00, 0x00, 0x08, 0x10, 0x00, 0x00, 0x00, 0x0a,
    0xfd, 0x10, 0x00, 0x00, 0x0a, 0xff, 0xfd, 0x10,
    0x00, 0x02, 0xec, 0x0a, 0xf5, 0x00, 0x00, 0x02,
    0x00, 0x06, 0x00, 0x00, 0x00, 0x00, 0x00, 0x00,
    0x00, 0x00, 0x19, 0xdf, 0xea, 0x30, 0x00, 0x2e,
    0xff, 0xff, 0xff, 0x60, 0x0d, 0xff, 0xc9, 0xbf,
    0xff, 0x23, 0xff, 0xb0, 0x00, 0x6f, 0xf8, 0x6f,
    0xf4, 0x00, 0x00, 0xff, 0xa6, 0xff, 0x40, 0x00,
    0x0f, 0xfa, 0x3f, 0xfb, 0x00, 0x07, 0xff, 0x80,
    0xdf, 0xfd, 0x9b, 0xff, 0xf2, 0x02, 0xef, 0xff,
    0xff, 0xf6, 0x00, 0x01, 0x9d, 0xfe, 0xa3, 0x00,

    /* U+00F5 "õ" */
    0x00, 0x2c, 0xff, 0xff, 0xf2, 0x00, 0x0d, 0xff,
    0xff, 0xd5, 0x00, 0x00, 0x00, 0x00, 0x00, 0x00,
    0x00, 0x00, 0x00, 0x00, 0x00, 0x00, 0x00, 0x19,
    0xdf, 0xea, 0x30, 0x00, 0x2e, 0xff, 0xff, 0xff,
    0x60, 0x0d, 0xff, 0xc9, 0xbf, 0xff, 0x23, 0xff,
    0xb0, 0x00, 0x6f, 0xf8, 0x6f, 0xf4, 0x00, 0x00,
    0xff, 0xa6, 0xff, 0x40, 0x00, 0x0f, 0xfa, 0x3f,
    0xfb, 0x00, 0x07, 0xff, 0x80, 0xdf, 0xfd, 0x9b,
    0xff, 0xf2, 0x02, 0xef, 0xff, 0xff, 0xf6, 0x00,
    0x01, 0x9d, 0xfe, 0xa3, 0x00,

    /* U+00F6 "ö" */
    0x00, 0x6f, 0xa0, 0x7f, 0x90, 0x00, 0x0c, 0xff,
    0x1d, 0xff, 0x00, 0x00, 0x6f, 0xb0, 0x7f, 0xa0,
    0x00, 0x00, 0x00, 0x00, 0x00, 0x00, 0x00, 0x19,
    0xdf, 0xea, 0x30, 0x00, 0x2e, 0xff, 0xff, 0xff,
    0x60, 0x0d, 0xff, 0xc9, 0xbf, 0xff, 0x23, 0xff,
    0xb0, 0x00, 0x6f, 0xf8, 0x6f, 0xf4, 0x00, 0x00,
    0xff, 0xa6, 0xff, 0x40, 0x00, 0x0f, 0xfa, 0x3f,
    0xfb, 0x00, 0x07, 0xff, 0x80, 0xdf, 0xfd, 0x9b,
    0xff, 0xf2, 0x02, 0xef, 0xff, 0xff, 0xf6, 0x00,
    0x01, 0x9d, 0xfe, 0xa3, 0x00,

    /* U+00F7 "÷" */
    0x00, 0x00, 0x9f, 0xc1, 0x00, 0x00, 0x00, 0x2f,
    0xff, 0x70, 0x00, 0x00, 0x00, 0xef, 0xf4, 0x00,
    0x00, 0x00, 0x01, 0x52, 0x00, 0x00, 0x5f, 0xff,
    0xff, 0xff, 0xff, 0xc5, 0xff, 0xff, 0xff, 0xff,
    0xfc, 0x27, 0x77, 0x77, 0x77, 0x77, 0x50, 0x00,
    0x01, 0x53, 0x00, 0x00, 0x00, 0x00, 0xef, 0xf4,
    0x00, 0x00, 0x00, 0x2f, 0xff, 0x70, 0x00, 0x00,
    0x00, 0x9f, 0xc1, 0x00, 0x00,

    /* U+00F8 "ø" */
    0x00, 0x00, 0x00, 0x00, 0x22, 0x00, 0x00, 0x8d,
    0xfe, 0xcf, 0xf2, 0x01, 0xdf, 0xff, 0xff, 0xff,
    0x00, 0xbf, 0xf9, 0x5e, 0xff, 0xf3, 0x1f, 0xf8,
    0x04, 0xff, 0xff, 0xa4, 0xff, 0x22, 0xff, 0x4a,
    0xfc, 0x4f, 0xf3, 0xdf, 0x70, 0xaf, 0xc1, 0xff,
    0xff, 0xb0, 0x1e, 0xfa, 0x0b, 0xff, 0xf6, 0x7d,
    0xff, 0x30, 0x5f, 0xff, 0xff, 0xff, 0x70, 0x07,
    0xfd, 0xdf, 0xeb, 0x40, 0x00, 0x02, 0x00, 0x00,
    0x00, 0x00,

    /* U+00F9 "ù" */
    0x00, 0x30, 0x00, 0x00, 0x00, 0x4f, 0xa0, 0x00,
    0x00, 0x01, 0xdf, 0xb0, 0x00, 0x00, 0x01, 0xcf,
    0x80, 0x00, 0x00, 0x00, 0x80, 0x00, 0x00, 0x00,
    0x00, 0x00, 0x00, 0xff, 0xa0, 0x00, 0xbf, 0xff,
    0xfa, 0x00, 0x0b, 0xff, 0xff, 0xa0, 0x00, 0xbf,
    0xff, 0xfa, 0x00, 0x0b, 0xff, 0xff, 0xa0, 0x00,
    0xbf, 0xff, 0xfa, 0x00, 0x0b, 0xff, 0xff, 0xb0,
    0x01, 0xff, 0xfd, 0xff, 0xaa, 0xff, 0xff, 0x8f,
    0xff, 0xff, 0xff, 0xf0, 0x9e, 0xfc, 0x52, 0xff,

    /* U+00FA "ú" */
    0x00, 0x00, 0x00, 0x20, 0x00, 0x00, 0x00, 0xbf,
    0x30, 0x00, 0x01, 0xcf, 0xb0, 0x00, 0x00, 0xaf,
    0xa0, 0x00, 0x00, 0x01, 0x80, 0x00, 0x00, 0x00,
    0x00, 0x00, 0x00, 0xff, 0xa0, 0x00, 0xbf, 0xff,
    0xfa, 0x00, 0x0b, 0xff, 0xff, 0xa0, 0x00, 0xbf,
    0xff, 0xfa, 0x00, 0x0b, 0xff, 0xff, 0xa0, 0x00,
    0xbf, 0xff, 0xfa, 0x00, 0x0b, 0xff, 0xff, 0xb0,
    0x01, 0xff, 0xfd, 0xff, 0xaa, 0xff, 0xff, 0x8f,
    0xff, 0xff, 0xff, 0xf0, 0x9e, 0xfc, 0x52, 0xff,

    /* U+00FB "û" */
    0x00, 0x00, 0x80, 0x00, 0x00, 0x01, 0xcf, 0xb0,
    0x00, 0x01, 0xdf, 0xff, 0xc0, 0x00, 0x3f, 0x90,
    0xbf, 0x20, 0x00, 0x20, 0x00, 0x30, 0x00, 0x00,
    0x00, 0x00, 0x00, 0xff, 0xa0, 0x00, 0xbf, 0xff,
    0xfa, 0x00, 0x0b, 0xff, 0xff, 0xa0, 0x00, 0xbf,
    0xff, 0xfa, 0x00, 0x0b, 0xff, 0xff, 0xa0, 0x00,
    0xbf, 0xff, 0xfa, 0x00, 0x0b, 0xff, 0xff, 0xb0,
    0x01, 0xff, 0xfd, 0xff, 0xaa, 0xff, 0xff, 0x8f,
    0xff, 0xff, 0xff, 0xf0, 0x9e, 0xfc, 0x52, 0xff,

    /* U+00FC "ü" */
    0x08, 0xf8, 0x09, 0xf7, 0x00, 0xff, 0xf0, 0xff,
    0xe0, 0x09, 0xf9, 0x09, 0xf7, 0x00, 0x00, 0x00,
    0x00, 0x00, 0xff, 0xa0, 0x00, 0xbf, 0xff, 0xfa,
    0x00, 0x0b, 0xff, 0xff, 0xa0, 0x00, 0xbf, 0xff,
    0xfa, 0x00, 0x0b, 0xff, 0xff, 0xa0, 0x00, 0xbf,
    0xff, 0xfa, 0x00, 0x0b, 0xff, 0xff, 0xb0, 0x01,
    0xff, 0xfd, 0xff, 0xaa, 0xff, 0xff, 0x8f, 0xff,
    0xff, 0xff, 0xf0, 0x9e, 0xfc, 0x52, 0xff,

    /* U+00FD "ý" */
    0x00, 0x00, 0x00, 0x02, 0x00, 0x00, 0x00, 0x00,
    0x1c, 0xe2, 0x00, 0x00, 0x00, 0x1d, 0xfa, 0x00,
    0x00, 0x00, 0x0c, 0xf9, 0x00, 0x00, 0x00, 0x00,
    0x27, 0x00, 0x00, 0x00, 0x00, 0x00, 0x00, 0x00,
    0x00, 0x9f, 0xf2, 0x00, 0x05, 0xff, 0x52, 0xff,
    0x80, 0x00, 0xcf, 0xe0, 0x0b, 0xfe, 0x00, 0x3f,
    0xf7, 0x00, 0x4f, 0xf6, 0x0a, 0xff, 0x10, 0x00,
    0xdf, 0xc1, 0xff, 0x90, 0x00, 0x06, 0xff, 0xbf,
    0xf3, 0x00, 0x00, 0x0f, 0xff, 0xfc, 0x00, 0x00,
    0x00, 0x9f, 0xff, 0x50, 0x00, 0x00, 0x02, 0xff,
    0xf0, 0x00, 0x00, 0x00, 0x3f, 0xf7, 0x00, 0x00,
    0x00, 0x0a, 0xff, 0x10, 0x00, 0x00, 0x01, 0xff,
    0xa0, 0x00, 0x00, 0x00, 0x7f, 0xf3, 0x00, 0x00,
    0x00, 0x0e, 0xfc, 0x00, 0x00, 0x00,

    /* U+00FE "þ" */
    0xef, 0xb0, 0x00, 0x00, 0x00, 0xef, 0xb0, 0x00,
    0x00, 0x00, 0xef, 0xb0, 0x00, 0x00, 0x00, 0xef,
    0xb0, 0x00, 0x00, 0x00, 0xef, 0xc8, 0xef, 0xd7,
    0x00, 0xef, 0xff, 0xff, 0xff, 0xa0, 0xef, 0xfb,
    0x44, 0xdf, 0xf4, 0xef, 0xf0, 0x00, 0x2f, 0xfa,
    0xef, 0xf0, 0x00, 0x0d, 0xfd, 0xef, 0xf0, 0x00,
    0x0e, 0xfd, 0xef, 0xf1, 0x00, 0x4f, 0xfa, 0xef,
    0xfe, 0x88, 0xff, 0xf4, 0xef, 0xff, 0xff, 0xff,
    0xa0, 0xef, 0xc9, 0xef, 0xd7, 0x00, 0xef, 0xb0,
    0x00, 0x00, 0x00, 0xef, 0xb0, 0x00, 0x00, 0x00,
    0xef, 0xb0, 0x00, 0x00, 0x00, 0xef, 0xb0, 0x00,
    0x00, 0x00,

    /* U+00FF "ÿ" */
    0x00, 0xaf, 0x70, 0xaf, 0x60, 0x00, 0x0f, 0xfd,
    0x1f, 0xfc, 0x00, 0x00, 0xaf, 0x70, 0xbf, 0x60,
    0x00, 0x00, 0x00, 0x00, 0x00, 0x00, 0x9f, 0xf2,
    0x00, 0x05, 0xff, 0x52, 0xff, 0x80, 0x00, 0xcf,
    0xe0, 0x0b, 0xfe, 0x00, 0x3f, 0xf7, 0x00, 0x4f,
    0xf6, 0x0a, 0xff, 0x10, 0x00, 0xdf, 0xc1, 0xff,
    0x90, 0x00, 0x06, 0xff, 0xbf, 0xf3, 0x00, 0x00,
    0x0f, 0xff, 0xfc, 0x00, 0x00, 0x00, 0x9f, 0xff,
    0x50, 0x00, 0x00, 0x02, 0xff, 0xf0, 0x00, 0x00,
    0x00, 0x3f, 0xf7, 0x00, 0x00, 0x00, 0x0a, 0xff,
    0x10, 0x00, 0x00, 0x01, 0xff, 0xa0, 0x00, 0x00,
    0x00, 0x7f, 0xf3, 0x00, 0x00, 0x00, 0x0e, 0xfc,
    0x00, 0x00, 0x00
};

/*---------------------
 *  GLYPH DESCRIPTION
 *--------------------*/

static const lv_font_fmt_txt_glyph_dsc_t glyph_dsc[] = {
    {.bitmap_index = 0, .adv_w = 0, .box_w = 0, .box_h = 0, .ofs_x = 0, .ofs_y = 0} /* id = 0 reserved */,
    {.bitmap_index = 0, .adv_w = 83, .box_w = 0, .box_h = 0, .ofs_x = 0, .ofs_y = 0},
    {.bitmap_index = 0, .adv_w = 92, .box_w = 4, .box_h = 14, .ofs_x = 1, .ofs_y = 0},
    {.bitmap_index = 28, .adv_w = 115, .box_w = 7, .box_h = 7, .ofs_x = 0, .ofs_y = 7},
    {.bitmap_index = 53, .adv_w = 216, .box_w = 13, .box_h = 14, .ofs_x = 0, .ofs_y = 0},
    {.bitmap_index = 144, .adv_w = 175, .box_w = 11, .box_h = 18, .ofs_x = 0, .ofs_y = -2},
    {.bitmap_index = 243, .adv_w = 243, .box_w = 15, .box_h = 15, .ofs_x = 0, .ofs_y = -1},
    {.bitmap_index = 356, .adv_w = 206, .box_w = 13, .box_h = 14, .ofs_x = 0, .ofs_y = 0},
    {.bitmap_index = 447, .adv_w = 59, .box_w = 4, .box_h = 7, .ofs_x = 0, .ofs_y = 7},
    {.bitmap_index = 461, .adv_w = 112, .box_w = 6, .box_h = 19, .ofs_x = 1, .ofs_y = -3},
    {.bitmap_index = 518, .adv_w = 112, .box_w = 6, .box_h = 19, .ofs_x = 0, .ofs_y = -3},
    {.bitmap_index = 575, .adv_w = 142, .box_w = 9, .box_h = 8, .ofs_x = 0, .ofs_y = 7},
    {.bitmap_index = 611, .adv_w = 214, .box_w = 11, .box_h = 10, .ofs_x = 1, .ofs_y = 2},
    {.bitmap_index = 666, .adv_w = 90, .box_w = 5, .box_h = 7, .ofs_x = 0, .ofs_y = -3},
    {.bitmap_index = 684, .adv_w = 118, .box_w = 7, .box_h = 3, .ofs_x = 0, .ofs_y = 5},
    {.bitmap_index = 695, .adv_w = 89, .box_w = 5, .box_h = 4, .ofs_x = 0, .ofs_y = 0},
    {.bitmap_index = 705, .adv_w = 154, .box_w = 11, .box_h = 17, .ofs_x = -1, .ofs_y = -2},
    {.bitmap_index = 799, .adv_w = 178, .box_w = 11, .box_h = 14, .ofs_x = 0, .ofs_y = 0},
    {.bitmap_index = 876, .adv_w = 115, .box_w = 6, .box_h = 14, .ofs_x = 0, .ofs_y = 0},
    {.bitmap_index = 918, .adv_w = 163, .box_w = 10, .box_h = 14, .ofs_x = 0, .ofs_y = 0},
    {.bitmap_index = 988, .adv_w = 166, .box_w = 10, .box_h = 14, .ofs_x = 0, .ofs_y = 0},
    {.bitmap_index = 1058, .adv_w = 184, .box_w = 12, .box_h = 14, .ofs_x = 0, .ofs_y = 0},
    {.bitmap_index = 1142, .adv_w = 170, .box_w = 11, .box_h = 14, .ofs_x = 0, .ofs_y = 0},
    {.bitmap_index = 1219, .adv_w = 177, .box_w = 11, .box_h = 14, .ofs_x = 0, .ofs_y = 0},
    {.bitmap_index = 1296, .adv_w = 157, .box_w = 10, .box_h = 14, .ofs_x = 0, .ofs_y = 0},
    {.bitmap_index = 1366, .adv_w = 174, .box_w = 11, .box_h = 14, .ofs_x = 0, .ofs_y = 0},
    {.bitmap_index = 1443, .adv_w = 176, .box_w = 11, .box_h = 14, .ofs_x = 0, .ofs_y = 0},
    {.bitmap_index = 1520, .adv_w = 89, .box_w = 5, .box_h = 10, .ofs_x = 0, .ofs_y = 0},
    {.bitmap_index = 1545, .adv_w = 90, .box_w = 5, .box_h = 14, .ofs_x = 0, .ofs_y = -4},
    {.bitmap_index = 1580, .adv_w = 214, .box_w = 10, .box_h = 12, .ofs_x = 2, .ofs_y = 0},
    {.bitmap_index = 1640, .adv_w = 214, .box_w = 10, .box_h = 7, .ofs_x = 2, .ofs_y = 3},
    {.bitmap_index = 1675, .adv_w = 214, .box_w = 10, .box_h = 12, .ofs_x = 2, .ofs_y = 0},
    {.bitmap_index = 1735, .adv_w = 173, .box_w = 10, .box_h = 15, .ofs_x = 0, .ofs_y = 0},
    {.bitmap_index = 1810, .adv_w = 273, .box_w = 17, .box_h = 16, .ofs_x = 0, .ofs_y = -1},
    {.bitmap_index = 1946, .adv_w = 210, .box_w = 13, .box_h = 14, .ofs_x = 0, .ofs_y = 0},
    {.bitmap_index = 2037, .adv_w = 190, .box_w = 11, .box_h = 14, .ofs_x = 1, .ofs_y = 0},
    {.bitmap_index = 2114, .adv_w = 224, .box_w = 14, .box_h = 14, .ofs_x = 0, .ofs_y = 0},
    {.bitmap_index = 2212, .adv_w = 213, .box_w = 12, .box_h = 14, .ofs_x = 1, .ofs_y = 0},
    {.bitmap_index = 2296, .adv_w = 173, .box_w = 9, .box_h = 14, .ofs_x = 1, .ofs_y = 0},
    {.bitmap_index = 2359, .adv_w = 165, .box_w = 9, .box_h = 14, .ofs_x = 1, .ofs_y = 0},
    {.bitmap_index = 2422, .adv_w = 230, .box_w = 14, .box_h = 14, .ofs_x = 0, .ofs_y = 0},
    {.bitmap_index = 2520, .adv_w = 219, .box_w = 12, .box_h = 14, .ofs_x = 1, .ofs_y = 0},
    {.bitmap_index = 2604, .adv_w = 85, .box_w = 3, .box_h = 14, .ofs_x = 1, .ofs_y = 0},
    {.bitmap_index = 2625, .adv_w = 174, .box_w = 10, .box_h = 14, .ofs_x = 0, .ofs_y = 0},
    {.bitmap_index = 2695, .adv_w = 200, .box_w = 12, .box_h = 14, .ofs_x = 1, .ofs_y = 0},
    {.bitmap_index = 2779, .adv_w = 159, .box_w = 9, .box_h = 14, .ofs_x = 1, .ofs_y = 0},
    {.bitmap_index = 2842, .adv_w = 278, .box_w = 17, .box_h = 14, .ofs_x = 0, .ofs_y = 0},
    {.bitmap_index = 2961, .adv_w = 230, .box_w = 12, .box_h = 14, .ofs_x = 1, .ofs_y = 0},
    {.bitmap_index = 3045, .adv_w = 240, .box_w = 15, .box_h = 14, .ofs_x = 0, .ofs_y = 0},
    {.bitmap_index = 3150, .adv_w = 186, .box_w = 11, .box_h = 14, .ofs_x = 1, .ofs_y = 0},
    {.bitmap_index = 3227, .adv_w = 240, .box_w = 15, .box_h = 15, .ofs_x = 0, .ofs_y = -1},
    {.bitmap_index = 3340, .adv_w = 194, .box_w = 11, .box_h = 14, .ofs_x = 1, .ofs_y = 0},
    {.bitmap_index = 3417, .adv_w = 181, .box_w = 11, .box_h = 14, .ofs_x = 0, .ofs_y = 0},
    {.bitmap_index = 3494, .adv_w = 182, .box_w = 12, .box_h = 14, .ofs_x = 0, .ofs_y = 0},
    {.bitmap_index = 3578, .adv_w = 216, .box_w = 12, .box_h = 14, .ofs_x = 1, .ofs_y = 0},
    {.bitmap_index = 3662, .adv_w = 206, .box_w = 13, .box_h = 14, .ofs_x = 0, .ofs_y = 0},
    {.bitmap_index = 3753, .adv_w = 314, .box_w = 20, .box_h = 14, .ofs_x = 0, .ofs_y = 0},
    {.bitmap_index = 3893, .adv_w = 212, .box_w = 14, .box_h = 14, .ofs_x = 0, .ofs_y = 0},
    {.bitmap_index = 3991, .adv_w = 189, .box_w = 13, .box_h = 14, .ofs_x = -1, .ofs_y = 0},
    {.bitmap_index = 4082, .adv_w = 183, .box_w = 11, .box_h = 14, .ofs_x = 0, .ofs_y = 0},
    {.bitmap_index = 4159, .adv_w = 104, .box_w = 6, .box_h = 19, .ofs_x = 1, .ofs_y = -3},
    {.bitmap_index = 4216, .adv_w = 154, .box_w = 11, .box_h = 17, .ofs_x = -1, .ofs_y = -2},
    {.bitmap_index = 4310, .adv_w = 102, .box_w = 6, .box_h = 19, .ofs_x = 0, .ofs_y = -3},
    {.bitmap_index = 4367, .adv_w = 214, .box_w = 10, .box_h = 7, .ofs_x = 2, .ofs_y = 5},
    {.bitmap_index = 4402, .adv_w = 176, .box_w = 11, .box_h = 3, .ofs_x = 0, .ofs_y = -2},
    {.bitmap_index = 4419, .adv_w = 177, .box_w = 5, .box_h = 5, .ofs_x = 3, .ofs_y = 11},
    {.bitmap_index = 4432, .adv_w = 161, .box_w = 10, .box_h = 10, .ofs_x = 0, .ofs_y = 0},
    {.bitmap_index = 4482, .adv_w = 183, .box_w = 10, .box_h = 14, .ofs_x = 1, .ofs_y = 0},
    {.bitmap_index = 4552, .adv_w = 163, .box_w = 10, .box_h = 10, .ofs_x = 0, .ofs_y = 0},
    {.bitmap_index = 4602, .adv_w = 183, .box_w = 11, .box_h = 14, .ofs_x = 0, .ofs_y = 0},
    {.bitmap_index = 4679, .adv_w = 172, .box_w = 11, .box_h = 10, .ofs_x = 0, .ofs_y = 0},
    {.bitmap_index = 4734, .adv_w = 106, .box_w = 7, .box_h = 14, .ofs_x = 0, .ofs_y = 0},
    {.bitmap_index = 4783, .adv_w = 184, .box_w = 11, .box_h = 14, .ofs_x = 0, .ofs_y = -4},
    {.bitmap_index = 4860, .adv_w = 177, .box_w = 10, .box_h = 14, .ofs_x = 1, .ofs_y = 0},
    {.bitmap_index = 4930, .adv_w = 79, .box_w = 5, .box_h = 15, .ofs_x = 0, .ofs_y = 0},
    {.bitmap_index = 4968, .adv_w = 81, .box_w = 6, .box_h = 19, .ofs_x = -1, .ofs_y = -4},
    {.bitmap_index = 5025, .adv_w = 158, .box_w = 10, .box_h = 14, .ofs_x = 1, .ofs_y = 0},
    {.bitmap_index = 5095, .adv_w = 84, .box_w = 4, .box_h = 14, .ofs_x = 1, .ofs_y = 0},
    {.bitmap_index = 5123, .adv_w = 270, .box_w = 15, .box_h = 10, .ofs_x = 1, .ofs_y = 0},
    {.bitmap_index = 5198, .adv_w = 177, .box_w = 10, .box_h = 10, .ofs_x = 1, .ofs_y = 0},
    {.bitmap_index = 5248, .adv_w = 180, .box_w = 11, .box_h = 10, .ofs_x = 0, .ofs_y = 0},
    {.bitmap_index = 5303, .adv_w = 183, .box_w = 10, .box_h = 14, .ofs_x = 1, .ofs_y = -4},
    {.bitmap_index = 5373, .adv_w = 183, .box_w = 11, .box_h = 14, .ofs_x = 0, .ofs_y = -4},
    {.bitmap_index = 5450, .adv_w = 115, .box_w = 6, .box_h = 11, .ofs_x = 1, .ofs_y = 0},
    {.bitmap_index = 5483, .adv_w = 142, .box_w = 9, .box_h = 10, .ofs_x = 0, .ofs_y = 0},
    {.bitmap_index = 5528, .adv_w = 123, .box_w = 7, .box_h = 13, .ofs_x = 0, .ofs_y = 0},
    {.bitmap_index = 5574, .adv_w = 177, .box_w = 9, .box_h = 10, .ofs_x = 1, .ofs_y = 0},
    {.bitmap_index = 5619, .adv_w = 165, .box_w = 11, .box_h = 10, .ofs_x = 0, .ofs_y = 0},
    {.bitmap_index = 5674, .adv_w = 240, .box_w = 15, .box_h = 10, .ofs_x = 0, .ofs_y = 0},
    {.bitmap_index = 5749, .adv_w = 165, .box_w = 11, .box_h = 10, .ofs_x = 0, .ofs_y = 0},
    {.bitmap_index = 5804, .adv_w = 171, .box_w = 11, .box_h = 14, .ofs_x = 0, .ofs_y = -4},
    {.bitmap_index = 5881, .adv_w = 151, .box_w = 9, .box_h = 10, .ofs_x = 0, .ofs_y = 0},
    {.bitmap_index = 5926, .adv_w = 103, .box_w = 6, .box_h = 20, .ofs_x = 0, .ofs_y = -3},
    {.bitmap_index = 5986, .adv_w = 84, .box_w = 3, .box_h = 19, .ofs_x = 1, .ofs_y = -2},
    {.bitmap_index = 6015, .adv_w = 103, .box_w = 6, .box_h = 20, .ofs_x = 0, .ofs_y = -3},
    {.bitmap_index = 6075, .adv_w = 214, .box_w = 12, .box_h = 5, .ofs_x = 1, .ofs_y = 3},
    {.bitmap_index = 6105, .adv_w = 83, .box_w = 0, .box_h = 0, .ofs_x = 0, .ofs_y = 0},
    {.bitmap_index = 6105, .adv_w = 92, .box_w = 4, .box_h = 15, .ofs_x = 1, .ofs_y = -4},
    {.bitmap_index = 6135, .adv_w = 168, .box_w = 11, .box_h = 14, .ofs_x = 0, .ofs_y = 0},
    {.bitmap_index = 6212, .adv_w = 167, .box_w = 10, .box_h = 14, .ofs_x = 0, .ofs_y = 0},
    {.bitmap_index = 6282, .adv_w = 188, .box_w = 12, .box_h = 11, .ofs_x = 0, .ofs_y = 1},
    {.bitmap_index = 6348, .adv_w = 177, .box_w = 11, .box_h = 13, .ofs_x = 0, .ofs_y = 0},
    {.bitmap_index = 6420, .adv_w = 84, .box_w = 3, .box_h = 19, .ofs_x = 1, .ofs_y = -2},
    {.bitmap_index = 6449, .adv_w = 171, .box_w = 11, .box_h = 18, .ofs_x = 0, .ofs_y = -2},
    {.bitmap_index = 6548, .adv_w = 177, .box_w = 7, .box_h = 4, .ofs_x = 2, .ofs_y = 11},
    {.bitmap_index = 6562, .adv_w = 214, .box_w = 13, .box_h = 12, .ofs_x = 0, .ofs_y = 3},
    {.bitmap_index = 6640, .adv_w = 120, .box_w = 7, .box_h = 8, .ofs_x = 0, .ofs_y = 6},
    {.bitmap_index = 6668, .adv_w = 183, .box_w = 11, .box_h = 9, .ofs_x = 0, .ofs_y = 1},
    {.bitmap_index = 6718, .adv_w = 214, .box_w = 11, .box_h = 6, .ofs_x = 1, .ofs_y = 2},
    {.bitmap_index = 6751, .adv_w = 214, .box_w = 13, .box_h = 12, .ofs_x = 0, .ofs_y = 3},
    {.bitmap_index = 6829, .adv_w = 177, .box_w = 7, .box_h = 3, .ofs_x = 2, .ofs_y = 12},
    {.bitmap_index = 6840, .adv_w = 128, .box_w = 8, .box_h = 7, .ofs_x = 0, .ofs_y = 7},
    {.bitmap_index = 6868, .adv_w = 214, .box_w = 11, .box_h = 13, .ofs_x = 1, .ofs_y = 0},
    {.bitmap_index = 6940, .adv_w = 113, .box_w = 7, .box_h = 8, .ofs_x = 0, .ofs_y = 7},
    {.bitmap_index = 6968, .adv_w = 110, .box_w = 7, .box_h = 8, .ofs_x = 0, .ofs_y = 7},
    {.bitmap_index = 6996, .adv_w = 177, .box_w = 5, .box_h = 5, .ofs_x = 3, .ofs_y = 11},
    {.bitmap_index = 7009, .adv_w = 177, .box_w = 9, .box_h = 14, .ofs_x = 1, .ofs_y = -4},
    {.bitmap_index = 7072, .adv_w = 223, .box_w = 14, .box_h = 17, .ofs_x = 0, .ofs_y = -3},
    {.bitmap_index = 7191, .adv_w = 89, .box_w = 5, .box_h = 4, .ofs_x = 0, .ofs_y = 4},
    {.bitmap_index = 7201, .adv_w = 177, .box_w = 5, .box_h = 5, .ofs_x = 3, .ofs_y = -5},
    {.bitmap_index = 7214, .adv_w = 77, .box_w = 5, .box_h = 8, .ofs_x = 0, .ofs_y = 7},
    {.bitmap_index = 7234, .adv_w = 139, .box_w = 9, .box_h = 8, .ofs_x = 0, .ofs_y = 6},
    {.bitmap_index = 7270, .adv_w = 183, .box_w = 11, .box_h = 9, .ofs_x = 0, .ofs_y = 1},
    {.bitmap_index = 7320, .adv_w = 278, .box_w = 18, .box_h = 16, .ofs_x = 0, .ofs_y = -1},
    {.bitmap_index = 7464, .adv_w = 273, .box_w = 17, .box_h = 16, .ofs_x = 0, .ofs_y = -1},
    {.bitmap_index = 7600, .adv_w = 307, .box_w = 19, .box_h = 16, .ofs_x = 0, .ofs_y = -1},
    {.bitmap_index = 7752, .adv_w = 161, .box_w = 11, .box_h = 15, .ofs_x = 0, .ofs_y = -4},
    {.bitmap_index = 7835, .adv_w = 210, .box_w = 13, .box_h = 20, .ofs_x = 0, .ofs_y = 0},
    {.bitmap_index = 7965, .adv_w = 210, .box_w = 13, .box_h = 20, .ofs_x = 0, .ofs_y = 0},
    {.bitmap_index = 8095, .adv_w = 210, .box_w = 13, .box_h = 19, .ofs_x = 0, .ofs_y = 0},
    {.bitmap_index = 8219, .adv_w = 210, .box_w = 13, .box_h = 18, .ofs_x = 0, .ofs_y = 0},
    {.bitmap_index = 8336, .adv_w = 210, .box_w = 13, .box_h = 19, .ofs_x = 0, .ofs_y = 0},
    {.bitmap_index = 8460, .adv_w = 210, .box_w = 13, .box_h = 20, .ofs_x = 0, .ofs_y = 0},
    {.bitmap_index = 8590, .adv_w = 272, .box_w = 17, .box_h = 14, .ofs_x = 0, .ofs_y = 0},
    {.bitmap_index = 8709, .adv_w = 224, .box_w = 14, .box_h = 18, .ofs_x = 0, .ofs_y = -4},
    {.bitmap_index = 8835, .adv_w = 173, .box_w = 9, .box_h = 20, .ofs_x = 1, .ofs_y = 0},
    {.bitmap_index = 8925, .adv_w = 173, .box_w = 9, .box_h = 20, .ofs_x = 1, .ofs_y = 0},
    {.bitmap_index = 9015, .adv_w = 173, .box_w = 9, .box_h = 19, .ofs_x = 1, .ofs_y = 0},
    {.bitmap_index = 9101, .adv_w = 173, .box_w = 9, .box_h = 19, .ofs_x = 1, .ofs_y = 0},
    {.bitmap_index = 9187, .adv_w = 85, .box_w = 5, .box_h = 20, .ofs_x = -1, .ofs_y = 0},
    {.bitmap_index = 9237, .adv_w = 85, .box_w = 5, .box_h = 20, .ofs_x = 1, .ofs_y = 0},
    {.bitmap_index = 9287, .adv_w = 85, .box_w = 7, .box_h = 19, .ofs_x = -1, .ofs_y = 0},
    {.bitmap_index = 9354, .adv_w = 85, .box_w = 7, .box_h = 19, .ofs_x = -1, .ofs_y = 0},
    {.bitmap_index = 9421, .adv_w = 227, .box_w = 14, .box_h = 14, .ofs_x = 0, .ofs_y = 0},
    {.bitmap_index = 9519, .adv_w = 230, .box_w = 12, .box_h = 18, .ofs_x = 1, .ofs_y = 0},
    {.bitmap_index = 9627, .adv_w = 240, .box_w = 15, .box_h = 20, .ofs_x = 0, .ofs_y = 0},
    {.bitmap_index = 9777, .adv_w = 240, .box_w = 15, .box_h = 20, .ofs_x = 0, .ofs_y = 0},
    {.bitmap_index = 9927, .adv_w = 240, .box_w = 15, .box_h = 20, .ofs_x = 0, .ofs_y = 0},
    {.bitmap_index = 10077, .adv_w = 240, .box_w = 15, .box_h = 18, .ofs_x = 0, .ofs_y = 0},
    {.bitmap_index = 10212, .adv_w = 240, .box_w = 15, .box_h = 19, .ofs_x = 0, .ofs_y = 0},
    {.bitmap_index = 10355, .adv_w = 214, .box_w = 10, .box_h = 10, .ofs_x = 2, .ofs_y = 2},
    {.bitmap_index = 10405, .adv_w = 240, .box_w = 15, .box_h = 16, .ofs_x = 0, .ofs_y = -1},
    {.bitmap_index = 10525, .adv_w = 216, .box_w = 12, .box_h = 20, .ofs_x = 1, .ofs_y = 0},
    {.bitmap_index = 10645, .adv_w = 216, .box_w = 12, .box_h = 20, .ofs_x = 1, .ofs_y = 0},
    {.bitmap_index = 10765, .adv_w = 216, .box_w = 12, .box_h = 20, .ofs_x = 1, .ofs_y = 0},
    {.bitmap_index = 10885, .adv_w = 216, .box_w = 12, .box_h = 19, .ofs_x = 1, .ofs_y = 0},
    {.bitmap_index = 10999, .adv_w = 189, .box_w = 13, .box_h = 20, .ofs_x = -1, .ofs_y = 0},
    {.bitmap_index = 11129, .adv_w = 186, .box_w = 11, .box_h = 14, .ofs_x = 1, .ofs_y = 0},
    {.bitmap_index = 11206, .adv_w = 186, .box_w = 11, .box_h = 14, .ofs_x = 1, .ofs_y = 0},
    {.bitmap_index = 11283, .adv_w = 161, .box_w = 10, .box_h = 16, .ofs_x = 0, .ofs_y = 0},
    {.bitmap_index = 11363, .adv_w = 161, .box_w = 10, .box_h = 16, .ofs_x = 0, .ofs_y = 0},
    {.bitmap_index = 11443, .adv_w = 161, .box_w = 10, .box_h = 16, .ofs_x = 0, .ofs_y = 0},
    {.bitmap_index = 11523, .adv_w = 161, .box_w = 10, .box_h = 14, .ofs_x = 0, .ofs_y = 0},
    {.bitmap_index = 11593, .adv_w = 161, .box_w = 10, .box_h = 14, .ofs_x = 0, .ofs_y = 0},
    {.bitmap_index = 11663, .adv_w = 161, .box_w = 10, .box_h = 16, .ofs_x = 0, .ofs_y = 0},
    {.bitmap_index = 11743, .adv_w = 252, .box_w = 16, .box_h = 10, .ofs_x = 0, .ofs_y = 0},
    {.bitmap_index = 11823, .adv_w = 163, .box_w = 10, .box_h = 14, .ofs_x = 0, .ofs_y = -4},
    {.bitmap_index = 11893, .adv_w = 172, .box_w = 11, .box_h = 16, .ofs_x = 0, .ofs_y = 0},
    {.bitmap_index = 11981, .adv_w = 172, .box_w = 11, .box_h = 16, .ofs_x = 0, .ofs_y = 0},
    {.bitmap_index = 12069, .adv_w = 172, .box_w = 11, .box_h = 16, .ofs_x = 0, .ofs_y = 0},
    {.bitmap_index = 12157, .adv_w = 172, .box_w = 11, .box_h = 14, .ofs_x = 0, .ofs_y = 0},
    {.bitmap_index = 12234, .adv_w = 79, .box_w = 5, .box_h = 16, .ofs_x = -1, .ofs_y = 0},
    {.bitmap_index = 12274, .adv_w = 79, .box_w = 5, .box_h = 16, .ofs_x = 1, .ofs_y = 0},
    {.bitmap_index = 12314, .adv_w = 79, .box_w = 7, .box_h = 16, .ofs_x = -1, .ofs_y = 0},
    {.bitmap_index = 12370, .adv_w = 79, .box_w = 7, .box_h = 14, .ofs_x = -1, .ofs_y = 0},
    {.bitmap_index = 12419, .adv_w = 179, .box_w = 11, .box_h = 15, .ofs_x = 0, .ofs_y = 0},
    {.bitmap_index = 12502, .adv_w = 177, .box_w = 10, .box_h = 14, .ofs_x = 1, .ofs_y = 0},
    {.bitmap_index = 12572, .adv_w = 180, .box_w = 11, .box_h = 16, .ofs_x = 0, .ofs_y = 0},
    {.bitmap_index = 12660, .adv_w = 180, .box_w = 11, .box_h = 16, .ofs_x = 0, .ofs_y = 0},
    {.bitmap_index = 12748, .adv_w = 180, .box_w = 11, .box_h = 16, .ofs_x = 0, .ofs_y = 0},
    {.bitmap_index = 12836, .adv_w = 180, .box_w = 11, .box_h = 14, .ofs_x = 0, .ofs_y = 0},
    {.bitmap_index = 12913, .adv_w = 180, .box_w = 11, .box_h = 14, .ofs_x = 0, .ofs_y = 0},
    {.bitmap_index = 12990, .adv_w = 214, .box_w = 11, .box_h = 11, .ofs_x = 1, .ofs_y = 1},
    {.bitmap_index = 13051, .adv_w = 184, .box_w = 11, .box_h = 12, .ofs_x = 0, .ofs_y = -1},
    {.bitmap_index = 13117, .adv_w = 177, .box_w = 9, .box_h = 16, .ofs_x = 1, .ofs_y = 0},
    {.bitmap_index = 13189, .adv_w = 177, .box_w = 9, .box_h = 16, .ofs_x = 1, .ofs_y = 0},
    {.bitmap_index = 13261, .adv_w = 177, .box_w = 9, .box_h = 16, .ofs_x = 1, .ofs_y = 0},
    {.bitmap_index = 13333, .adv_w = 177, .box_w = 9, .box_h = 14, .ofs_x = 1, .ofs_y = 0},
    {.bitmap_index = 13396, .adv_w = 171, .box_w = 11, .box_h = 20, .ofs_x = 0, .ofs_y = -4},
    {.bitmap_index = 13506, .adv_w = 183, .box_w = 10, .box_h = 18, .ofs_x = 1, .ofs_y = -4},
    {.bitmap_index = 13596, .adv_w = 171, .box_w = 11, .box_h = 18, .ofs_x = 0, .ofs_y = -4}
};

/*---------------------
 *  CHARACTER MAPPING
 *--------------------*/



/*Collect the unicode lists and glyph_id offsets*/
static const lv_font_fmt_txt_cmap_t cmaps[] =
{
    {
        .range_start = 32, .range_length = 95, .glyph_id_start = 1,
        .unicode_list = NULL, .glyph_id_ofs_list = NULL, .list_length = 0, .type = LV_FONT_FMT_TXT_CMAP_FORMAT0_TINY
    },
    {
        .range_start = 160, .range_length = 13, .glyph_id_start = 96,
        .unicode_list = NULL, .glyph_id_ofs_list = NULL, .list_length = 0, .type = LV_FONT_FMT_TXT_CMAP_FORMAT0_TINY
    },
    {
        .range_start = 174, .range_length = 82, .glyph_id_start = 109,
        .unicode_list = NULL, .glyph_id_ofs_list = NULL, .list_length = 0, .type = LV_FONT_FMT_TXT_CMAP_FORMAT0_TINY
    }
};



/*--------------------
 *  ALL CUSTOM DATA
 *--------------------*/

#if LVGL_VERSION_MAJOR == 8
/*Store all the custom data of the font*/
static  lv_font_fmt_txt_glyph_cache_t cache;
#endif

#if LVGL_VERSION_MAJOR >= 8
static const lv_font_fmt_txt_dsc_t font_dsc = {
#else
static lv_font_fmt_txt_dsc_t font_dsc = {
#endif
    .glyph_bitmap = glyph_bitmap,
    .glyph_dsc = glyph_dsc,
    .cmaps = cmaps,
    .kern_dsc = NULL,
    .kern_scale = 0,
    .cmap_num = 3,
    .bpp = 4,
    .kern_classes = 0,
    .bitmap_format = 0,
#if LVGL_VERSION_MAJOR == 8
    .cache = &cache
#endif

};



/*-----------------
 *  PUBLIC FONT
 *----------------*/

/*Initialize a public general font descriptor*/
#if LVGL_VERSION_MAJOR >= 8
const lv_font_t font_semibold_20_data = {
#else
lv_font_t font_semibold_20_data = {
#endif
    .get_glyph_dsc = lv_font_get_glyph_dsc_fmt_txt,    /*Function pointer to get glyph's data*/
    .get_glyph_bitmap = lv_font_get_bitmap_fmt_txt,    /*Function pointer to get glyph's bitmap*/
    .line_height = 25,          /*The maximum line height required by the font*/
    .base_line = 5,             /*Baseline measured from the bottom of the line*/
#if LV_VERSION_CHECK(9, 6, 0) || LVGL_VERSION_MAJOR >= 10
    .cap_height = 14,           /*Cap height of the font*/
    .x_height = 10,               /*x-height of the font*/
#endif
#if !(LVGL_VERSION_MAJOR == 6 && LVGL_VERSION_MINOR == 0)
    .subpx = LV_FONT_SUBPX_NONE,
#endif
#if LV_VERSION_CHECK(7, 4, 0) || LVGL_VERSION_MAJOR >= 8
    .underline_position = -4,
    .underline_thickness = 2,
#endif

#if LV_VERSION_CHECK(9, 3, 0)
    .static_bitmap = 1,    /*Bitmaps are stored as const so they are always static if not compressed */
#endif

    .dsc = &font_dsc,          /*The custom font data. Will be accessed by `get_glyph_bitmap/dsc` */
#if LV_VERSION_CHECK(8, 2, 0) || LVGL_VERSION_MAJOR >= 9
    .fallback = NULL,
#endif
    .user_data = NULL,
};



#endif /*#if FONT_SEMIBOLD_20_DATA*/
