/*******************************************************************************
 * Size: 28 px
 * Bpp: 4
 * Opts: --font /fonts/Gabarito-SemiBold.ttf -o /fonts/font_semibold_28_data.c --size 28 --bpp 4 --format lvgl --no-compress --range 0x20-0x7F, 0xA0-0xFF
 ******************************************************************************/

#ifdef __has_include
    #if __has_include("lvgl.h")
        #ifndef LV_LVGL_H_INCLUDE_SIMPLE
            #define LV_LVGL_H_INCLUDE_SIMPLE
        #endif
    #endif
#endif

#ifdef LV_LVGL_H_INCLUDE_SIMPLE
    #include "lvgl.h"
#else
    #include "lvgl/lvgl.h"
#endif



#ifndef FONT_SEMIBOLD_28_DATA
#define FONT_SEMIBOLD_28_DATA 1
#endif

#if FONT_SEMIBOLD_28_DATA

/*-----------------
 *    BITMAPS
 *----------------*/

/*Store the image of the glyphs*/
static LV_ATTRIBUTE_LARGE_CONST const uint8_t glyph_bitmap[] = {
    /* U+0020 " " */

    /* U+0021 "!" */
    0x1f, 0xff, 0xf2, 0x1f, 0xff, 0xf1, 0x0f, 0xff,
    0xf1, 0x0f, 0xff, 0xf0, 0x0f, 0xff, 0xf0, 0x0f,
    0xff, 0xf0, 0x0e, 0xff, 0xf0, 0x0e, 0xff, 0xe0,
    0x0d, 0xff, 0xe0, 0x0d, 0xff, 0xd0, 0x0c, 0xff,
    0xc0, 0x0a, 0xff, 0xb0, 0x09, 0xff, 0xa0, 0x06,
    0xcc, 0x60, 0x00, 0x00, 0x00, 0x05, 0xdd, 0x60,
    0x2f, 0xff, 0xf3, 0x6f, 0xff, 0xf7, 0x3f, 0xff,
    0xf4, 0x06, 0xee, 0x70,

    /* U+0022 "\"" */
    0x4f, 0xff, 0x55, 0xff, 0xf4, 0x4f, 0xff, 0x55,
    0xff, 0xf4, 0x4f, 0xff, 0x55, 0xff, 0xf4, 0x4f,
    0xff, 0x55, 0xff, 0xf4, 0x2f, 0xff, 0x53, 0xff,
    0xf4, 0x0f, 0xff, 0x50, 0xff, 0xf4, 0x0c, 0xff,
    0x50, 0xdf, 0xf4, 0x08, 0xff, 0x50, 0xaf, 0xf4,
    0x03, 0x88, 0x20, 0x38, 0x82,

    /* U+0023 "#" */
    0x00, 0x00, 0x00, 0xbf, 0xf5, 0x00, 0x7f, 0xfa,
    0x00, 0x00, 0x00, 0x00, 0xef, 0xf2, 0x00, 0xaf,
    0xf7, 0x00, 0x00, 0x00, 0x01, 0xff, 0xf0, 0x00,
    0xdf, 0xf4, 0x00, 0x00, 0x00, 0x04, 0xff, 0xc0,
    0x00, 0xff, 0xf1, 0x00, 0x00, 0x8d, 0xdf, 0xff,
    0xfd, 0xdf, 0xff, 0xfd, 0xdc, 0x00, 0xaf, 0xff,
    0xff, 0xff, 0xff, 0xff, 0xff, 0xff, 0x00, 0xaf,
    0xff, 0xff, 0xff, 0xff, 0xff, 0xff, 0xff, 0x00,
    0x00, 0x1f, 0xff, 0x00, 0x0c, 0xff, 0x50, 0x00,
    0x00, 0x00, 0x4f, 0xfd, 0x00, 0x0f, 0xff, 0x20,
    0x00, 0x00, 0x00, 0x7f, 0xfa, 0x00, 0x2f, 0xff,
    0x00, 0x00, 0x00, 0x00, 0xaf, 0xf7, 0x00, 0x5f,
    0xfc, 0x00, 0x00, 0x0d, 0xdd, 0xff, 0xff, 0xdd,
    0xff, 0xff, 0xdd, 0x80, 0x0f, 0xff, 0xff, 0xff,
    0xff, 0xff, 0xff, 0xff, 0x90, 0x0f, 0xff, 0xff,
    0xff, 0xff, 0xff, 0xff, 0xff, 0x90, 0x00, 0x06,
    0xff, 0xb0, 0x01, 0xff, 0xf0, 0x00, 0x00, 0x00,
    0x09, 0xff, 0x80, 0x04, 0xff, 0xd0, 0x00, 0x00,
    0x00, 0x0c, 0xff, 0x50, 0x07, 0xff, 0xa0, 0x00,
    0x00, 0x00, 0x0f, 0xff, 0x20, 0x0a, 0xff, 0x70,
    0x00, 0x00, 0x00, 0x2f, 0xff, 0x00, 0x0d, 0xff,
    0x40, 0x00, 0x00,

    /* U+0024 "$" */
    0x00, 0x00, 0x00, 0x78, 0x81, 0x00, 0x00, 0x00,
    0x00, 0x00, 0x0f, 0xff, 0x30, 0x00, 0x00, 0x00,
    0x00, 0x00, 0xff, 0xf3, 0x00, 0x00, 0x00, 0x00,
    0x02, 0x8f, 0xff, 0xe6, 0x00, 0x00, 0x00, 0x08,
    0xff, 0xff, 0xff, 0xfe, 0x40, 0x00, 0x07, 0xff,
    0xff, 0xff, 0xff, 0xff, 0x50, 0x01, 0xff, 0xff,
    0xda, 0xcf, 0xff, 0xfc, 0x00, 0x5f, 0xff, 0x80,
    0x00, 0x1b, 0xf8, 0x00, 0x07, 0xff, 0xf2, 0x00,
    0x00, 0x03, 0x00, 0x00, 0x6f, 0xff, 0x90, 0x00,
    0x00, 0x00, 0x00, 0x02, 0xff, 0xff, 0xd7, 0x20,
    0x00, 0x00, 0x00, 0x0a, 0xff, 0xff, 0xff, 0xe8,
    0x20, 0x00, 0x00, 0x09, 0xff, 0xff, 0xff, 0xff,
    0x70, 0x00, 0x00, 0x02, 0x8d, 0xff, 0xff, 0xff,
    0x70, 0x00, 0x00, 0x00, 0x01, 0x6e, 0xff, 0xff,
    0x00, 0x00, 0x00, 0x00, 0x00, 0x0d, 0xff, 0xf4,
    0x00, 0x1a, 0x30, 0x00, 0x00, 0x7f, 0xff, 0x40,
    0x7f, 0xfe, 0x30, 0x00, 0x0b, 0xff, 0xf2, 0x0b,
    0xff, 0xff, 0xa7, 0x7c, 0xff, 0xfd, 0x00, 0x1e,
    0xff, 0xff, 0xff, 0xff, 0xff, 0x40, 0x00, 0x3d,
    0xff, 0xff, 0xff, 0xfe, 0x50, 0x00, 0x00, 0x05,
    0xbf, 0xff, 0xf7, 0x10, 0x00, 0x00, 0x00, 0x00,
    0xff, 0xf3, 0x00, 0x00, 0x00, 0x00, 0x00, 0x0f,
    0xff, 0x30, 0x00, 0x00, 0x00, 0x00, 0x00, 0xff,
    0xf3, 0x00, 0x00, 0x00,

    /* U+0025 "%" */
    0x00, 0x2a, 0xef, 0xc5, 0x00, 0x00, 0x00, 0x00,
    0x48, 0x00, 0x00, 0x4f, 0xff, 0xff, 0xf8, 0x00,
    0x00, 0x00, 0x3f, 0xfc, 0x10, 0x0e, 0xff, 0xed,
    0xff, 0xf4, 0x00, 0x00, 0x2e, 0xff, 0xa0, 0x04,
    0xff, 0xd0, 0x08, 0xff, 0x90, 0x00, 0x1d, 0xff,
    0xc0, 0x00, 0x5f, 0xf9, 0x00, 0x3f, 0xfb, 0x00,
    0x0c, 0xff, 0xd1, 0x00, 0x03, 0xff, 0xe2, 0x1a,
    0xff, 0x90, 0x0b, 0xff, 0xe2, 0x00, 0x00, 0x0d,
    0xff, 0xff, 0xff, 0xf2, 0x09, 0xff, 0xf3, 0x00,
    0x00, 0x00, 0x2e, 0xff, 0xff, 0xf6, 0x07, 0xff,
    0xf4, 0x00, 0x00, 0x00, 0x00, 0x17, 0xbc, 0x92,
    0x05, 0xff, 0xf6, 0x00, 0x00, 0x00, 0x00, 0x00,
    0x00, 0x00, 0x04, 0xff, 0xf8, 0x00, 0x00, 0x00,
    0x00, 0x00, 0x00, 0x00, 0x02, 0xff, 0xf9, 0x03,
    0xbe, 0xfc, 0x40, 0x00, 0x00, 0x00, 0x01, 0xef,
    0xfb, 0x04, 0xff, 0xff, 0xff, 0x70, 0x00, 0x00,
    0x00, 0xdf, 0xfc, 0x00, 0xef, 0xfe, 0xef, 0xff,
    0x20, 0x00, 0x00, 0xbf, 0xfe, 0x10, 0x5f, 0xfc,
    0x00, 0x9f, 0xf8, 0x00, 0x00, 0xaf, 0xfe, 0x20,
    0x07, 0xff, 0x70, 0x04, 0xff, 0xa0, 0x00, 0x8f,
    0xff, 0x30, 0x00, 0x5f, 0xfc, 0x00, 0x9f, 0xf8,
    0x00, 0x6f, 0xff, 0x50, 0x00, 0x00, 0xef, 0xfe,
    0xef, 0xff, 0x20, 0x0c, 0xff, 0x70, 0x00, 0x00,
    0x04, 0xff, 0xff, 0xff, 0x70, 0x00, 0x08, 0x80,
    0x00, 0x00, 0x00, 0x03, 0xae, 0xfc, 0x40, 0x00,
    0x00, 0x00, 0x00, 0x00, 0x00, 0x00, 0x00, 0x00,
    0x00, 0x00,

    /* U+0026 "&" */
    0x00, 0x00, 0x05, 0x88, 0x62, 0x00, 0x00, 0x00,
    0x00, 0x00, 0x6f, 0xff, 0xff, 0xfb, 0x20, 0x00,
    0x00, 0x00, 0x6f, 0xff, 0xff, 0xff, 0xfe, 0x20,
    0x00, 0x00, 0x1f, 0xff, 0xff, 0xff, 0xff, 0xd1,
    0x00, 0x00, 0x07, 0xff, 0xfc, 0x20, 0x3c, 0xc1,
    0x00, 0x00, 0x00, 0x9f, 0xff, 0x20, 0x00, 0x00,
    0x00, 0x00, 0x00, 0x09, 0xff, 0xf0, 0x00, 0x00,
    0x00, 0x00, 0x00, 0x00, 0x6f, 0xff, 0x60, 0x00,
    0x00, 0x00, 0x00, 0x00, 0x01, 0xff, 0xff, 0xa6,
    0x44, 0x44, 0x44, 0x44, 0x20, 0x04, 0xff, 0xff,
    0xff, 0xff, 0xff, 0xff, 0xf8, 0x00, 0x3f, 0xff,
    0xff, 0xff, 0xff, 0xff, 0xff, 0x80, 0x4f, 0xff,
    0xff, 0xff, 0xff, 0xff, 0xff, 0xf8, 0x0e, 0xff,
    0xf6, 0x10, 0x00, 0xbf, 0xff, 0x00, 0x06, 0xff,
    0xf6, 0x00, 0x00, 0x0b, 0xff, 0xf0, 0x00, 0x9f,
    0xff, 0x20, 0x00, 0x00, 0xdf, 0xfe, 0x00, 0x08,
    0xff, 0xf4, 0x00, 0x00, 0x1f, 0xff, 0xd0, 0x00,
    0x6f, 0xff, 0xc1, 0x00, 0x09, 0xff, 0xf8, 0x00,
    0x00, 0xff, 0xff, 0xfb, 0xad, 0xff, 0xff, 0x30,
    0x00, 0x06, 0xff, 0xff, 0xff, 0xff, 0xff, 0x90,
    0x00, 0x00, 0x07, 0xff, 0xff, 0xff, 0xff, 0x90,
    0x00, 0x00, 0x00, 0x02, 0x8d, 0xef, 0xda, 0x30,
    0x00, 0x00, 0x00,

    /* U+0027 "'" */
    0x4f, 0xff, 0x54, 0xff, 0xf5, 0x4f, 0xff, 0x54,
    0xff, 0xf5, 0x2f, 0xff, 0x50, 0xff, 0xf5, 0x0c,
    0xff, 0x50, 0x8f, 0xf5, 0x03, 0x88, 0x20,

    /* U+0028 "(" */
    0x00, 0x00, 0x00, 0x10, 0x00, 0x00, 0x00, 0xbe,
    0x20, 0x00, 0x00, 0x9f, 0xff, 0x30, 0x00, 0x6f,
    0xff, 0xf2, 0x00, 0x1f, 0xff, 0xf4, 0x00, 0x09,
    0xff, 0xf8, 0x00, 0x01, 0xff, 0xfe, 0x00, 0x00,
    0x7f, 0xff, 0x50, 0x00, 0x0d, 0xff, 0xe0, 0x00,
    0x01, 0xff, 0xf9, 0x00, 0x00, 0x4f, 0xff, 0x50,
    0x00, 0x06, 0xff, 0xf2, 0x00, 0x00, 0x7f, 0xff,
    0x10, 0x00, 0x08, 0xff, 0xf0, 0x00, 0x00, 0x8f,
    0xff, 0x00, 0x00, 0x07, 0xff, 0xf1, 0x00, 0x00,
    0x6f, 0xff, 0x30, 0x00, 0x03, 0xff, 0xf6, 0x00,
    0x00, 0x0f, 0xff, 0xb0, 0x00, 0x00, 0xbf, 0xff,
    0x10, 0x00, 0x05, 0xff, 0xf8, 0x00, 0x00, 0x0e,
    0xff, 0xf2, 0x00, 0x00, 0x6f, 0xff, 0xb0, 0x00,
    0x00, 0xdf, 0xff, 0x80, 0x00, 0x02, 0xff, 0xff,
    0x50, 0x00, 0x05, 0xff, 0xc0, 0x00, 0x00, 0x06,
    0xa0, 0x00, 0x00, 0x00, 0x00, 0x00,

    /* U+0029 ")" */
    0x00, 0x20, 0x00, 0x00, 0x00, 0x4f, 0x80, 0x00,
    0x00, 0x5f, 0xff, 0x70, 0x00, 0x04, 0xff, 0xff,
    0x30, 0x00, 0x07, 0xff, 0xfd, 0x00, 0x00, 0x0b,
    0xff, 0xf7, 0x00, 0x00, 0x2f, 0xff, 0xe0, 0x00,
    0x00, 0x8f, 0xff, 0x40, 0x00, 0x01, 0xff, 0xfa,
    0x00, 0x00, 0x0c, 0xff, 0xe0, 0x00, 0x00, 0x8f,
    0xff, 0x10, 0x00, 0x05, 0xff, 0xf4, 0x00, 0x00,
    0x4f, 0xff, 0x50, 0x00, 0x03, 0xff, 0xf6, 0x00,
    0x00, 0x3f, 0xff, 0x50, 0x00, 0x04, 0xff, 0xf4,
    0x00, 0x00, 0x6f, 0xff, 0x30, 0x00, 0x09, 0xff,
    0xf0, 0x00, 0x00, 0xdf, 0xfd, 0x00, 0x00, 0x3f,
    0xff, 0x80, 0x00, 0x0b, 0xff, 0xf2, 0x00, 0x04,
    0xff, 0xfc, 0x00, 0x00, 0xdf, 0xff, 0x30, 0x00,
    0xbf, 0xff, 0xa0, 0x00, 0x8f, 0xff, 0xe1, 0x00,
    0x02, 0xdf, 0xf3, 0x00, 0x00, 0x01, 0xc3, 0x00,
    0x00, 0x00, 0x00, 0x00, 0x00, 0x00,

    /* U+002A "*" */
    0x00, 0x00, 0x10, 0x01, 0x00, 0x00, 0x00, 0x2a,
    0xf1, 0x08, 0xe6, 0x00, 0x00, 0x6f, 0xf9, 0x1f,
    0xfe, 0x10, 0x00, 0x0a, 0xff, 0x9f, 0xf3, 0x00,
    0x06, 0x43, 0xef, 0xff, 0x93, 0x53, 0x1f, 0xff,
    0xff, 0xff, 0xff, 0xf9, 0x1f, 0xff, 0xff, 0xff,
    0xff, 0xf9, 0x02, 0x11, 0xef, 0xff, 0x80, 0x22,
    0x00, 0x0b, 0xff, 0x8f, 0xf5, 0x00, 0x00, 0x7f,
    0xf8, 0x0e, 0xfe, 0x10, 0x00, 0x07, 0xe1, 0x07,
    0xb3, 0x00, 0x00, 0x00, 0x00, 0x00, 0x00, 0x00,

    /* U+002B "+" */
    0x00, 0x00, 0x03, 0x88, 0x80, 0x00, 0x00, 0x00,
    0x00, 0x00, 0x7f, 0xff, 0x00, 0x00, 0x00, 0x00,
    0x00, 0x07, 0xff, 0xf0, 0x00, 0x00, 0x00, 0x00,
    0x00, 0x7f, 0xff, 0x00, 0x00, 0x00, 0x00, 0x00,
    0x07, 0xff, 0xf0, 0x00, 0x00, 0x02, 0x77, 0x77,
    0xff, 0xff, 0x87, 0x77, 0x70, 0x5f, 0xff, 0xff,
    0xff, 0xff, 0xff, 0xff, 0x25, 0xff, 0xff, 0xff,
    0xff, 0xff, 0xff, 0xf2, 0x5f, 0xff, 0xff, 0xff,
    0xff, 0xff, 0xff, 0x20, 0x00, 0x00, 0x7f, 0xff,
    0x00, 0x00, 0x00, 0x00, 0x00, 0x07, 0xff, 0xf0,
    0x00, 0x00, 0x00, 0x00, 0x00, 0x7f, 0xff, 0x00,
    0x00, 0x00, 0x00, 0x00, 0x07, 0xff, 0xf0, 0x00,
    0x00, 0x00, 0x00, 0x00, 0x7f, 0xff, 0x00, 0x00,
    0x00,

    /* U+002C "," */
    0x09, 0xee, 0x60, 0x9f, 0xff, 0xf4, 0x3e, 0xff,
    0xfa, 0x04, 0xff, 0xfb, 0x00, 0xff, 0xf8, 0x02,
    0xff, 0xf3, 0x09, 0xff, 0xb0, 0x5f, 0xfe, 0x10,
    0x8f, 0xd2, 0x00, 0x06, 0x10, 0x00,

    /* U+002D "-" */
    0x05, 0x55, 0x55, 0x55, 0x52, 0x2f, 0xff, 0xff,
    0xff, 0xf7, 0x2f, 0xff, 0xff, 0xff, 0xf7, 0x2f,
    0xff, 0xff, 0xff, 0xf7,

    /* U+002E "." */
    0x00, 0x22, 0x00, 0x0c, 0xff, 0x90, 0x9f, 0xff,
    0xf5, 0xbf, 0xff, 0xf7, 0x7f, 0xff, 0xf3, 0x09,
    0xfe, 0x60,

    /* U+002F "/" */
    0x00, 0x00, 0x00, 0x00, 0x00, 0x05, 0x30, 0x00,
    0x00, 0x00, 0x00, 0x00, 0x01, 0xff, 0xb2, 0x00,
    0x00, 0x00, 0x00, 0x00, 0x7f, 0xff, 0x30, 0x00,
    0x00, 0x00, 0x00, 0x0e, 0xff, 0xb0, 0x00, 0x00,
    0x00, 0x00, 0x07, 0xff, 0xf3, 0x00, 0x00, 0x00,
    0x00, 0x00, 0xef, 0xfb, 0x00, 0x00, 0x00, 0x00,
    0x00, 0x7f, 0xff, 0x30, 0x00, 0x00, 0x00, 0x00,
    0x0e, 0xff, 0xb0, 0x00, 0x00, 0x00, 0x00, 0x06,
    0xff, 0xf4, 0x00, 0x00, 0x00, 0x00, 0x00, 0xef,
    0xfc, 0x00, 0x00, 0x00, 0x00, 0x00, 0x6f, 0xff,
    0x40, 0x00, 0x00, 0x00, 0x00, 0x0d, 0xff, 0xc0,
    0x00, 0x00, 0x00, 0x00, 0x05, 0xff, 0xf4, 0x00,
    0x00, 0x00, 0x00, 0x00, 0xdf, 0xfd, 0x00, 0x00,
    0x00, 0x00, 0x00, 0x5f, 0xff, 0x50, 0x00, 0x00,
    0x00, 0x00, 0x0d, 0xff, 0xd0, 0x00, 0x00, 0x00,
    0x00, 0x05, 0xff, 0xf5, 0x00, 0x00, 0x00, 0x00,
    0x00, 0xcf, 0xfd, 0x00, 0x00, 0x00, 0x00, 0x00,
    0x4f, 0xff, 0x60, 0x00, 0x00, 0x00, 0x00, 0x0c,
    0xff, 0xe0, 0x00, 0x00, 0x00, 0x00, 0x04, 0xff,
    0xf6, 0x00, 0x00, 0x00, 0x00, 0x00, 0xcf, 0xfe,
    0x00, 0x00, 0x00, 0x00, 0x00, 0x07, 0xef, 0x60,
    0x00, 0x00, 0x00, 0x00, 0x00, 0x00, 0x60, 0x00,
    0x00, 0x00, 0x00, 0x00,

    /* U+0030 "0" */
    0x00, 0x00, 0x19, 0xdf, 0xfc, 0x50, 0x00, 0x00,
    0x00, 0x3f, 0xff, 0xff, 0xff, 0xb0, 0x00, 0x00,
    0x2f, 0xff, 0xff, 0xff, 0xff, 0xa0, 0x00, 0x0b,
    0xff, 0xfe, 0xac, 0xff, 0xff, 0x40, 0x03, 0xff,
    0xfd, 0x10, 0x07, 0xff, 0xfb, 0x00, 0x8f, 0xff,
    0x50, 0x00, 0x0d, 0xff, 0xf0, 0x0c, 0xff, 0xf0,
    0x00, 0x00, 0x8f, 0xff, 0x40, 0xef, 0xfc, 0x00,
    0x00, 0x05, 0xff, 0xf7, 0x0f, 0xff, 0xb0, 0x00,
    0x00, 0x3f, 0xff, 0x80, 0xff, 0xfa, 0x00, 0x00,
    0x02, 0xff, 0xf9, 0x0f, 0xff, 0xb0, 0x00, 0x00,
    0x3f, 0xff, 0x80, 0xef, 0xfc, 0x00, 0x00, 0x04,
    0xff, 0xf7, 0x0c, 0xff, 0xf0, 0x00, 0x00, 0x7f,
    0xff, 0x40, 0x8f, 0xff, 0x40, 0x00, 0x0c, 0xff,
    0xf1, 0x03, 0xff, 0xfd, 0x10, 0x06, 0xff, 0xfc,
    0x00, 0x0b, 0xff, 0xfe, 0xab, 0xff, 0xff, 0x40,
    0x00, 0x2f, 0xff, 0xff, 0xff, 0xff, 0xa0, 0x00,
    0x00, 0x3f, 0xff, 0xff, 0xff, 0xb0, 0x00, 0x00,
    0x00, 0x19, 0xdf, 0xfc, 0x60, 0x00, 0x00,

    /* U+0031 "1" */
    0x00, 0x00, 0x1f, 0xff, 0x00, 0x02, 0xcf, 0xff,
    0x18, 0xbf, 0xff, 0xff, 0x3f, 0xff, 0xff, 0xff,
    0x3f, 0xff, 0xff, 0xff, 0x2f, 0xd8, 0xdf, 0xff,
    0x00, 0x00, 0xcf, 0xff, 0x00, 0x00, 0xcf, 0xff,
    0x00, 0x00, 0xcf, 0xff, 0x00, 0x00, 0xcf, 0xff,
    0x00, 0x00, 0xcf, 0xff, 0x00, 0x00, 0xcf, 0xff,
    0x00, 0x00, 0xcf, 0xff, 0x00, 0x00, 0xcf, 0xff,
    0x00, 0x00, 0xcf, 0xff, 0x00, 0x00, 0xcf, 0xff,
    0x00, 0x00, 0xcf, 0xff, 0x00, 0x00, 0xcf, 0xff,
    0x00, 0x00, 0xcf, 0xff,

    /* U+0032 "2" */
    0x00, 0x00, 0x6b, 0xef, 0xd9, 0x30, 0x00, 0x00,
    0x1c, 0xff, 0xff, 0xff, 0xf6, 0x00, 0x01, 0xdf,
    0xff, 0xff, 0xff, 0xff, 0x30, 0x0b, 0xff, 0xff,
    0xb9, 0xef, 0xff, 0xa0, 0x0b, 0xff, 0xd2, 0x00,
    0x1f, 0xff, 0xe0, 0x00, 0x6d, 0x10, 0x00, 0x0b,
    0xff, 0xf0, 0x00, 0x00, 0x00, 0x00, 0x0c, 0xff,
    0xd0, 0x00, 0x00, 0x00, 0x00, 0x3f, 0xff, 0x90,
    0x00, 0x00, 0x00, 0x00, 0xdf, 0xff, 0x20, 0x00,
    0x00, 0x00, 0x0b, 0xff, 0xf9, 0x00, 0x00, 0x00,
    0x00, 0x9f, 0xff, 0xd0, 0x00, 0x00, 0x00, 0x08,
    0xff, 0xfe, 0x10, 0x00, 0x00, 0x00, 0x7f, 0xff,
    0xf2, 0x00, 0x00, 0x00, 0x06, 0xff, 0xff, 0x30,
    0x00, 0x00, 0x00, 0x5f, 0xff, 0xf5, 0x00, 0x00,
    0x00, 0x05, 0xff, 0xff, 0xe8, 0x88, 0x88, 0x81,
    0x0b, 0xff, 0xff, 0xff, 0xff, 0xff, 0xf3, 0x0b,
    0xff, 0xff, 0xff, 0xff, 0xff, 0xf3, 0x0b, 0xff,
    0xff, 0xff, 0xff, 0xff, 0xf3,

    /* U+0033 "3" */
    0x00, 0x01, 0x7c, 0xef, 0xea, 0x30, 0x00, 0x00,
    0x5f, 0xff, 0xff, 0xff, 0xf8, 0x00, 0x06, 0xff,
    0xff, 0xff, 0xff, 0xff, 0x40, 0x0a, 0xff, 0xfc,
    0x9a, 0xef, 0xff, 0xb0, 0x00, 0x8d, 0x30, 0x00,
    0x1e, 0xff, 0xe0, 0x00, 0x00, 0x00, 0x00, 0x0d,
    0xff, 0xd0, 0x00, 0x00, 0x00, 0x03, 0x9f, 0xff,
    0xa0, 0x00, 0x00, 0x5f, 0xff, 0xff, 0xff, 0x20,
    0x00, 0x00, 0x5f, 0xff, 0xff, 0xf3, 0x00, 0x00,
    0x00, 0x5f, 0xff, 0xff, 0xfc, 0x10, 0x00, 0x00,
    0x01, 0x24, 0x9f, 0xff, 0xc0, 0x00, 0x00, 0x00,
    0x00, 0x06, 0xff, 0xf5, 0x00, 0x00, 0x00, 0x00,
    0x00, 0xff, 0xf9, 0x00, 0x21, 0x00, 0x00, 0x01,
    0xff, 0xfa, 0x02, 0xee, 0x40, 0x00, 0x0a, 0xff,
    0xf9, 0x2e, 0xff, 0xfc, 0x9a, 0xdf, 0xff, 0xf4,
    0x0a, 0xff, 0xff, 0xff, 0xff, 0xff, 0xb0, 0x00,
    0x8f, 0xff, 0xff, 0xff, 0xfb, 0x10, 0x00, 0x02,
    0x8d, 0xef, 0xeb, 0x50, 0x00,

    /* U+0034 "4" */
    0x00, 0x00, 0x0a, 0xff, 0xf0, 0x00, 0x00, 0x00,
    0x00, 0x00, 0x1f, 0xff, 0xa0, 0x00, 0x00, 0x00,
    0x00, 0x00, 0x6f, 0xff, 0x40, 0x00, 0x00, 0x00,
    0x00, 0x00, 0xcf, 0xfe, 0x00, 0x00, 0x00, 0x00,
    0x00, 0x02, 0xff, 0xf9, 0x00, 0x00, 0x00, 0x00,
    0x00, 0x08, 0xff, 0xf3, 0x00, 0x00, 0x00, 0x00,
    0x00, 0x0d, 0xff, 0xd0, 0x00, 0x6a, 0x80, 0x00,
    0x00, 0x3f, 0xff, 0x70, 0x00, 0xef, 0xd0, 0x00,
    0x00, 0x9f, 0xff, 0x20, 0x05, 0xff, 0xd0, 0x00,
    0x00, 0xff, 0xfc, 0x00, 0x0a, 0xff, 0xd0, 0x00,
    0x05, 0xff, 0xf6, 0x00, 0x1f, 0xff, 0xd0, 0x00,
    0x0b, 0xff, 0xff, 0xff, 0xff, 0xff, 0xff, 0xf6,
    0x0f, 0xff, 0xff, 0xff, 0xff, 0xff, 0xff, 0xf6,
    0x0f, 0xff, 0xff, 0xff, 0xff, 0xff, 0xff, 0xf6,
    0x09, 0x99, 0x99, 0x99, 0x9f, 0xff, 0xf9, 0x93,
    0x00, 0x00, 0x00, 0x00, 0x0e, 0xff, 0xd0, 0x00,
    0x00, 0x00, 0x00, 0x00, 0x0e, 0xff, 0xd0, 0x00,
    0x00, 0x00, 0x00, 0x00, 0x0e, 0xff, 0xd0, 0x00,
    0x00, 0x00, 0x00, 0x00, 0x0e, 0xff, 0xd0, 0x00,

    /* U+0035 "5" */
    0x6f, 0xff, 0xff, 0xff, 0xff, 0xff, 0x00, 0x6f,
    0xff, 0xff, 0xff, 0xff, 0xff, 0x00, 0x6f, 0xff,
    0xff, 0xff, 0xff, 0xff, 0x00, 0x6f, 0xff, 0xa8,
    0x88, 0x88, 0x88, 0x00, 0x6f, 0xff, 0x10, 0x00,
    0x00, 0x00, 0x00, 0x6f, 0xff, 0x10, 0x00, 0x00,
    0x00, 0x00, 0x6f, 0xff, 0x5b, 0xef, 0xd8, 0x10,
    0x00, 0x6f, 0xff, 0xff, 0xff, 0xff, 0xe3, 0x00,
    0x6f, 0xff, 0xff, 0xff, 0xff, 0xfe, 0x10, 0x6f,
    0xff, 0xfa, 0x9c, 0xff, 0xff, 0x80, 0x3a, 0xdd,
    0x20, 0x00, 0x7f, 0xff, 0xd0, 0x00, 0x00, 0x00,
    0x00, 0x0d, 0xff, 0xf0, 0x00, 0x00, 0x00, 0x00,
    0x0a, 0xff, 0xf1, 0x00, 0x00, 0x00, 0x00, 0x0d,
    0xff, 0xf0, 0x02, 0xcb, 0x00, 0x00, 0x6f, 0xff,
    0xc0, 0x6f, 0xff, 0xe9, 0x8b, 0xff, 0xff, 0x60,
    0x5f, 0xff, 0xff, 0xff, 0xff, 0xfc, 0x00, 0x05,
    0xef, 0xff, 0xff, 0xff, 0xc1, 0x00, 0x00, 0x17,
    0xce, 0xfe, 0xb5, 0x00, 0x00,

    /* U+0036 "6" */
    0x00, 0x00, 0x04, 0xae, 0xfe, 0xc8, 0x10, 0x00,
    0x00, 0x1b, 0xff, 0xff, 0xff, 0xff, 0x80, 0x00,
    0x0c, 0xff, 0xff, 0xff, 0xff, 0xfe, 0x10, 0x09,
    0xff, 0xff, 0xb7, 0x7a, 0xff, 0x30, 0x01, 0xff,
    0xff, 0x40, 0x00, 0x01, 0x30, 0x00, 0x6f, 0xff,
    0x80, 0x00, 0x00, 0x00, 0x00, 0x0b, 0xff, 0xf1,
    0x02, 0x55, 0x30, 0x00, 0x00, 0xef, 0xfd, 0x2c,
    0xff, 0xff, 0xe5, 0x00, 0x0f, 0xff, 0xef, 0xff,
    0xff, 0xff, 0xf7, 0x01, 0xff, 0xff, 0xff, 0xff,
    0xff, 0xff, 0xf2, 0x1f, 0xff, 0xfe, 0x61, 0x15,
    0xef, 0xff, 0x70, 0xff, 0xff, 0x40, 0x00, 0x03,
    0xff, 0xfb, 0x0f, 0xff, 0xf0, 0x00, 0x00, 0x0e,
    0xff, 0xc0, 0xbf, 0xff, 0x10, 0x00, 0x00, 0xff,
    0xfb, 0x07, 0xff, 0xf9, 0x00, 0x00, 0x7f, 0xff,
    0x80, 0x1f, 0xff, 0xfc, 0x87, 0xbf, 0xff, 0xf2,
    0x00, 0x6f, 0xff, 0xff, 0xff, 0xff, 0xf8, 0x00,
    0x00, 0x7f, 0xff, 0xff, 0xff, 0xf9, 0x00, 0x00,
    0x00, 0x28, 0xce, 0xfd, 0xa3, 0x00, 0x00,

    /* U+0037 "7" */
    0x3f, 0xff, 0xff, 0xff, 0xff, 0xff, 0xf3, 0x3f,
    0xff, 0xff, 0xff, 0xff, 0xff, 0xf3, 0x3f, 0xff,
    0xff, 0xff, 0xff, 0xff, 0xf3, 0x18, 0x88, 0x88,
    0x88, 0x8f, 0xff, 0xf0, 0x00, 0x00, 0x00, 0x00,
    0x5f, 0xff, 0x80, 0x00, 0x00, 0x00, 0x00, 0xdf,
    0xff, 0x10, 0x00, 0x00, 0x00, 0x05, 0xff, 0xf9,
    0x00, 0x00, 0x00, 0x00, 0x0d, 0xff, 0xf2, 0x00,
    0x00, 0x00, 0x00, 0x4f, 0xff, 0xa0, 0x00, 0x00,
    0x00, 0x00, 0xcf, 0xff, 0x20, 0x00, 0x00, 0x00,
    0x04, 0xff, 0xfb, 0x00, 0x00, 0x00, 0x00, 0x0c,
    0xff, 0xf3, 0x00, 0x00, 0x00, 0x00, 0x4f, 0xff,
    0xc0, 0x00, 0x00, 0x00, 0x00, 0xbf, 0xff, 0x40,
    0x00, 0x00, 0x00, 0x03, 0xff, 0xfd, 0x00, 0x00,
    0x00, 0x00, 0x0b, 0xff, 0xf5, 0x00, 0x00, 0x00,
    0x00, 0x3f, 0xff, 0xe0, 0x00, 0x00, 0x00, 0x00,
    0xaf, 0xff, 0x60, 0x00, 0x00, 0x00, 0x02, 0xff,
    0xfe, 0x00, 0x00, 0x00, 0x00,

    /* U+0038 "8" */
    0x00, 0x06, 0xbe, 0xfe, 0xc7, 0x00, 0x00, 0x01,
    0xcf, 0xff, 0xff, 0xff, 0xe2, 0x00, 0x0b, 0xff,
    0xff, 0xff, 0xff, 0xfe, 0x00, 0x2f, 0xff, 0xfb,
    0x89, 0xff, 0xff, 0x60, 0x5f, 0xff, 0x70, 0x00,
    0x3f, 0xff, 0x90, 0x5f, 0xff, 0x40, 0x00, 0x0f,
    0xff, 0x90, 0x1f, 0xff, 0xd3, 0x02, 0xaf, 0xff,
    0x50, 0x08, 0xff, 0xff, 0xff, 0xff, 0xfc, 0x00,
    0x00, 0x9f, 0xff, 0xff, 0xff, 0xd1, 0x00, 0x01,
    0xcf, 0xff, 0xff, 0xff, 0xe4, 0x00, 0x0d, 0xff,
    0xfa, 0x79, 0xff, 0xff, 0x20, 0x7f, 0xff, 0x40,
    0x00, 0x2f, 0xff, 0xb0, 0xcf, 0xfe, 0x00, 0x00,
    0x0a, 0xff, 0xf0, 0xef, 0xfe, 0x00, 0x00, 0x0a,
    0xff, 0xf1, 0xcf, 0xff, 0x50, 0x00, 0x2f, 0xff,
    0xf0, 0x7f, 0xff, 0xfb, 0x8a, 0xff, 0xff, 0xb0,
    0x1e, 0xff, 0xff, 0xff, 0xff, 0xff, 0x30, 0x02,
    0xdf, 0xff, 0xff, 0xff, 0xf5, 0x00, 0x00, 0x06,
    0xce, 0xfe, 0xc8, 0x10, 0x00,

    /* U+0039 "9" */
    0x00, 0x01, 0x7c, 0xef, 0xeb, 0x50, 0x00, 0x00,
    0x04, 0xef, 0xff, 0xff, 0xff, 0xd2, 0x00, 0x02,
    0xff, 0xff, 0xff, 0xff, 0xff, 0xe1, 0x00, 0xaf,
    0xff, 0xe9, 0x78, 0xef, 0xff, 0xa0, 0x0f, 0xff,
    0xd1, 0x00, 0x00, 0xcf, 0xff, 0x12, 0xff, 0xf8,
    0x00, 0x00, 0x06, 0xff, 0xf5, 0x2f, 0xff, 0xb0,
    0x00, 0x00, 0x8f, 0xff, 0x90, 0xff, 0xff, 0x92,
    0x01, 0x7f, 0xff, 0xfa, 0x09, 0xff, 0xff, 0xff,
    0xff, 0xff, 0xff, 0xb0, 0x1d, 0xff, 0xff, 0xff,
    0xfc, 0xff, 0xfb, 0x00, 0x1b, 0xff, 0xff, 0xf9,
    0x2f, 0xff, 0x90, 0x00, 0x01, 0x56, 0x41, 0x04,
    0xff, 0xf8, 0x00, 0x00, 0x00, 0x00, 0x00, 0x9f,
    0xff, 0x50, 0x00, 0x00, 0x00, 0x00, 0x1f, 0xff,
    0xf0, 0x00, 0x19, 0x10, 0x00, 0x0c, 0xff, 0xfb,
    0x00, 0x0b, 0xff, 0xa7, 0x9e, 0xff, 0xff, 0x30,
    0x06, 0xff, 0xff, 0xff, 0xff, 0xff, 0x70, 0x00,
    0x1c, 0xff, 0xff, 0xff, 0xff, 0x60, 0x00, 0x00,
    0x04, 0xae, 0xff, 0xd8, 0x10, 0x00, 0x00,

    /* U+003A ":" */
    0x08, 0xfe, 0x50, 0x7f, 0xff, 0xf3, 0xbf, 0xff,
    0xf7, 0x9f, 0xff, 0xf5, 0x0c, 0xff, 0x90, 0x00,
    0x32, 0x00, 0x00, 0x00, 0x00, 0x00, 0x00, 0x00,
    0x00, 0x22, 0x00, 0x0c, 0xff, 0x90, 0x9f, 0xff,
    0xf5, 0xbf, 0xff, 0xf7, 0x7f, 0xff, 0xf3, 0x09,
    0xfe, 0x60,

    /* U+003B ";" */
    0x08, 0xfe, 0x60, 0x6f, 0xff, 0xf4, 0xbf, 0xff,
    0xf8, 0x8f, 0xff, 0xf5, 0x0c, 0xff, 0xa0, 0x00,
    0x32, 0x00, 0x00, 0x00, 0x00, 0x00, 0x00, 0x00,
    0x00, 0x22, 0x00, 0x2d, 0xff, 0xa0, 0xaf, 0xff,
    0xf6, 0x0c, 0xff, 0xfa, 0x03, 0xff, 0xfa, 0x01,
    0xff, 0xf7, 0x04, 0xff, 0xf1, 0x0c, 0xff, 0x80,
    0x8f, 0xfc, 0x00, 0x5f, 0xb0, 0x00, 0x02, 0x00,
    0x00,

    /* U+003C "<" */
    0x00, 0x00, 0x00, 0x00, 0x02, 0xb1, 0x00, 0x00,
    0x00, 0x00, 0x08, 0xff, 0xb0, 0x00, 0x00, 0x00,
    0x4d, 0xff, 0xff, 0x40, 0x00, 0x01, 0xaf, 0xff,
    0xff, 0x60, 0x00, 0x06, 0xff, 0xff, 0xfa, 0x10,
    0x00, 0x3c, 0xff, 0xff, 0xd4, 0x00, 0x00, 0x7f,
    0xff, 0xff, 0x80, 0x00, 0x00, 0x0b, 0xff, 0xff,
    0x20, 0x00, 0x00, 0x00, 0x9f, 0xff, 0xfe, 0x50,
    0x00, 0x00, 0x00, 0x6e, 0xff, 0xff, 0xb1, 0x00,
    0x00, 0x00, 0x1a, 0xff, 0xff, 0xf7, 0x00, 0x00,
    0x00, 0x03, 0xdf, 0xff, 0xfd, 0x30, 0x00, 0x00,
    0x00, 0x7f, 0xff, 0xff, 0x40, 0x00, 0x00, 0x00,
    0x2b, 0xff, 0xc0, 0x00, 0x00, 0x00, 0x00, 0x05,
    0xe3, 0x00, 0x00, 0x00, 0x00, 0x00, 0x00, 0x00,

    /* U+003D "=" */
    0xff, 0xff, 0xff, 0xff, 0xff, 0xff, 0xcf, 0xff,
    0xff, 0xff, 0xff, 0xff, 0xfc, 0xff, 0xff, 0xff,
    0xff, 0xff, 0xff, 0xc3, 0x44, 0x44, 0x44, 0x44,
    0x44, 0x43, 0x00, 0x00, 0x00, 0x00, 0x00, 0x00,
    0x04, 0x44, 0x44, 0x44, 0x44, 0x44, 0x43, 0xff,
    0xff, 0xff, 0xff, 0xff, 0xff, 0xcf, 0xff, 0xff,
    0xff, 0xff, 0xff, 0xfc, 0xff, 0xff, 0xff, 0xff,
    0xff, 0xff, 0xc0,

    /* U+003E ">" */
    0x05, 0x60, 0x00, 0x00, 0x00, 0x00, 0x00, 0xef,
    0xc3, 0x00, 0x00, 0x00, 0x00, 0x7f, 0xff, 0xf9,
    0x10, 0x00, 0x00, 0x00, 0x9f, 0xff, 0xfe, 0x50,
    0x00, 0x00, 0x00, 0x3c, 0xff, 0xff, 0xc2, 0x00,
    0x00, 0x00, 0x06, 0xef, 0xff, 0xf8, 0x00, 0x00,
    0x00, 0x01, 0xaf, 0xff, 0xfe, 0x30, 0x00, 0x00,
    0x00, 0x4f, 0xff, 0xf8, 0x00, 0x00, 0x00, 0x4e,
    0xff, 0xff, 0x60, 0x00, 0x01, 0xbf, 0xff, 0xfd,
    0x40, 0x00, 0x07, 0xff, 0xff, 0xf7, 0x00, 0x00,
    0x3d, 0xff, 0xff, 0xb1, 0x00, 0x00, 0x6f, 0xff,
    0xfd, 0x40, 0x00, 0x00, 0x02, 0xff, 0xf8, 0x00,
    0x00, 0x00, 0x00, 0x08, 0xb2, 0x00, 0x00, 0x00,
    0x00, 0x00, 0x00, 0x00, 0x00, 0x00, 0x00, 0x00,

    /* U+003F "?" */
    0x00, 0x00, 0x4a, 0xdf, 0xec, 0x60, 0x00, 0x00,
    0x1b, 0xff, 0xff, 0xff, 0xfd, 0x20, 0x02, 0xef,
    0xff, 0xff, 0xff, 0xff, 0xd0, 0x0e, 0xff, 0xff,
    0xca, 0xcf, 0xff, 0xf7, 0x05, 0xff, 0xd3, 0x00,
    0x05, 0xff, 0xfc, 0x00, 0x6b, 0x00, 0x00, 0x00,
    0xdf, 0xfe, 0x00, 0x00, 0x00, 0x00, 0x00, 0xdf,
    0xfe, 0x00, 0x00, 0x00, 0x00, 0x04, 0xff, 0xfb,
    0x00, 0x00, 0x00, 0x00, 0x4f, 0xff, 0xf5, 0x00,
    0x00, 0x00, 0x08, 0xff, 0xff, 0xb0, 0x00, 0x00,
    0x03, 0xdf, 0xff, 0xfb, 0x00, 0x00, 0x00, 0x0d,
    0xff, 0xff, 0x90, 0x00, 0x00, 0x00, 0x04, 0xff,
    0xe4, 0x00, 0x00, 0x00, 0x00, 0x00, 0xa9, 0x00,
    0x00, 0x00, 0x00, 0x00, 0x00, 0x00, 0x00, 0x00,
    0x00, 0x00, 0x00, 0x01, 0xbe, 0xa1, 0x00, 0x00,
    0x00, 0x00, 0x0c, 0xff, 0xf9, 0x00, 0x00, 0x00,
    0x00, 0x0f, 0xff, 0xfd, 0x00, 0x00, 0x00, 0x00,
    0x0c, 0xff, 0xfa, 0x00, 0x00, 0x00, 0x00, 0x02,
    0xcf, 0xb1, 0x00, 0x00,

    /* U+0040 "@" */
    0x00, 0x00, 0x00, 0x00, 0x00, 0x12, 0x00, 0x00,
    0x00, 0x00, 0x00, 0x00, 0x00, 0x00, 0x17, 0xcf,
    0xff, 0xff, 0xb6, 0x00, 0x00, 0x00, 0x00, 0x00,
    0x09, 0xff, 0xff, 0xff, 0xff, 0xff, 0xe6, 0x00,
    0x00, 0x00, 0x02, 0xdf, 0xff, 0xff, 0xff, 0xff,
    0xff, 0xff, 0xa0, 0x00, 0x00, 0x2e, 0xff, 0xfe,
    0x73, 0x00, 0x14, 0x9f, 0xff, 0xfa, 0x00, 0x00,
    0xdf, 0xff, 0x90, 0x00, 0x00, 0x00, 0x02, 0xcf,
    0xff, 0x60, 0x08, 0xff, 0xf7, 0x00, 0x6c, 0xfe,
    0x81, 0xff, 0x4d, 0xff, 0xf1, 0x1f, 0xff, 0xb0,
    0x0b, 0xff, 0xff, 0xff, 0xff, 0x03, 0xff, 0xf6,
    0x6f, 0xff, 0x20, 0x9f, 0xff, 0xdd, 0xff, 0xfd,
    0x00, 0xcf, 0xfb, 0xaf, 0xfc, 0x03, 0xff, 0xf9,
    0x00, 0xff, 0xfa, 0x00, 0x9f, 0xfd, 0xdf, 0xf8,
    0x08, 0xff, 0xe0, 0x00, 0xff, 0xf6, 0x00, 0x7f,
    0xfd, 0xef, 0xf6, 0x0c, 0xff, 0xa0, 0x00, 0xff,
    0xf3, 0x00, 0x8f, 0xfc, 0xff, 0xf6, 0x0d, 0xff,
    0x80, 0x02, 0xff, 0xf1, 0x00, 0xdf, 0xf9, 0xdf,
    0xf8, 0x0c, 0xff, 0xc0, 0x0c, 0xff, 0xf2, 0x07,
    0xff, 0xf3, 0xbf, 0xfc, 0x08, 0xff, 0xfe, 0xff,
    0xff, 0xff, 0xef, 0xff, 0xa0, 0x7f, 0xff, 0x21,
    0xef, 0xff, 0xff, 0xcf, 0xff, 0xff, 0xfb, 0x00,
    0x2f, 0xff, 0xc0, 0x1a, 0xef, 0xb3, 0x05, 0xcf,
    0xeb, 0x50, 0x00, 0x09, 0xff, 0xf9, 0x00, 0x00,
    0x00, 0x00, 0x00, 0x02, 0x00, 0x00, 0x01, 0xef,
    0xff, 0xb2, 0x00, 0x00, 0x00, 0x03, 0xce, 0x10,
    0x00, 0x00, 0x3f, 0xff, 0xff, 0xb6, 0x43, 0x46,
    0xbf, 0xff, 0xa0, 0x00, 0x00, 0x03, 0xdf, 0xff,
    0xff, 0xff, 0xff, 0xff, 0xff, 0xb0, 0x00, 0x00,
    0x00, 0x08, 0xff, 0xff, 0xff, 0xff, 0xff, 0xe6,
    0x00, 0x00, 0x00, 0x00, 0x00, 0x05, 0xad, 0xef,
    0xed, 0x95, 0x00, 0x00, 0x00,

    /* U+0041 "A" */
    0x00, 0x00, 0x00, 0x0f, 0xff, 0xf9, 0x00, 0x00,
    0x00, 0x00, 0x00, 0x00, 0x5f, 0xff, 0xff, 0x00,
    0x00, 0x00, 0x00, 0x00, 0x00, 0xbf, 0xff, 0xff,
    0x50, 0x00, 0x00, 0x00, 0x00, 0x01, 0xff, 0xff,
    0xff, 0xa0, 0x00, 0x00, 0x00, 0x00, 0x06, 0xff,
    0xfa, 0xff, 0xf0, 0x00, 0x00, 0x00, 0x00, 0x0c,
    0xff, 0xc3, 0xff, 0xf5, 0x00, 0x00, 0x00, 0x00,
    0x2f, 0xff, 0x70, 0xdf, 0xfb, 0x00, 0x00, 0x00,
    0x00, 0x8f, 0xff, 0x10, 0x8f, 0xff, 0x10, 0x00,
    0x00, 0x00, 0xdf, 0xfc, 0x00, 0x3f, 0xff, 0x60,
    0x00, 0x00, 0x03, 0xff, 0xf6, 0x00, 0x0d, 0xff,
    0xb0, 0x00, 0x00, 0x09, 0xff, 0xf1, 0x00, 0x08,
    0xff, 0xf1, 0x00, 0x00, 0x0e, 0xff, 0xf6, 0x66,
    0x69, 0xff, 0xf6, 0x00, 0x00, 0x4f, 0xff, 0xff,
    0xff, 0xff, 0xff, 0xfc, 0x00, 0x00, 0xaf, 0xff,
    0xff, 0xff, 0xff, 0xff, 0xff, 0x10, 0x00, 0xff,
    0xff, 0xff, 0xff, 0xff, 0xff, 0xff, 0x70, 0x05,
    0xff, 0xf5, 0x00, 0x00, 0x00, 0x0d, 0xff, 0xc0,
    0x0b, 0xff, 0xe0, 0x00, 0x00, 0x00, 0x08, 0xff,
    0xf2, 0x1f, 0xff, 0x90, 0x00, 0x00, 0x00, 0x03,
    0xff, 0xf7, 0x6f, 0xff, 0x40, 0x00, 0x00, 0x00,
    0x00, 0xdf, 0xfd,

    /* U+0042 "B" */
    0x1f, 0xff, 0xff, 0xff, 0xed, 0x93, 0x00, 0x01,
    0xff, 0xff, 0xff, 0xff, 0xff, 0xf8, 0x00, 0x1f,
    0xff, 0xff, 0xff, 0xff, 0xff, 0xf4, 0x01, 0xff,
    0xff, 0x88, 0x8a, 0xff, 0xff, 0xa0, 0x1f, 0xff,
    0x90, 0x00, 0x03, 0xff, 0xfd, 0x01, 0xff, 0xf9,
    0x00, 0x00, 0x0e, 0xff, 0xe0, 0x1f, 0xff, 0x90,
    0x00, 0x00, 0xff, 0xfc, 0x01, 0xff, 0xfd, 0x33,
    0x35, 0xcf, 0xff, 0x60, 0x1f, 0xff, 0xff, 0xff,
    0xff, 0xff, 0xb0, 0x01, 0xff, 0xff, 0xff, 0xff,
    0xff, 0xf2, 0x00, 0x1f, 0xff, 0xff, 0xff, 0xff,
    0xff, 0xe3, 0x01, 0xff, 0xf9, 0x00, 0x00, 0x4e,
    0xff, 0xd0, 0x1f, 0xff, 0x90, 0x00, 0x00, 0x6f,
    0xff, 0x41, 0xff, 0xf9, 0x00, 0x00, 0x05, 0xff,
    0xf6, 0x1f, 0xff, 0x90, 0x00, 0x00, 0xbf, 0xff,
    0x61, 0xff, 0xff, 0x88, 0x88, 0xdf, 0xff, 0xf3,
    0x1f, 0xff, 0xff, 0xff, 0xff, 0xff, 0xfc, 0x01,
    0xff, 0xff, 0xff, 0xff, 0xff, 0xfd, 0x10, 0x1f,
    0xff, 0xff, 0xff, 0xfe, 0xb6, 0x00, 0x00,

    /* U+0043 "C" */
    0x00, 0x00, 0x00, 0x49, 0xde, 0xfe, 0xc9, 0x30,
    0x00, 0x00, 0x00, 0x00, 0x3c, 0xff, 0xff, 0xff,
    0xff, 0xfb, 0x10, 0x00, 0x00, 0x06, 0xff, 0xff,
    0xff, 0xff, 0xff, 0xff, 0xe3, 0x00, 0x00, 0x4f,
    0xff, 0xff, 0xda, 0x9a, 0xef, 0xff, 0xfe, 0x10,
    0x01, 0xef, 0xff, 0xd3, 0x00, 0x00, 0x05, 0xef,
    0xff, 0xa0, 0x08, 0xff, 0xfd, 0x00, 0x00, 0x00,
    0x00, 0x2e, 0xfd, 0x80, 0x0d, 0xff, 0xf2, 0x00,
    0x00, 0x00, 0x00, 0x03, 0x30, 0x00, 0x2f, 0xff,
    0xc0, 0x00, 0x00, 0x00, 0x00, 0x00, 0x00, 0x00,
    0x3f, 0xff, 0x80, 0x00, 0x00, 0x00, 0x00, 0x00,
    0x00, 0x00, 0x4f, 0xff, 0x70, 0x00, 0x00, 0x00,
    0x00, 0x00, 0x00, 0x00, 0x4f, 0xff, 0x80, 0x00,
    0x00, 0x00, 0x00, 0x00, 0x00, 0x00, 0x2f, 0xff,
    0xc0, 0x00, 0x00, 0x00, 0x00, 0x00, 0x00, 0x00,
    0x0e, 0xff, 0xf2, 0x00, 0x00, 0x00, 0x00, 0x03,
    0x30, 0x00, 0x08, 0xff, 0xfd, 0x00, 0x00, 0x00,
    0x00, 0x2e, 0xfd, 0x80, 0x01, 0xef, 0xff, 0xd3,
    0x00, 0x00, 0x05, 0xef, 0xff, 0xa0, 0x00, 0x5f,
    0xff, 0xff, 0xda, 0x9a, 0xef, 0xff, 0xfe, 0x10,
    0x00, 0x07, 0xff, 0xff, 0xff, 0xff, 0xff, 0xff,
    0xe3, 0x00, 0x00, 0x00, 0x3d, 0xff, 0xff, 0xff,
    0xff, 0xfc, 0x20, 0x00, 0x00, 0x00, 0x00, 0x5a,
    0xdf, 0xfe, 0xc9, 0x40, 0x00, 0x00,

    /* U+0044 "D" */
    0x1f, 0xff, 0xff, 0xff, 0xfd, 0x94, 0x00, 0x00,
    0x01, 0xff, 0xff, 0xff, 0xff, 0xff, 0xfc, 0x20,
    0x00, 0x1f, 0xff, 0xff, 0xff, 0xff, 0xff, 0xff,
    0x40, 0x01, 0xff, 0xff, 0x88, 0x8a, 0xef, 0xff,
    0xff, 0x20, 0x1f, 0xff, 0x90, 0x00, 0x00, 0x4e,
    0xff, 0xfd, 0x01, 0xff, 0xf9, 0x00, 0x00, 0x00,
    0x2f, 0xff, 0xf4, 0x1f, 0xff, 0x90, 0x00, 0x00,
    0x00, 0x6f, 0xff, 0x91, 0xff, 0xf9, 0x00, 0x00,
    0x00, 0x01, 0xff, 0xfd, 0x1f, 0xff, 0x90, 0x00,
    0x00, 0x00, 0x0e, 0xff, 0xf1, 0xff, 0xf9, 0x00,
    0x00, 0x00, 0x00, 0xcf, 0xff, 0x1f, 0xff, 0x90,
    0x00, 0x00, 0x00, 0x0e, 0xff, 0xf1, 0xff, 0xf9,
    0x00, 0x00, 0x00, 0x00, 0xff, 0xfd, 0x1f, 0xff,
    0x90, 0x00, 0x00, 0x00, 0x6f, 0xff, 0xa1, 0xff,
    0xf9, 0x00, 0x00, 0x00, 0x1e, 0xff, 0xf5, 0x1f,
    0xff, 0x90, 0x00, 0x00, 0x4e, 0xff, 0xfd, 0x01,
    0xff, 0xff, 0x88, 0x8a, 0xdf, 0xff, 0xff, 0x30,
    0x1f, 0xff, 0xff, 0xff, 0xff, 0xff, 0xff, 0x50,
    0x01, 0xff, 0xff, 0xff, 0xff, 0xff, 0xfd, 0x20,
    0x00, 0x1f, 0xff, 0xff, 0xff, 0xfd, 0x94, 0x00,
    0x00, 0x00,

    /* U+0045 "E" */
    0x1f, 0xff, 0xff, 0xff, 0xff, 0xff, 0xd1, 0xff,
    0xff, 0xff, 0xff, 0xff, 0xfd, 0x1f, 0xff, 0xff,
    0xff, 0xff, 0xff, 0xd1, 0xff, 0xff, 0x77, 0x77,
    0x77, 0x76, 0x1f, 0xff, 0x90, 0x00, 0x00, 0x00,
    0x01, 0xff, 0xf9, 0x00, 0x00, 0x00, 0x00, 0x1f,
    0xff, 0x90, 0x00, 0x00, 0x00, 0x01, 0xff, 0xff,
    0x88, 0x88, 0x88, 0x20, 0x1f, 0xff, 0xff, 0xff,
    0xff, 0xf4, 0x01, 0xff, 0xff, 0xff, 0xff, 0xff,
    0x40, 0x1f, 0xff, 0xff, 0xff, 0xff, 0xf4, 0x01,
    0xff, 0xf9, 0x00, 0x00, 0x00, 0x00, 0x1f, 0xff,
    0x90, 0x00, 0x00, 0x00, 0x01, 0xff, 0xf9, 0x00,
    0x00, 0x00, 0x00, 0x1f, 0xff, 0x90, 0x00, 0x00,
    0x00, 0x01, 0xff, 0xff, 0x88, 0x88, 0x88, 0x86,
    0x1f, 0xff, 0xff, 0xff, 0xff, 0xff, 0xd1, 0xff,
    0xff, 0xff, 0xff, 0xff, 0xfd, 0x1f, 0xff, 0xff,
    0xff, 0xff, 0xff, 0xd0,

    /* U+0046 "F" */
    0x1f, 0xff, 0xff, 0xff, 0xff, 0xff, 0xb1, 0xff,
    0xff, 0xff, 0xff, 0xff, 0xfb, 0x1f, 0xff, 0xff,
    0xff, 0xff, 0xff, 0xb1, 0xff, 0xff, 0x88, 0x88,
    0x88, 0x85, 0x1f, 0xff, 0x90, 0x00, 0x00, 0x00,
    0x01, 0xff, 0xf9, 0x00, 0x00, 0x00, 0x00, 0x1f,
    0xff, 0x90, 0x00, 0x00, 0x00, 0x01, 0xff, 0xf9,
    0x00, 0x00, 0x00, 0x00, 0x1f, 0xff, 0xff, 0xff,
    0xff, 0xf3, 0x01, 0xff, 0xff, 0xff, 0xff, 0xff,
    0x30, 0x1f, 0xff, 0xff, 0xff, 0xff, 0xf3, 0x01,
    0xff, 0xff, 0x88, 0x88, 0x88, 0x10, 0x1f, 0xff,
    0x90, 0x00, 0x00, 0x00, 0x01, 0xff, 0xf9, 0x00,
    0x00, 0x00, 0x00, 0x1f, 0xff, 0x90, 0x00, 0x00,
    0x00, 0x01, 0xff, 0xf9, 0x00, 0x00, 0x00, 0x00,
    0x1f, 0xff, 0x90, 0x00, 0x00, 0x00, 0x01, 0xff,
    0xf9, 0x00, 0x00, 0x00, 0x00, 0x1f, 0xff, 0x90,
    0x00, 0x00, 0x00, 0x00,

    /* U+0047 "G" */
    0x00, 0x00, 0x00, 0x49, 0xde, 0xfe, 0xc9, 0x40,
    0x00, 0x00, 0x00, 0x00, 0x3c, 0xff, 0xff, 0xff,
    0xff, 0xfc, 0x20, 0x00, 0x00, 0x06, 0xff, 0xff,
    0xff, 0xff, 0xff, 0xff, 0xf3, 0x00, 0x00, 0x4f,
    0xff, 0xff, 0xda, 0x9a, 0xef, 0xff, 0xfe, 0x20,
    0x00, 0xef, 0xff, 0xd3, 0x00, 0x00, 0x04, 0xef,
    0xff, 0xb0, 0x08, 0xff, 0xfd, 0x00, 0x00, 0x00,
    0x00, 0x1e, 0xe9, 0x40, 0x0d, 0xff, 0xf2, 0x00,
    0x00, 0x00, 0x00, 0x01, 0x00, 0x00, 0x1f, 0xff,
    0xc0, 0x00, 0x00, 0x00, 0x00, 0x00, 0x00, 0x00,
    0x3f, 0xff, 0x80, 0x00, 0x00, 0x45, 0x55, 0x55,
    0x55, 0x52, 0x4f, 0xff, 0x70, 0x00, 0x00, 0xef,
    0xff, 0xff, 0xff, 0xf8, 0x4f, 0xff, 0x80, 0x00,
    0x00, 0xef, 0xff, 0xff, 0xff, 0xf9, 0x2f, 0xff,
    0xb0, 0x00, 0x00, 0xef, 0xff, 0xff, 0xff, 0xf7,
    0x0e, 0xff, 0xf2, 0x00, 0x00, 0x00, 0x00, 0x07,
    0xff, 0xf4, 0x08, 0xff, 0xfc, 0x00, 0x00, 0x00,
    0x00, 0x2e, 0xff, 0xf0, 0x01, 0xef, 0xff, 0xc2,
    0x00, 0x00, 0x04, 0xef, 0xff, 0x70, 0x00, 0x4f,
    0xff, 0xff, 0xc9, 0x89, 0xdf, 0xff, 0xfc, 0x00,
    0x00, 0x06, 0xff, 0xff, 0xff, 0xff, 0xff, 0xff,
    0xc1, 0x00, 0x00, 0x00, 0x3d, 0xff, 0xff, 0xff,
    0xff, 0xf8, 0x00, 0x00, 0x00, 0x00, 0x00, 0x5a,
    0xdf, 0xfe, 0xc7, 0x10, 0x00, 0x00,

    /* U+0048 "H" */
    0x1f, 0xff, 0x90, 0x00, 0x00, 0x00, 0x6f, 0xff,
    0x41, 0xff, 0xf9, 0x00, 0x00, 0x00, 0x06, 0xff,
    0xf4, 0x1f, 0xff, 0x90, 0x00, 0x00, 0x00, 0x6f,
    0xff, 0x41, 0xff, 0xf9, 0x00, 0x00, 0x00, 0x06,
    0xff, 0xf4, 0x1f, 0xff, 0x90, 0x00, 0x00, 0x00,
    0x6f, 0xff, 0x41, 0xff, 0xf9, 0x00, 0x00, 0x00,
    0x06, 0xff, 0xf4, 0x1f, 0xff, 0x90, 0x00, 0x00,
    0x00, 0x6f, 0xff, 0x41, 0xff, 0xf9, 0x00, 0x00,
    0x00, 0x06, 0xff, 0xf4, 0x1f, 0xff, 0xff, 0xff,
    0xff, 0xff, 0xff, 0xff, 0x41, 0xff, 0xff, 0xff,
    0xff, 0xff, 0xff, 0xff, 0xf4, 0x1f, 0xff, 0xff,
    0xff, 0xff, 0xff, 0xff, 0xff, 0x41, 0xff, 0xff,
    0x88, 0x88, 0x88, 0x8e, 0xff, 0xf4, 0x1f, 0xff,
    0x90, 0x00, 0x00, 0x00, 0x6f, 0xff, 0x41, 0xff,
    0xf9, 0x00, 0x00, 0x00, 0x06, 0xff, 0xf4, 0x1f,
    0xff, 0x90, 0x00, 0x00, 0x00, 0x6f, 0xff, 0x41,
    0xff, 0xf9, 0x00, 0x00, 0x00, 0x06, 0xff, 0xf4,
    0x1f, 0xff, 0x90, 0x00, 0x00, 0x00, 0x6f, 0xff,
    0x41, 0xff, 0xf9, 0x00, 0x00, 0x00, 0x06, 0xff,
    0xf4, 0x1f, 0xff, 0x90, 0x00, 0x00, 0x00, 0x6f,
    0xff, 0x40,

    /* U+0049 "I" */
    0x1f, 0xff, 0x91, 0xff, 0xf9, 0x1f, 0xff, 0x91,
    0xff, 0xf9, 0x1f, 0xff, 0x91, 0xff, 0xf9, 0x1f,
    0xff, 0x91, 0xff, 0xf9, 0x1f, 0xff, 0x91, 0xff,
    0xf9, 0x1f, 0xff, 0x91, 0xff, 0xf9, 0x1f, 0xff,
    0x91, 0xff, 0xf9, 0x1f, 0xff, 0x91, 0xff, 0xf9,
    0x1f, 0xff, 0x91, 0xff, 0xf9, 0x1f, 0xff, 0x90,

    /* U+004A "J" */
    0x00, 0x00, 0x00, 0x00, 0x05, 0xff, 0xf6, 0x00,
    0x00, 0x00, 0x00, 0x05, 0xff, 0xf6, 0x00, 0x00,
    0x00, 0x00, 0x05, 0xff, 0xf6, 0x00, 0x00, 0x00,
    0x00, 0x05, 0xff, 0xf6, 0x00, 0x00, 0x00, 0x00,
    0x05, 0xff, 0xf6, 0x00, 0x00, 0x00, 0x00, 0x05,
    0xff, 0xf6, 0x00, 0x00, 0x00, 0x00, 0x05, 0xff,
    0xf6, 0x00, 0x00, 0x00, 0x00, 0x05, 0xff, 0xf6,
    0x00, 0x00, 0x00, 0x00, 0x05, 0xff, 0xf6, 0x00,
    0x00, 0x00, 0x00, 0x05, 0xff, 0xf6, 0x00, 0x00,
    0x00, 0x00, 0x05, 0xff, 0xf6, 0x03, 0x33, 0x20,
    0x00, 0x05, 0xff, 0xf6, 0x0f, 0xff, 0xa0, 0x00,
    0x05, 0xff, 0xf6, 0x0f, 0xff, 0xc0, 0x00, 0x06,
    0xff, 0xf5, 0x0d, 0xff, 0xf3, 0x00, 0x0c, 0xff,
    0xf3, 0x08, 0xff, 0xff, 0xa9, 0xdf, 0xff, 0xe0,
    0x01, 0xff, 0xff, 0xff, 0xff, 0xff, 0x50, 0x00,
    0x4e, 0xff, 0xff, 0xff, 0xf8, 0x00, 0x00, 0x01,
    0x8d, 0xef, 0xda, 0x30, 0x00,

    /* U+004B "K" */
    0x1f, 0xff, 0x90, 0x00, 0x00, 0x0b, 0xff, 0xfc,
    0x01, 0xff, 0xf9, 0x00, 0x00, 0x0a, 0xff, 0xfd,
    0x10, 0x1f, 0xff, 0x90, 0x00, 0x09, 0xff, 0xfe,
    0x10, 0x01, 0xff, 0xf9, 0x00, 0x07, 0xff, 0xfe,
    0x20, 0x00, 0x1f, 0xff, 0x90, 0x06, 0xff, 0xff,
    0x30, 0x00, 0x01, 0xff, 0xf9, 0x05, 0xff, 0xff,
    0x40, 0x00, 0x00, 0x1f, 0xff, 0x94, 0xff, 0xff,
    0x50, 0x00, 0x00, 0x01, 0xff, 0xfc, 0xff, 0xff,
    0x60, 0x00, 0x00, 0x00, 0x1f, 0xff, 0xff, 0xff,
    0x80, 0x00, 0x00, 0x00, 0x01, 0xff, 0xff, 0xff,
    0xf0, 0x00, 0x00, 0x00, 0x00, 0x1f, 0xff, 0xff,
    0xff, 0x90, 0x00, 0x00, 0x00, 0x01, 0xff, 0xfd,
    0xff, 0xff, 0x80, 0x00, 0x00, 0x00, 0x1f, 0xff,
    0x95, 0xff, 0xff, 0x60, 0x00, 0x00, 0x01, 0xff,
    0xf9, 0x06, 0xff, 0xff, 0x50, 0x00, 0x00, 0x1f,
    0xff, 0x90, 0x08, 0xff, 0xff, 0x40, 0x00, 0x01,
    0xff, 0xf9, 0x00, 0x0a, 0xff, 0xff, 0x30, 0x00,
    0x1f, 0xff, 0x90, 0x00, 0x0b, 0xff, 0xfe, 0x20,
    0x01, 0xff, 0xf9, 0x00, 0x00, 0x0c, 0xff, 0xfd,
    0x10, 0x1f, 0xff, 0x90, 0x00, 0x00, 0x1d, 0xff,
    0xfd, 0x00,

    /* U+004C "L" */
    0x1f, 0xff, 0x90, 0x00, 0x00, 0x00, 0x01, 0xff,
    0xf9, 0x00, 0x00, 0x00, 0x00, 0x1f, 0xff, 0x90,
    0x00, 0x00, 0x00, 0x01, 0xff, 0xf9, 0x00, 0x00,
    0x00, 0x00, 0x1f, 0xff, 0x90, 0x00, 0x00, 0x00,
    0x01, 0xff, 0xf9, 0x00, 0x00, 0x00, 0x00, 0x1f,
    0xff, 0x90, 0x00, 0x00, 0x00, 0x01, 0xff, 0xf9,
    0x00, 0x00, 0x00, 0x00, 0x1f, 0xff, 0x90, 0x00,
    0x00, 0x00, 0x01, 0xff, 0xf9, 0x00, 0x00, 0x00,
    0x00, 0x1f, 0xff, 0x90, 0x00, 0x00, 0x00, 0x01,
    0xff, 0xf9, 0x00, 0x00, 0x00, 0x00, 0x1f, 0xff,
    0x90, 0x00, 0x00, 0x00, 0x01, 0xff, 0xf9, 0x00,
    0x00, 0x00, 0x00, 0x1f, 0xff, 0x90, 0x00, 0x00,
    0x00, 0x01, 0xff, 0xff, 0x88, 0x88, 0x88, 0x82,
    0x1f, 0xff, 0xff, 0xff, 0xff, 0xff, 0x51, 0xff,
    0xff, 0xff, 0xff, 0xff, 0xf5, 0x1f, 0xff, 0xff,
    0xff, 0xff, 0xff, 0x50,

    /* U+004D "M" */
    0x00, 0x00, 0xff, 0xf9, 0x00, 0x00, 0x00, 0x00,
    0x4f, 0xff, 0x30, 0x00, 0x00, 0x02, 0xff, 0xfe,
    0x00, 0x00, 0x00, 0x00, 0xaf, 0xff, 0x60, 0x00,
    0x00, 0x04, 0xff, 0xff, 0x40, 0x00, 0x00, 0x00,
    0xff, 0xff, 0x90, 0x00, 0x00, 0x07, 0xff, 0xff,
    0xa0, 0x00, 0x00, 0x05, 0xff, 0xff, 0xc0, 0x00,
    0x00, 0x0a, 0xff, 0xff, 0xf0, 0x00, 0x00, 0x0b,
    0xff, 0xff, 0xf0, 0x00, 0x00, 0x0d, 0xff, 0xff,
    0xf5, 0x00, 0x00, 0x1f, 0xff, 0xff, 0xf2, 0x00,
    0x00, 0x0f, 0xff, 0xef, 0xfb, 0x00, 0x00, 0x6f,
    0xfe, 0xff, 0xf5, 0x00, 0x00, 0x3f, 0xff, 0x7f,
    0xff, 0x10, 0x00, 0xcf, 0xf8, 0xff, 0xf8, 0x00,
    0x00, 0x6f, 0xff, 0x1e, 0xff, 0x70, 0x02, 0xff,
    0xf3, 0xcf, 0xfa, 0x00, 0x00, 0x9f, 0xff, 0x0a,
    0xff, 0xc0, 0x07, 0xff, 0xe0, 0xaf, 0xfd, 0x00,
    0x00, 0xbf, 0xfc, 0x04, 0xff, 0xf2, 0x0d, 0xff,
    0x90, 0x7f, 0xff, 0x00, 0x00, 0xef, 0xfa, 0x00,
    0xef, 0xf8, 0x3f, 0xff, 0x30, 0x5f, 0xff, 0x30,
    0x01, 0xff, 0xf7, 0x00, 0x9f, 0xfd, 0x9f, 0xfe,
    0x00, 0x2f, 0xff, 0x60, 0x04, 0xff, 0xf5, 0x00,
    0x3f, 0xff, 0xff, 0xf8, 0x00, 0x0f, 0xff, 0x90,
    0x07, 0xff, 0xf2, 0x00, 0x0e, 0xff, 0xff, 0xf2,
    0x00, 0x0d, 0xff, 0xc0, 0x0a, 0xff, 0xf0, 0x00,
    0x08, 0xff, 0xff, 0xd0, 0x00, 0x0b, 0xff, 0xf0,
    0x0d, 0xff, 0xd0, 0x00, 0x02, 0xff, 0xff, 0x70,
    0x00, 0x08, 0xff, 0xf2, 0x0f, 0xff, 0xb0, 0x00,
    0x00, 0xdf, 0xff, 0x10, 0x00, 0x06, 0xff, 0xf4,
    0x2f, 0xff, 0x80, 0x00, 0x00, 0x7f, 0xfc, 0x00,
    0x00, 0x03, 0xff, 0xf7,

    /* U+004E "N" */
    0x1f, 0xff, 0x80, 0x00, 0x00, 0x00, 0x07, 0xff,
    0xf3, 0x1f, 0xff, 0xf5, 0x00, 0x00, 0x00, 0x07,
    0xff, 0xf3, 0x1f, 0xff, 0xfe, 0x20, 0x00, 0x00,
    0x07, 0xff, 0xf3, 0x1f, 0xff, 0xff, 0xc0, 0x00,
    0x00, 0x07, 0xff, 0xf3, 0x1f, 0xff, 0xff, 0xf9,
    0x00, 0x00, 0x07, 0xff, 0xf3, 0x1f, 0xff, 0xff,
    0xff, 0x50, 0x00, 0x07, 0xff, 0xf3, 0x1f, 0xff,
    0xff, 0xff, 0xe2, 0x00, 0x07, 0xff, 0xf3, 0x1f,
    0xff, 0x9b, 0xff, 0xfc, 0x00, 0x07, 0xff, 0xf3,
    0x1f, 0xff, 0x91, 0xef, 0xff, 0x90, 0x07, 0xff,
    0xf3, 0x1f, 0xff, 0x90, 0x3f, 0xff, 0xf5, 0x07,
    0xff, 0xf3, 0x1f, 0xff, 0x90, 0x07, 0xff, 0xfe,
    0x27, 0xff, 0xf3, 0x1f, 0xff, 0x90, 0x00, 0xbf,
    0xff, 0xc7, 0xff, 0xf3, 0x1f, 0xff, 0x90, 0x00,
    0x1e, 0xff, 0xff, 0xff, 0xf3, 0x1f, 0xff, 0x90,
    0x00, 0x03, 0xff, 0xff, 0xff, 0xf3, 0x1f, 0xff,
    0x90, 0x00, 0x00, 0x7f, 0xff, 0xff, 0xf3, 0x1f,
    0xff, 0x90, 0x00, 0x00, 0x0b, 0xff, 0xff, 0xf3,
    0x1f, 0xff, 0x90, 0x00, 0x00, 0x01, 0xef, 0xff,
    0xf3, 0x1f, 0xff, 0x90, 0x00, 0x00, 0x00, 0x3f,
    0xff, 0xf3, 0x1f, 0xff, 0x90, 0x00, 0x00, 0x00,
    0x07, 0xff, 0xf3,

    /* U+004F "O" */
    0x00, 0x00, 0x00, 0x38, 0xce, 0xfe, 0xc8, 0x30,
    0x00, 0x00, 0x00, 0x00, 0x03, 0xcf, 0xff, 0xff,
    0xff, 0xff, 0xc2, 0x00, 0x00, 0x00, 0x05, 0xff,
    0xff, 0xff, 0xff, 0xff, 0xff, 0xf5, 0x00, 0x00,
    0x04, 0xff, 0xff, 0xfe, 0xb9, 0xbe, 0xff, 0xff,
    0xf4, 0x00, 0x00, 0xef, 0xff, 0xe4, 0x00, 0x00,
    0x04, 0xef, 0xff, 0xe0, 0x00, 0x7f, 0xff, 0xd1,
    0x00, 0x00, 0x00, 0x01, 0xdf, 0xff, 0x70, 0x0d,
    0xff, 0xf3, 0x00, 0x00, 0x00, 0x00, 0x03, 0xff,
    0xfd, 0x01, 0xff, 0xfc, 0x00, 0x00, 0x00, 0x00,
    0x00, 0x0c, 0xff, 0xf1, 0x3f, 0xff, 0x80, 0x00,
    0x00, 0x00, 0x00, 0x00, 0x8f, 0xff, 0x34, 0xff,
    0xf7, 0x00, 0x00, 0x00, 0x00, 0x00, 0x07, 0xff,
    0xf4, 0x3f, 0xff, 0x80, 0x00, 0x00, 0x00, 0x00,
    0x00, 0x8f, 0xff, 0x31, 0xff, 0xfc, 0x00, 0x00,
    0x00, 0x00, 0x00, 0x0c, 0xff, 0xf1, 0x0d, 0xff,
    0xf3, 0x00, 0x00, 0x00, 0x00, 0x03, 0xff, 0xfd,
    0x00, 0x7f, 0xff, 0xd1, 0x00, 0x00, 0x00, 0x01,
    0xdf, 0xff, 0x70, 0x00, 0xef, 0xff, 0xe5, 0x00,
    0x00, 0x05, 0xef, 0xff, 0xe0, 0x00, 0x04, 0xff,
    0xff, 0xfe, 0xba, 0xbe, 0xff, 0xff, 0xf4, 0x00,
    0x00, 0x05, 0xff, 0xff, 0xff, 0xff, 0xff, 0xff,
    0xf5, 0x00, 0x00, 0x00, 0x02, 0xcf, 0xff, 0xff,
    0xff, 0xff, 0xc2, 0x00, 0x00, 0x00, 0x00, 0x00,
    0x38, 0xce, 0xfe, 0xd9, 0x30, 0x00, 0x00, 0x00,

    /* U+0050 "P" */
    0x1f, 0xff, 0xff, 0xff, 0xec, 0x71, 0x00, 0x01,
    0xff, 0xff, 0xff, 0xff, 0xff, 0xe5, 0x00, 0x1f,
    0xff, 0xff, 0xff, 0xff, 0xff, 0xf4, 0x01, 0xff,
    0xff, 0x88, 0x8a, 0xff, 0xff, 0xe0, 0x1f, 0xff,
    0x90, 0x00, 0x01, 0xdf, 0xff, 0x51, 0xff, 0xf9,
    0x00, 0x00, 0x05, 0xff, 0xf8, 0x1f, 0xff, 0x90,
    0x00, 0x00, 0x2f, 0xff, 0xa1, 0xff, 0xf9, 0x00,
    0x00, 0x03, 0xff, 0xf9, 0x1f, 0xff, 0x90, 0x00,
    0x00, 0x9f, 0xff, 0x71, 0xff, 0xf9, 0x00, 0x02,
    0x9f, 0xff, 0xf2, 0x1f, 0xff, 0xff, 0xff, 0xff,
    0xff, 0xfa, 0x01, 0xff, 0xff, 0xff, 0xff, 0xff,
    0xfd, 0x00, 0x1f, 0xff, 0xff, 0xff, 0xff, 0xf9,
    0x00, 0x01, 0xff, 0xff, 0x88, 0x87, 0x51, 0x00,
    0x00, 0x1f, 0xff, 0x90, 0x00, 0x00, 0x00, 0x00,
    0x01, 0xff, 0xf9, 0x00, 0x00, 0x00, 0x00, 0x00,
    0x1f, 0xff, 0x90, 0x00, 0x00, 0x00, 0x00, 0x01,
    0xff, 0xf9, 0x00, 0x00, 0x00, 0x00, 0x00, 0x1f,
    0xff, 0x90, 0x00, 0x00, 0x00, 0x00, 0x00,

    /* U+0051 "Q" */
    0x00, 0x00, 0x00, 0x38, 0xce, 0xfe, 0xc8, 0x30,
    0x00, 0x00, 0x00, 0x00, 0x03, 0xcf, 0xff, 0xff,
    0xff, 0xff, 0xc2, 0x00, 0x00, 0x00, 0x05, 0xff,
    0xff, 0xff, 0xff, 0xff, 0xff, 0xf5, 0x00, 0x00,
    0x04, 0xff, 0xff, 0xfe, 0xb9, 0xbe, 0xff, 0xff,
    0xf4, 0x00, 0x00, 0xef, 0xff, 0xe4, 0x00, 0x00,
    0x04, 0xef, 0xff, 0xe0, 0x00, 0x7f, 0xff, 0xd1,
    0x00, 0x00, 0x00, 0x01, 0xdf, 0xff, 0x70, 0x0d,
    0xff, 0xf3, 0x00, 0x00, 0x00, 0x00, 0x03, 0xff,
    0xfd, 0x01, 0xff, 0xfc, 0x00, 0x00, 0x00, 0x00,
    0x00, 0x0c, 0xff, 0xf1, 0x3f, 0xff, 0x80, 0x00,
    0x00, 0x00, 0x00, 0x00, 0x8f, 0xff, 0x34, 0xff,
    0xf7, 0x00, 0x00, 0x00, 0x00, 0x00, 0x07, 0xff,
    0xf4, 0x3f, 0xff, 0x80, 0x00, 0x00, 0x34, 0x44,
    0x00, 0x8f, 0xff, 0x31, 0xff, 0xfc, 0x00, 0x00,
    0x06, 0xff, 0xf5, 0x0c, 0xff, 0xf1, 0x0d, 0xff,
    0xf3, 0x00, 0x00, 0x0c, 0xff, 0xe3, 0xff, 0xfd,
    0x00, 0x7f, 0xff, 0xd1, 0x00, 0x00, 0x3f, 0xff,
    0xff, 0xff, 0x70, 0x00, 0xef, 0xff, 0xe5, 0x00,
    0x00, 0x9f, 0xff, 0xff, 0xe0, 0x00, 0x04, 0xff,
    0xff, 0xfe, 0xba, 0xbf, 0xff, 0xff, 0xf4, 0x00,
    0x00, 0x05, 0xff, 0xff, 0xff, 0xff, 0xff, 0xff,
    0xfb, 0x00, 0x00, 0x00, 0x02, 0xcf, 0xff, 0xff,
    0xff, 0xff, 0xff, 0xe1, 0x00, 0x00, 0x00, 0x00,
    0x38, 0xce, 0xfe, 0xd9, 0x6f, 0xff, 0x90, 0x00,
    0x00, 0x00, 0x00, 0x00, 0x00, 0x00, 0x00, 0x8f,
    0xff, 0x30,

    /* U+0052 "R" */
    0x1f, 0xff, 0xff, 0xff, 0xfd, 0x82, 0x00, 0x00,
    0x1f, 0xff, 0xff, 0xff, 0xff, 0xff, 0x70, 0x00,
    0x1f, 0xff, 0xff, 0xff, 0xff, 0xff, 0xf7, 0x00,
    0x1f, 0xff, 0xf8, 0x88, 0xae, 0xff, 0xff, 0x20,
    0x1f, 0xff, 0x90, 0x00, 0x00, 0xaf, 0xff, 0x80,
    0x1f, 0xff, 0x90, 0x00, 0x00, 0x1f, 0xff, 0xb0,
    0x1f, 0xff, 0x90, 0x00, 0x00, 0x0f, 0xff, 0xd0,
    0x1f, 0xff, 0x90, 0x00, 0x00, 0x1f, 0xff, 0xb0,
    0x1f, 0xff, 0x90, 0x00, 0x00, 0xbf, 0xff, 0x80,
    0x1f, 0xff, 0xf8, 0x88, 0x9e, 0xff, 0xff, 0x20,
    0x1f, 0xff, 0xff, 0xff, 0xff, 0xff, 0xf8, 0x00,
    0x1f, 0xff, 0xff, 0xff, 0xff, 0xff, 0x80, 0x00,
    0x1f, 0xff, 0xff, 0xff, 0xff, 0xfb, 0x00, 0x00,
    0x1f, 0xff, 0x90, 0x00, 0xef, 0xff, 0x10, 0x00,
    0x1f, 0xff, 0x90, 0x00, 0x6f, 0xff, 0x90, 0x00,
    0x1f, 0xff, 0x90, 0x00, 0x0d, 0xff, 0xf2, 0x00,
    0x1f, 0xff, 0x90, 0x00, 0x05, 0xff, 0xfb, 0x00,
    0x1f, 0xff, 0x90, 0x00, 0x00, 0xcf, 0xff, 0x30,
    0x1f, 0xff, 0x90, 0x00, 0x00, 0x3f, 0xff, 0xc0,

    /* U+0053 "S" */
    0x00, 0x00, 0x39, 0xdf, 0xfd, 0xa4, 0x00, 0x00,
    0x00, 0x09, 0xff, 0xff, 0xff, 0xff, 0xb1, 0x00,
    0x00, 0x9f, 0xff, 0xff, 0xff, 0xff, 0xfd, 0x10,
    0x02, 0xff, 0xff, 0xb8, 0x8b, 0xff, 0xff, 0x50,
    0x06, 0xff, 0xf7, 0x00, 0x00, 0x3d, 0xb2, 0x00,
    0x07, 0xff, 0xf3, 0x00, 0x00, 0x00, 0x00, 0x00,
    0x05, 0xff, 0xfa, 0x00, 0x00, 0x00, 0x00, 0x00,
    0x00, 0xff, 0xff, 0xe8, 0x30, 0x00, 0x00, 0x00,
    0x00, 0x5f, 0xff, 0xff, 0xff, 0xb4, 0x00, 0x00,
    0x00, 0x04, 0xdf, 0xff, 0xff, 0xff, 0xd2, 0x00,
    0x00, 0x00, 0x04, 0x9e, 0xff, 0xff, 0xfe, 0x20,
    0x00, 0x00, 0x00, 0x00, 0x27, 0xef, 0xff, 0xa0,
    0x00, 0x00, 0x00, 0x00, 0x00, 0x1f, 0xff, 0xe0,
    0x00, 0x8e, 0x30, 0x00, 0x00, 0x0c, 0xff, 0xf0,
    0x1e, 0xff, 0xe4, 0x00, 0x00, 0x1f, 0xff, 0xe0,
    0x0a, 0xff, 0xff, 0xc8, 0x79, 0xef, 0xff, 0x90,
    0x00, 0xcf, 0xff, 0xff, 0xff, 0xff, 0xfe, 0x10,
    0x00, 0x1a, 0xff, 0xff, 0xff, 0xff, 0xd3, 0x00,
    0x00, 0x00, 0x39, 0xdf, 0xfe, 0xb6, 0x00, 0x00,

    /* U+0054 "T" */
    0xbf, 0xff, 0xff, 0xff, 0xff, 0xff, 0xff, 0xfa,
    0xbf, 0xff, 0xff, 0xff, 0xff, 0xff, 0xff, 0xfa,
    0xbf, 0xff, 0xff, 0xff, 0xff, 0xff, 0xff, 0xfa,
    0x58, 0x88, 0x88, 0xff, 0xff, 0x88, 0x88, 0x85,
    0x00, 0x00, 0x00, 0xff, 0xfb, 0x00, 0x00, 0x00,
    0x00, 0x00, 0x00, 0xff, 0xfb, 0x00, 0x00, 0x00,
    0x00, 0x00, 0x00, 0xff, 0xfb, 0x00, 0x00, 0x00,
    0x00, 0x00, 0x00, 0xff, 0xfb, 0x00, 0x00, 0x00,
    0x00, 0x00, 0x00, 0xff, 0xfb, 0x00, 0x00, 0x00,
    0x00, 0x00, 0x00, 0xff, 0xfb, 0x00, 0x00, 0x00,
    0x00, 0x00, 0x00, 0xff, 0xfb, 0x00, 0x00, 0x00,
    0x00, 0x00, 0x00, 0xff, 0xfb, 0x00, 0x00, 0x00,
    0x00, 0x00, 0x00, 0xff, 0xfb, 0x00, 0x00, 0x00,
    0x00, 0x00, 0x00, 0xff, 0xfb, 0x00, 0x00, 0x00,
    0x00, 0x00, 0x00, 0xff, 0xfb, 0x00, 0x00, 0x00,
    0x00, 0x00, 0x00, 0xff, 0xfb, 0x00, 0x00, 0x00,
    0x00, 0x00, 0x00, 0xff, 0xfb, 0x00, 0x00, 0x00,
    0x00, 0x00, 0x00, 0xff, 0xfb, 0x00, 0x00, 0x00,
    0x00, 0x00, 0x00, 0xff, 0xfb, 0x00, 0x00, 0x00,

    /* U+0055 "U" */
    0x3f, 0xff, 0x70, 0x00, 0x00, 0x00, 0x9f, 0xff,
    0x13, 0xff, 0xf7, 0x00, 0x00, 0x00, 0x09, 0xff,
    0xf1, 0x3f, 0xff, 0x70, 0x00, 0x00, 0x00, 0x9f,
    0xff, 0x13, 0xff, 0xf7, 0x00, 0x00, 0x00, 0x09,
    0xff, 0xf1, 0x3f, 0xff, 0x70, 0x00, 0x00, 0x00,
    0x9f, 0xff, 0x13, 0xff, 0xf7, 0x00, 0x00, 0x00,
    0x09, 0xff, 0xf1, 0x3f, 0xff, 0x70, 0x00, 0x00,
    0x00, 0x9f, 0xff, 0x13, 0xff, 0xf7, 0x00, 0x00,
    0x00, 0x09, 0xff, 0xf1, 0x3f, 0xff, 0x70, 0x00,
    0x00, 0x00, 0x9f, 0xff, 0x13, 0xff, 0xf7, 0x00,
    0x00, 0x00, 0x09, 0xff, 0xf1, 0x3f, 0xff, 0x70,
    0x00, 0x00, 0x00, 0x9f, 0xff, 0x12, 0xff, 0xf8,
    0x00, 0x00, 0x00, 0x0a, 0xff, 0xf0, 0x1f, 0xff,
    0xa0, 0x00, 0x00, 0x00, 0xcf, 0xff, 0x00, 0xff,
    0xff, 0x10, 0x00, 0x00, 0x2f, 0xff, 0xd0, 0x0a,
    0xff, 0xfb, 0x00, 0x00, 0x1c, 0xff, 0xf8, 0x00,
    0x3f, 0xff, 0xfe, 0xa9, 0xaf, 0xff, 0xff, 0x20,
    0x00, 0x8f, 0xff, 0xff, 0xff, 0xff, 0xff, 0x60,
    0x00, 0x00, 0x7f, 0xff, 0xff, 0xff, 0xff, 0x60,
    0x00, 0x00, 0x00, 0x28, 0xce, 0xfe, 0xc7, 0x10,
    0x00, 0x00,

    /* U+0056 "V" */
    0x9f, 0xff, 0x20, 0x00, 0x00, 0x00, 0x01, 0xff,
    0xf9, 0x4f, 0xff, 0x70, 0x00, 0x00, 0x00, 0x07,
    0xff, 0xf4, 0x0e, 0xff, 0xd0, 0x00, 0x00, 0x00,
    0x0c, 0xff, 0xe0, 0x09, 0xff, 0xf2, 0x00, 0x00,
    0x00, 0x2f, 0xff, 0x90, 0x03, 0xff, 0xf8, 0x00,
    0x00, 0x00, 0x7f, 0xff, 0x30, 0x00, 0xef, 0xfd,
    0x00, 0x00, 0x00, 0xdf, 0xfd, 0x00, 0x00, 0x8f,
    0xff, 0x30, 0x00, 0x02, 0xff, 0xf8, 0x00, 0x00,
    0x2f, 0xff, 0x80, 0x00, 0x08, 0xff, 0xf2, 0x00,
    0x00, 0x0d, 0xff, 0xe0, 0x00, 0x0d, 0xff, 0xd0,
    0x00, 0x00, 0x07, 0xff, 0xf3, 0x00, 0x3f, 0xff,
    0x70, 0x00, 0x00, 0x02, 0xff, 0xf9, 0x00, 0x8f,
    0xff, 0x20, 0x00, 0x00, 0x00, 0xcf, 0xfe, 0x00,
    0xdf, 0xfc, 0x00, 0x00, 0x00, 0x00, 0x7f, 0xff,
    0x43, 0xff, 0xf7, 0x00, 0x00, 0x00, 0x00, 0x1f,
    0xff, 0x99, 0xff, 0xf1, 0x00, 0x00, 0x00, 0x00,
    0x0c, 0xff, 0xee, 0xff, 0xc0, 0x00, 0x00, 0x00,
    0x00, 0x06, 0xff, 0xff, 0xff, 0x60, 0x00, 0x00,
    0x00, 0x00, 0x01, 0xff, 0xff, 0xff, 0x10, 0x00,
    0x00, 0x00, 0x00, 0x00, 0xbf, 0xff, 0xfb, 0x00,
    0x00, 0x00, 0x00, 0x00, 0x00, 0x6f, 0xff, 0xf6,
    0x00, 0x00, 0x00,

    /* U+0057 "W" */
    0x7f, 0xff, 0x30, 0x00, 0x00, 0x03, 0xff, 0xff,
    0x00, 0x00, 0x00, 0x0c, 0xff, 0xe0, 0x3f, 0xff,
    0x70, 0x00, 0x00, 0x08, 0xff, 0xff, 0x00, 0x00,
    0x00, 0x0f, 0xff, 0xa0, 0x0e, 0xff, 0xc0, 0x00,
    0x00, 0x0c, 0xff, 0xff, 0x40, 0x00, 0x00, 0x4f,
    0xff, 0x60, 0x0a, 0xff, 0xf0, 0x00, 0x00, 0x1f,
    0xff, 0xff, 0x90, 0x00, 0x00, 0x8f, 0xff, 0x10,
    0x06, 0xff, 0xf4, 0x00, 0x00, 0x6f, 0xff, 0xff,
    0xe0, 0x00, 0x00, 0xdf, 0xfd, 0x00, 0x01, 0xff,
    0xf8, 0x00, 0x00, 0xbf, 0xff, 0xff, 0xf2, 0x00,
    0x01, 0xff, 0xf9, 0x00, 0x00, 0xdf, 0xfc, 0x00,
    0x00, 0xff, 0xf9, 0xff, 0xf7, 0x00, 0x05, 0xff,
    0xf4, 0x00, 0x00, 0x8f, 0xff, 0x10, 0x05, 0xff,
    0xf3, 0xbf, 0xfc, 0x00, 0x09, 0xff, 0xf0, 0x00,
    0x00, 0x4f, 0xff, 0x50, 0x0a, 0xff, 0xe0, 0x7f,
    0xff, 0x10, 0x0d, 0xff, 0xc0, 0x00, 0x00, 0x0f,
    0xff, 0x90, 0x0e, 0xff, 0x90, 0x2f, 0xff, 0x60,
    0x2f, 0xff, 0x70, 0x00, 0x00, 0x0b, 0xff, 0xd0,
    0x3f, 0xff, 0x50, 0x0d, 0xff, 0xb0, 0x6f, 0xff,
    0x30, 0x00, 0x00, 0x07, 0xff, 0xf2, 0x8f, 0xff,
    0x00, 0x08, 0xff, 0xf0, 0xaf, 0xfe, 0x00, 0x00,
    0x00, 0x03, 0xff, 0xf6, 0xdf, 0xfb, 0x00, 0x03,
    0xff, 0xf4, 0xef, 0xfa, 0x00, 0x00, 0x00, 0x00,
    0xef, 0xfc, 0xff, 0xf6, 0x00, 0x00, 0xef, 0xfc,
    0xff, 0xf6, 0x00, 0x00, 0x00, 0x00, 0xaf, 0xff,
    0xff, 0xf1, 0x00, 0x00, 0x9f, 0xff, 0xff, 0xf1,
    0x00, 0x00, 0x00, 0x00, 0x5f, 0xff, 0xff, 0xc0,
    0x00, 0x00, 0x5f, 0xff, 0xff, 0xd0, 0x00, 0x00,
    0x00, 0x00, 0x1f, 0xff, 0xff, 0x70, 0x00, 0x00,
    0x0f, 0xff, 0xff, 0x80, 0x00, 0x00, 0x00, 0x00,
    0x0d, 0xff, 0xff, 0x20, 0x00, 0x00, 0x0b, 0xff,
    0xff, 0x40, 0x00, 0x00, 0x00, 0x00, 0x08, 0xff,
    0xfd, 0x00, 0x00, 0x00, 0x06, 0xff, 0xff, 0x00,
    0x00, 0x00,

    /* U+0058 "X" */
    0x3f, 0xff, 0xf3, 0x00, 0x00, 0x00, 0x07, 0xff,
    0xfd, 0x00, 0x8f, 0xff, 0xd0, 0x00, 0x00, 0x02,
    0xff, 0xff, 0x30, 0x00, 0xcf, 0xff, 0x80, 0x00,
    0x00, 0xcf, 0xff, 0x80, 0x00, 0x02, 0xff, 0xff,
    0x30, 0x00, 0x7f, 0xff, 0xc0, 0x00, 0x00, 0x06,
    0xff, 0xfd, 0x00, 0x2f, 0xff, 0xf2, 0x00, 0x00,
    0x00, 0x0b, 0xff, 0xf8, 0x0c, 0xff, 0xf6, 0x00,
    0x00, 0x00, 0x00, 0x1e, 0xff, 0xfb, 0xff, 0xfb,
    0x00, 0x00, 0x00, 0x00, 0x00, 0x5f, 0xff, 0xff,
    0xfe, 0x10, 0x00, 0x00, 0x00, 0x00, 0x00, 0xaf,
    0xff, 0xff, 0x50, 0x00, 0x00, 0x00, 0x00, 0x00,
    0x03, 0xff, 0xff, 0xf0, 0x00, 0x00, 0x00, 0x00,
    0x00, 0x00, 0xdf, 0xff, 0xff, 0x40, 0x00, 0x00,
    0x00, 0x00, 0x00, 0x8f, 0xff, 0xff, 0xfe, 0x10,
    0x00, 0x00, 0x00, 0x00, 0x4f, 0xff, 0xfd, 0xff,
    0xfb, 0x00, 0x00, 0x00, 0x00, 0x0e, 0xff, 0xf6,
    0x1e, 0xff, 0xf6, 0x00, 0x00, 0x00, 0x0a, 0xff,
    0xfc, 0x00, 0x4f, 0xff, 0xf2, 0x00, 0x00, 0x05,
    0xff, 0xff, 0x20, 0x00, 0x9f, 0xff, 0xc0, 0x00,
    0x01, 0xef, 0xff, 0x60, 0x00, 0x00, 0xdf, 0xff,
    0x80, 0x00, 0xbf, 0xff, 0xb0, 0x00, 0x00, 0x03,
    0xff, 0xff, 0x30, 0x6f, 0xff, 0xe1, 0x00, 0x00,
    0x00, 0x08, 0xff, 0xfd, 0x00,

    /* U+0059 "Y" */
    0x0c, 0xff, 0xf4, 0x00, 0x00, 0x00, 0x0c, 0xff,
    0xf3, 0x04, 0xff, 0xfc, 0x00, 0x00, 0x00, 0x4f,
    0xff, 0xb0, 0x00, 0xcf, 0xff, 0x40, 0x00, 0x00,
    0xcf, 0xff, 0x20, 0x00, 0x3f, 0xff, 0xc0, 0x00,
    0x04, 0xff, 0xfa, 0x00, 0x00, 0x0b, 0xff, 0xf4,
    0x00, 0x0c, 0xff, 0xf2, 0x00, 0x00, 0x03, 0xff,
    0xfc, 0x00, 0x4f, 0xff, 0x90, 0x00, 0x00, 0x00,
    0xaf, 0xff, 0x40, 0xcf, 0xff, 0x10, 0x00, 0x00,
    0x00, 0x2f, 0xff, 0xc4, 0xff, 0xf8, 0x00, 0x00,
    0x00, 0x00, 0x0a, 0xff, 0xff, 0xff, 0xf1, 0x00,
    0x00, 0x00, 0x00, 0x02, 0xff, 0xff, 0xff, 0x80,
    0x00, 0x00, 0x00, 0x00, 0x00, 0x9f, 0xff, 0xff,
    0x00, 0x00, 0x00, 0x00, 0x00, 0x00, 0x1f, 0xff,
    0xf8, 0x00, 0x00, 0x00, 0x00, 0x00, 0x00, 0x0c,
    0xff, 0xf1, 0x00, 0x00, 0x00, 0x00, 0x00, 0x00,
    0x09, 0xff, 0xf0, 0x00, 0x00, 0x00, 0x00, 0x00,
    0x00, 0x09, 0xff, 0xf0, 0x00, 0x00, 0x00, 0x00,
    0x00, 0x00, 0x09, 0xff, 0xf0, 0x00, 0x00, 0x00,
    0x00, 0x00, 0x00, 0x09, 0xff, 0xf0, 0x00, 0x00,
    0x00, 0x00, 0x00, 0x00, 0x09, 0xff, 0xf0, 0x00,
    0x00, 0x00, 0x00, 0x00, 0x00, 0x09, 0xff, 0xf0,
    0x00, 0x00, 0x00,

    /* U+005A "Z" */
    0x9f, 0xff, 0xff, 0xff, 0xff, 0xff, 0xfe, 0x09,
    0xff, 0xff, 0xff, 0xff, 0xff, 0xff, 0xe0, 0x9f,
    0xff, 0xff, 0xff, 0xff, 0xff, 0xfe, 0x04, 0x88,
    0x88, 0x88, 0x88, 0xff, 0xff, 0x60, 0x00, 0x00,
    0x00, 0x00, 0x7f, 0xff, 0xb0, 0x00, 0x00, 0x00,
    0x00, 0x2f, 0xff, 0xe1, 0x00, 0x00, 0x00, 0x00,
    0x0d, 0xff, 0xf4, 0x00, 0x00, 0x00, 0x00, 0x09,
    0xff, 0xf9, 0x00, 0x00, 0x00, 0x00, 0x04, 0xff,
    0xfd, 0x00, 0x00, 0x00, 0x00, 0x01, 0xef, 0xff,
    0x30, 0x00, 0x00, 0x00, 0x00, 0xbf, 0xff, 0x70,
    0x00, 0x00, 0x00, 0x00, 0x7f, 0xff, 0xc0, 0x00,
    0x00, 0x00, 0x00, 0x3f, 0xff, 0xf1, 0x00, 0x00,
    0x00, 0x00, 0x0d, 0xff, 0xf5, 0x00, 0x00, 0x00,
    0x00, 0x09, 0xff, 0xfa, 0x00, 0x00, 0x00, 0x00,
    0x05, 0xff, 0xff, 0x98, 0x88, 0x88, 0x88, 0x80,
    0xcf, 0xff, 0xff, 0xff, 0xff, 0xff, 0xff, 0x0c,
    0xff, 0xff, 0xff, 0xff, 0xff, 0xff, 0xf0, 0xcf,
    0xff, 0xff, 0xff, 0xff, 0xff, 0xff, 0x00,

    /* U+005B "[" */
    0x3f, 0xff, 0xff, 0xf8, 0x3f, 0xff, 0xff, 0xf8,
    0x3f, 0xff, 0xff, 0xf8, 0x3f, 0xff, 0xe6, 0x63,
    0x3f, 0xff, 0x70, 0x00, 0x3f, 0xff, 0x70, 0x00,
    0x3f, 0xff, 0x70, 0x00, 0x3f, 0xff, 0x70, 0x00,
    0x3f, 0xff, 0x70, 0x00, 0x3f, 0xff, 0x70, 0x00,
    0x3f, 0xff, 0x70, 0x00, 0x3f, 0xff, 0x70, 0x00,
    0x3f, 0xff, 0x70, 0x00, 0x3f, 0xff, 0x70, 0x00,
    0x3f, 0xff, 0x70, 0x00, 0x3f, 0xff, 0x70, 0x00,
    0x3f, 0xff, 0x70, 0x00, 0x3f, 0xff, 0x70, 0x00,
    0x3f, 0xff, 0x70, 0x00, 0x3f, 0xff, 0x70, 0x00,
    0x3f, 0xff, 0x70, 0x00, 0x3f, 0xff, 0x70, 0x00,
    0x3f, 0xff, 0xd6, 0x63, 0x3f, 0xff, 0xff, 0xf8,
    0x3f, 0xff, 0xff, 0xf8, 0x3f, 0xff, 0xff, 0xf8,

    /* U+005C "\\" */
    0x00, 0x07, 0x00, 0x00, 0x00, 0x00, 0x00, 0x00,
    0x8e, 0xf7, 0x00, 0x00, 0x00, 0x00, 0x00, 0x0b,
    0xff, 0xe0, 0x00, 0x00, 0x00, 0x00, 0x00, 0x3f,
    0xff, 0x70, 0x00, 0x00, 0x00, 0x00, 0x00, 0xbf,
    0xfe, 0x00, 0x00, 0x00, 0x00, 0x00, 0x04, 0xff,
    0xf6, 0x00, 0x00, 0x00, 0x00, 0x00, 0x0c, 0xff,
    0xe0, 0x00, 0x00, 0x00, 0x00, 0x00, 0x4f, 0xff,
    0x60, 0x00, 0x00, 0x00, 0x00, 0x00, 0xcf, 0xfd,
    0x00, 0x00, 0x00, 0x00, 0x00, 0x04, 0xff, 0xf5,
    0x00, 0x00, 0x00, 0x00, 0x00, 0x0d, 0xff, 0xd0,
    0x00, 0x00, 0x00, 0x00, 0x00, 0x5f, 0xff, 0x50,
    0x00, 0x00, 0x00, 0x00, 0x00, 0xdf, 0xfd, 0x00,
    0x00, 0x00, 0x00, 0x00, 0x05, 0xff, 0xf5, 0x00,
    0x00, 0x00, 0x00, 0x00, 0x0d, 0xff, 0xc0, 0x00,
    0x00, 0x00, 0x00, 0x00, 0x6f, 0xff, 0x40, 0x00,
    0x00, 0x00, 0x00, 0x00, 0xdf, 0xfc, 0x00, 0x00,
    0x00, 0x00, 0x00, 0x06, 0xff, 0xf4, 0x00, 0x00,
    0x00, 0x00, 0x00, 0x0e, 0xff, 0xc0, 0x00, 0x00,
    0x00, 0x00, 0x00, 0x6f, 0xff, 0x30, 0x00, 0x00,
    0x00, 0x00, 0x00, 0xef, 0xfb, 0x00, 0x00, 0x00,
    0x00, 0x00, 0x07, 0xff, 0xf3, 0x00, 0x00, 0x00,
    0x00, 0x00, 0x0e, 0xfa, 0x20, 0x00, 0x00, 0x00,
    0x00, 0x00, 0x42, 0x00,

    /* U+005D "]" */
    0x9f, 0xff, 0xff, 0xf2, 0x9f, 0xff, 0xff, 0xf2,
    0x9f, 0xff, 0xff, 0xf2, 0x36, 0x6f, 0xff, 0xf2,
    0x00, 0x08, 0xff, 0xf2, 0x00, 0x08, 0xff, 0xf2,
    0x00, 0x08, 0xff, 0xf2, 0x00, 0x08, 0xff, 0xf2,
    0x00, 0x08, 0xff, 0xf2, 0x00, 0x08, 0xff, 0xf2,
    0x00, 0x08, 0xff, 0xf2, 0x00, 0x08, 0xff, 0xf2,
    0x00, 0x08, 0xff, 0xf2, 0x00, 0x08, 0xff, 0xf2,
    0x00, 0x08, 0xff, 0xf2, 0x00, 0x08, 0xff, 0xf2,
    0x00, 0x08, 0xff, 0xf2, 0x00, 0x08, 0xff, 0xf2,
    0x00, 0x08, 0xff, 0xf2, 0x00, 0x08, 0xff, 0xf2,
    0x00, 0x08, 0xff, 0xf2, 0x00, 0x08, 0xff, 0xf2,
    0x36, 0x6e, 0xff, 0xf2, 0x9f, 0xff, 0xff, 0xf2,
    0x9f, 0xff, 0xff, 0xf2, 0x9f, 0xff, 0xff, 0xf2,

    /* U+005E "^" */
    0x00, 0x00, 0x01, 0x70, 0x00, 0x00, 0x00, 0x00,
    0x02, 0xdf, 0xb0, 0x00, 0x00, 0x00, 0x03, 0xef,
    0xff, 0xc1, 0x00, 0x00, 0x04, 0xff, 0xff, 0xff,
    0xd2, 0x00, 0x06, 0xff, 0xfd, 0x7f, 0xff, 0xe3,
    0x07, 0xff, 0xfc, 0x10, 0x3e, 0xff, 0xf4, 0x3f,
    0xfa, 0x00, 0x00, 0x1d, 0xfd, 0x10, 0x48, 0x00,
    0x00, 0x00, 0x09, 0x20,

    /* U+005F "_" */
    0x7f, 0xff, 0xff, 0xff, 0xff, 0xff, 0xff, 0xe7,
    0xff, 0xff, 0xff, 0xff, 0xff, 0xff, 0xfe, 0x7f,
    0xff, 0xff, 0xff, 0xff, 0xff, 0xff, 0xe0,

    /* U+0060 "`" */
    0x00, 0x10, 0x00, 0x00, 0x8e, 0x30, 0x00, 0x4f,
    0xff, 0x40, 0x00, 0x6f, 0xff, 0x50, 0x00, 0x5f,
    0xff, 0x50, 0x00, 0x4f, 0xd1, 0x00, 0x00, 0x31,
    0x00,

    /* U+0061 "a" */
    0x00, 0x16, 0xad, 0xff, 0xd9, 0x20, 0x00, 0x0f,
    0xff, 0xff, 0xff, 0xff, 0x40, 0x00, 0xaf, 0xff,
    0xff, 0xff, 0xfe, 0x10, 0x03, 0xa5, 0x31, 0x3c,
    0xff, 0xf6, 0x00, 0x00, 0x00, 0x00, 0x1f, 0xff,
    0x90, 0x01, 0x8d, 0xfe, 0xc5, 0xff, 0xfa, 0x02,
    0xef, 0xff, 0xff, 0xff, 0xff, 0xb0, 0xcf, 0xff,
    0xfc, 0xdf, 0xff, 0xfb, 0x2f, 0xff, 0xd1, 0x00,
    0x6f, 0xff, 0xb3, 0xff, 0xf9, 0x00, 0x00, 0xff,
    0xfb, 0x2f, 0xff, 0xe1, 0x00, 0x7f, 0xff, 0xb0,
    0xcf, 0xff, 0xfd, 0xef, 0xff, 0xfb, 0x02, 0xff,
    0xff, 0xff, 0xff, 0xff, 0xb0, 0x01, 0x9d, 0xfe,
    0xb5, 0x5f, 0xfb,

    /* U+0062 "b" */
    0x7f, 0xff, 0x30, 0x00, 0x00, 0x00, 0x00, 0x07,
    0xff, 0xf3, 0x00, 0x00, 0x00, 0x00, 0x00, 0x7f,
    0xff, 0x30, 0x00, 0x00, 0x00, 0x00, 0x07, 0xff,
    0xf3, 0x00, 0x00, 0x00, 0x00, 0x00, 0x7f, 0xff,
    0x30, 0x00, 0x00, 0x00, 0x00, 0x07, 0xff, 0xf4,
    0x7d, 0xfe, 0xc6, 0x00, 0x00, 0x7f, 0xff, 0xff,
    0xff, 0xff, 0xfd, 0x20, 0x07, 0xff, 0xff, 0xff,
    0xff, 0xff, 0xfd, 0x00, 0x7f, 0xff, 0xfe, 0x86,
    0xaf, 0xff, 0xf7, 0x07, 0xff, 0xfd, 0x10, 0x00,
    0x5f, 0xff, 0xd0, 0x7f, 0xff, 0x50, 0x00, 0x00,
    0xcf, 0xff, 0x17, 0xff, 0xf1, 0x00, 0x00, 0x08,
    0xff, 0xf2, 0x7f, 0xff, 0x20, 0x00, 0x00, 0x9f,
    0xff, 0x27, 0xff, 0xf6, 0x00, 0x00, 0x0d, 0xff,
    0xf1, 0x7f, 0xff, 0xe3, 0x00, 0x09, 0xff, 0xfd,
    0x07, 0xff, 0xff, 0xfb, 0xad, 0xff, 0xff, 0x70,
    0x7f, 0xff, 0xff, 0xff, 0xff, 0xff, 0xd0, 0x07,
    0xff, 0xcd, 0xff, 0xff, 0xff, 0xc1, 0x00, 0x7f,
    0xf7, 0x07, 0xcf, 0xec, 0x60, 0x00, 0x00,

    /* U+0063 "c" */
    0x00, 0x00, 0x4a, 0xdf, 0xfc, 0x60, 0x00, 0x00,
    0x1b, 0xff, 0xff, 0xff, 0xfd, 0x20, 0x00, 0xcf,
    0xff, 0xff, 0xff, 0xff, 0xe1, 0x06, 0xff, 0xff,
    0xc9, 0xaf, 0xff, 0xf9, 0x0d, 0xff, 0xf6, 0x00,
    0x02, 0xef, 0xa3, 0x1f, 0xff, 0xc0, 0x00, 0x00,
    0x31, 0x00, 0x3f, 0xff, 0x80, 0x00, 0x00, 0x00,
    0x00, 0x3f, 0xff, 0x80, 0x00, 0x00, 0x00, 0x00,
    0x1f, 0xff, 0xc0, 0x00, 0x00, 0x31, 0x00, 0x0c,
    0xff, 0xf7, 0x00, 0x03, 0xff, 0xb4, 0x06, 0xff,
    0xff, 0xda, 0xbf, 0xff, 0xf9, 0x00, 0xbf, 0xff,
    0xff, 0xff, 0xff, 0xe1, 0x00, 0x0a, 0xff, 0xff,
    0xff, 0xfd, 0x10, 0x00, 0x00, 0x4a, 0xdf, 0xfc,
    0x60, 0x00,

    /* U+0064 "d" */
    0x00, 0x00, 0x00, 0x00, 0x00, 0x4f, 0xff, 0x60,
    0x00, 0x00, 0x00, 0x00, 0x04, 0xff, 0xf6, 0x00,
    0x00, 0x00, 0x00, 0x00, 0x4f, 0xff, 0x60, 0x00,
    0x00, 0x00, 0x00, 0x04, 0xff, 0xf6, 0x00, 0x00,
    0x00, 0x00, 0x00, 0x4f, 0xff, 0x60, 0x00, 0x06,
    0xce, 0xfd, 0x75, 0xff, 0xf6, 0x00, 0x2d, 0xff,
    0xff, 0xff, 0xff, 0xff, 0x60, 0x0d, 0xff, 0xff,
    0xff, 0xff, 0xff, 0xf6, 0x07, 0xff, 0xff, 0xa6,
    0x8e, 0xff, 0xff, 0x60, 0xdf, 0xff, 0x50, 0x00,
    0x1d, 0xff, 0xf6, 0x1f, 0xff, 0xc0, 0x00, 0x00,
    0x5f, 0xff, 0x63, 0xff, 0xf8, 0x00, 0x00, 0x02,
    0xff, 0xf6, 0x3f, 0xff, 0x90, 0x00, 0x00, 0x2f,
    0xff, 0x61, 0xff, 0xfc, 0x00, 0x00, 0x06, 0xff,
    0xf6, 0x0d, 0xff, 0xf6, 0x00, 0x01, 0xef, 0xff,
    0x60, 0x7f, 0xff, 0xfa, 0x68, 0xef, 0xff, 0xf6,
    0x00, 0xdf, 0xff, 0xff, 0xff, 0xff, 0xff, 0x60,
    0x01, 0xdf, 0xff, 0xff, 0xfd, 0xdf, 0xf6, 0x00,
    0x00, 0x6c, 0xef, 0xc7, 0x07, 0xff, 0x60,

    /* U+0065 "e" */
    0x00, 0x00, 0x5b, 0xef, 0xeb, 0x50, 0x00, 0x00,
    0x01, 0xbf, 0xff, 0xff, 0xff, 0xc1, 0x00, 0x00,
    0xcf, 0xff, 0xfe, 0xff, 0xff, 0xd0, 0x00, 0x6f,
    0xff, 0x91, 0x00, 0x6f, 0xff, 0x80, 0x0d, 0xff,
    0xa0, 0x00, 0x00, 0x9f, 0xfe, 0x01, 0xff, 0xff,
    0xcc, 0xcc, 0xcf, 0xff, 0xf3, 0x3f, 0xff, 0xff,
    0xff, 0xff, 0xff, 0xff, 0x43, 0xff, 0xff, 0xff,
    0xff, 0xff, 0xff, 0xf5, 0x1f, 0xff, 0x50, 0x00,
    0x00, 0x00, 0x00, 0x00, 0xdf, 0xfb, 0x00, 0x00,
    0x02, 0xc4, 0x00, 0x07, 0xff, 0xfa, 0x20, 0x05,
    0xef, 0xf9, 0x00, 0x0c, 0xff, 0xff, 0xff, 0xff,
    0xff, 0x20, 0x00, 0x1c, 0xff, 0xff, 0xff, 0xfe,
    0x30, 0x00, 0x00, 0x05, 0xbe, 0xfe, 0xc7, 0x10,
    0x00,

    /* U+0066 "f" */
    0x00, 0x00, 0x5c, 0xff, 0xd0, 0x00, 0x07, 0xff,
    0xff, 0xf0, 0x00, 0x1f, 0xff, 0xff, 0xf0, 0x00,
    0x5f, 0xff, 0xe8, 0x70, 0x00, 0x6f, 0xff, 0x50,
    0x00, 0x6f, 0xff, 0xff, 0xff, 0xb0, 0x6f, 0xff,
    0xff, 0xff, 0xb0, 0x6f, 0xff, 0xff, 0xff, 0xb0,
    0x25, 0xdf, 0xff, 0x95, 0x40, 0x00, 0x7f, 0xff,
    0x30, 0x00, 0x00, 0x7f, 0xff, 0x30, 0x00, 0x00,
    0x7f, 0xff, 0x30, 0x00, 0x00, 0x7f, 0xff, 0x30,
    0x00, 0x00, 0x7f, 0xff, 0x30, 0x00, 0x00, 0x7f,
    0xff, 0x30, 0x00, 0x00, 0x7f, 0xff, 0x30, 0x00,
    0x00, 0x7f, 0xff, 0x30, 0x00, 0x00, 0x7f, 0xff,
    0x30, 0x00, 0x00, 0x7f, 0xff, 0x30, 0x00,

    /* U+0067 "g" */
    0x00, 0x00, 0x6c, 0xef, 0xd7, 0x15, 0xff, 0x80,
    0x02, 0xdf, 0xff, 0xff, 0xfd, 0xcf, 0xf8, 0x00,
    0xdf, 0xff, 0xff, 0xff, 0xff, 0xff, 0x80, 0x8f,
    0xff, 0xf7, 0x35, 0xbf, 0xff, 0xf8, 0x0d, 0xff,
    0xf3, 0x00, 0x00, 0xaf, 0xff, 0x80, 0xff, 0xfb,
    0x00, 0x00, 0x02, 0xff, 0xf8, 0x2f, 0xff, 0x90,
    0x00, 0x00, 0x0f, 0xff, 0x80, 0xff, 0xfb, 0x00,
    0x00, 0x02, 0xff, 0xf8, 0x0d, 0xff, 0xf3, 0x00,
    0x00, 0xaf, 0xff, 0x80, 0x7f, 0xff, 0xf8, 0x45,
    0xbf, 0xff, 0xf8, 0x00, 0xdf, 0xff, 0xff, 0xff,
    0xff, 0xff, 0x80, 0x02, 0xdf, 0xff, 0xff, 0xff,
    0xff, 0xf8, 0x00, 0x00, 0x6c, 0xef, 0xd8, 0x3f,
    0xff, 0x70, 0x00, 0x00, 0x00, 0x00, 0x04, 0xff,
    0xf5, 0x00, 0x3a, 0xb0, 0x00, 0x00, 0xbf, 0xff,
    0x10, 0x3f, 0xff, 0xc4, 0x23, 0xaf, 0xff, 0xb0,
    0x00, 0xaf, 0xff, 0xff, 0xff, 0xff, 0xf2, 0x00,
    0x00, 0xaf, 0xff, 0xff, 0xff, 0xe4, 0x00, 0x00,
    0x00, 0x4a, 0xef, 0xec, 0x71, 0x00, 0x00,

    /* U+0068 "h" */
    0x7f, 0xff, 0x30, 0x00, 0x00, 0x00, 0x00, 0x7f,
    0xff, 0x30, 0x00, 0x00, 0x00, 0x00, 0x7f, 0xff,
    0x30, 0x00, 0x00, 0x00, 0x00, 0x7f, 0xff, 0x30,
    0x00, 0x00, 0x00, 0x00, 0x7f, 0xff, 0x30, 0x00,
    0x00, 0x00, 0x00, 0x7f, 0xff, 0x32, 0x9d, 0xfe,
    0xb3, 0x00, 0x7f, 0xff, 0xcf, 0xff, 0xff, 0xff,
    0x20, 0x7f, 0xff, 0xff, 0xff, 0xff, 0xff, 0xa0,
    0x7f, 0xff, 0xff, 0xc9, 0xcf, 0xff, 0xe0, 0x7f,
    0xff, 0xf3, 0x00, 0x0d, 0xff, 0xf0, 0x7f, 0xff,
    0x50, 0x00, 0x0a, 0xff, 0xf0, 0x7f, 0xff, 0x30,
    0x00, 0x09, 0xff, 0xf1, 0x7f, 0xff, 0x30, 0x00,
    0x09, 0xff, 0xf1, 0x7f, 0xff, 0x30, 0x00, 0x09,
    0xff, 0xf1, 0x7f, 0xff, 0x30, 0x00, 0x09, 0xff,
    0xf1, 0x7f, 0xff, 0x30, 0x00, 0x09, 0xff, 0xf1,
    0x7f, 0xff, 0x30, 0x00, 0x09, 0xff, 0xf1, 0x7f,
    0xff, 0x30, 0x00, 0x09, 0xff, 0xf1, 0x7f, 0xff,
    0x30, 0x00, 0x09, 0xff, 0xf1,

    /* U+0069 "i" */
    0x1c, 0xfb, 0x09, 0xff, 0xf7, 0xbf, 0xff, 0x95,
    0xff, 0xf4, 0x03, 0x62, 0x00, 0x00, 0x00, 0x6f,
    0xff, 0x46, 0xff, 0xf4, 0x6f, 0xff, 0x46, 0xff,
    0xf4, 0x6f, 0xff, 0x46, 0xff, 0xf4, 0x6f, 0xff,
    0x46, 0xff, 0xf4, 0x6f, 0xff, 0x46, 0xff, 0xf4,
    0x6f, 0xff, 0x46, 0xff, 0xf4, 0x6f, 0xff, 0x46,
    0xff, 0xf4,

    /* U+006A "j" */
    0x00, 0x02, 0x63, 0x00, 0x03, 0xff, 0xf6, 0x00,
    0x8f, 0xff, 0xc0, 0x07, 0xff, 0xfb, 0x00, 0x0a,
    0xfc, 0x20, 0x00, 0x00, 0x00, 0x00, 0x00, 0x00,
    0x00, 0x03, 0xff, 0xf7, 0x00, 0x3f, 0xff, 0x70,
    0x03, 0xff, 0xf7, 0x00, 0x3f, 0xff, 0x70, 0x03,
    0xff, 0xf7, 0x00, 0x3f, 0xff, 0x70, 0x03, 0xff,
    0xf7, 0x00, 0x3f, 0xff, 0x70, 0x03, 0xff, 0xf7,
    0x00, 0x3f, 0xff, 0x70, 0x03, 0xff, 0xf7, 0x00,
    0x3f, 0xff, 0x70, 0x03, 0xff, 0xf7, 0x00, 0x3f,
    0xff, 0x70, 0x03, 0xff, 0xf7, 0x04, 0xaf, 0xff,
    0x62, 0xff, 0xff, 0xf2, 0x2f, 0xff, 0xfa, 0x02,
    0xef, 0xe8, 0x00,

    /* U+006B "k" */
    0x7f, 0xff, 0x30, 0x00, 0x00, 0x00, 0x00, 0x7f,
    0xff, 0x30, 0x00, 0x00, 0x00, 0x00, 0x7f, 0xff,
    0x30, 0x00, 0x00, 0x00, 0x00, 0x7f, 0xff, 0x30,
    0x00, 0x00, 0x00, 0x00, 0x7f, 0xff, 0x30, 0x00,
    0x00, 0x00, 0x00, 0x7f, 0xff, 0x30, 0x00, 0x9f,
    0xff, 0x90, 0x7f, 0xff, 0x30, 0x07, 0xff, 0xfb,
    0x00, 0x7f, 0xff, 0x30, 0x5f, 0xff, 0xc0, 0x00,
    0x7f, 0xff, 0x34, 0xff, 0xfd, 0x10, 0x00, 0x7f,
    0xff, 0x6f, 0xff, 0xe2, 0x00, 0x00, 0x7f, 0xff,
    0xff, 0xff, 0x30, 0x00, 0x00, 0x7f, 0xff, 0xff,
    0xf8, 0x00, 0x00, 0x00, 0x7f, 0xff, 0xff, 0xfd,
    0x00, 0x00, 0x00, 0x7f, 0xff, 0xdf, 0xff, 0xb0,
    0x00, 0x00, 0x7f, 0xff, 0x3c, 0xff, 0xf8, 0x00,
    0x00, 0x7f, 0xff, 0x31, 0xef, 0xff, 0x50, 0x00,
    0x7f, 0xff, 0x30, 0x3f, 0xff, 0xf2, 0x00, 0x7f,
    0xff, 0x30, 0x06, 0xff, 0xfd, 0x10, 0x7f, 0xff,
    0x30, 0x00, 0x9f, 0xff, 0xb0,

    /* U+006C "l" */
    0x7f, 0xff, 0x30, 0x7f, 0xff, 0x30, 0x7f, 0xff,
    0x30, 0x7f, 0xff, 0x30, 0x7f, 0xff, 0x30, 0x7f,
    0xff, 0x30, 0x7f, 0xff, 0x30, 0x7f, 0xff, 0x30,
    0x7f, 0xff, 0x30, 0x7f, 0xff, 0x30, 0x7f, 0xff,
    0x30, 0x7f, 0xff, 0x30, 0x7f, 0xff, 0x30, 0x7f,
    0xff, 0x30, 0x7f, 0xff, 0x40, 0x6f, 0xff, 0xd4,
    0x4f, 0xff, 0xf8, 0x0d, 0xff, 0xf8, 0x02, 0xbf,
    0xf7,

    /* U+006D "m" */
    0x7f, 0xf7, 0x04, 0xae, 0xfe, 0x91, 0x01, 0x7c,
    0xff, 0xc4, 0x00, 0x7f, 0xfc, 0xbf, 0xff, 0xff,
    0xfc, 0x6f, 0xff, 0xff, 0xff, 0x40, 0x7f, 0xff,
    0xff, 0xff, 0xff, 0xff, 0xff, 0xff, 0xff, 0xff,
    0xc0, 0x7f, 0xff, 0xff, 0xb9, 0xef, 0xff, 0xff,
    0xda, 0xbf, 0xff, 0xf0, 0x7f, 0xff, 0xf2, 0x00,
    0x3f, 0xff, 0xf7, 0x00, 0x0b, 0xff, 0xf1, 0x7f,
    0xff, 0x50, 0x00, 0x0f, 0xff, 0xf0, 0x00, 0x08,
    0xff, 0xf2, 0x7f, 0xff, 0x30, 0x00, 0x0f, 0xff,
    0xb0, 0x00, 0x07, 0xff, 0xf3, 0x7f, 0xff, 0x30,
    0x00, 0x0f, 0xff, 0xb0, 0x00, 0x07, 0xff, 0xf3,
    0x7f, 0xff, 0x30, 0x00, 0x0f, 0xff, 0xb0, 0x00,
    0x07, 0xff, 0xf3, 0x7f, 0xff, 0x30, 0x00, 0x0f,
    0xff, 0xb0, 0x00, 0x07, 0xff, 0xf3, 0x7f, 0xff,
    0x30, 0x00, 0x0f, 0xff, 0xb0, 0x00, 0x07, 0xff,
    0xf3, 0x7f, 0xff, 0x30, 0x00, 0x0f, 0xff, 0xb0,
    0x00, 0x07, 0xff, 0xf3, 0x7f, 0xff, 0x30, 0x00,
    0x0f, 0xff, 0xb0, 0x00, 0x07, 0xff, 0xf3, 0x7f,
    0xff, 0x30, 0x00, 0x0f, 0xff, 0xb0, 0x00, 0x07,
    0xff, 0xf3,

    /* U+006E "n" */
    0x7f, 0xf7, 0x03, 0x9d, 0xfe, 0xb3, 0x00, 0x7f,
    0xfc, 0xaf, 0xff, 0xff, 0xff, 0x20, 0x7f, 0xff,
    0xff, 0xff, 0xff, 0xff, 0xa0, 0x7f, 0xff, 0xff,
    0xc9, 0xcf, 0xff, 0xe0, 0x7f, 0xff, 0xf3, 0x00,
    0x0d, 0xff, 0xf0, 0x7f, 0xff, 0x50, 0x00, 0x0a,
    0xff, 0xf0, 0x7f, 0xff, 0x30, 0x00, 0x09, 0xff,
    0xf1, 0x7f, 0xff, 0x30, 0x00, 0x09, 0xff, 0xf1,
    0x7f, 0xff, 0x30, 0x00, 0x09, 0xff, 0xf1, 0x7f,
    0xff, 0x30, 0x00, 0x09, 0xff, 0xf1, 0x7f, 0xff,
    0x30, 0x00, 0x09, 0xff, 0xf1, 0x7f, 0xff, 0x30,
    0x00, 0x09, 0xff, 0xf1, 0x7f, 0xff, 0x30, 0x00,
    0x09, 0xff, 0xf1, 0x7f, 0xff, 0x30, 0x00, 0x09,
    0xff, 0xf1,

    /* U+006F "o" */
    0x00, 0x00, 0x39, 0xdf, 0xed, 0x82, 0x00, 0x00,
    0x00, 0x0a, 0xff, 0xff, 0xff, 0xff, 0x70, 0x00,
    0x00, 0xbf, 0xff, 0xff, 0xff, 0xff, 0xf7, 0x00,
    0x06, 0xff, 0xff, 0xd9, 0xae, 0xff, 0xff, 0x30,
    0x0c, 0xff, 0xf8, 0x00, 0x00, 0xbf, 0xff, 0x90,
    0x1f, 0xff, 0xd0, 0x00, 0x00, 0x1f, 0xff, 0xd0,
    0x3f, 0xff, 0x90, 0x00, 0x00, 0x0c, 0xff, 0xf0,
    0x3f, 0xff, 0x90, 0x00, 0x00, 0x0c, 0xff, 0xf0,
    0x1f, 0xff, 0xd0, 0x00, 0x00, 0x1f, 0xff, 0xd0,
    0x0d, 0xff, 0xf8, 0x00, 0x00, 0xbf, 0xff, 0x90,
    0x06, 0xff, 0xff, 0xda, 0xae, 0xff, 0xff, 0x30,
    0x00, 0xbf, 0xff, 0xff, 0xff, 0xff, 0xf7, 0x00,
    0x00, 0x0a, 0xff, 0xff, 0xff, 0xff, 0x70, 0x00,
    0x00, 0x00, 0x3a, 0xdf, 0xed, 0x82, 0x00, 0x00,

    /* U+0070 "p" */
    0x7f, 0xf7, 0x07, 0xcf, 0xec, 0x60, 0x00, 0x07,
    0xff, 0xdd, 0xff, 0xff, 0xff, 0xd2, 0x00, 0x7f,
    0xff, 0xff, 0xff, 0xff, 0xff, 0xd0, 0x07, 0xff,
    0xff, 0xfb, 0x9d, 0xff, 0xff, 0x70, 0x7f, 0xff,
    0xe2, 0x00, 0x08, 0xff, 0xfd, 0x07, 0xff, 0xf6,
    0x00, 0x00, 0x0d, 0xff, 0xf1, 0x7f, 0xff, 0x20,
    0x00, 0x00, 0x9f, 0xff, 0x27, 0xff, 0xf1, 0x00,
    0x00, 0x08, 0xff, 0xf2, 0x7f, 0xff, 0x50, 0x00,
    0x00, 0xcf, 0xff, 0x17, 0xff, 0xfd, 0x10, 0x00,
    0x5f, 0xff, 0xd0, 0x7f, 0xff, 0xfe, 0x87, 0xaf,
    0xff, 0xf7, 0x07, 0xff, 0xff, 0xff, 0xff, 0xff,
    0xfd, 0x00, 0x7f, 0xff, 0xff, 0xff, 0xff, 0xfd,
    0x10, 0x07, 0xff, 0xf5, 0x7d, 0xfe, 0xc6, 0x00,
    0x00, 0x7f, 0xff, 0x30, 0x00, 0x00, 0x00, 0x00,
    0x07, 0xff, 0xf3, 0x00, 0x00, 0x00, 0x00, 0x00,
    0x7f, 0xff, 0x30, 0x00, 0x00, 0x00, 0x00, 0x07,
    0xff, 0xf3, 0x00, 0x00, 0x00, 0x00, 0x00, 0x7f,
    0xff, 0x30, 0x00, 0x00, 0x00, 0x00, 0x00,

    /* U+0071 "q" */
    0x00, 0x00, 0x6c, 0xef, 0xc7, 0x07, 0xff, 0x60,
    0x02, 0xdf, 0xff, 0xff, 0xfd, 0xdf, 0xf6, 0x00,
    0xdf, 0xff, 0xff, 0xff, 0xff, 0xff, 0x60, 0x8f,
    0xff, 0xf9, 0x68, 0xef, 0xff, 0xf6, 0x0d, 0xff,
    0xf5, 0x00, 0x01, 0xdf, 0xff, 0x61, 0xff, 0xfc,
    0x00, 0x00, 0x05, 0xff, 0xf6, 0x3f, 0xff, 0x80,
    0x00, 0x00, 0x2f, 0xff, 0x63, 0xff, 0xf8, 0x00,
    0x00, 0x02, 0xff, 0xf6, 0x1f, 0xff, 0xc0, 0x00,
    0x00, 0x6f, 0xff, 0x60, 0xdf, 0xff, 0x60, 0x00,
    0x1e, 0xff, 0xf6, 0x07, 0xff, 0xff, 0xa7, 0x8e,
    0xff, 0xff, 0x60, 0x0d, 0xff, 0xff, 0xff, 0xff,
    0xff, 0xf6, 0x00, 0x1d, 0xff, 0xff, 0xff, 0xff,
    0xff, 0x60, 0x00, 0x06, 0xce, 0xfd, 0x75, 0xff,
    0xf6, 0x00, 0x00, 0x00, 0x00, 0x00, 0x4f, 0xff,
    0x60, 0x00, 0x00, 0x00, 0x00, 0x04, 0xff, 0xf6,
    0x00, 0x00, 0x00, 0x00, 0x00, 0x4f, 0xff, 0x60,
    0x00, 0x00, 0x00, 0x00, 0x04, 0xff, 0xf6, 0x00,
    0x00, 0x00, 0x00, 0x00, 0x4f, 0xff, 0x60,

    /* U+0072 "r" */
    0x7f, 0xf6, 0x09, 0xef, 0x87, 0xff, 0xdd, 0xff,
    0xf8, 0x7f, 0xff, 0xff, 0xff, 0x87, 0xff, 0xff,
    0xea, 0x95, 0x7f, 0xff, 0xb0, 0x00, 0x07, 0xff,
    0xf3, 0x00, 0x00, 0x7f, 0xff, 0x30, 0x00, 0x07,
    0xff, 0xf3, 0x00, 0x00, 0x7f, 0xff, 0x30, 0x00,
    0x07, 0xff, 0xf3, 0x00, 0x00, 0x7f, 0xff, 0x30,
    0x00, 0x07, 0xff, 0xf3, 0x00, 0x00, 0x7f, 0xff,
    0x30, 0x00, 0x07, 0xff, 0xf3, 0x00, 0x00,

    /* U+0073 "s" */
    0x00, 0x05, 0xbe, 0xfd, 0xa3, 0x00, 0x00, 0xaf,
    0xff, 0xff, 0xff, 0x90, 0x06, 0xff, 0xff, 0xff,
    0xff, 0xf6, 0x0b, 0xff, 0xb2, 0x25, 0xdf, 0x70,
    0x0c, 0xff, 0x90, 0x00, 0x03, 0x00, 0x09, 0xff,
    0xfc, 0x73, 0x00, 0x00, 0x02, 0xef, 0xff, 0xff,
    0xe7, 0x00, 0x00, 0x1a, 0xff, 0xff, 0xff, 0xc0,
    0x00, 0x00, 0x05, 0x9e, 0xff, 0xf6, 0x00, 0x45,
    0x00, 0x01, 0xef, 0xf9, 0x06, 0xff, 0x92, 0x02,
    0xef, 0xf8, 0x0c, 0xff, 0xff, 0xff, 0xff, 0xf2,
    0x01, 0xcf, 0xff, 0xff, 0xff, 0x60, 0x00, 0x06,
    0xbe, 0xfe, 0xa3, 0x00,

    /* U+0074 "t" */
    0x00, 0x0a, 0xff, 0x70, 0x00, 0x00, 0x0d, 0xff,
    0x70, 0x00, 0x00, 0x1f, 0xff, 0x70, 0x00, 0x5f,
    0xff, 0xff, 0xff, 0xf7, 0x5f, 0xff, 0xff, 0xff,
    0xf7, 0x5f, 0xff, 0xff, 0xff, 0xf7, 0x26, 0x9f,
    0xff, 0xd6, 0x62, 0x00, 0x3f, 0xff, 0x70, 0x00,
    0x00, 0x3f, 0xff, 0x70, 0x00, 0x00, 0x3f, 0xff,
    0x70, 0x00, 0x00, 0x3f, 0xff, 0x70, 0x00, 0x00,
    0x3f, 0xff, 0x70, 0x00, 0x00, 0x3f, 0xff, 0x90,
    0x00, 0x00, 0x1f, 0xff, 0xfa, 0x95, 0x00, 0x0d,
    0xff, 0xff, 0xf7, 0x00, 0x05, 0xff, 0xff, 0xf7,
    0x00, 0x00, 0x3b, 0xef, 0xe5,

    /* U+0075 "u" */
    0x9f, 0xff, 0x10, 0x00, 0x0c, 0xff, 0xe9, 0xff,
    0xf1, 0x00, 0x00, 0xcf, 0xfe, 0x9f, 0xff, 0x10,
    0x00, 0x0c, 0xff, 0xe9, 0xff, 0xf1, 0x00, 0x00,
    0xcf, 0xfe, 0x9f, 0xff, 0x10, 0x00, 0x0c, 0xff,
    0xe9, 0xff, 0xf1, 0x00, 0x00, 0xcf, 0xfe, 0x9f,
    0xff, 0x10, 0x00, 0x0c, 0xff, 0xe9, 0xff, 0xf1,
    0x00, 0x00, 0xcf, 0xfe, 0x9f, 0xff, 0x10, 0x00,
    0x0f, 0xff, 0xe8, 0xff, 0xf5, 0x00, 0x09, 0xff,
    0xfe, 0x6f, 0xff, 0xfb, 0xbf, 0xff, 0xff, 0xe2,
    0xff, 0xff, 0xff, 0xff, 0xff, 0xfe, 0x08, 0xff,
    0xff, 0xff, 0xe9, 0xff, 0xe0, 0x06, 0xcf, 0xfd,
    0x70, 0x0f, 0xfe,

    /* U+0076 "v" */
    0x7f, 0xff, 0x50, 0x00, 0x00, 0xcf, 0xfe, 0x01,
    0xff, 0xfb, 0x00, 0x00, 0x2f, 0xff, 0x90, 0x0b,
    0xff, 0xf0, 0x00, 0x07, 0xff, 0xf3, 0x00, 0x5f,
    0xff, 0x50, 0x00, 0xcf, 0xfe, 0x00, 0x00, 0xef,
    0xfb, 0x00, 0x1f, 0xff, 0x80, 0x00, 0x09, 0xff,
    0xf1, 0x06, 0xff, 0xf2, 0x00, 0x00, 0x3f, 0xff,
    0x60, 0xbf, 0xfc, 0x00, 0x00, 0x00, 0xdf, 0xfb,
    0x1f, 0xff, 0x70, 0x00, 0x00, 0x07, 0xff, 0xf7,
    0xff, 0xf1, 0x00, 0x00, 0x00, 0x1f, 0xff, 0xff,
    0xfb, 0x00, 0x00, 0x00, 0x00, 0xbf, 0xff, 0xff,
    0x60, 0x00, 0x00, 0x00, 0x05, 0xff, 0xff, 0xf0,
    0x00, 0x00, 0x00, 0x00, 0x0e, 0xff, 0xfa, 0x00,
    0x00, 0x00, 0x00, 0x00, 0x9f, 0xff, 0x40, 0x00,
    0x00,

    /* U+0077 "w" */
    0x9f, 0xff, 0x00, 0x00, 0x1f, 0xff, 0x30, 0x00,
    0x0e, 0xff, 0x94, 0xff, 0xf4, 0x00, 0x06, 0xff,
    0xf8, 0x00, 0x02, 0xff, 0xf4, 0x0f, 0xff, 0x90,
    0x00, 0xbf, 0xff, 0xd0, 0x00, 0x6f, 0xff, 0x00,
    0xaf, 0xfd, 0x00, 0x0f, 0xff, 0xff, 0x20, 0x0b,
    0xff, 0xb0, 0x06, 0xff, 0xf1, 0x05, 0xff, 0xff,
    0xf7, 0x00, 0xff, 0xf6, 0x00, 0x1f, 0xff, 0x60,
    0xaf, 0xff, 0xff, 0xc0, 0x4f, 0xff, 0x10, 0x00,
    0xcf, 0xfa, 0x0f, 0xff, 0x5f, 0xff, 0x18, 0xff,
    0xc0, 0x00, 0x07, 0xff, 0xe4, 0xff, 0xe0, 0xdf,
    0xf6, 0xcf, 0xf7, 0x00, 0x00, 0x3f, 0xff, 0xcf,
    0xf9, 0x07, 0xff, 0xcf, 0xff, 0x30, 0x00, 0x00,
    0xef, 0xff, 0xff, 0x40, 0x2f, 0xff, 0xff, 0xe0,
    0x00, 0x00, 0x09, 0xff, 0xff, 0xe0, 0x00, 0xdf,
    0xff, 0xf9, 0x00, 0x00, 0x00, 0x4f, 0xff, 0xf9,
    0x00, 0x08, 0xff, 0xff, 0x40, 0x00, 0x00, 0x00,
    0xff, 0xff, 0x40, 0x00, 0x3f, 0xff, 0xf0, 0x00,
    0x00, 0x00, 0x0b, 0xff, 0xe0, 0x00, 0x00, 0xdf,
    0xfb, 0x00, 0x00,

    /* U+0078 "x" */
    0x4f, 0xff, 0xd0, 0x00, 0x07, 0xff, 0xfb, 0x00,
    0x9f, 0xff, 0x80, 0x02, 0xff, 0xfe, 0x10, 0x00,
    0xef, 0xff, 0x20, 0xbf, 0xff, 0x50, 0x00, 0x04,
    0xff, 0xfb, 0x5f, 0xff, 0xa0, 0x00, 0x00, 0x09,
    0xff, 0xff, 0xff, 0xe1, 0x00, 0x00, 0x00, 0x0d,
    0xff, 0xff, 0xf5, 0x00, 0x00, 0x00, 0x00, 0x3f,
    0xff, 0xfc, 0x00, 0x00, 0x00, 0x00, 0x04, 0xff,
    0xff, 0xc0, 0x00, 0x00, 0x00, 0x00, 0xef, 0xff,
    0xff, 0x60, 0x00, 0x00, 0x00, 0x9f, 0xff, 0xff,
    0xff, 0x10, 0x00, 0x00, 0x4f, 0xff, 0xb4, 0xff,
    0xfb, 0x00, 0x00, 0x1e, 0xff, 0xf2, 0x0a, 0xff,
    0xf6, 0x00, 0x0a, 0xff, 0xf7, 0x00, 0x1e, 0xff,
    0xf1, 0x05, 0xff, 0xfd, 0x00, 0x00, 0x6f, 0xff,
    0xb0,

    /* U+0079 "y" */
    0x7f, 0xff, 0x40, 0x00, 0x00, 0x3f, 0xff, 0x81,
    0xff, 0xfb, 0x00, 0x00, 0x0a, 0xff, 0xf1, 0x09,
    0xff, 0xf2, 0x00, 0x01, 0xff, 0xfa, 0x00, 0x2f,
    0xff, 0x90, 0x00, 0x8f, 0xff, 0x30, 0x00, 0xbf,
    0xff, 0x10, 0x0e, 0xff, 0xc0, 0x00, 0x04, 0xff,
    0xf7, 0x06, 0xff, 0xf5, 0x00, 0x00, 0x0d, 0xff,
    0xe0, 0xdf, 0xfe, 0x00, 0x00, 0x00, 0x6f, 0xff,
    0xaf, 0xff, 0x70, 0x00, 0x00, 0x00, 0xef, 0xff,
    0xff, 0xf0, 0x00, 0x00, 0x00, 0x08, 0xff, 0xff,
    0xf9, 0x00, 0x00, 0x00, 0x00, 0x1f, 0xff, 0xff,
    0x20, 0x00, 0x00, 0x00, 0x00, 0xbf, 0xff, 0xb0,
    0x00, 0x00, 0x00, 0x00, 0x0a, 0xff, 0xf3, 0x00,
    0x00, 0x00, 0x00, 0x00, 0xef, 0xfc, 0x00, 0x00,
    0x00, 0x00, 0x00, 0x6f, 0xff, 0x50, 0x00, 0x00,
    0x00, 0x00, 0x0d, 0xff, 0xe0, 0x00, 0x00, 0x00,
    0x00, 0x04, 0xff, 0xf7, 0x00, 0x00, 0x00, 0x00,
    0x00, 0xbf, 0xff, 0x10, 0x00, 0x00, 0x00, 0x00,
    0x2f, 0xff, 0x90, 0x00, 0x00, 0x00, 0x00,

    /* U+007A "z" */
    0xcf, 0xff, 0xff, 0xff, 0xff, 0xf0, 0xcf, 0xff,
    0xff, 0xff, 0xff, 0xf0, 0xcf, 0xff, 0xff, 0xff,
    0xff, 0xf0, 0x34, 0x44, 0x44, 0xef, 0xff, 0x70,
    0x00, 0x00, 0x07, 0xff, 0xfa, 0x00, 0x00, 0x00,
    0x4f, 0xff, 0xc0, 0x00, 0x00, 0x02, 0xff, 0xfe,
    0x10, 0x00, 0x00, 0x1d, 0xff, 0xf3, 0x00, 0x00,
    0x00, 0xcf, 0xff, 0x50, 0x00, 0x00, 0x09, 0xff,
    0xf8, 0x00, 0x00, 0x00, 0x7f, 0xff, 0xf4, 0x44,
    0x44, 0x40, 0xff, 0xff, 0xff, 0xff, 0xff, 0xf2,
    0xff, 0xff, 0xff, 0xff, 0xff, 0xf2, 0xff, 0xff,
    0xff, 0xff, 0xff, 0xf2,

    /* U+007B "{" */
    0x00, 0x6c, 0xff, 0xe0, 0xbf, 0xff, 0xff, 0x5f,
    0xff, 0xff, 0xfa, 0xff, 0xfc, 0x76, 0xaf, 0xff,
    0x10, 0x06, 0xff, 0xf2, 0x00, 0x0e, 0xff, 0x80,
    0x00, 0x5f, 0xff, 0x20, 0x00, 0xaf, 0xfa, 0x00,
    0x02, 0xff, 0xf2, 0x00, 0x0f, 0xff, 0x60, 0x09,
    0xff, 0xf4, 0x5e, 0xff, 0xfe, 0x0a, 0xff, 0xff,
    0x30, 0xaf, 0xff, 0xf9, 0x01, 0x7e, 0xff, 0xf2,
    0x00, 0x3f, 0xff, 0x60, 0x00, 0xff, 0xf4, 0x00,
    0x6f, 0xfd, 0x00, 0x1f, 0xff, 0x40, 0x0b, 0xff,
    0xa0, 0x05, 0xff, 0xf2, 0x00, 0xaf, 0xff, 0x10,
    0x0a, 0xff, 0xfc, 0x65, 0x6f, 0xff, 0xff, 0xe0,
    0xcf, 0xff, 0xff, 0x00, 0x7c, 0xff, 0xe0,

    /* U+007C "|" */
    0x08, 0x88, 0x30, 0xff, 0xf5, 0x0f, 0xff, 0x50,
    0xff, 0xf5, 0x0f, 0xff, 0x50, 0xff, 0xf5, 0x0f,
    0xff, 0x50, 0xff, 0xf5, 0x0f, 0xff, 0x50, 0xff,
    0xf5, 0x0f, 0xff, 0x50, 0xff, 0xf5, 0x0f, 0xff,
    0x50, 0xff, 0xf5, 0x0f, 0xff, 0x50, 0xff, 0xf5,
    0x0f, 0xff, 0x50, 0xff, 0xf5, 0x0f, 0xff, 0x50,
    0xff, 0xf5, 0x0f, 0xff, 0x50, 0xff, 0xf5, 0x0f,
    0xff, 0x50, 0xff, 0xf5, 0x0f, 0xff, 0x50, 0xff,
    0xf5, 0x0f, 0xff, 0x50,

    /* U+007D "}" */
    0xdf, 0xfc, 0x70, 0x0e, 0xff, 0xff, 0xb0, 0xef,
    0xff, 0xff, 0x66, 0x7c, 0xff, 0xfa, 0x00, 0x0f,
    0xff, 0xb0, 0x01, 0xff, 0xf7, 0x00, 0x8f, 0xfe,
    0x00, 0x2f, 0xff, 0x50, 0x0a, 0xff, 0xb0, 0x02,
    0xff, 0xf3, 0x00, 0x5f, 0xff, 0x10, 0x04, 0xff,
    0xf9, 0x00, 0x0d, 0xff, 0xfe, 0x60, 0x3f, 0xff,
    0xfb, 0x08, 0xff, 0xff, 0xb2, 0xff, 0xff, 0x81,
    0x5f, 0xff, 0x40, 0x04, 0xff, 0xf1, 0x00, 0x0d,
    0xff, 0x70, 0x00, 0x3f, 0xff, 0x20, 0x00, 0x9f,
    0xfb, 0x00, 0x02, 0xff, 0xf5, 0x00, 0x0f, 0xff,
    0xa5, 0x6b, 0xff, 0xfb, 0xef, 0xff, 0xff, 0x7e,
    0xff, 0xff, 0xc0, 0xef, 0xfc, 0x70, 0x00,

    /* U+007E "~" */
    0x00, 0x00, 0x00, 0x00, 0x00, 0x00, 0x01, 0x00,
    0x00, 0x00, 0x7d, 0xfe, 0x91, 0x00, 0x01, 0xea,
    0x20, 0x00, 0xcf, 0xff, 0xff, 0xf7, 0x12, 0xcf,
    0xfe, 0x00, 0x9f, 0xff, 0xff, 0xff, 0xff, 0xff,
    0xff, 0x60, 0x2f, 0xff, 0xa2, 0x39, 0xff, 0xff,
    0xff, 0x90, 0x00, 0x4c, 0xc0, 0x00, 0x03, 0xbf,
    0xfd, 0x60, 0x00, 0x00, 0x01, 0x00, 0x00, 0x00,
    0x00, 0x00, 0x00, 0x00,

    /* U+00A0 " " */

    /* U+00A1 "¡" */
    0x06, 0xee, 0x70, 0x3f, 0xff, 0xf4, 0x6f, 0xff,
    0xf7, 0x2f, 0xff, 0xf4, 0x05, 0xdd, 0x60, 0x00,
    0x00, 0x00, 0x05, 0xbb, 0x60, 0x09, 0xff, 0xa0,
    0x0a, 0xff, 0xb0, 0x0b, 0xff, 0xc0, 0x0d, 0xff,
    0xe0, 0x0d, 0xff, 0xe0, 0x0e, 0xff, 0xf0, 0x0e,
    0xff, 0xf0, 0x0f, 0xff, 0xf0, 0x0f, 0xff, 0xf0,
    0x0f, 0xff, 0xf1, 0x0f, 0xff, 0xf1, 0x0f, 0xff,
    0xf2, 0x1f, 0xff, 0xf2,

    /* U+00A2 "¢" */
    0x00, 0x00, 0x01, 0xff, 0xf7, 0x00, 0x00, 0x00,
    0x00, 0x00, 0x1f, 0xff, 0x70, 0x00, 0x00, 0x00,
    0x00, 0x2a, 0xff, 0xff, 0x92, 0x00, 0x00, 0x00,
    0x6f, 0xff, 0xff, 0xff, 0xf6, 0x00, 0x00, 0x6f,
    0xff, 0xff, 0xff, 0xff, 0xf5, 0x00, 0x1f, 0xff,
    0xfc, 0x88, 0xdf, 0xff, 0xe0, 0x08, 0xff, 0xf9,
    0x00, 0x00, 0xaf, 0xfa, 0x10, 0xdf, 0xff, 0x00,
    0x00, 0x01, 0x92, 0x00, 0x0f, 0xff, 0xb0, 0x00,
    0x00, 0x00, 0x00, 0x00, 0xff, 0xfa, 0x00, 0x00,
    0x00, 0x00, 0x00, 0x0f, 0xff, 0xc0, 0x00, 0x00,
    0x00, 0x00, 0x00, 0xcf, 0xff, 0x20, 0x00, 0x02,
    0xb4, 0x00, 0x07, 0xff, 0xfb, 0x00, 0x01, 0xdf,
    0xfc, 0x20, 0x1e, 0xff, 0xfe, 0xab, 0xff, 0xff,
    0xd0, 0x00, 0x5f, 0xff, 0xff, 0xff, 0xff, 0xf3,
    0x00, 0x00, 0x5f, 0xff, 0xff, 0xff, 0xe4, 0x00,
    0x00, 0x00, 0x08, 0xff, 0xff, 0x60, 0x00, 0x00,
    0x00, 0x00, 0x1f, 0xff, 0x70, 0x00, 0x00, 0x00,
    0x00, 0x01, 0xff, 0xf7, 0x00, 0x00, 0x00,

    /* U+00A3 "£" */
    0x00, 0x00, 0x26, 0x87, 0x51, 0x00, 0x00, 0x01,
    0xaf, 0xff, 0xff, 0xf9, 0x00, 0x00, 0xcf, 0xff,
    0xff, 0xff, 0xfc, 0x00, 0x6f, 0xff, 0xff, 0xff,
    0xff, 0xf6, 0x0b, 0xff, 0xf8, 0x11, 0x5e, 0xf7,
    0x00, 0xdf, 0xfc, 0x00, 0x00, 0x25, 0x00, 0x0c,
    0xff, 0xb0, 0x00, 0x00, 0x00, 0x00, 0x9f, 0xfe,
    0x00, 0x00, 0x00, 0x00, 0x02, 0xff, 0xf6, 0x00,
    0x00, 0x00, 0x0c, 0xff, 0xff, 0xff, 0xff, 0xf4,
    0x00, 0xcf, 0xff, 0xff, 0xff, 0xff, 0x40, 0x0c,
    0xff, 0xff, 0xff, 0xff, 0xf4, 0x00, 0x23, 0x3f,
    0xff, 0xe3, 0x33, 0x00, 0x00, 0x00, 0xef, 0xfa,
    0x00, 0x00, 0x00, 0x00, 0x4f, 0xff, 0x50, 0x00,
    0x00, 0x00, 0x3e, 0xff, 0xf9, 0x99, 0x99, 0x97,
    0x7f, 0xff, 0xff, 0xff, 0xff, 0xff, 0xd9, 0xff,
    0xff, 0xff, 0xff, 0xff, 0xfd, 0x4f, 0xff, 0xff,
    0xff, 0xff, 0xff, 0xd0,

    /* U+00A4 "¤" */
    0x00, 0x01, 0x00, 0x00, 0x00, 0x00, 0x00, 0x00,
    0x00, 0x6e, 0x20, 0x00, 0x00, 0x00, 0xac, 0x00,
    0x06, 0xff, 0xe7, 0xbe, 0xfd, 0x7b, 0xff, 0xc0,
    0x0a, 0xff, 0xff, 0xff, 0xff, 0xff, 0xff, 0xe2,
    0x00, 0xbf, 0xff, 0xff, 0xff, 0xff, 0xff, 0x30,
    0x00, 0x1f, 0xff, 0xf9, 0x7d, 0xff, 0xfb, 0x00,
    0x00, 0x6f, 0xff, 0x40, 0x00, 0xdf, 0xfd, 0x00,
    0x00, 0x9f, 0xfd, 0x00, 0x00, 0x7f, 0xff, 0x00,
    0x00, 0x9f, 0xfd, 0x00, 0x00, 0x7f, 0xff, 0x00,
    0x00, 0x6f, 0xff, 0x40, 0x00, 0xdf, 0xfd, 0x00,
    0x00, 0x2f, 0xff, 0xf9, 0x7d, 0xff, 0xfb, 0x00,
    0x00, 0xbf, 0xff, 0xff, 0xff, 0xff, 0xff, 0x30,
    0x0a, 0xff, 0xff, 0xff, 0xff, 0xff, 0xff, 0xf2,
    0x06, 0xff, 0xe7, 0xbe, 0xfd, 0x8b, 0xff, 0xc0,
    0x00, 0x6e, 0x20, 0x00, 0x00, 0x00, 0xac, 0x00,
    0x00, 0x01, 0x00, 0x00, 0x00, 0x00, 0x00, 0x00,

    /* U+00A5 "¥" */
    0x6f, 0xff, 0x20, 0x00, 0x00, 0x09, 0xff, 0xe0,
    0x0d, 0xff, 0x90, 0x00, 0x00, 0x2f, 0xff, 0x60,
    0x05, 0xff, 0xf1, 0x00, 0x00, 0x9f, 0xfd, 0x00,
    0x00, 0xdf, 0xf9, 0x00, 0x01, 0xff, 0xf5, 0x00,
    0x00, 0x5f, 0xff, 0x10, 0x09, 0xff, 0xd0, 0x00,
    0x00, 0x0d, 0xff, 0x80, 0x1f, 0xff, 0x50, 0x00,
    0x00, 0x05, 0xff, 0xf1, 0x9f, 0xfc, 0x00, 0x00,
    0x01, 0x11, 0xdf, 0xf9, 0xff, 0xf6, 0x11, 0x00,
    0x0b, 0xff, 0xff, 0xff, 0xff, 0xff, 0xff, 0x30,
    0x0b, 0xff, 0xff, 0xff, 0xff, 0xff, 0xff, 0x30,
    0x0b, 0xff, 0xff, 0xff, 0xff, 0xff, 0xff, 0x30,
    0x00, 0x00, 0x02, 0xff, 0xf8, 0x00, 0x00, 0x00,
    0x0b, 0xff, 0xff, 0xff, 0xff, 0xff, 0xff, 0x30,
    0x0b, 0xff, 0xff, 0xff, 0xff, 0xff, 0xff, 0x30,
    0x0b, 0xff, 0xff, 0xff, 0xff, 0xff, 0xff, 0x30,
    0x01, 0x11, 0x13, 0xff, 0xf9, 0x11, 0x11, 0x00,
    0x00, 0x00, 0x02, 0xff, 0xf8, 0x00, 0x00, 0x00,
    0x00, 0x00, 0x02, 0xff, 0xf8, 0x00, 0x00, 0x00,

    /* U+00A6 "¦" */
    0x0a, 0xaa, 0x30, 0xff, 0xf5, 0x0f, 0xff, 0x50,
    0xff, 0xf5, 0x0f, 0xff, 0x50, 0xff, 0xf5, 0x0f,
    0xff, 0x50, 0xff, 0xf5, 0x0f, 0xff, 0x50, 0xff,
    0xf5, 0x0f, 0xff, 0x50, 0xff, 0xf5, 0x00, 0x00,
    0x00, 0x00, 0x00, 0x00, 0x00, 0x00, 0xaa, 0xa3,
    0x0f, 0xff, 0x50, 0xff, 0xf5, 0x0f, 0xff, 0x50,
    0xff, 0xf5, 0x0f, 0xff, 0x50, 0xff, 0xf5, 0x0f,
    0xff, 0x50, 0xff, 0xf5, 0x0f, 0xff, 0x50, 0xff,
    0xf5, 0x0f, 0xff, 0x50,

    /* U+00A7 "§" */
    0x00, 0x00, 0x4a, 0xef, 0xec, 0x81, 0x00, 0x00,
    0x00, 0xaf, 0xff, 0xff, 0xff, 0xf5, 0x00, 0x00,
    0x8f, 0xff, 0xff, 0xff, 0xff, 0xf5, 0x00, 0x1f,
    0xff, 0xf9, 0x68, 0xdf, 0xff, 0x50, 0x04, 0xff,
    0xf7, 0x00, 0x00, 0x8b, 0x10, 0x00, 0x5f, 0xff,
    0x60, 0x00, 0x00, 0x00, 0x00, 0x03, 0xff, 0xfe,
    0x40, 0x00, 0x00, 0x00, 0x00, 0x0d, 0xff, 0xff,
    0xe9, 0x50, 0x00, 0x00, 0x00, 0x2f, 0xff, 0xff,
    0xff, 0xe8, 0x00, 0x00, 0x02, 0xff, 0xff, 0xff,
    0xff, 0xfc, 0x00, 0x00, 0xdf, 0xfd, 0x89, 0xef,
    0xff, 0xf9, 0x00, 0x4f, 0xff, 0x20, 0x00, 0x6f,
    0xff, 0xe0, 0x06, 0xff, 0xf2, 0x00, 0x00, 0xaf,
    0xff, 0x00, 0x5f, 0xff, 0xd3, 0x00, 0x0b, 0xff,
    0xd0, 0x01, 0xff, 0xff, 0xfd, 0xbd, 0xff, 0xf6,
    0x00, 0x06, 0xff, 0xff, 0xff, 0xff, 0xf7, 0x00,
    0x00, 0x05, 0xdf, 0xff, 0xff, 0xff, 0xa0, 0x00,
    0x00, 0x00, 0x38, 0xcf, 0xff, 0xff, 0x70, 0x00,
    0x00, 0x00, 0x00, 0x2b, 0xff, 0xfc, 0x00, 0x02,
    0xb2, 0x00, 0x00, 0x0e, 0xff, 0xe0, 0x08, 0xff,
    0xd1, 0x00, 0x00, 0xff, 0xfd, 0x00, 0xbf, 0xff,
    0xe9, 0x67, 0xdf, 0xff, 0x80, 0x01, 0xef, 0xff,
    0xff, 0xff, 0xff, 0xe1, 0x00, 0x03, 0xef, 0xff,
    0xff, 0xff, 0xd2, 0x00, 0x00, 0x00, 0x6b, 0xef,
    0xec, 0x60, 0x00, 0x00,

    /* U+00A8 "¨" */
    0x00, 0x22, 0x00, 0x00, 0x20, 0x00, 0x8f, 0xf7,
    0x02, 0xef, 0xe1, 0x0f, 0xff, 0xf0, 0x8f, 0xff,
    0x80, 0xff, 0xff, 0x07, 0xff, 0xf7, 0x05, 0xee,
    0x50, 0x0b, 0xfb, 0x00,

    /* U+00A9 "©" */
    0x00, 0x00, 0x00, 0x35, 0x65, 0x10, 0x00, 0x00,
    0x00, 0x00, 0x07, 0xef, 0xff, 0xff, 0xc4, 0x00,
    0x00, 0x00, 0x1c, 0xff, 0xff, 0xff, 0xff, 0xf9,
    0x00, 0x00, 0x1d, 0xff, 0xc5, 0x10, 0x27, 0xef,
    0xf9, 0x00, 0x0a, 0xff, 0x80, 0x03, 0x43, 0x01,
    0xcf, 0xf5, 0x03, 0xff, 0xa0, 0x3d, 0xff, 0xfd,
    0x21, 0xef, 0xe0, 0x8f, 0xf1, 0x1f, 0xff, 0xff,
    0xfd, 0x06, 0xff, 0x4c, 0xfb, 0x08, 0xff, 0x60,
    0x5d, 0x60, 0x1f, 0xf8, 0xdf, 0x90, 0xaf, 0xe0,
    0x00, 0x00, 0x00, 0xff, 0x9d, 0xfa, 0x0a, 0xff,
    0x00, 0x03, 0x00, 0x0f, 0xf9, 0xbf, 0xd0, 0x6f,
    0xfa, 0x6b, 0xfc, 0x12, 0xff, 0x76, 0xff, 0x30,
    0xcf, 0xff, 0xff, 0xa0, 0x9f, 0xf2, 0x1e, 0xfd,
    0x00, 0x8e, 0xfd, 0x80, 0x4f, 0xfb, 0x00, 0x6f,
    0xfd, 0x20, 0x00, 0x00, 0x6f, 0xff, 0x20, 0x00,
    0x8f, 0xff, 0xb8, 0x78, 0xdf, 0xff, 0x40, 0x00,
    0x00, 0x6f, 0xff, 0xff, 0xff, 0xfd, 0x30, 0x00,
    0x00, 0x00, 0x17, 0xce, 0xfe, 0xb5, 0x00, 0x00,
    0x00,

    /* U+00AA "ª" */
    0x00, 0x6b, 0xef, 0xe9, 0x10, 0x04, 0xff, 0xff,
    0xff, 0xd0, 0x00, 0xdb, 0x77, 0xef, 0xf6, 0x00,
    0x00, 0x00, 0x4f, 0xfa, 0x00, 0x7d, 0xfe, 0xaf,
    0xfb, 0x09, 0xff, 0xff, 0xff, 0xfb, 0x1f, 0xfd,
    0x33, 0xcf, 0xfb, 0x3f, 0xf7, 0x00, 0x4f, 0xfb,
    0x1f, 0xfd, 0x43, 0xcf, 0xfb, 0x09, 0xff, 0xff,
    0xff, 0xfb, 0x00, 0x6d, 0xfd, 0x68, 0xb8,

    /* U+00AB "«" */
    0x00, 0x04, 0xff, 0xf8, 0x00, 0xdf, 0xfd, 0x00,
    0x01, 0xef, 0xfd, 0x00, 0xaf, 0xff, 0x30, 0x00,
    0xbf, 0xff, 0x20, 0x5f, 0xff, 0x70, 0x00, 0x6f,
    0xff, 0x60, 0x1f, 0xff, 0xc0, 0x00, 0x2f, 0xff,
    0xb0, 0x0c, 0xff, 0xf2, 0x00, 0x0c, 0xff, 0xf1,
    0x06, 0xff, 0xf6, 0x00, 0x00, 0x6f, 0xff, 0x60,
    0x2f, 0xff, 0xb0, 0x00, 0x00, 0xbf, 0xff, 0x20,
    0x5f, 0xff, 0x70, 0x00, 0x01, 0xef, 0xfc, 0x00,
    0xaf, 0xff, 0x30, 0x00, 0x04, 0xff, 0xf8, 0x01,
    0xef, 0xfd, 0x00, 0x00, 0x09, 0xff, 0xf3, 0x03,
    0xff, 0xf9, 0x00, 0x00, 0x06, 0x66, 0x40, 0x04,
    0x66, 0x60,

    /* U+00AC "¬" */
    0x28, 0x88, 0x88, 0x88, 0x88, 0xbf, 0xff, 0x15,
    0xff, 0xff, 0xff, 0xff, 0xff, 0xff, 0xf3, 0x5f,
    0xff, 0xff, 0xff, 0xff, 0xff, 0xff, 0x35, 0xff,
    0xff, 0xff, 0xff, 0xff, 0xff, 0xf3, 0x00, 0x00,
    0x00, 0x00, 0x00, 0x6f, 0xff, 0x10, 0x00, 0x00,
    0x00, 0x00, 0x06, 0xff, 0xf1, 0x00, 0x00, 0x00,
    0x00, 0x00, 0x6f, 0xff, 0x10, 0x00, 0x00, 0x00,
    0x00, 0x06, 0xff, 0xf1, 0x00, 0x00, 0x00, 0x00,
    0x00, 0x38, 0x88, 0x00,

    /* U+00AE "®" */
    0x00, 0x00, 0x00, 0x35, 0x65, 0x10, 0x00, 0x00,
    0x00, 0x00, 0x07, 0xef, 0xff, 0xff, 0xc4, 0x00,
    0x00, 0x00, 0x1c, 0xff, 0xff, 0xff, 0xff, 0xf9,
    0x00, 0x00, 0x1d, 0xff, 0xc5, 0x10, 0x27, 0xef,
    0xf9, 0x00, 0x0a, 0xff, 0x86, 0xaa, 0xa7, 0x21,
    0xcf, 0xf5, 0x03, 0xff, 0xa0, 0xaf, 0xff, 0xff,
    0x41, 0xef, 0xe0, 0x8f, 0xf1, 0x0a, 0xfa, 0x19,
    0xfc, 0x06, 0xff, 0x4c, 0xfb, 0x00, 0xaf, 0x90,
    0x9f, 0xe0, 0x1f, 0xf8, 0xdf, 0x90, 0x0a, 0xff,
    0xff, 0xfa, 0x00, 0xff, 0x9d, 0xfa, 0x00, 0xaf,
    0xff, 0xff, 0x10, 0x0f, 0xf9, 0xbf, 0xd0, 0x0a,
    0xfd, 0xcf, 0xe0, 0x02, 0xff, 0x76, 0xff, 0x30,
    0xaf, 0x91, 0xff, 0x60, 0x9f, 0xf2, 0x1e, 0xfd,
    0x04, 0x74, 0x05, 0x75, 0x4f, 0xfb, 0x00, 0x6f,
    0xfd, 0x20, 0x00, 0x00, 0x6f, 0xff, 0x20, 0x00,
    0x8f, 0xff, 0xb8, 0x78, 0xdf, 0xff, 0x40, 0x00,
    0x00, 0x6f, 0xff, 0xff, 0xff, 0xfd, 0x30, 0x00,
    0x00, 0x00, 0x17, 0xce, 0xfe, 0xb5, 0x00, 0x00,
    0x00,

    /* U+00AF "¯" */
    0x4d, 0xdd, 0xdd, 0xdd, 0xa4, 0xff, 0xff, 0xff,
    0xfc, 0x4f, 0xff, 0xff, 0xff, 0xc0,

    /* U+00B0 "°" */
    0x00, 0x03, 0x8a, 0x94, 0x00, 0x00, 0x09, 0xff,
    0xff, 0xfb, 0x00, 0x07, 0xff, 0xff, 0xff, 0xfa,
    0x00, 0xff, 0xf5, 0x04, 0xef, 0xf2, 0x3f, 0xfa,
    0x00, 0x07, 0xff, 0x63, 0xff, 0x90, 0x00, 0x6f,
    0xf7, 0x1f, 0xfe, 0x10, 0x0c, 0xff, 0x40, 0xaf,
    0xff, 0xbe, 0xff, 0xd0, 0x00, 0xcf, 0xff, 0xff,
    0xe2, 0x00, 0x00, 0x7d, 0xfe, 0x91, 0x00,

    /* U+00B1 "±" */
    0x00, 0x00, 0x04, 0x88, 0x70, 0x00, 0x00, 0x00,
    0x00, 0x00, 0x8f, 0xff, 0x00, 0x00, 0x00, 0x00,
    0x00, 0x08, 0xff, 0xf0, 0x00, 0x00, 0x00, 0x00,
    0x00, 0x8f, 0xff, 0x00, 0x00, 0x00, 0x5f, 0xff,
    0xff, 0xff, 0xff, 0xff, 0xff, 0x25, 0xff, 0xff,
    0xff, 0xff, 0xff, 0xff, 0xf2, 0x5f, 0xff, 0xff,
    0xff, 0xff, 0xff, 0xff, 0x22, 0x88, 0x88, 0xff,
    0xff, 0x88, 0x88, 0x81, 0x00, 0x00, 0x08, 0xff,
    0xf0, 0x00, 0x00, 0x00, 0x00, 0x00, 0x8f, 0xff,
    0x00, 0x00, 0x00, 0x00, 0x00, 0x08, 0xff, 0xf0,
    0x00, 0x00, 0x00, 0x00, 0x00, 0x8f, 0xff, 0x00,
    0x00, 0x00, 0x00, 0x00, 0x02, 0x44, 0x40, 0x00,
    0x00, 0x00, 0x00, 0x00, 0x00, 0x00, 0x00, 0x00,
    0x00, 0x28, 0x88, 0x88, 0x88, 0x88, 0x88, 0x88,
    0x15, 0xff, 0xff, 0xff, 0xff, 0xff, 0xff, 0xf2,
    0x5f, 0xff, 0xff, 0xff, 0xff, 0xff, 0xff, 0x25,
    0xff, 0xff, 0xff, 0xff, 0xff, 0xff, 0xf2,

    /* U+00B2 "²" */
    0x00, 0x4b, 0xef, 0xb3, 0x00, 0x06, 0xff, 0xff,
    0xff, 0x20, 0x1f, 0xff, 0xcd, 0xff, 0xa0, 0x03,
    0xd6, 0x00, 0xff, 0xd0, 0x00, 0x00, 0x03, 0xff,
    0xb0, 0x00, 0x00, 0x1d, 0xff, 0x40, 0x00, 0x00,
    0xcf, 0xf9, 0x00, 0x00, 0x0b, 0xff, 0xb0, 0x00,
    0x00, 0xbf, 0xfc, 0x00, 0x00, 0x0a, 0xff, 0xfd,
    0xcc, 0xc0, 0x1f, 0xff, 0xff, 0xff, 0xf0, 0x1f,
    0xff, 0xff, 0xff, 0xf0,

    /* U+00B3 "³" */
    0x00, 0x8d, 0xfe, 0x91, 0x00, 0x1d, 0xff, 0xff,
    0xfe, 0x10, 0x4f, 0xfd, 0xae, 0xff, 0x60, 0x05,
    0xa0, 0x05, 0xff, 0x70, 0x00, 0x00, 0x1a, 0xff,
    0x30, 0x00, 0x0f, 0xff, 0xfb, 0x00, 0x00, 0x0f,
    0xff, 0xff, 0x60, 0x00, 0x03, 0x47, 0xff, 0xe0,
    0x02, 0xa0, 0x00, 0xff, 0xf0, 0x2e, 0xfe, 0xbd,
    0xff, 0xc0, 0x0c, 0xff, 0xff, 0xff, 0x30, 0x00,
    0x7d, 0xfe, 0xa2, 0x00,

    /* U+00B4 "´" */
    0x00, 0x00, 0x01, 0x00, 0x00, 0x00, 0xae, 0x20,
    0x00, 0x0b, 0xff, 0xc0, 0x00, 0xbf, 0xfd, 0x10,
    0x0c, 0xff, 0xc1, 0x00, 0x06, 0xfb, 0x00, 0x00,
    0x00, 0x50, 0x00, 0x00,

    /* U+00B5 "µ" */
    0x9f, 0xff, 0x10, 0x00, 0x0c, 0xff, 0xe9, 0xff,
    0xf1, 0x00, 0x00, 0xcf, 0xfe, 0x9f, 0xff, 0x10,
    0x00, 0x0c, 0xff, 0xe9, 0xff, 0xf1, 0x00, 0x00,
    0xcf, 0xfe, 0x9f, 0xff, 0x10, 0x00, 0x0c, 0xff,
    0xe9, 0xff, 0xf1, 0x00, 0x00, 0xcf, 0xfe, 0x9f,
    0xff, 0x10, 0x00, 0x0c, 0xff, 0xee, 0xff, 0xf1,
    0x00, 0x00, 0xcf, 0xfe, 0xff, 0xff, 0x20, 0x00,
    0x0f, 0xff, 0xef, 0xff, 0xf6, 0x00, 0x09, 0xff,
    0xfe, 0xff, 0xff, 0xfb, 0xbf, 0xff, 0xff, 0xeb,
    0xff, 0xff, 0xff, 0xff, 0xff, 0xfe, 0x9f, 0xff,
    0xff, 0xff, 0xe9, 0xff, 0xe9, 0xff, 0xff, 0xfd,
    0x70, 0x0f, 0xfe, 0x9f, 0xff, 0x10, 0x00, 0x00,
    0x00, 0x09, 0xff, 0xf1, 0x00, 0x00, 0x00, 0x00,
    0x9f, 0xff, 0x10, 0x00, 0x00, 0x00, 0x09, 0xff,
    0xf1, 0x00, 0x00, 0x00, 0x00, 0x9f, 0xff, 0x10,
    0x00, 0x00, 0x00, 0x00,

    /* U+00B6 "¶" */
    0x00, 0x00, 0x39, 0xdf, 0xff, 0xff, 0xff, 0xff,
    0xfa, 0x00, 0x1a, 0xff, 0xff, 0xff, 0xff, 0xff,
    0xff, 0xfa, 0x00, 0xcf, 0xff, 0xff, 0xff, 0xff,
    0xff, 0xff, 0xc3, 0x09, 0xff, 0xff, 0xff, 0xf7,
    0x79, 0xff, 0xfd, 0x00, 0x2f, 0xff, 0xff, 0xff,
    0xb0, 0x02, 0xff, 0xf8, 0x00, 0x6f, 0xff, 0xff,
    0xff, 0xb0, 0x02, 0xff, 0xf8, 0x00, 0x9f, 0xff,
    0xff, 0xff, 0xb0, 0x02, 0xff, 0xf8, 0x00, 0xaf,
    0xff, 0xff, 0xff, 0xb0, 0x02, 0xff, 0xf8, 0x00,
    0x9f, 0xff, 0xff, 0xff, 0xb0, 0x02, 0xff, 0xf8,
    0x00, 0x7f, 0xff, 0xff, 0xff, 0xb0, 0x02, 0xff,
    0xf8, 0x00, 0x1f, 0xff, 0xff, 0xff, 0xb0, 0x02,
    0xff, 0xf8, 0x00, 0x0a, 0xff, 0xff, 0xff, 0xb0,
    0x02, 0xff, 0xf8, 0x00, 0x00, 0xdf, 0xff, 0xff,
    0xb0, 0x02, 0xff, 0xf8, 0x00, 0x00, 0x1c, 0xff,
    0xff, 0xb0, 0x02, 0xff, 0xf8, 0x00, 0x00, 0x00,
    0x5b, 0xef, 0xb0, 0x02, 0xff, 0xf8, 0x00, 0x00,
    0x00, 0x00, 0x00, 0x00, 0x02, 0xff, 0xf8, 0x00,
    0x00, 0x00, 0x00, 0x00, 0x00, 0x02, 0xff, 0xf8,
    0x00, 0x00, 0x00, 0x00, 0x00, 0x00, 0x02, 0xff,
    0xf7, 0x00, 0x00, 0x01, 0x98, 0x00, 0x00, 0x04,
    0xff, 0xf6, 0x00, 0x00, 0x4e, 0xff, 0x40, 0x00,
    0x0c, 0xff, 0xf2, 0x00, 0x00, 0x1f, 0xff, 0xf9,
    0x57, 0xdf, 0xff, 0xd0, 0x00, 0x00, 0x06, 0xff,
    0xff, 0xff, 0xff, 0xff, 0x30, 0x00, 0x00, 0x00,
    0x6f, 0xff, 0xff, 0xff, 0xf5, 0x00, 0x00, 0x00,
    0x00, 0x02, 0x9d, 0xfe, 0xd8, 0x20, 0x00, 0x00,

    /* U+00B7 "·" */
    0x00, 0x22, 0x00, 0x0c, 0xff, 0x90, 0x9f, 0xff,
    0xf5, 0xbf, 0xff, 0xf7, 0x7f, 0xff, 0xf3, 0x09,
    0xfe, 0x60,

    /* U+00B8 "¸" */
    0x00, 0xdf, 0x50, 0x00, 0x0f, 0xff, 0xa0, 0x02,
    0xaa, 0xef, 0x70, 0x51, 0x09, 0xf9, 0x2f, 0xff,
    0xff, 0x52, 0x9d, 0xfd, 0x70,

    /* U+00B9 "¹" */
    0x00, 0x08, 0xfc, 0x00, 0x6f, 0xfc, 0x7d, 0xff,
    0xfc, 0xbf, 0xff, 0xfc, 0xae, 0xbf, 0xfc, 0x00,
    0x1f, 0xfc, 0x00, 0x1f, 0xfc, 0x00, 0x1f, 0xfc,
    0x00, 0x1f, 0xfc, 0x00, 0x1f, 0xfc, 0x00, 0x1f,
    0xfc, 0x00, 0x1f, 0xfc,

    /* U+00BA "º" */
    0x00, 0x03, 0x9c, 0xca, 0x40, 0x00, 0x00, 0x9f,
    0xff, 0xff, 0xfa, 0x00, 0x07, 0xff, 0xff, 0xff,
    0xff, 0x90, 0x0e, 0xff, 0xa1, 0x19, 0xff, 0xf1,
    0x3f, 0xff, 0x00, 0x00, 0xdf, 0xf5, 0x4f, 0xfd,
    0x00, 0x00, 0xaf, 0xf6, 0x3f, 0xfe, 0x00, 0x00,
    0xcf, 0xf5, 0x0f, 0xff, 0x80, 0x06, 0xff, 0xf2,
    0x08, 0xff, 0xfe, 0xef, 0xff, 0xa0, 0x00, 0xbf,
    0xff, 0xff, 0xfd, 0x10, 0x00, 0x06, 0xcf, 0xfc,
    0x70, 0x00,

    /* U+00BB "»" */
    0x0c, 0xff, 0xe1, 0x07, 0xff, 0xf5, 0x00, 0x00,
    0x02, 0xff, 0xfb, 0x00, 0xcf, 0xfe, 0x10, 0x00,
    0x00, 0x6f, 0xff, 0x60, 0x1f, 0xff, 0xc0, 0x00,
    0x00, 0x0b, 0xff, 0xf2, 0x05, 0xff, 0xf7, 0x00,
    0x00, 0x01, 0xef, 0xfd, 0x00, 0xaf, 0xff, 0x30,
    0x00, 0x00, 0x5f, 0xff, 0x70, 0x0e, 0xff, 0xd0,
    0x00, 0x00, 0xaf, 0xff, 0x20, 0x4f, 0xff, 0x70,
    0x00, 0x06, 0xff, 0xf6, 0x01, 0xef, 0xfc, 0x00,
    0x00, 0x2f, 0xff, 0xb0, 0x0b, 0xff, 0xf2, 0x00,
    0x00, 0xcf, 0xfe, 0x10, 0x7f, 0xff, 0x50, 0x00,
    0x08, 0xff, 0xf4, 0x02, 0xff, 0xfa, 0x00, 0x00,
    0x06, 0x66, 0x50, 0x04, 0x66, 0x61, 0x00, 0x00,

    /* U+00BC "¼" */
    0x00, 0x00, 0x00, 0x00, 0x00, 0x00, 0x00, 0x05,
    0x30, 0x00, 0x00, 0x00, 0x00, 0x09, 0xfc, 0x00,
    0x00, 0x00, 0x00, 0x1f, 0xfa, 0x00, 0x00, 0x00,
    0x03, 0x9f, 0xfc, 0x00, 0x00, 0x00, 0x00, 0xbf,
    0xf9, 0x00, 0x00, 0x00, 0xbf, 0xff, 0xfc, 0x00,
    0x00, 0x00, 0x05, 0xff, 0xe0, 0x00, 0x00, 0x00,
    0xbf, 0xff, 0xfc, 0x00, 0x00, 0x00, 0x1e, 0xff,
    0x40, 0x00, 0x00, 0x00, 0x79, 0x6f, 0xfc, 0x00,
    0x00, 0x00, 0xaf, 0xf9, 0x00, 0x00, 0x00, 0x00,
    0x00, 0x1f, 0xfc, 0x00, 0x00, 0x05, 0xff, 0xe0,
    0x00, 0x00, 0x00, 0x00, 0x00, 0x1f, 0xfc, 0x00,
    0x00, 0x1e, 0xff, 0x40, 0x00, 0x00, 0x00, 0x00,
    0x00, 0x1f, 0xfc, 0x00, 0x00, 0xaf, 0xfa, 0x00,
    0x03, 0x31, 0x00, 0x00, 0x00, 0x1f, 0xfc, 0x00,
    0x04, 0xff, 0xe1, 0x00, 0x8f, 0xf4, 0x00, 0x00,
    0x00, 0x1f, 0xfc, 0x00, 0x0e, 0xff, 0x50, 0x00,
    0xdf, 0xe0, 0x00, 0x00, 0x00, 0x1f, 0xfc, 0x00,
    0x9f, 0xfa, 0x00, 0x03, 0xff, 0x90, 0x00, 0x00,
    0x00, 0x06, 0x65, 0x03, 0xff, 0xe1, 0x00, 0x08,
    0xff, 0x40, 0x9d, 0x50, 0x00, 0x00, 0x00, 0x0d,
    0xff, 0x50, 0x00, 0x0e, 0xfe, 0x00, 0xff, 0x60,
    0x00, 0x00, 0x00, 0x8f, 0xfb, 0x00, 0x00, 0x3f,
    0xf9, 0x03, 0xff, 0x60, 0x00, 0x00, 0x03, 0xff,
    0xe1, 0x00, 0x00, 0x9f, 0xff, 0xcf, 0xff, 0xfb,
    0x00, 0x00, 0x0d, 0xff, 0x60, 0x00, 0x00, 0xef,
    0xff, 0xff, 0xff, 0xff, 0x00, 0x00, 0x8f, 0xfb,
    0x00, 0x00, 0x00, 0xef, 0xff, 0xff, 0xff, 0xff,
    0x00, 0x02, 0xff, 0xf1, 0x00, 0x00, 0x00, 0x00,
    0x00, 0x06, 0xff, 0x60, 0x00, 0x0c, 0xff, 0x60,
    0x00, 0x00, 0x00, 0x00, 0x00, 0x06, 0xff, 0x60,
    0x00, 0x07, 0xfb, 0x00, 0x00, 0x00, 0x00, 0x00,
    0x00, 0x00, 0x00, 0x00, 0x00, 0x00, 0x11, 0x00,
    0x00, 0x00, 0x00, 0x00, 0x00, 0x00, 0x00, 0x00,

    /* U+00BD "½" */
    0x00, 0x00, 0x00, 0x00, 0x00, 0x00, 0x00, 0x05,
    0x40, 0x00, 0x00, 0x00, 0x00, 0x1b, 0xfc, 0x00,
    0x00, 0x00, 0x00, 0x1f, 0xfc, 0x00, 0x00, 0x00,
    0x7c, 0xff, 0xfc, 0x00, 0x00, 0x00, 0x00, 0xbf,
    0xf6, 0x00, 0x00, 0x00, 0xbf, 0xff, 0xfc, 0x00,
    0x00, 0x00, 0x05, 0xff, 0xc0, 0x00, 0x00, 0x00,
    0xae, 0xbf, 0xfc, 0x00, 0x00, 0x00, 0x1e, 0xff,
    0x20, 0x00, 0x00, 0x00, 0x00, 0x1f, 0xfc, 0x00,
    0x00, 0x00, 0xaf, 0xf7, 0x00, 0x00, 0x00, 0x00,
    0x00, 0x1f, 0xfc, 0x00, 0x00, 0x05, 0xff, 0xd0,
    0x00, 0x00, 0x00, 0x00, 0x00, 0x1f, 0xfc, 0x00,
    0x00, 0x1e, 0xff, 0x30, 0x00, 0x00, 0x00, 0x00,
    0x00, 0x1f, 0xfc, 0x00, 0x00, 0xaf, 0xf8, 0x00,
    0x06, 0x9a, 0x60, 0x00, 0x00, 0x1f, 0xfc, 0x00,
    0x04, 0xff, 0xd0, 0x02, 0xdf, 0xff, 0xfd, 0x10,
    0x00, 0x1f, 0xfc, 0x00, 0x0e, 0xff, 0x30, 0x0d,
    0xff, 0xff, 0xff, 0xa0, 0x00, 0x1f, 0xfc, 0x00,
    0x9f, 0xf9, 0x00, 0x07, 0xfc, 0x22, 0xff, 0xe0,
    0x00, 0x06, 0x65, 0x03, 0xff, 0xe0, 0x00, 0x00,
    0x30, 0x01, 0xff, 0xd0, 0x00, 0x00, 0x00, 0x0d,
    0xff, 0x40, 0x00, 0x00, 0x00, 0x0b, 0xff, 0x60,
    0x00, 0x00, 0x00, 0x8f, 0xfa, 0x00, 0x00, 0x00,
    0x00, 0x9f, 0xfb, 0x00, 0x00, 0x00, 0x03, 0xff,
    0xe1, 0x00, 0x00, 0x00, 0x09, 0xff, 0xd0, 0x00,
    0x00, 0x00, 0x0d, 0xff, 0x50, 0x00, 0x00, 0x00,
    0x9f, 0xfd, 0x10, 0x00, 0x00, 0x00, 0x8f, 0xfb,
    0x00, 0x00, 0x00, 0x09, 0xff, 0xfd, 0xcc, 0xc0,
    0x00, 0x02, 0xff, 0xf1, 0x00, 0x00, 0x00, 0x0f,
    0xff, 0xff, 0xff, 0xf1, 0x00, 0x0c, 0xff, 0x60,
    0x00, 0x00, 0x00, 0x0f, 0xff, 0xff, 0xff, 0xf1,
    0x00, 0x07, 0xfb, 0x00, 0x00, 0x00, 0x00, 0x00,
    0x00, 0x00, 0x00, 0x00, 0x00, 0x00, 0x11, 0x00,
    0x00, 0x00, 0x00, 0x00, 0x00, 0x00, 0x00, 0x00,

    /* U+00BE "¾" */
    0x00, 0x00, 0x00, 0x00, 0x00, 0x00, 0x00, 0x00,
    0x00, 0x30, 0x00, 0x00, 0x00, 0x00, 0x08, 0xdf,
    0xea, 0x20, 0x00, 0x00, 0x00, 0x00, 0x5f, 0xc3,
    0x00, 0x00, 0x00, 0x1d, 0xff, 0xff, 0xfe, 0x10,
    0x00, 0x00, 0x00, 0x1e, 0xff, 0x30, 0x00, 0x00,
    0x04, 0xff, 0xdb, 0xff, 0xf7, 0x00, 0x00, 0x00,
    0x0b, 0xff, 0x80, 0x00, 0x00, 0x00, 0x04, 0x90,
    0x05, 0xff, 0x70, 0x00, 0x00, 0x05, 0xff, 0xd0,
    0x00, 0x00, 0x00, 0x00, 0x00, 0x45, 0xff, 0xf2,
    0x00, 0x00, 0x01, 0xef, 0xf3, 0x00, 0x00, 0x00,
    0x00, 0x00, 0x0f, 0xff, 0xfc, 0x00, 0x00, 0x00,
    0xaf, 0xf9, 0x00, 0x00, 0x00, 0x00, 0x00, 0x00,
    0xff, 0xff, 0xf8, 0x00, 0x00, 0x5f, 0xfd, 0x00,
    0x00, 0x00, 0x00, 0x00, 0x00, 0x00, 0x04, 0xff,
    0xf0, 0x00, 0x1e, 0xff, 0x40, 0x01, 0x22, 0x00,
    0x00, 0x00, 0x3b, 0x10, 0x0f, 0xff, 0x00, 0x0a,
    0xff, 0x90, 0x00, 0xef, 0xd0, 0x00, 0x00, 0x2e,
    0xfe, 0xbd, 0xff, 0xb0, 0x04, 0xff, 0xd0, 0x00,
    0x4f, 0xf7, 0x00, 0x00, 0x00, 0xcf, 0xff, 0xff,
    0xe2, 0x01, 0xef, 0xf4, 0x00, 0x0a, 0xff, 0x20,
    0x00, 0x00, 0x00, 0x7d, 0xfe, 0xa1, 0x00, 0xaf,
    0xf9, 0x00, 0x00, 0xff, 0xc0, 0x18, 0x70, 0x00,
    0x00, 0x00, 0x00, 0x00, 0x4f, 0xfe, 0x00, 0x00,
    0x5f, 0xf7, 0x05, 0xff, 0x00, 0x00, 0x00, 0x00,
    0x00, 0x0e, 0xff, 0x40, 0x00, 0x0a, 0xff, 0x20,
    0xaf, 0xf0, 0x00, 0x00, 0x00, 0x00, 0x09, 0xff,
    0x90, 0x00, 0x00, 0xff, 0xfc, 0xcf, 0xff, 0xc5,
    0x00, 0x00, 0x00, 0x04, 0xff, 0xe0, 0x00, 0x00,
    0x5f, 0xff, 0xff, 0xff, 0xff, 0x70, 0x00, 0x00,
    0x00, 0xef, 0xf4, 0x00, 0x00, 0x06, 0xff, 0xff,
    0xff, 0xff, 0xf7, 0x00, 0x00, 0x00, 0x9f, 0xfa,
    0x00, 0x00, 0x00, 0x00, 0x00, 0x00, 0xef, 0xf0,
    0x00, 0x00, 0x00, 0x4f, 0xfe, 0x10, 0x00, 0x00,
    0x00, 0x00, 0x00, 0x0e, 0xff, 0x00, 0x00, 0x00,
    0x02, 0xbf, 0x40, 0x00, 0x00, 0x00, 0x00, 0x00,
    0x00, 0x00, 0x00, 0x00, 0x00, 0x00, 0x00, 0x30,
    0x00, 0x00, 0x00, 0x00, 0x00, 0x00, 0x00, 0x00,
    0x00,

    /* U+00BF "¿" */
    0x00, 0x00, 0x0a, 0xfd, 0x30, 0x00, 0x00, 0x00,
    0x00, 0x8f, 0xff, 0xe0, 0x00, 0x00, 0x00, 0x00,
    0xbf, 0xff, 0xf2, 0x00, 0x00, 0x00, 0x00, 0x7f,
    0xff, 0xe0, 0x00, 0x00, 0x00, 0x00, 0x09, 0xec,
    0x30, 0x00, 0x00, 0x00, 0x00, 0x00, 0x00, 0x00,
    0x00, 0x00, 0x00, 0x00, 0x00, 0x7b, 0x00, 0x00,
    0x00, 0x00, 0x00, 0x3d, 0xff, 0x60, 0x00, 0x00,
    0x00, 0x07, 0xff, 0xff, 0xf1, 0x00, 0x00, 0x00,
    0xaf, 0xff, 0xfe, 0x50, 0x00, 0x00, 0x08, 0xff,
    0xff, 0xa1, 0x00, 0x00, 0x00, 0x2f, 0xff, 0xf6,
    0x00, 0x00, 0x00, 0x00, 0x9f, 0xff, 0x60, 0x00,
    0x00, 0x00, 0x00, 0xcf, 0xff, 0x00, 0x00, 0x00,
    0x00, 0x00, 0xcf, 0xff, 0x00, 0x00, 0x00, 0x88,
    0x00, 0xaf, 0xff, 0x70, 0x00, 0x1a, 0xff, 0x60,
    0x5f, 0xff, 0xfc, 0x9b, 0xff, 0xff, 0xf1, 0x0b,
    0xff, 0xff, 0xff, 0xff, 0xff, 0x40, 0x01, 0xcf,
    0xff, 0xff, 0xff, 0xc3, 0x00, 0x00, 0x06, 0xbe,
    0xfe, 0xb5, 0x00, 0x00,

    /* U+00C0 "À" */
    0x00, 0x00, 0x00, 0x41, 0x00, 0x00, 0x00, 0x00,
    0x00, 0x00, 0x00, 0x05, 0xfd, 0x20, 0x00, 0x00,
    0x00, 0x00, 0x00, 0x00, 0x0a, 0xff, 0xe2, 0x00,
    0x00, 0x00, 0x00, 0x00, 0x00, 0x00, 0x9f, 0xfe,
    0x30, 0x00, 0x00, 0x00, 0x00, 0x00, 0x00, 0x08,
    0xff, 0xe0, 0x00, 0x00, 0x00, 0x00, 0x00, 0x00,
    0x00, 0x6e, 0x30, 0x00, 0x00, 0x00, 0x00, 0x00,
    0x00, 0x00, 0x01, 0x00, 0x00, 0x00, 0x00, 0x00,
    0x00, 0x00, 0x00, 0x00, 0x00, 0x00, 0x00, 0x00,
    0x00, 0x00, 0x00, 0x0f, 0xff, 0xf9, 0x00, 0x00,
    0x00, 0x00, 0x00, 0x00, 0x5f, 0xff, 0xff, 0x00,
    0x00, 0x00, 0x00, 0x00, 0x00, 0xbf, 0xff, 0xff,
    0x50, 0x00, 0x00, 0x00, 0x00, 0x01, 0xff, 0xff,
    0xff, 0xa0, 0x00, 0x00, 0x00, 0x00, 0x06, 0xff,
    0xfa, 0xff, 0xf0, 0x00, 0x00, 0x00, 0x00, 0x0c,
    0xff, 0xc3, 0xff, 0xf5, 0x00, 0x00, 0x00, 0x00,
    0x2f, 0xff, 0x70, 0xdf, 0xfb, 0x00, 0x00, 0x00,
    0x00, 0x8f, 0xff, 0x10, 0x8f, 0xff, 0x10, 0x00,
    0x00, 0x00, 0xdf, 0xfc, 0x00, 0x3f, 0xff, 0x60,
    0x00, 0x00, 0x03, 0xff, 0xf6, 0x00, 0x0d, 0xff,
    0xb0, 0x00, 0x00, 0x09, 0xff, 0xf1, 0x00, 0x08,
    0xff, 0xf1, 0x00, 0x00, 0x0e, 0xff, 0xf6, 0x66,
    0x69, 0xff, 0xf6, 0x00, 0x00, 0x4f, 0xff, 0xff,
    0xff, 0xff, 0xff, 0xfc, 0x00, 0x00, 0xaf, 0xff,
    0xff, 0xff, 0xff, 0xff, 0xff, 0x10, 0x00, 0xff,
    0xff, 0xff, 0xff, 0xff, 0xff, 0xff, 0x70, 0x05,
    0xff, 0xf5, 0x00, 0x00, 0x00, 0x0d, 0xff, 0xc0,
    0x0b, 0xff, 0xe0, 0x00, 0x00, 0x00, 0x08, 0xff,
    0xf2, 0x1f, 0xff, 0x90, 0x00, 0x00, 0x00, 0x03,
    0xff, 0xf7, 0x6f, 0xff, 0x40, 0x00, 0x00, 0x00,
    0x00, 0xdf, 0xfd,

    /* U+00C1 "Á" */
    0x00, 0x00, 0x00, 0x00, 0x00, 0x05, 0x10, 0x00,
    0x00, 0x00, 0x00, 0x00, 0x00, 0x00, 0x7f, 0xc1,
    0x00, 0x00, 0x00, 0x00, 0x00, 0x00, 0x08, 0xff,
    0xf3, 0x00, 0x00, 0x00, 0x00, 0x00, 0x00, 0x9f,
    0xfe, 0x30, 0x00, 0x00, 0x00, 0x00, 0x00, 0x06,
    0xff, 0xe2, 0x00, 0x00, 0x00, 0x00, 0x00, 0x00,
    0x00, 0x9d, 0x10, 0x00, 0x00, 0x00, 0x00, 0x00,
    0x00, 0x00, 0x01, 0x00, 0x00, 0x00, 0x00, 0x00,
    0x00, 0x00, 0x00, 0x00, 0x00, 0x00, 0x00, 0x00,
    0x00, 0x00, 0x00, 0x0f, 0xff, 0xf9, 0x00, 0x00,
    0x00, 0x00, 0x00, 0x00, 0x5f, 0xff, 0xff, 0x00,
    0x00, 0x00, 0x00, 0x00, 0x00, 0xbf, 0xff, 0xff,
    0x50, 0x00, 0x00, 0x00, 0x00, 0x01, 0xff, 0xff,
    0xff, 0xa0, 0x00, 0x00, 0x00, 0x00, 0x06, 0xff,
    0xfa, 0xff, 0xf0, 0x00, 0x00, 0x00, 0x00, 0x0c,
    0xff, 0xc3, 0xff, 0xf5, 0x00, 0x00, 0x00, 0x00,
    0x2f, 0xff, 0x70, 0xdf, 0xfb, 0x00, 0x00, 0x00,
    0x00, 0x8f, 0xff, 0x10, 0x8f, 0xff, 0x10, 0x00,
    0x00, 0x00, 0xdf, 0xfc, 0x00, 0x3f, 0xff, 0x60,
    0x00, 0x00, 0x03, 0xff, 0xf6, 0x00, 0x0d, 0xff,
    0xb0, 0x00, 0x00, 0x09, 0xff, 0xf1, 0x00, 0x08,
    0xff, 0xf1, 0x00, 0x00, 0x0e, 0xff, 0xf6, 0x66,
    0x69, 0xff, 0xf6, 0x00, 0x00, 0x4f, 0xff, 0xff,
    0xff, 0xff, 0xff, 0xfc, 0x00, 0x00, 0xaf, 0xff,
    0xff, 0xff, 0xff, 0xff, 0xff, 0x10, 0x00, 0xff,
    0xff, 0xff, 0xff, 0xff, 0xff, 0xff, 0x70, 0x05,
    0xff, 0xf5, 0x00, 0x00, 0x00, 0x0d, 0xff, 0xc0,
    0x0b, 0xff, 0xe0, 0x00, 0x00, 0x00, 0x08, 0xff,
    0xf2, 0x1f, 0xff, 0x90, 0x00, 0x00, 0x00, 0x03,
    0xff, 0xf7, 0x6f, 0xff, 0x40, 0x00, 0x00, 0x00,
    0x00, 0xdf, 0xfd,

    /* U+00C2 "Â" */
    0x00, 0x00, 0x00, 0x00, 0x03, 0x00, 0x00, 0x00,
    0x00, 0x00, 0x00, 0x00, 0x00, 0xbf, 0x60, 0x00,
    0x00, 0x00, 0x00, 0x00, 0x00, 0x1c, 0xff, 0xf7,
    0x00, 0x00, 0x00, 0x00, 0x00, 0x01, 0xdf, 0xff,
    0xff, 0x80, 0x00, 0x00, 0x00, 0x00, 0x0a, 0xff,
    0x92, 0xef, 0xf4, 0x00, 0x00, 0x00, 0x00, 0x00,
    0xc9, 0x00, 0x1d, 0x60, 0x00, 0x00, 0x00, 0x00,
    0x00, 0x00, 0x00, 0x00, 0x00, 0x00, 0x00, 0x00,
    0x00, 0x00, 0x00, 0x00, 0x00, 0x00, 0x00, 0x00,
    0x00, 0x00, 0x00, 0x0f, 0xff, 0xf9, 0x00, 0x00,
    0x00, 0x00, 0x00, 0x00, 0x5f, 0xff, 0xff, 0x00,
    0x00, 0x00, 0x00, 0x00, 0x00, 0xbf, 0xff, 0xff,
    0x50, 0x00, 0x00, 0x00, 0x00, 0x01, 0xff, 0xff,
    0xff, 0xa0, 0x00, 0x00, 0x00, 0x00, 0x06, 0xff,
    0xfa, 0xff, 0xf0, 0x00, 0x00, 0x00, 0x00, 0x0c,
    0xff, 0xc3, 0xff, 0xf5, 0x00, 0x00, 0x00, 0x00,
    0x2f, 0xff, 0x70, 0xdf, 0xfb, 0x00, 0x00, 0x00,
    0x00, 0x8f, 0xff, 0x10, 0x8f, 0xff, 0x10, 0x00,
    0x00, 0x00, 0xdf, 0xfc, 0x00, 0x3f, 0xff, 0x60,
    0x00, 0x00, 0x03, 0xff, 0xf6, 0x00, 0x0d, 0xff,
    0xb0, 0x00, 0x00, 0x09, 0xff, 0xf1, 0x00, 0x08,
    0xff, 0xf1, 0x00, 0x00, 0x0e, 0xff, 0xf6, 0x66,
    0x69, 0xff, 0xf6, 0x00, 0x00, 0x4f, 0xff, 0xff,
    0xff, 0xff, 0xff, 0xfc, 0x00, 0x00, 0xaf, 0xff,
    0xff, 0xff, 0xff, 0xff, 0xff, 0x10, 0x00, 0xff,
    0xff, 0xff, 0xff, 0xff, 0xff, 0xff, 0x70, 0x05,
    0xff, 0xf5, 0x00, 0x00, 0x00, 0x0d, 0xff, 0xc0,
    0x0b, 0xff, 0xe0, 0x00, 0x00, 0x00, 0x08, 0xff,
    0xf2, 0x1f, 0xff, 0x90, 0x00, 0x00, 0x00, 0x03,
    0xff, 0xf7, 0x6f, 0xff, 0x40, 0x00, 0x00, 0x00,
    0x00, 0xdf, 0xfd,

    /* U+00C3 "Ã" */
    0x00, 0x00, 0x01, 0x9b, 0x70, 0x00, 0x70, 0x00,
    0x00, 0x00, 0x00, 0x1e, 0xff, 0xfc, 0x25, 0xfd,
    0x30, 0x00, 0x00, 0x00, 0xaf, 0xff, 0xff, 0xff,
    0xff, 0x40, 0x00, 0x00, 0x00, 0x5e, 0xd1, 0x5f,
    0xff, 0xf9, 0x00, 0x00, 0x00, 0x00, 0x01, 0x40,
    0x01, 0x9a, 0x60, 0x00, 0x00, 0x00, 0x00, 0x00,
    0x00, 0x00, 0x00, 0x00, 0x00, 0x00, 0x00, 0x00,
    0x00, 0x00, 0x00, 0x00, 0x00, 0x00, 0x00, 0x00,
    0x00, 0x00, 0x0f, 0xff, 0xf9, 0x00, 0x00, 0x00,
    0x00, 0x00, 0x00, 0x5f, 0xff, 0xff, 0x00, 0x00,
    0x00, 0x00, 0x00, 0x00, 0xbf, 0xff, 0xff, 0x50,
    0x00, 0x00, 0x00, 0x00, 0x01, 0xff, 0xff, 0xff,
    0xa0, 0x00, 0x00, 0x00, 0x00, 0x06, 0xff, 0xfa,
    0xff, 0xf0, 0x00, 0x00, 0x00, 0x00, 0x0c, 0xff,
    0xc3, 0xff, 0xf5, 0x00, 0x00, 0x00, 0x00, 0x2f,
    0xff, 0x70, 0xdf, 0xfb, 0x00, 0x00, 0x00, 0x00,
    0x8f, 0xff, 0x10, 0x8f, 0xff, 0x10, 0x00, 0x00,
    0x00, 0xdf, 0xfc, 0x00, 0x3f, 0xff, 0x60, 0x00,
    0x00, 0x03, 0xff, 0xf6, 0x00, 0x0d, 0xff, 0xb0,
    0x00, 0x00, 0x09, 0xff, 0xf1, 0x00, 0x08, 0xff,
    0xf1, 0x00, 0x00, 0x0e, 0xff, 0xf6, 0x66, 0x69,
    0xff, 0xf6, 0x00, 0x00, 0x4f, 0xff, 0xff, 0xff,
    0xff, 0xff, 0xfc, 0x00, 0x00, 0xaf, 0xff, 0xff,
    0xff, 0xff, 0xff, 0xff, 0x10, 0x00, 0xff, 0xff,
    0xff, 0xff, 0xff, 0xff, 0xff, 0x70, 0x05, 0xff,
    0xf5, 0x00, 0x00, 0x00, 0x0d, 0xff, 0xc0, 0x0b,
    0xff, 0xe0, 0x00, 0x00, 0x00, 0x08, 0xff, 0xf2,
    0x1f, 0xff, 0x90, 0x00, 0x00, 0x00, 0x03, 0xff,
    0xf7, 0x6f, 0xff, 0x40, 0x00, 0x00, 0x00, 0x00,
    0xdf, 0xfd,

    /* U+00C4 "Ä" */
    0x00, 0x00, 0x00, 0x20, 0x00, 0x01, 0x20, 0x00,
    0x00, 0x00, 0x00, 0x1e, 0xfe, 0x20, 0x7f, 0xf9,
    0x00, 0x00, 0x00, 0x00, 0x7f, 0xff, 0x90, 0xff,
    0xff, 0x10, 0x00, 0x00, 0x00, 0x6f, 0xff, 0x80,
    0xef, 0xff, 0x00, 0x00, 0x00, 0x00, 0x0b, 0xfb,
    0x10, 0x4e, 0xe6, 0x00, 0x00, 0x00, 0x00, 0x00,
    0x00, 0x00, 0x00, 0x00, 0x00, 0x00, 0x00, 0x00,
    0x00, 0x00, 0x00, 0x00, 0x00, 0x00, 0x00, 0x00,
    0x00, 0x00, 0x0f, 0xff, 0xf9, 0x00, 0x00, 0x00,
    0x00, 0x00, 0x00, 0x5f, 0xff, 0xff, 0x00, 0x00,
    0x00, 0x00, 0x00, 0x00, 0xbf, 0xff, 0xff, 0x50,
    0x00, 0x00, 0x00, 0x00, 0x01, 0xff, 0xff, 0xff,
    0xa0, 0x00, 0x00, 0x00, 0x00, 0x06, 0xff, 0xfa,
    0xff, 0xf0, 0x00, 0x00, 0x00, 0x00, 0x0c, 0xff,
    0xc3, 0xff, 0xf5, 0x00, 0x00, 0x00, 0x00, 0x2f,
    0xff, 0x70, 0xdf, 0xfb, 0x00, 0x00, 0x00, 0x00,
    0x8f, 0xff, 0x10, 0x8f, 0xff, 0x10, 0x00, 0x00,
    0x00, 0xdf, 0xfc, 0x00, 0x3f, 0xff, 0x60, 0x00,
    0x00, 0x03, 0xff, 0xf6, 0x00, 0x0d, 0xff, 0xb0,
    0x00, 0x00, 0x09, 0xff, 0xf1, 0x00, 0x08, 0xff,
    0xf1, 0x00, 0x00, 0x0e, 0xff, 0xf6, 0x66, 0x69,
    0xff, 0xf6, 0x00, 0x00, 0x4f, 0xff, 0xff, 0xff,
    0xff, 0xff, 0xfc, 0x00, 0x00, 0xaf, 0xff, 0xff,
    0xff, 0xff, 0xff, 0xff, 0x10, 0x00, 0xff, 0xff,
    0xff, 0xff, 0xff, 0xff, 0xff, 0x70, 0x05, 0xff,
    0xf5, 0x00, 0x00, 0x00, 0x0d, 0xff, 0xc0, 0x0b,
    0xff, 0xe0, 0x00, 0x00, 0x00, 0x08, 0xff, 0xf2,
    0x1f, 0xff, 0x90, 0x00, 0x00, 0x00, 0x03, 0xff,
    0xf7, 0x6f, 0xff, 0x40, 0x00, 0x00, 0x00, 0x00,
    0xdf, 0xfd,

    /* U+00C5 "Å" */
    0x00, 0x00, 0x00, 0x00, 0x01, 0x00, 0x00, 0x00,
    0x00, 0x00, 0x00, 0x00, 0x09, 0xff, 0xe4, 0x00,
    0x00, 0x00, 0x00, 0x00, 0x00, 0x7f, 0xff, 0xff,
    0x20, 0x00, 0x00, 0x00, 0x00, 0x00, 0xdf, 0x81,
    0xdf, 0x70, 0x00, 0x00, 0x00, 0x00, 0x00, 0xcf,
    0x93, 0xef, 0x60, 0x00, 0x00, 0x00, 0x00, 0x00,
    0x6f, 0xff, 0xfe, 0x10, 0x00, 0x00, 0x00, 0x00,
    0x00, 0x07, 0xdf, 0xc3, 0x00, 0x00, 0x00, 0x00,
    0x00, 0x00, 0x00, 0x00, 0x00, 0x00, 0x00, 0x00,
    0x00, 0x00, 0x00, 0x00, 0x00, 0x00, 0x00, 0x00,
    0x00, 0x00, 0x00, 0x00, 0x0f, 0xff, 0xf9, 0x00,
    0x00, 0x00, 0x00, 0x00, 0x00, 0x5f, 0xff, 0xff,
    0x00, 0x00, 0x00, 0x00, 0x00, 0x00, 0xbf, 0xff,
    0xff, 0x50, 0x00, 0x00, 0x00, 0x00, 0x01, 0xff,
    0xff, 0xff, 0xa0, 0x00, 0x00, 0x00, 0x00, 0x06,
    0xff, 0xfa, 0xff, 0xf0, 0x00, 0x00, 0x00, 0x00,
    0x0c, 0xff, 0xc3, 0xff, 0xf5, 0x00, 0x00, 0x00,
    0x00, 0x2f, 0xff, 0x70, 0xdf, 0xfb, 0x00, 0x00,
    0x00, 0x00, 0x8f, 0xff, 0x10, 0x8f, 0xff, 0x10,
    0x00, 0x00, 0x00, 0xdf, 0xfc, 0x00, 0x3f, 0xff,
    0x60, 0x00, 0x00, 0x03, 0xff, 0xf6, 0x00, 0x0d,
    0xff, 0xb0, 0x00, 0x00, 0x09, 0xff, 0xf1, 0x00,
    0x08, 0xff, 0xf1, 0x00, 0x00, 0x0e, 0xff, 0xf6,
    0x66, 0x69, 0xff, 0xf6, 0x00, 0x00, 0x4f, 0xff,
    0xff, 0xff, 0xff, 0xff, 0xfc, 0x00, 0x00, 0xaf,
    0xff, 0xff, 0xff, 0xff, 0xff, 0xff, 0x10, 0x00,
    0xff, 0xff, 0xff, 0xff, 0xff, 0xff, 0xff, 0x70,
    0x05, 0xff, 0xf5, 0x00, 0x00, 0x00, 0x0d, 0xff,
    0xc0, 0x0b, 0xff, 0xe0, 0x00, 0x00, 0x00, 0x08,
    0xff, 0xf2, 0x1f, 0xff, 0x90, 0x00, 0x00, 0x00,
    0x03, 0xff, 0xf7, 0x6f, 0xff, 0x40, 0x00, 0x00,
    0x00, 0x00, 0xdf, 0xfd,

    /* U+00C6 "Æ" */
    0x00, 0x00, 0x00, 0x05, 0xff, 0xff, 0xff, 0xff,
    0xff, 0xff, 0xfe, 0x00, 0x00, 0x00, 0x00, 0xbf,
    0xff, 0xff, 0xff, 0xff, 0xff, 0xff, 0xe0, 0x00,
    0x00, 0x00, 0x2f, 0xff, 0xff, 0xff, 0xff, 0xff,
    0xff, 0xfe, 0x00, 0x00, 0x00, 0x08, 0xff, 0xfd,
    0xff, 0xf9, 0x88, 0x88, 0x88, 0x70, 0x00, 0x00,
    0x00, 0xef, 0xfd, 0x7f, 0xff, 0x20, 0x00, 0x00,
    0x00, 0x00, 0x00, 0x00, 0x5f, 0xff, 0x76, 0xff,
    0xf4, 0x00, 0x00, 0x00, 0x00, 0x00, 0x00, 0x0b,
    0xff, 0xf1, 0x4f, 0xff, 0x50, 0x00, 0x00, 0x00,
    0x00, 0x00, 0x01, 0xff, 0xfa, 0x03, 0xff, 0xf6,
    0x00, 0x00, 0x00, 0x00, 0x00, 0x00, 0x7f, 0xff,
    0x40, 0x1f, 0xff, 0xff, 0xff, 0xff, 0xe0, 0x00,
    0x00, 0x0d, 0xff, 0xd0, 0x00, 0xff, 0xff, 0xff,
    0xff, 0xfe, 0x00, 0x00, 0x04, 0xff, 0xf7, 0x00,
    0x0e, 0xff, 0xff, 0xff, 0xff, 0xe0, 0x00, 0x00,
    0xbf, 0xff, 0x86, 0x66, 0xff, 0xff, 0x88, 0x88,
    0x87, 0x00, 0x00, 0x1f, 0xff, 0xff, 0xff, 0xff,
    0xff, 0xd0, 0x00, 0x00, 0x00, 0x00, 0x07, 0xff,
    0xff, 0xff, 0xff, 0xff, 0xff, 0x00, 0x00, 0x00,
    0x00, 0x00, 0xdf, 0xff, 0xff, 0xff, 0xff, 0xff,
    0xf0, 0x00, 0x00, 0x00, 0x00, 0x3f, 0xff, 0x70,
    0x00, 0x00, 0x6f, 0xff, 0x98, 0x88, 0x88, 0x83,
    0x0a, 0xff, 0xf1, 0x00, 0x00, 0x05, 0xff, 0xff,
    0xff, 0xff, 0xff, 0x70, 0xff, 0xfa, 0x00, 0x00,
    0x00, 0x3f, 0xff, 0xff, 0xff, 0xff, 0xf7, 0x6f,
    0xff, 0x40, 0x00, 0x00, 0x02, 0xff, 0xff, 0xff,
    0xff, 0xff, 0x70,

    /* U+00C7 "Ç" */
    0x00, 0x00, 0x00, 0x49, 0xde, 0xfe, 0xc9, 0x30,
    0x00, 0x00, 0x00, 0x00, 0x3c, 0xff, 0xff, 0xff,
    0xff, 0xfb, 0x10, 0x00, 0x00, 0x06, 0xff, 0xff,
    0xff, 0xff, 0xff, 0xff, 0xe3, 0x00, 0x00, 0x4f,
    0xff, 0xff, 0xda, 0x9a, 0xef, 0xff, 0xfe, 0x10,
    0x01, 0xef, 0xff, 0xd3, 0x00, 0x00, 0x05, 0xef,
    0xff, 0xa0, 0x08, 0xff, 0xfd, 0x00, 0x00, 0x00,
    0x00, 0x2e, 0xfd, 0x80, 0x0d, 0xff, 0xf2, 0x00,
    0x00, 0x00, 0x00, 0x03, 0x30, 0x00, 0x2f, 0xff,
    0xc0, 0x00, 0x00, 0x00, 0x00, 0x00, 0x00, 0x00,
    0x3f, 0xff, 0x80, 0x00, 0x00, 0x00, 0x00, 0x00,
    0x00, 0x00, 0x4f, 0xff, 0x70, 0x00, 0x00, 0x00,
    0x00, 0x00, 0x00, 0x00, 0x4f, 0xff, 0x80, 0x00,
    0x00, 0x00, 0x00, 0x00, 0x00, 0x00, 0x2f, 0xff,
    0xc0, 0x00, 0x00, 0x00, 0x00, 0x00, 0x00, 0x00,
    0x0e, 0xff, 0xf2, 0x00, 0x00, 0x00, 0x00, 0x03,
    0x30, 0x00, 0x08, 0xff, 0xfd, 0x00, 0x00, 0x00,
    0x00, 0x2e, 0xfd, 0x80, 0x01, 0xef, 0xff, 0xd3,
    0x00, 0x00, 0x05, 0xef, 0xff, 0xa0, 0x00, 0x5f,
    0xff, 0xff, 0xda, 0x9a, 0xef, 0xff, 0xfe, 0x10,
    0x00, 0x07, 0xff, 0xff, 0xff, 0xff, 0xff, 0xff,
    0xe3, 0x00, 0x00, 0x00, 0x3d, 0xff, 0xff, 0xff,
    0xff, 0xfc, 0x20, 0x00, 0x00, 0x00, 0x00, 0x5a,
    0xef, 0xfe, 0xc9, 0x40, 0x00, 0x00, 0x00, 0x00,
    0x00, 0x00, 0x5f, 0xf2, 0x00, 0x00, 0x00, 0x00,
    0x00, 0x00, 0x00, 0x00, 0x9f, 0xff, 0x80, 0x00,
    0x00, 0x00, 0x00, 0x00, 0x00, 0x00, 0x57, 0x9f,
    0xf1, 0x00, 0x00, 0x00, 0x00, 0x00, 0x00, 0x02,
    0x51, 0x2f, 0xf1, 0x00, 0x00, 0x00, 0x00, 0x00,
    0x00, 0x0a, 0xff, 0xff, 0xc0, 0x00, 0x00, 0x00,
    0x00, 0x00, 0x00, 0x05, 0xbd, 0xda, 0x10, 0x00,
    0x00, 0x00,

    /* U+00C8 "È" */
    0x00, 0x00, 0x50, 0x00, 0x00, 0x00, 0x00, 0x00,
    0xbf, 0x80, 0x00, 0x00, 0x00, 0x00, 0x2e, 0xff,
    0xa0, 0x00, 0x00, 0x00, 0x00, 0x2d, 0xff, 0xb0,
    0x00, 0x00, 0x00, 0x00, 0x1d, 0xff, 0x70, 0x00,
    0x00, 0x00, 0x00, 0x1c, 0xb0, 0x00, 0x00, 0x00,
    0x00, 0x00, 0x00, 0x00, 0x00, 0x00, 0x00, 0x00,
    0x00, 0x00, 0x00, 0x00, 0x1f, 0xff, 0xff, 0xff,
    0xff, 0xff, 0xd1, 0xff, 0xff, 0xff, 0xff, 0xff,
    0xfd, 0x1f, 0xff, 0xff, 0xff, 0xff, 0xff, 0xd1,
    0xff, 0xff, 0x77, 0x77, 0x77, 0x76, 0x1f, 0xff,
    0x90, 0x00, 0x00, 0x00, 0x01, 0xff, 0xf9, 0x00,
    0x00, 0x00, 0x00, 0x1f, 0xff, 0x90, 0x00, 0x00,
    0x00, 0x01, 0xff, 0xff, 0x88, 0x88, 0x88, 0x20,
    0x1f, 0xff, 0xff, 0xff, 0xff, 0xf4, 0x01, 0xff,
    0xff, 0xff, 0xff, 0xff, 0x40, 0x1f, 0xff, 0xff,
    0xff, 0xff, 0xf4, 0x01, 0xff, 0xf9, 0x00, 0x00,
    0x00, 0x00, 0x1f, 0xff, 0x90, 0x00, 0x00, 0x00,
    0x01, 0xff, 0xf9, 0x00, 0x00, 0x00, 0x00, 0x1f,
    0xff, 0x90, 0x00, 0x00, 0x00, 0x01, 0xff, 0xff,
    0x88, 0x88, 0x88, 0x86, 0x1f, 0xff, 0xff, 0xff,
    0xff, 0xff, 0xd1, 0xff, 0xff, 0xff, 0xff, 0xff,
    0xfd, 0x1f, 0xff, 0xff, 0xff, 0xff, 0xff, 0xd0,

    /* U+00C9 "É" */
    0x00, 0x00, 0x00, 0x00, 0x05, 0x00, 0x00, 0x00,
    0x00, 0x00, 0x1c, 0xf7, 0x00, 0x00, 0x00, 0x00,
    0x1d, 0xff, 0xb0, 0x00, 0x00, 0x00, 0x2e, 0xff,
    0xa0, 0x00, 0x00, 0x00, 0x0c, 0xff, 0x90, 0x00,
    0x00, 0x00, 0x00, 0x2e, 0x80, 0x00, 0x00, 0x00,
    0x00, 0x00, 0x10, 0x00, 0x00, 0x00, 0x00, 0x00,
    0x00, 0x00, 0x00, 0x00, 0x1f, 0xff, 0xff, 0xff,
    0xff, 0xff, 0xd1, 0xff, 0xff, 0xff, 0xff, 0xff,
    0xfd, 0x1f, 0xff, 0xff, 0xff, 0xff, 0xff, 0xd1,
    0xff, 0xff, 0x77, 0x77, 0x77, 0x76, 0x1f, 0xff,
    0x90, 0x00, 0x00, 0x00, 0x01, 0xff, 0xf9, 0x00,
    0x00, 0x00, 0x00, 0x1f, 0xff, 0x90, 0x00, 0x00,
    0x00, 0x01, 0xff, 0xff, 0x88, 0x88, 0x88, 0x20,
    0x1f, 0xff, 0xff, 0xff, 0xff, 0xf4, 0x01, 0xff,
    0xff, 0xff, 0xff, 0xff, 0x40, 0x1f, 0xff, 0xff,
    0xff, 0xff, 0xf4, 0x01, 0xff, 0xf9, 0x00, 0x00,
    0x00, 0x00, 0x1f, 0xff, 0x90, 0x00, 0x00, 0x00,
    0x01, 0xff, 0xf9, 0x00, 0x00, 0x00, 0x00, 0x1f,
    0xff, 0x90, 0x00, 0x00, 0x00, 0x01, 0xff, 0xff,
    0x88, 0x88, 0x88, 0x86, 0x1f, 0xff, 0xff, 0xff,
    0xff, 0xff, 0xd1, 0xff, 0xff, 0xff, 0xff, 0xff,
    0xfd, 0x1f, 0xff, 0xff, 0xff, 0xff, 0xff, 0xd0,

    /* U+00CA "Ê" */
    0x00, 0x00, 0x00, 0x31, 0x00, 0x00, 0x00, 0x00,
    0x00, 0x4f, 0xd1, 0x00, 0x00, 0x00, 0x00, 0x4f,
    0xff, 0xd2, 0x00, 0x00, 0x00, 0x5f, 0xff, 0xff,
    0xe2, 0x00, 0x00, 0x1f, 0xff, 0x47, 0xff, 0xd0,
    0x00, 0x00, 0x4e, 0x30, 0x06, 0xd2, 0x00, 0x00,
    0x00, 0x00, 0x00, 0x00, 0x00, 0x00, 0x00, 0x00,
    0x00, 0x00, 0x00, 0x00, 0x1f, 0xff, 0xff, 0xff,
    0xff, 0xff, 0xd1, 0xff, 0xff, 0xff, 0xff, 0xff,
    0xfd, 0x1f, 0xff, 0xff, 0xff, 0xff, 0xff, 0xd1,
    0xff, 0xff, 0x77, 0x77, 0x77, 0x76, 0x1f, 0xff,
    0x90, 0x00, 0x00, 0x00, 0x01, 0xff, 0xf9, 0x00,
    0x00, 0x00, 0x00, 0x1f, 0xff, 0x90, 0x00, 0x00,
    0x00, 0x01, 0xff, 0xff, 0x88, 0x88, 0x88, 0x20,
    0x1f, 0xff, 0xff, 0xff, 0xff, 0xf4, 0x01, 0xff,
    0xff, 0xff, 0xff, 0xff, 0x40, 0x1f, 0xff, 0xff,
    0xff, 0xff, 0xf4, 0x01, 0xff, 0xf9, 0x00, 0x00,
    0x00, 0x00, 0x1f, 0xff, 0x90, 0x00, 0x00, 0x00,
    0x01, 0xff, 0xf9, 0x00, 0x00, 0x00, 0x00, 0x1f,
    0xff, 0x90, 0x00, 0x00, 0x00, 0x01, 0xff, 0xff,
    0x88, 0x88, 0x88, 0x86, 0x1f, 0xff, 0xff, 0xff,
    0xff, 0xff, 0xd1, 0xff, 0xff, 0xff, 0xff, 0xff,
    0xfd, 0x1f, 0xff, 0xff, 0xff, 0xff, 0xff, 0xd0,

    /* U+00CB "Ë" */
    0x00, 0x01, 0x20, 0x00, 0x02, 0x00, 0x00, 0x06,
    0xff, 0x90, 0x0d, 0xfe, 0x30, 0x00, 0xef, 0xff,
    0x26, 0xff, 0xfa, 0x00, 0x0d, 0xff, 0xf1, 0x5f,
    0xff, 0x90, 0x00, 0x4d, 0xe7, 0x00, 0xaf, 0xc1,
    0x00, 0x00, 0x00, 0x00, 0x00, 0x00, 0x00, 0x00,
    0x00, 0x00, 0x00, 0x00, 0x00, 0x01, 0xff, 0xff,
    0xff, 0xff, 0xff, 0xfd, 0x1f, 0xff, 0xff, 0xff,
    0xff, 0xff, 0xd1, 0xff, 0xff, 0xff, 0xff, 0xff,
    0xfd, 0x1f, 0xff, 0xf7, 0x77, 0x77, 0x77, 0x61,
    0xff, 0xf9, 0x00, 0x00, 0x00, 0x00, 0x1f, 0xff,
    0x90, 0x00, 0x00, 0x00, 0x01, 0xff, 0xf9, 0x00,
    0x00, 0x00, 0x00, 0x1f, 0xff, 0xf8, 0x88, 0x88,
    0x82, 0x01, 0xff, 0xff, 0xff, 0xff, 0xff, 0x40,
    0x1f, 0xff, 0xff, 0xff, 0xff, 0xf4, 0x01, 0xff,
    0xff, 0xff, 0xff, 0xff, 0x40, 0x1f, 0xff, 0x90,
    0x00, 0x00, 0x00, 0x01, 0xff, 0xf9, 0x00, 0x00,
    0x00, 0x00, 0x1f, 0xff, 0x90, 0x00, 0x00, 0x00,
    0x01, 0xff, 0xf9, 0x00, 0x00, 0x00, 0x00, 0x1f,
    0xff, 0xf8, 0x88, 0x88, 0x88, 0x61, 0xff, 0xff,
    0xff, 0xff, 0xff, 0xfd, 0x1f, 0xff, 0xff, 0xff,
    0xff, 0xff, 0xd1, 0xff, 0xff, 0xff, 0xff, 0xff,
    0xfd,

    /* U+00CC "Ì" */
    0x01, 0x50, 0x00, 0x01, 0xdf, 0x60, 0x00, 0x4f,
    0xff, 0x70, 0x00, 0x3e, 0xff, 0x90, 0x00, 0x2e,
    0xff, 0x50, 0x00, 0x2d, 0x90, 0x00, 0x00, 0x10,
    0x00, 0x00, 0x00, 0x00, 0x00, 0x1f, 0xff, 0x90,
    0x01, 0xff, 0xf9, 0x00, 0x1f, 0xff, 0x90, 0x01,
    0xff, 0xf9, 0x00, 0x1f, 0xff, 0x90, 0x01, 0xff,
    0xf9, 0x00, 0x1f, 0xff, 0x90, 0x01, 0xff, 0xf9,
    0x00, 0x1f, 0xff, 0x90, 0x01, 0xff, 0xf9, 0x00,
    0x1f, 0xff, 0x90, 0x01, 0xff, 0xf9, 0x00, 0x1f,
    0xff, 0x90, 0x01, 0xff, 0xf9, 0x00, 0x1f, 0xff,
    0x90, 0x01, 0xff, 0xf9, 0x00, 0x1f, 0xff, 0x90,
    0x01, 0xff, 0xf9, 0x00, 0x1f, 0xff, 0x90,

    /* U+00CD "Í" */
    0x00, 0x00, 0x14, 0x00, 0x00, 0x2e, 0xf5, 0x00,
    0x3e, 0xff, 0x90, 0x3f, 0xff, 0x80, 0x0e, 0xff,
    0x70, 0x00, 0x3f, 0x60, 0x00, 0x00, 0x10, 0x00,
    0x00, 0x00, 0x00, 0x00, 0x1f, 0xff, 0x90, 0x01,
    0xff, 0xf9, 0x00, 0x1f, 0xff, 0x90, 0x01, 0xff,
    0xf9, 0x00, 0x1f, 0xff, 0x90, 0x01, 0xff, 0xf9,
    0x00, 0x1f, 0xff, 0x90, 0x01, 0xff, 0xf9, 0x00,
    0x1f, 0xff, 0x90, 0x01, 0xff, 0xf9, 0x00, 0x1f,
    0xff, 0x90, 0x01, 0xff, 0xf9, 0x00, 0x1f, 0xff,
    0x90, 0x01, 0xff, 0xf9, 0x00, 0x1f, 0xff, 0x90,
    0x01, 0xff, 0xf9, 0x00, 0x1f, 0xff, 0x90, 0x01,
    0xff, 0xf9, 0x00, 0x1f, 0xff, 0x90, 0x00,

    /* U+00CE "Î" */
    0x00, 0x00, 0x71, 0x00, 0x00, 0x00, 0x7f, 0xd1,
    0x00, 0x00, 0x5f, 0xff, 0xc0, 0x00, 0x4f, 0xff,
    0xff, 0xb0, 0x0c, 0xff, 0x3b, 0xff, 0x40, 0x0b,
    0x50, 0x1d, 0x40, 0x00, 0x00, 0x00, 0x00, 0x00,
    0x00, 0x00, 0x00, 0x00, 0x00, 0x1f, 0xff, 0x90,
    0x00, 0x01, 0xff, 0xf9, 0x00, 0x00, 0x1f, 0xff,
    0x90, 0x00, 0x01, 0xff, 0xf9, 0x00, 0x00, 0x1f,
    0xff, 0x90, 0x00, 0x01, 0xff, 0xf9, 0x00, 0x00,
    0x1f, 0xff, 0x90, 0x00, 0x01, 0xff, 0xf9, 0x00,
    0x00, 0x1f, 0xff, 0x90, 0x00, 0x01, 0xff, 0xf9,
    0x00, 0x00, 0x1f, 0xff, 0x90, 0x00, 0x01, 0xff,
    0xf9, 0x00, 0x00, 0x1f, 0xff, 0x90, 0x00, 0x01,
    0xff, 0xf9, 0x00, 0x00, 0x1f, 0xff, 0x90, 0x00,
    0x01, 0xff, 0xf9, 0x00, 0x00, 0x1f, 0xff, 0x90,
    0x00, 0x01, 0xff, 0xf9, 0x00, 0x00, 0x1f, 0xff,
    0x90, 0x00,

    /* U+00CF "Ï" */
    0x00, 0x20, 0x00, 0x22, 0x00, 0x3e, 0xfd, 0x18,
    0xff, 0x90, 0x9f, 0xff, 0x7f, 0xff, 0xf1, 0x8f,
    0xff, 0x6e, 0xff, 0xf1, 0x1c, 0xfa, 0x05, 0xee,
    0x60, 0x00, 0x00, 0x00, 0x00, 0x00, 0x00, 0x00,
    0x00, 0x00, 0x00, 0x00, 0x1f, 0xff, 0x90, 0x00,
    0x00, 0x1f, 0xff, 0x90, 0x00, 0x00, 0x1f, 0xff,
    0x90, 0x00, 0x00, 0x1f, 0xff, 0x90, 0x00, 0x00,
    0x1f, 0xff, 0x90, 0x00, 0x00, 0x1f, 0xff, 0x90,
    0x00, 0x00, 0x1f, 0xff, 0x90, 0x00, 0x00, 0x1f,
    0xff, 0x90, 0x00, 0x00, 0x1f, 0xff, 0x90, 0x00,
    0x00, 0x1f, 0xff, 0x90, 0x00, 0x00, 0x1f, 0xff,
    0x90, 0x00, 0x00, 0x1f, 0xff, 0x90, 0x00, 0x00,
    0x1f, 0xff, 0x90, 0x00, 0x00, 0x1f, 0xff, 0x90,
    0x00, 0x00, 0x1f, 0xff, 0x90, 0x00, 0x00, 0x1f,
    0xff, 0x90, 0x00, 0x00, 0x1f, 0xff, 0x90, 0x00,
    0x00, 0x1f, 0xff, 0x90, 0x00, 0x00, 0x1f, 0xff,
    0x90, 0x00,

    /* U+00D0 "Ð" */
    0x00, 0x6f, 0xff, 0xff, 0xff, 0xec, 0x82, 0x00,
    0x00, 0x00, 0x06, 0xff, 0xff, 0xff, 0xff, 0xff,
    0xf9, 0x00, 0x00, 0x00, 0x6f, 0xff, 0xff, 0xff,
    0xff, 0xff, 0xfd, 0x10, 0x00, 0x06, 0xff, 0xfc,
    0x88, 0x9a, 0xff, 0xff, 0xfc, 0x00, 0x00, 0x6f,
    0xff, 0x40, 0x00, 0x00, 0x8f, 0xff, 0xf8, 0x00,
    0x06, 0xff, 0xf4, 0x00, 0x00, 0x00, 0x6f, 0xff,
    0xf0, 0x00, 0x6f, 0xff, 0x40, 0x00, 0x00, 0x00,
    0xbf, 0xff, 0x52, 0x5c, 0xff, 0xfa, 0x55, 0x50,
    0x00, 0x05, 0xff, 0xf8, 0x7f, 0xff, 0xff, 0xff,
    0xff, 0x00, 0x00, 0x3f, 0xff, 0xa7, 0xff, 0xff,
    0xff, 0xff, 0xf0, 0x00, 0x01, 0xff, 0xfb, 0x7f,
    0xff, 0xff, 0xff, 0xff, 0x00, 0x00, 0x2f, 0xff,
    0xa0, 0x06, 0xff, 0xf4, 0x00, 0x00, 0x00, 0x05,
    0xff, 0xf8, 0x00, 0x6f, 0xff, 0x40, 0x00, 0x00,
    0x00, 0xbf, 0xff, 0x50, 0x06, 0xff, 0xf4, 0x00,
    0x00, 0x00, 0x5f, 0xff, 0xf0, 0x00, 0x6f, 0xff,
    0x40, 0x00, 0x00, 0x7f, 0xff, 0xf8, 0x00, 0x06,
    0xff, 0xfc, 0x88, 0x8a, 0xff, 0xff, 0xfd, 0x00,
    0x00, 0x6f, 0xff, 0xff, 0xff, 0xff, 0xff, 0xfe,
    0x20, 0x00, 0x06, 0xff, 0xff, 0xff, 0xff, 0xff,
    0xfa, 0x00, 0x00, 0x00, 0x6f, 0xff, 0xff, 0xff,
    0xec, 0x82, 0x00, 0x00, 0x00,

    /* U+00D1 "Ñ" */
    0x00, 0x00, 0x02, 0x9b, 0x60, 0x00, 0x70, 0x00,
    0x00, 0x00, 0x00, 0x3f, 0xff, 0xfb, 0x17, 0xfc,
    0x10, 0x00, 0x00, 0x00, 0xcf, 0xff, 0xff, 0xff,
    0xff, 0x10, 0x00, 0x00, 0x00, 0x6f, 0xc1, 0x7f,
    0xff, 0xf7, 0x00, 0x00, 0x00, 0x00, 0x02, 0x20,
    0x03, 0xaa, 0x50, 0x00, 0x00, 0x00, 0x00, 0x00,
    0x00, 0x00, 0x00, 0x00, 0x00, 0x00, 0x00, 0x00,
    0x00, 0x00, 0x00, 0x00, 0x00, 0x00, 0x00, 0x1f,
    0xff, 0x80, 0x00, 0x00, 0x00, 0x07, 0xff, 0xf3,
    0x1f, 0xff, 0xf5, 0x00, 0x00, 0x00, 0x07, 0xff,
    0xf3, 0x1f, 0xff, 0xfe, 0x20, 0x00, 0x00, 0x07,
    0xff, 0xf3, 0x1f, 0xff, 0xff, 0xc0, 0x00, 0x00,
    0x07, 0xff, 0xf3, 0x1f, 0xff, 0xff, 0xf9, 0x00,
    0x00, 0x07, 0xff, 0xf3, 0x1f, 0xff, 0xff, 0xff,
    0x50, 0x00, 0x07, 0xff, 0xf3, 0x1f, 0xff, 0xff,
    0xff, 0xe2, 0x00, 0x07, 0xff, 0xf3, 0x1f, 0xff,
    0x9b, 0xff, 0xfc, 0x00, 0x07, 0xff, 0xf3, 0x1f,
    0xff, 0x91, 0xef, 0xff, 0x90, 0x07, 0xff, 0xf3,
    0x1f, 0xff, 0x90, 0x3f, 0xff, 0xf5, 0x07, 0xff,
    0xf3, 0x1f, 0xff, 0x90, 0x07, 0xff, 0xfe, 0x27,
    0xff, 0xf3, 0x1f, 0xff, 0x90, 0x00, 0xbf, 0xff,
    0xc7, 0xff, 0xf3, 0x1f, 0xff, 0x90, 0x00, 0x1e,
    0xff, 0xff, 0xff, 0xf3, 0x1f, 0xff, 0x90, 0x00,
    0x03, 0xff, 0xff, 0xff, 0xf3, 0x1f, 0xff, 0x90,
    0x00, 0x00, 0x7f, 0xff, 0xff, 0xf3, 0x1f, 0xff,
    0x90, 0x00, 0x00, 0x0b, 0xff, 0xff, 0xf3, 0x1f,
    0xff, 0x90, 0x00, 0x00, 0x01, 0xef, 0xff, 0xf3,
    0x1f, 0xff, 0x90, 0x00, 0x00, 0x00, 0x3f, 0xff,
    0xf3, 0x1f, 0xff, 0x90, 0x00, 0x00, 0x00, 0x07,
    0xff, 0xf3,

    /* U+00D2 "Ò" */
    0x00, 0x00, 0x00, 0x01, 0x00, 0x00, 0x00, 0x00,
    0x00, 0x00, 0x00, 0x00, 0x00, 0x01, 0xcc, 0x10,
    0x00, 0x00, 0x00, 0x00, 0x00, 0x00, 0x00, 0x00,
    0x9f, 0xfd, 0x10, 0x00, 0x00, 0x00, 0x00, 0x00,
    0x00, 0x00, 0x00, 0xbf, 0xfd, 0x20, 0x00, 0x00,
    0x00, 0x00, 0x00, 0x00, 0x00, 0x00, 0xaf, 0xfe,
    0x10, 0x00, 0x00, 0x00, 0x00, 0x00, 0x00, 0x00,
    0x00, 0x9f, 0x90, 0x00, 0x00, 0x00, 0x00, 0x00,
    0x00, 0x00, 0x00, 0x00, 0x50, 0x00, 0x00, 0x00,
    0x00, 0x00, 0x00, 0x00, 0x00, 0x00, 0x00, 0x00,
    0x00, 0x00, 0x00, 0x00, 0x00, 0x00, 0x00, 0x38,
    0xce, 0xfe, 0xc8, 0x30, 0x00, 0x00, 0x00, 0x00,
    0x03, 0xcf, 0xff, 0xff, 0xff, 0xff, 0xc2, 0x00,
    0x00, 0x00, 0x05, 0xff, 0xff, 0xff, 0xff, 0xff,
    0xff, 0xf5, 0x00, 0x00, 0x04, 0xff, 0xff, 0xfe,
    0xb9, 0xbe, 0xff, 0xff, 0xf4, 0x00, 0x00, 0xef,
    0xff, 0xe4, 0x00, 0x00, 0x04, 0xef, 0xff, 0xe0,
    0x00, 0x7f, 0xff, 0xd1, 0x00, 0x00, 0x00, 0x01,
    0xdf, 0xff, 0x70, 0x0d, 0xff, 0xf3, 0x00, 0x00,
    0x00, 0x00, 0x03, 0xff, 0xfd, 0x01, 0xff, 0xfc,
    0x00, 0x00, 0x00, 0x00, 0x00, 0x0c, 0xff, 0xf1,
    0x3f, 0xff, 0x80, 0x00, 0x00, 0x00, 0x00, 0x00,
    0x8f, 0xff, 0x34, 0xff, 0xf7, 0x00, 0x00, 0x00,
    0x00, 0x00, 0x07, 0xff, 0xf4, 0x3f, 0xff, 0x80,
    0x00, 0x00, 0x00, 0x00, 0x00, 0x8f, 0xff, 0x31,
    0xff, 0xfc, 0x00, 0x00, 0x00, 0x00, 0x00, 0x0c,
    0xff, 0xf1, 0x0d, 0xff, 0xf3, 0x00, 0x00, 0x00,
    0x00, 0x03, 0xff, 0xfd, 0x00, 0x7f, 0xff, 0xd1,
    0x00, 0x00, 0x00, 0x01, 0xdf, 0xff, 0x70, 0x00,
    0xef, 0xff, 0xe5, 0x00, 0x00, 0x05, 0xef, 0xff,
    0xe0, 0x00, 0x04, 0xff, 0xff, 0xfe, 0xba, 0xbe,
    0xff, 0xff, 0xf4, 0x00, 0x00, 0x05, 0xff, 0xff,
    0xff, 0xff, 0xff, 0xff, 0xf5, 0x00, 0x00, 0x00,
    0x02, 0xcf, 0xff, 0xff, 0xff, 0xff, 0xc2, 0x00,
    0x00, 0x00, 0x00, 0x00, 0x38, 0xce, 0xfe, 0xd9,
    0x30, 0x00, 0x00, 0x00,

    /* U+00D3 "Ó" */
    0x00, 0x00, 0x00, 0x00, 0x00, 0x00, 0x10, 0x00,
    0x00, 0x00, 0x00, 0x00, 0x00, 0x00, 0x00, 0x00,
    0x1d, 0xb0, 0x00, 0x00, 0x00, 0x00, 0x00, 0x00,
    0x00, 0x00, 0x2e, 0xff, 0x70, 0x00, 0x00, 0x00,
    0x00, 0x00, 0x00, 0x00, 0x3e, 0xff, 0x90, 0x00,
    0x00, 0x00, 0x00, 0x00, 0x00, 0x00, 0x2f, 0xff,
    0x80, 0x00, 0x00, 0x00, 0x00, 0x00, 0x00, 0x00,
    0x00, 0xbf, 0x70, 0x00, 0x00, 0x00, 0x00, 0x00,
    0x00, 0x00, 0x00, 0x00, 0x40, 0x00, 0x00, 0x00,
    0x00, 0x00, 0x00, 0x00, 0x00, 0x00, 0x00, 0x00,
    0x00, 0x00, 0x00, 0x00, 0x00, 0x00, 0x00, 0x38,
    0xce, 0xfe, 0xc8, 0x30, 0x00, 0x00, 0x00, 0x00,
    0x03, 0xcf, 0xff, 0xff, 0xff, 0xff, 0xc2, 0x00,
    0x00, 0x00, 0x05, 0xff, 0xff, 0xff, 0xff, 0xff,
    0xff, 0xf5, 0x00, 0x00, 0x04, 0xff, 0xff, 0xfe,
    0xb9, 0xbe, 0xff, 0xff, 0xf4, 0x00, 0x00, 0xef,
    0xff, 0xe4, 0x00, 0x00, 0x04, 0xef, 0xff, 0xe0,
    0x00, 0x7f, 0xff, 0xd1, 0x00, 0x00, 0x00, 0x01,
    0xdf, 0xff, 0x70, 0x0d, 0xff, 0xf3, 0x00, 0x00,
    0x00, 0x00, 0x03, 0xff, 0xfd, 0x01, 0xff, 0xfc,
    0x00, 0x00, 0x00, 0x00, 0x00, 0x0c, 0xff, 0xf1,
    0x3f, 0xff, 0x80, 0x00, 0x00, 0x00, 0x00, 0x00,
    0x8f, 0xff, 0x34, 0xff, 0xf7, 0x00, 0x00, 0x00,
    0x00, 0x00, 0x07, 0xff, 0xf4, 0x3f, 0xff, 0x80,
    0x00, 0x00, 0x00, 0x00, 0x00, 0x8f, 0xff, 0x31,
    0xff, 0xfc, 0x00, 0x00, 0x00, 0x00, 0x00, 0x0c,
    0xff, 0xf1, 0x0d, 0xff, 0xf3, 0x00, 0x00, 0x00,
    0x00, 0x03, 0xff, 0xfd, 0x00, 0x7f, 0xff, 0xd1,
    0x00, 0x00, 0x00, 0x01, 0xdf, 0xff, 0x70, 0x00,
    0xef, 0xff, 0xe5, 0x00, 0x00, 0x05, 0xef, 0xff,
    0xe0, 0x00, 0x04, 0xff, 0xff, 0xfe, 0xba, 0xbe,
    0xff, 0xff, 0xf4, 0x00, 0x00, 0x05, 0xff, 0xff,
    0xff, 0xff, 0xff, 0xff, 0xf5, 0x00, 0x00, 0x00,
    0x02, 0xcf, 0xff, 0xff, 0xff, 0xff, 0xc2, 0x00,
    0x00, 0x00, 0x00, 0x00, 0x38, 0xce, 0xfe, 0xd9,
    0x30, 0x00, 0x00, 0x00,

    /* U+00D4 "Ô" */
    0x00, 0x00, 0x00, 0x00, 0x02, 0xb1, 0x00, 0x00,
    0x00, 0x00, 0x00, 0x00, 0x00, 0x00, 0x02, 0xef,
    0xd1, 0x00, 0x00, 0x00, 0x00, 0x00, 0x00, 0x00,
    0x02, 0xef, 0xff, 0xd1, 0x00, 0x00, 0x00, 0x00,
    0x00, 0x00, 0x02, 0xef, 0xfe, 0xff, 0xd1, 0x00,
    0x00, 0x00, 0x00, 0x00, 0x00, 0x6f, 0xf6, 0x0a,
    0xff, 0x50, 0x00, 0x00, 0x00, 0x00, 0x00, 0x00,
    0x66, 0x00, 0x0b, 0x80, 0x00, 0x00, 0x00, 0x00,
    0x00, 0x00, 0x00, 0x00, 0x00, 0x00, 0x00, 0x00,
    0x00, 0x00, 0x00, 0x00, 0x00, 0x00, 0x00, 0x00,
    0x00, 0x00, 0x00, 0x00, 0x00, 0x00, 0x00, 0x38,
    0xce, 0xfe, 0xc8, 0x30, 0x00, 0x00, 0x00, 0x00,
    0x03, 0xcf, 0xff, 0xff, 0xff, 0xff, 0xc2, 0x00,
    0x00, 0x00, 0x05, 0xff, 0xff, 0xff, 0xff, 0xff,
    0xff, 0xf5, 0x00, 0x00, 0x04, 0xff, 0xff, 0xfe,
    0xb9, 0xbe, 0xff, 0xff, 0xf4, 0x00, 0x00, 0xef,
    0xff, 0xe4, 0x00, 0x00, 0x04, 0xef, 0xff, 0xe0,
    0x00, 0x7f, 0xff, 0xd1, 0x00, 0x00, 0x00, 0x01,
    0xdf, 0xff, 0x70, 0x0d, 0xff, 0xf3, 0x00, 0x00,
    0x00, 0x00, 0x03, 0xff, 0xfd, 0x01, 0xff, 0xfc,
    0x00, 0x00, 0x00, 0x00, 0x00, 0x0c, 0xff, 0xf1,
    0x3f, 0xff, 0x80, 0x00, 0x00, 0x00, 0x00, 0x00,
    0x8f, 0xff, 0x34, 0xff, 0xf7, 0x00, 0x00, 0x00,
    0x00, 0x00, 0x07, 0xff, 0xf4, 0x3f, 0xff, 0x80,
    0x00, 0x00, 0x00, 0x00, 0x00, 0x8f, 0xff, 0x31,
    0xff, 0xfc, 0x00, 0x00, 0x00, 0x00, 0x00, 0x0c,
    0xff, 0xf1, 0x0d, 0xff, 0xf3, 0x00, 0x00, 0x00,
    0x00, 0x03, 0xff, 0xfd, 0x00, 0x7f, 0xff, 0xd1,
    0x00, 0x00, 0x00, 0x01, 0xdf, 0xff, 0x70, 0x00,
    0xef, 0xff, 0xe5, 0x00, 0x00, 0x05, 0xef, 0xff,
    0xe0, 0x00, 0x04, 0xff, 0xff, 0xfe, 0xba, 0xbe,
    0xff, 0xff, 0xf4, 0x00, 0x00, 0x05, 0xff, 0xff,
    0xff, 0xff, 0xff, 0xff, 0xf5, 0x00, 0x00, 0x00,
    0x02, 0xcf, 0xff, 0xff, 0xff, 0xff, 0xc2, 0x00,
    0x00, 0x00, 0x00, 0x00, 0x38, 0xce, 0xfe, 0xd9,
    0x30, 0x00, 0x00, 0x00,

    /* U+00D5 "Õ" */
    0x00, 0x00, 0x00, 0x08, 0xba, 0x40, 0x08, 0x50,
    0x00, 0x00, 0x00, 0x00, 0x00, 0x0c, 0xff, 0xff,
    0xee, 0xff, 0x80, 0x00, 0x00, 0x00, 0x00, 0x08,
    0xff, 0xff, 0xff, 0xff, 0xe1, 0x00, 0x00, 0x00,
    0x00, 0x00, 0x28, 0xb2, 0x28, 0xef, 0xb2, 0x00,
    0x00, 0x00, 0x00, 0x00, 0x00, 0x00, 0x00, 0x00,
    0x00, 0x00, 0x00, 0x00, 0x00, 0x00, 0x00, 0x00,
    0x00, 0x00, 0x00, 0x00, 0x00, 0x00, 0x00, 0x00,
    0x00, 0x00, 0x00, 0x00, 0x00, 0x00, 0x00, 0x00,
    0x00, 0x00, 0x00, 0x00, 0x03, 0x8c, 0xef, 0xec,
    0x83, 0x00, 0x00, 0x00, 0x00, 0x00, 0x3c, 0xff,
    0xff, 0xff, 0xff, 0xfc, 0x20, 0x00, 0x00, 0x00,
    0x5f, 0xff, 0xff, 0xff, 0xff, 0xff, 0xff, 0x50,
    0x00, 0x00, 0x4f, 0xff, 0xff, 0xeb, 0x9b, 0xef,
    0xff, 0xff, 0x40, 0x00, 0x0e, 0xff, 0xfe, 0x40,
    0x00, 0x00, 0x4e, 0xff, 0xfe, 0x00, 0x07, 0xff,
    0xfd, 0x10, 0x00, 0x00, 0x00, 0x1d, 0xff, 0xf7,
    0x00, 0xdf, 0xff, 0x30, 0x00, 0x00, 0x00, 0x00,
    0x3f, 0xff, 0xd0, 0x1f, 0xff, 0xc0, 0x00, 0x00,
    0x00, 0x00, 0x00, 0xcf, 0xff, 0x13, 0xff, 0xf8,
    0x00, 0x00, 0x00, 0x00, 0x00, 0x08, 0xff, 0xf3,
    0x4f, 0xff, 0x70, 0x00, 0x00, 0x00, 0x00, 0x00,
    0x7f, 0xff, 0x43, 0xff, 0xf8, 0x00, 0x00, 0x00,
    0x00, 0x00, 0x08, 0xff, 0xf3, 0x1f, 0xff, 0xc0,
    0x00, 0x00, 0x00, 0x00, 0x00, 0xcf, 0xff, 0x10,
    0xdf, 0xff, 0x30, 0x00, 0x00, 0x00, 0x00, 0x3f,
    0xff, 0xd0, 0x07, 0xff, 0xfd, 0x10, 0x00, 0x00,
    0x00, 0x1d, 0xff, 0xf7, 0x00, 0x0e, 0xff, 0xfe,
    0x50, 0x00, 0x00, 0x5e, 0xff, 0xfe, 0x00, 0x00,
    0x4f, 0xff, 0xff, 0xeb, 0xab, 0xef, 0xff, 0xff,
    0x40, 0x00, 0x00, 0x5f, 0xff, 0xff, 0xff, 0xff,
    0xff, 0xff, 0x50, 0x00, 0x00, 0x00, 0x2c, 0xff,
    0xff, 0xff, 0xff, 0xfc, 0x20, 0x00, 0x00, 0x00,
    0x00, 0x03, 0x8c, 0xef, 0xed, 0x93, 0x00, 0x00,
    0x00,

    /* U+00D6 "Ö" */
    0x00, 0x00, 0x00, 0x8f, 0xc2, 0x02, 0xdf, 0x80,
    0x00, 0x00, 0x00, 0x00, 0x00, 0x3f, 0xff, 0xb0,
    0xbf, 0xff, 0x30, 0x00, 0x00, 0x00, 0x00, 0x04,
    0xff, 0xfc, 0x0c, 0xff, 0xf4, 0x00, 0x00, 0x00,
    0x00, 0x00, 0x0c, 0xff, 0x40, 0x5f, 0xfc, 0x00,
    0x00, 0x00, 0x00, 0x00, 0x00, 0x02, 0x10, 0x00,
    0x12, 0x00, 0x00, 0x00, 0x00, 0x00, 0x00, 0x00,
    0x00, 0x00, 0x00, 0x00, 0x00, 0x00, 0x00, 0x00,
    0x00, 0x00, 0x00, 0x00, 0x00, 0x00, 0x00, 0x00,
    0x00, 0x00, 0x00, 0x00, 0x03, 0x8c, 0xef, 0xec,
    0x83, 0x00, 0x00, 0x00, 0x00, 0x00, 0x3c, 0xff,
    0xff, 0xff, 0xff, 0xfc, 0x20, 0x00, 0x00, 0x00,
    0x5f, 0xff, 0xff, 0xff, 0xff, 0xff, 0xff, 0x50,
    0x00, 0x00, 0x4f, 0xff, 0xff, 0xeb, 0x9b, 0xef,
    0xff, 0xff, 0x40, 0x00, 0x0e, 0xff, 0xfe, 0x40,
    0x00, 0x00, 0x4e, 0xff, 0xfe, 0x00, 0x07, 0xff,
    0xfd, 0x10, 0x00, 0x00, 0x00, 0x1d, 0xff, 0xf7,
    0x00, 0xdf, 0xff, 0x30, 0x00, 0x00, 0x00, 0x00,
    0x3f, 0xff, 0xd0, 0x1f, 0xff, 0xc0, 0x00, 0x00,
    0x00, 0x00, 0x00, 0xcf, 0xff, 0x13, 0xff, 0xf8,
    0x00, 0x00, 0x00, 0x00, 0x00, 0x08, 0xff, 0xf3,
    0x4f, 0xff, 0x70, 0x00, 0x00, 0x00, 0x00, 0x00,
    0x7f, 0xff, 0x43, 0xff, 0xf8, 0x00, 0x00, 0x00,
    0x00, 0x00, 0x08, 0xff, 0xf3, 0x1f, 0xff, 0xc0,
    0x00, 0x00, 0x00, 0x00, 0x00, 0xcf, 0xff, 0x10,
    0xdf, 0xff, 0x30, 0x00, 0x00, 0x00, 0x00, 0x3f,
    0xff, 0xd0, 0x07, 0xff, 0xfd, 0x10, 0x00, 0x00,
    0x00, 0x1d, 0xff, 0xf7, 0x00, 0x0e, 0xff, 0xfe,
    0x50, 0x00, 0x00, 0x5e, 0xff, 0xfe, 0x00, 0x00,
    0x4f, 0xff, 0xff, 0xeb, 0xab, 0xef, 0xff, 0xff,
    0x40, 0x00, 0x00, 0x5f, 0xff, 0xff, 0xff, 0xff,
    0xff, 0xff, 0x50, 0x00, 0x00, 0x00, 0x2c, 0xff,
    0xff, 0xff, 0xff, 0xfc, 0x20, 0x00, 0x00, 0x00,
    0x00, 0x03, 0x8c, 0xef, 0xed, 0x93, 0x00, 0x00,
    0x00,

    /* U+00D7 "×" */
    0x00, 0x00, 0x00, 0x00, 0x00, 0x00, 0x00, 0x00,
    0x4b, 0x00, 0x00, 0x00, 0x2c, 0x20, 0x04, 0xff,
    0xc0, 0x00, 0x02, 0xef, 0xe2, 0x0d, 0xff, 0xfc,
    0x00, 0x2e, 0xff, 0xf9, 0x01, 0xdf, 0xff, 0xc3,
    0xef, 0xff, 0xb0, 0x00, 0x1d, 0xff, 0xff, 0xff,
    0xfb, 0x00, 0x00, 0x01, 0xdf, 0xff, 0xff, 0xb0,
    0x00, 0x00, 0x00, 0x3f, 0xff, 0xff, 0x10, 0x00,
    0x00, 0x02, 0xef, 0xff, 0xff, 0xc0, 0x00, 0x00,
    0x2e, 0xff, 0xff, 0xff, 0xfc, 0x00, 0x02, 0xef,
    0xff, 0xb2, 0xdf, 0xff, 0xc0, 0x0d, 0xff, 0xfb,
    0x00, 0x1d, 0xff, 0xf9, 0x03, 0xef, 0xb0, 0x00,
    0x01, 0xdf, 0xd1, 0x00, 0x3a, 0x00, 0x00, 0x00,
    0x1b, 0x10,

    /* U+00D8 "Ø" */
    0x00, 0x00, 0x00, 0x00, 0x00, 0x00, 0x00, 0x00,
    0x73, 0x00, 0x00, 0x00, 0x00, 0x03, 0x8c, 0xef,
    0xec, 0x83, 0x5f, 0xf7, 0x00, 0x00, 0x00, 0x3c,
    0xff, 0xff, 0xff, 0xff, 0xff, 0xff, 0xe1, 0x00,
    0x00, 0x5f, 0xff, 0xff, 0xff, 0xff, 0xff, 0xff,
    0xf4, 0x00, 0x00, 0x4f, 0xff, 0xff, 0xeb, 0x9b,
    0xef, 0xff, 0xff, 0x40, 0x00, 0x0e, 0xff, 0xfe,
    0x40, 0x00, 0x0a, 0xff, 0xff, 0xfe, 0x00, 0x07,
    0xff, 0xfd, 0x10, 0x00, 0x07, 0xff, 0xff, 0xff,
    0xf7, 0x00, 0xdf, 0xff, 0x30, 0x00, 0x04, 0xff,
    0xfe, 0x4f, 0xff, 0xd0, 0x1f, 0xff, 0xc0, 0x00,
    0x02, 0xef, 0xff, 0x30, 0xcf, 0xff, 0x13, 0xff,
    0xf8, 0x00, 0x00, 0xdf, 0xff, 0x50, 0x08, 0xff,
    0xf3, 0x4f, 0xff, 0x70, 0x00, 0xbf, 0xff, 0x80,
    0x00, 0x7f, 0xff, 0x43, 0xff, 0xf8, 0x00, 0x8f,
    0xff, 0xb0, 0x00, 0x08, 0xff, 0xf3, 0x1f, 0xff,
    0xc0, 0x5f, 0xff, 0xd0, 0x00, 0x00, 0xcf, 0xff,
    0x10, 0xdf, 0xff, 0x6f, 0xff, 0xe2, 0x00, 0x00,
    0x3f, 0xff, 0xd0, 0x07, 0xff, 0xff, 0xff, 0xf4,
    0x00, 0x00, 0x1d, 0xff, 0xf7, 0x00, 0x0e, 0xff,
    0xff, 0xf7, 0x00, 0x00, 0x5e, 0xff, 0xfe, 0x00,
    0x00, 0x4f, 0xff, 0xff, 0xeb, 0xab, 0xef, 0xff,
    0xff, 0x40, 0x00, 0x07, 0xff, 0xff, 0xff, 0xff,
    0xff, 0xff, 0xff, 0x50, 0x00, 0x04, 0xff, 0xff,
    0xff, 0xff, 0xff, 0xff, 0xfc, 0x20, 0x00, 0x00,
    0x08, 0xff, 0x33, 0x8c, 0xef, 0xed, 0x93, 0x00,
    0x00, 0x00, 0x00, 0x04, 0x50, 0x00, 0x00, 0x00,
    0x00, 0x00, 0x00, 0x00, 0x00,

    /* U+00D9 "Ù" */
    0x00, 0x00, 0x03, 0x20, 0x00, 0x00, 0x00, 0x00,
    0x00, 0x00, 0x03, 0xfe, 0x30, 0x00, 0x00, 0x00,
    0x00, 0x00, 0x00, 0x7f, 0xff, 0x40, 0x00, 0x00,
    0x00, 0x00, 0x00, 0x00, 0x7f, 0xff, 0x50, 0x00,
    0x00, 0x00, 0x00, 0x00, 0x00, 0x6f, 0xff, 0x10,
    0x00, 0x00, 0x00, 0x00, 0x00, 0x00, 0x4f, 0x40,
    0x00, 0x00, 0x00, 0x00, 0x00, 0x00, 0x00, 0x10,
    0x00, 0x00, 0x00, 0x00, 0x00, 0x00, 0x00, 0x00,
    0x00, 0x00, 0x00, 0x00, 0x3f, 0xff, 0x70, 0x00,
    0x00, 0x00, 0x9f, 0xff, 0x13, 0xff, 0xf7, 0x00,
    0x00, 0x00, 0x09, 0xff, 0xf1, 0x3f, 0xff, 0x70,
    0x00, 0x00, 0x00, 0x9f, 0xff, 0x13, 0xff, 0xf7,
    0x00, 0x00, 0x00, 0x09, 0xff, 0xf1, 0x3f, 0xff,
    0x70, 0x00, 0x00, 0x00, 0x9f, 0xff, 0x13, 0xff,
    0xf7, 0x00, 0x00, 0x00, 0x09, 0xff, 0xf1, 0x3f,
    0xff, 0x70, 0x00, 0x00, 0x00, 0x9f, 0xff, 0x13,
    0xff, 0xf7, 0x00, 0x00, 0x00, 0x09, 0xff, 0xf1,
    0x3f, 0xff, 0x70, 0x00, 0x00, 0x00, 0x9f, 0xff,
    0x13, 0xff, 0xf7, 0x00, 0x00, 0x00, 0x09, 0xff,
    0xf1, 0x3f, 0xff, 0x70, 0x00, 0x00, 0x00, 0x9f,
    0xff, 0x12, 0xff, 0xf8, 0x00, 0x00, 0x00, 0x0a,
    0xff, 0xf0, 0x1f, 0xff, 0xa0, 0x00, 0x00, 0x00,
    0xcf, 0xff, 0x00, 0xff, 0xff, 0x10, 0x00, 0x00,
    0x2f, 0xff, 0xd0, 0x0a, 0xff, 0xfb, 0x00, 0x00,
    0x1c, 0xff, 0xf8, 0x00, 0x3f, 0xff, 0xfe, 0xa9,
    0xaf, 0xff, 0xff, 0x20, 0x00, 0x8f, 0xff, 0xff,
    0xff, 0xff, 0xff, 0x60, 0x00, 0x00, 0x7f, 0xff,
    0xff, 0xff, 0xff, 0x60, 0x00, 0x00, 0x00, 0x28,
    0xce, 0xfe, 0xc7, 0x10, 0x00, 0x00,

    /* U+00DA "Ú" */
    0x00, 0x00, 0x00, 0x00, 0x00, 0x42, 0x00, 0x00,
    0x00, 0x00, 0x00, 0x00, 0x00, 0x5f, 0xe2, 0x00,
    0x00, 0x00, 0x00, 0x00, 0x00, 0x6f, 0xff, 0x50,
    0x00, 0x00, 0x00, 0x00, 0x00, 0x7f, 0xff, 0x40,
    0x00, 0x00, 0x00, 0x00, 0x00, 0x3f, 0xfe, 0x30,
    0x00, 0x00, 0x00, 0x00, 0x00, 0x00, 0x7e, 0x20,
    0x00, 0x00, 0x00, 0x00, 0x00, 0x00, 0x00, 0x10,
    0x00, 0x00, 0x00, 0x00, 0x00, 0x00, 0x00, 0x00,
    0x00, 0x00, 0x00, 0x00, 0x3f, 0xff, 0x70, 0x00,
    0x00, 0x00, 0x9f, 0xff, 0x13, 0xff, 0xf7, 0x00,
    0x00, 0x00, 0x09, 0xff, 0xf1, 0x3f, 0xff, 0x70,
    0x00, 0x00, 0x00, 0x9f, 0xff, 0x13, 0xff, 0xf7,
    0x00, 0x00, 0x00, 0x09, 0xff, 0xf1, 0x3f, 0xff,
    0x70, 0x00, 0x00, 0x00, 0x9f, 0xff, 0x13, 0xff,
    0xf7, 0x00, 0x00, 0x00, 0x09, 0xff, 0xf1, 0x3f,
    0xff, 0x70, 0x00, 0x00, 0x00, 0x9f, 0xff, 0x13,
    0xff, 0xf7, 0x00, 0x00, 0x00, 0x09, 0xff, 0xf1,
    0x3f, 0xff, 0x70, 0x00, 0x00, 0x00, 0x9f, 0xff,
    0x13, 0xff, 0xf7, 0x00, 0x00, 0x00, 0x09, 0xff,
    0xf1, 0x3f, 0xff, 0x70, 0x00, 0x00, 0x00, 0x9f,
    0xff, 0x12, 0xff, 0xf8, 0x00, 0x00, 0x00, 0x0a,
    0xff, 0xf0, 0x1f, 0xff, 0xa0, 0x00, 0x00, 0x00,
    0xcf, 0xff, 0x00, 0xff, 0xff, 0x10, 0x00, 0x00,
    0x2f, 0xff, 0xd0, 0x0a, 0xff, 0xfb, 0x00, 0x00,
    0x1c, 0xff, 0xf8, 0x00, 0x3f, 0xff, 0xfe, 0xa9,
    0xaf, 0xff, 0xff, 0x20, 0x00, 0x8f, 0xff, 0xff,
    0xff, 0xff, 0xff, 0x60, 0x00, 0x00, 0x7f, 0xff,
    0xff, 0xff, 0xff, 0x60, 0x00, 0x00, 0x00, 0x28,
    0xce, 0xfe, 0xc7, 0x10, 0x00, 0x00,

    /* U+00DB "Û" */
    0x00, 0x00, 0x00, 0x03, 0xb1, 0x00, 0x00, 0x00,
    0x00, 0x00, 0x00, 0x03, 0xef, 0xd1, 0x00, 0x00,
    0x00, 0x00, 0x00, 0x03, 0xff, 0xff, 0xd2, 0x00,
    0x00, 0x00, 0x00, 0x04, 0xff, 0xfd, 0xff, 0xe2,
    0x00, 0x00, 0x00, 0x00, 0x6f, 0xf5, 0x09, 0xff,
    0x40, 0x00, 0x00, 0x00, 0x00, 0x54, 0x00, 0x09,
    0x50, 0x00, 0x00, 0x00, 0x00, 0x00, 0x00, 0x00,
    0x00, 0x00, 0x00, 0x00, 0x00, 0x00, 0x00, 0x00,
    0x00, 0x00, 0x00, 0x00, 0x3f, 0xff, 0x70, 0x00,
    0x00, 0x00, 0x9f, 0xff, 0x13, 0xff, 0xf7, 0x00,
    0x00, 0x00, 0x09, 0xff, 0xf1, 0x3f, 0xff, 0x70,
    0x00, 0x00, 0x00, 0x9f, 0xff, 0x13, 0xff, 0xf7,
    0x00, 0x00, 0x00, 0x09, 0xff, 0xf1, 0x3f, 0xff,
    0x70, 0x00, 0x00, 0x00, 0x9f, 0xff, 0x13, 0xff,
    0xf7, 0x00, 0x00, 0x00, 0x09, 0xff, 0xf1, 0x3f,
    0xff, 0x70, 0x00, 0x00, 0x00, 0x9f, 0xff, 0x13,
    0xff, 0xf7, 0x00, 0x00, 0x00, 0x09, 0xff, 0xf1,
    0x3f, 0xff, 0x70, 0x00, 0x00, 0x00, 0x9f, 0xff,
    0x13, 0xff, 0xf7, 0x00, 0x00, 0x00, 0x09, 0xff,
    0xf1, 0x3f, 0xff, 0x70, 0x00, 0x00, 0x00, 0x9f,
    0xff, 0x12, 0xff, 0xf8, 0x00, 0x00, 0x00, 0x0a,
    0xff, 0xf0, 0x1f, 0xff, 0xa0, 0x00, 0x00, 0x00,
    0xcf, 0xff, 0x00, 0xff, 0xff, 0x10, 0x00, 0x00,
    0x2f, 0xff, 0xd0, 0x0a, 0xff, 0xfb, 0x00, 0x00,
    0x1c, 0xff, 0xf8, 0x00, 0x3f, 0xff, 0xfe, 0xa9,
    0xaf, 0xff, 0xff, 0x20, 0x00, 0x8f, 0xff, 0xff,
    0xff, 0xff, 0xff, 0x60, 0x00, 0x00, 0x7f, 0xff,
    0xff, 0xff, 0xff, 0x60, 0x00, 0x00, 0x00, 0x28,
    0xce, 0xfe, 0xc7, 0x10, 0x00, 0x00,

    /* U+00DC "Ü" */
    0x00, 0x00, 0x9f, 0xc2, 0x03, 0xde, 0x70, 0x00,
    0x00, 0x00, 0x4f, 0xff, 0xa0, 0xcf, 0xff, 0x20,
    0x00, 0x00, 0x05, 0xff, 0xfb, 0x0d, 0xff, 0xf3,
    0x00, 0x00, 0x00, 0x0d, 0xff, 0x40, 0x5f, 0xfb,
    0x00, 0x00, 0x00, 0x00, 0x02, 0x10, 0x00, 0x12,
    0x00, 0x00, 0x00, 0x00, 0x00, 0x00, 0x00, 0x00,
    0x00, 0x00, 0x00, 0x00, 0x00, 0x00, 0x00, 0x00,
    0x00, 0x00, 0x00, 0x03, 0xff, 0xf7, 0x00, 0x00,
    0x00, 0x09, 0xff, 0xf1, 0x3f, 0xff, 0x70, 0x00,
    0x00, 0x00, 0x9f, 0xff, 0x13, 0xff, 0xf7, 0x00,
    0x00, 0x00, 0x09, 0xff, 0xf1, 0x3f, 0xff, 0x70,
    0x00, 0x00, 0x00, 0x9f, 0xff, 0x13, 0xff, 0xf7,
    0x00, 0x00, 0x00, 0x09, 0xff, 0xf1, 0x3f, 0xff,
    0x70, 0x00, 0x00, 0x00, 0x9f, 0xff, 0x13, 0xff,
    0xf7, 0x00, 0x00, 0x00, 0x09, 0xff, 0xf1, 0x3f,
    0xff, 0x70, 0x00, 0x00, 0x00, 0x9f, 0xff, 0x13,
    0xff, 0xf7, 0x00, 0x00, 0x00, 0x09, 0xff, 0xf1,
    0x3f, 0xff, 0x70, 0x00, 0x00, 0x00, 0x9f, 0xff,
    0x13, 0xff, 0xf7, 0x00, 0x00, 0x00, 0x09, 0xff,
    0xf1, 0x2f, 0xff, 0x80, 0x00, 0x00, 0x00, 0xaf,
    0xff, 0x01, 0xff, 0xfa, 0x00, 0x00, 0x00, 0x0c,
    0xff, 0xf0, 0x0f, 0xff, 0xf1, 0x00, 0x00, 0x02,
    0xff, 0xfd, 0x00, 0xaf, 0xff, 0xb0, 0x00, 0x01,
    0xcf, 0xff, 0x80, 0x03, 0xff, 0xff, 0xea, 0x9a,
    0xff, 0xff, 0xf2, 0x00, 0x08, 0xff, 0xff, 0xff,
    0xff, 0xff, 0xf6, 0x00, 0x00, 0x07, 0xff, 0xff,
    0xff, 0xff, 0xf6, 0x00, 0x00, 0x00, 0x02, 0x8c,
    0xef, 0xec, 0x71, 0x00, 0x00,

    /* U+00DD "Ý" */
    0x00, 0x00, 0x00, 0x00, 0x00, 0x05, 0x00, 0x00,
    0x00, 0x00, 0x00, 0x00, 0x00, 0x00, 0x8f, 0xb0,
    0x00, 0x00, 0x00, 0x00, 0x00, 0x00, 0x09, 0xff,
    0xe2, 0x00, 0x00, 0x00, 0x00, 0x00, 0x00, 0xaf,
    0xfd, 0x20, 0x00, 0x00, 0x00, 0x00, 0x00, 0x07,
    0xff, 0xd1, 0x00, 0x00, 0x00, 0x00, 0x00, 0x00,
    0x00, 0xbc, 0x10, 0x00, 0x00, 0x00, 0x00, 0x00,
    0x00, 0x00, 0x00, 0x00, 0x00, 0x00, 0x00, 0x00,
    0x00, 0x00, 0x00, 0x00, 0x00, 0x00, 0x00, 0x00,
    0x0c, 0xff, 0xf4, 0x00, 0x00, 0x00, 0x0c, 0xff,
    0xf3, 0x04, 0xff, 0xfc, 0x00, 0x00, 0x00, 0x4f,
    0xff, 0xb0, 0x00, 0xcf, 0xff, 0x40, 0x00, 0x00,
    0xcf, 0xff, 0x20, 0x00, 0x3f, 0xff, 0xc0, 0x00,
    0x04, 0xff, 0xfa, 0x00, 0x00, 0x0b, 0xff, 0xf4,
    0x00, 0x0c, 0xff, 0xf2, 0x00, 0x00, 0x03, 0xff,
    0xfc, 0x00, 0x4f, 0xff, 0x90, 0x00, 0x00, 0x00,
    0xaf, 0xff, 0x40, 0xcf, 0xff, 0x10, 0x00, 0x00,
    0x00, 0x2f, 0xff, 0xc4, 0xff, 0xf8, 0x00, 0x00,
    0x00, 0x00, 0x0a, 0xff, 0xff, 0xff, 0xf1, 0x00,
    0x00, 0x00, 0x00, 0x02, 0xff, 0xff, 0xff, 0x80,
    0x00, 0x00, 0x00, 0x00, 0x00, 0x9f, 0xff, 0xff,
    0x00, 0x00, 0x00, 0x00, 0x00, 0x00, 0x1f, 0xff,
    0xf8, 0x00, 0x00, 0x00, 0x00, 0x00, 0x00, 0x0c,
    0xff, 0xf1, 0x00, 0x00, 0x00, 0x00, 0x00, 0x00,
    0x09, 0xff, 0xf0, 0x00, 0x00, 0x00, 0x00, 0x00,
    0x00, 0x09, 0xff, 0xf0, 0x00, 0x00, 0x00, 0x00,
    0x00, 0x00, 0x09, 0xff, 0xf0, 0x00, 0x00, 0x00,
    0x00, 0x00, 0x00, 0x09, 0xff, 0xf0, 0x00, 0x00,
    0x00, 0x00, 0x00, 0x00, 0x09, 0xff, 0xf0, 0x00,
    0x00, 0x00, 0x00, 0x00, 0x00, 0x09, 0xff, 0xf0,
    0x00, 0x00, 0x00,

    /* U+00DE "Þ" */
    0x1f, 0xff, 0x90, 0x00, 0x00, 0x00, 0x00, 0x01,
    0xff, 0xf9, 0x00, 0x00, 0x00, 0x00, 0x00, 0x1f,
    0xff, 0xf8, 0x87, 0x64, 0x00, 0x00, 0x01, 0xff,
    0xff, 0xff, 0xff, 0xff, 0x80, 0x00, 0x1f, 0xff,
    0xff, 0xff, 0xff, 0xff, 0xc0, 0x01, 0xff, 0xff,
    0xff, 0xff, 0xff, 0xff, 0xa0, 0x1f, 0xff, 0x90,
    0x00, 0x28, 0xff, 0xff, 0x21, 0xff, 0xf9, 0x00,
    0x00, 0x08, 0xff, 0xf7, 0x1f, 0xff, 0x90, 0x00,
    0x00, 0x3f, 0xff, 0x91, 0xff, 0xf9, 0x00, 0x00,
    0x02, 0xff, 0xfa, 0x1f, 0xff, 0x90, 0x00, 0x00,
    0x5f, 0xff, 0x81, 0xff, 0xf9, 0x00, 0x00, 0x2e,
    0xff, 0xf5, 0x1f, 0xff, 0xf8, 0x88, 0xbf, 0xff,
    0xfe, 0x01, 0xff, 0xff, 0xff, 0xff, 0xff, 0xff,
    0x40, 0x1f, 0xff, 0xff, 0xff, 0xff, 0xfe, 0x50,
    0x01, 0xff, 0xff, 0xff, 0xfe, 0xc7, 0x10, 0x00,
    0x1f, 0xff, 0x90, 0x00, 0x00, 0x00, 0x00, 0x01,
    0xff, 0xf9, 0x00, 0x00, 0x00, 0x00, 0x00, 0x1f,
    0xff, 0x90, 0x00, 0x00, 0x00, 0x00, 0x00,

    /* U+00DF "ß" */
    0x00, 0x02, 0x9d, 0xff, 0xd9, 0x30, 0x00, 0x00,
    0x07, 0xff, 0xff, 0xff, 0xff, 0x80, 0x00, 0x05,
    0xff, 0xff, 0xff, 0xff, 0xff, 0x60, 0x00, 0xef,
    0xff, 0xd8, 0x8d, 0xff, 0xfd, 0x00, 0x4f, 0xff,
    0xb0, 0x00, 0x0e, 0xff, 0xf0, 0x06, 0xff, 0xf4,
    0x00, 0x00, 0xef, 0xfc, 0x00, 0x8f, 0xff, 0x20,
    0x00, 0x9f, 0xff, 0x30, 0x08, 0xff, 0xf2, 0x00,
    0x8f, 0xff, 0x50, 0x00, 0x8f, 0xff, 0x20, 0x2f,
    0xff, 0x80, 0x00, 0x08, 0xff, 0xf2, 0x04, 0xff,
    0xf7, 0x00, 0x00, 0x8f, 0xff, 0x20, 0x0e, 0xff,
    0xf7, 0x00, 0x08, 0xff, 0xf2, 0x00, 0x3f, 0xff,
    0xfb, 0x00, 0x8f, 0xff, 0x20, 0x00, 0x2c, 0xff,
    0xfb, 0x08, 0xff, 0xf2, 0x00, 0x00, 0x0a, 0xff,
    0xf5, 0x8f, 0xff, 0x20, 0x33, 0x00, 0x0f, 0xff,
    0x98, 0xff, 0xf2, 0x4f, 0xd3, 0x03, 0xff, 0xfa,
    0x8f, 0xff, 0x2d, 0xff, 0xff, 0xff, 0xff, 0x68,
    0xff, 0xf2, 0x2d, 0xff, 0xff, 0xff, 0xb0, 0x8f,
    0xff, 0x20, 0x07, 0xcf, 0xfc, 0x70, 0x00,

    /* U+00E0 "à" */
    0x00, 0x00, 0x10, 0x00, 0x00, 0x00, 0x00, 0x00,
    0x4f, 0x70, 0x00, 0x00, 0x00, 0x00, 0x0e, 0xff,
    0x80, 0x00, 0x00, 0x00, 0x00, 0x3e, 0xff, 0x90,
    0x00, 0x00, 0x00, 0x00, 0x2e, 0xff, 0x90, 0x00,
    0x00, 0x00, 0x00, 0x1d, 0xf4, 0x00, 0x00, 0x00,
    0x00, 0x00, 0x14, 0x00, 0x00, 0x00, 0x00, 0x00,
    0x00, 0x00, 0x00, 0x00, 0x00, 0x16, 0xad, 0xff,
    0xd9, 0x20, 0x00, 0x0f, 0xff, 0xff, 0xff, 0xff,
    0x40, 0x00, 0xaf, 0xff, 0xff, 0xff, 0xfe, 0x10,
    0x03, 0xa5, 0x31, 0x3c, 0xff, 0xf6, 0x00, 0x00,
    0x00, 0x00, 0x1f, 0xff, 0x90, 0x01, 0x8d, 0xfe,
    0xc5, 0xff, 0xfa, 0x02, 0xef, 0xff, 0xff, 0xff,
    0xff, 0xb0, 0xcf, 0xff, 0xfc, 0xdf, 0xff, 0xfb,
    0x2f, 0xff, 0xd1, 0x00, 0x6f, 0xff, 0xb3, 0xff,
    0xf9, 0x00, 0x00, 0xff, 0xfb, 0x2f, 0xff, 0xe1,
    0x00, 0x7f, 0xff, 0xb0, 0xcf, 0xff, 0xfd, 0xef,
    0xff, 0xfb, 0x02, 0xff, 0xff, 0xff, 0xff, 0xff,
    0xb0, 0x01, 0x9d, 0xfe, 0xb5, 0x5f, 0xfb,

    /* U+00E1 "á" */
    0x00, 0x00, 0x00, 0x00, 0x01, 0x00, 0x00, 0x00,
    0x00, 0x00, 0x05, 0xf5, 0x00, 0x00, 0x00, 0x00,
    0x06, 0xff, 0xf1, 0x00, 0x00, 0x00, 0x07, 0xff,
    0xf4, 0x00, 0x00, 0x00, 0x08, 0xff, 0xe3, 0x00,
    0x00, 0x00, 0x00, 0x3e, 0xe2, 0x00, 0x00, 0x00,
    0x00, 0x00, 0x32, 0x00, 0x00, 0x00, 0x00, 0x00,
    0x00, 0x00, 0x00, 0x00, 0x00, 0x16, 0xad, 0xff,
    0xd9, 0x20, 0x00, 0x0f, 0xff, 0xff, 0xff, 0xff,
    0x40, 0x00, 0xaf, 0xff, 0xff, 0xff, 0xfe, 0x10,
    0x03, 0xa5, 0x31, 0x3c, 0xff, 0xf6, 0x00, 0x00,
    0x00, 0x00, 0x1f, 0xff, 0x90, 0x01, 0x8d, 0xfe,
    0xc5, 0xff, 0xfa, 0x02, 0xef, 0xff, 0xff, 0xff,
    0xff, 0xb0, 0xcf, 0xff, 0xfc, 0xdf, 0xff, 0xfb,
    0x2f, 0xff, 0xd1, 0x00, 0x6f, 0xff, 0xb3, 0xff,
    0xf9, 0x00, 0x00, 0xff, 0xfb, 0x2f, 0xff, 0xe1,
    0x00, 0x7f, 0xff, 0xb0, 0xcf, 0xff, 0xfd, 0xef,
    0xff, 0xfb, 0x02, 0xff, 0xff, 0xff, 0xff, 0xff,
    0xb0, 0x01, 0x9d, 0xfe, 0xb5, 0x5f, 0xfb,

    /* U+00E2 "â" */
    0x00, 0x00, 0x00, 0x12, 0x00, 0x00, 0x00, 0x00,
    0x00, 0x1d, 0xe3, 0x00, 0x00, 0x00, 0x00, 0x2e,
    0xff, 0xf3, 0x00, 0x00, 0x00, 0x2e, 0xff, 0xff,
    0xf4, 0x00, 0x00, 0x0d, 0xff, 0x75, 0xff, 0xf1,
    0x00, 0x00, 0x3e, 0x60, 0x05, 0xf6, 0x00, 0x00,
    0x00, 0x10, 0x00, 0x02, 0x00, 0x00, 0x00, 0x00,
    0x00, 0x00, 0x00, 0x00, 0x00, 0x16, 0xad, 0xff,
    0xd9, 0x20, 0x00, 0x0f, 0xff, 0xff, 0xff, 0xff,
    0x40, 0x00, 0xaf, 0xff, 0xff, 0xff, 0xfe, 0x10,
    0x03, 0xa5, 0x31, 0x3c, 0xff, 0xf6, 0x00, 0x00,
    0x00, 0x00, 0x1f, 0xff, 0x90, 0x01, 0x8d, 0xfe,
    0xc5, 0xff, 0xfa, 0x02, 0xef, 0xff, 0xff, 0xff,
    0xff, 0xb0, 0xcf, 0xff, 0xfc, 0xdf, 0xff, 0xfb,
    0x2f, 0xff, 0xd1, 0x00, 0x6f, 0xff, 0xb3, 0xff,
    0xf9, 0x00, 0x00, 0xff, 0xfb, 0x2f, 0xff, 0xe1,
    0x00, 0x7f, 0xff, 0xb0, 0xcf, 0xff, 0xfd, 0xef,
    0xff, 0xfb, 0x02, 0xff, 0xff, 0xff, 0xff, 0xff,
    0xb0, 0x01, 0x9d, 0xfe, 0xb5, 0x5f, 0xfb,

    /* U+00E3 "ã" */
    0x00, 0x02, 0xab, 0x60, 0x00, 0x70, 0x00, 0x03,
    0xff, 0xff, 0xa1, 0x8f, 0xc1, 0x00, 0xdf, 0xff,
    0xff, 0xff, 0xff, 0x10, 0x07, 0xfb, 0x17, 0xff,
    0xff, 0x60, 0x00, 0x03, 0x20, 0x03, 0xaa, 0x40,
    0x00, 0x00, 0x00, 0x00, 0x00, 0x00, 0x00, 0x00,
    0x00, 0x00, 0x00, 0x00, 0x00, 0x00, 0x01, 0x6a,
    0xdf, 0xfd, 0x92, 0x00, 0x00, 0xff, 0xff, 0xff,
    0xff, 0xf4, 0x00, 0x0a, 0xff, 0xff, 0xff, 0xff,
    0xe1, 0x00, 0x3a, 0x53, 0x13, 0xcf, 0xff, 0x60,
    0x00, 0x00, 0x00, 0x01, 0xff, 0xf9, 0x00, 0x18,
    0xdf, 0xec, 0x5f, 0xff, 0xa0, 0x2e, 0xff, 0xff,
    0xff, 0xff, 0xfb, 0x0c, 0xff, 0xff, 0xcd, 0xff,
    0xff, 0xb2, 0xff, 0xfd, 0x10, 0x06, 0xff, 0xfb,
    0x3f, 0xff, 0x90, 0x00, 0x0f, 0xff, 0xb2, 0xff,
    0xfe, 0x10, 0x07, 0xff, 0xfb, 0x0c, 0xff, 0xff,
    0xde, 0xff, 0xff, 0xb0, 0x2f, 0xff, 0xff, 0xff,
    0xff, 0xfb, 0x00, 0x19, 0xdf, 0xeb, 0x55, 0xff,
    0xb0,

    /* U+00E4 "ä" */
    0x00, 0x01, 0x20, 0x00, 0x02, 0x10, 0x00, 0x03,
    0xff, 0xc0, 0x0a, 0xff, 0x50, 0x00, 0xbf, 0xff,
    0x52, 0xff, 0xfe, 0x00, 0x0a, 0xff, 0xf4, 0x2f,
    0xff, 0xd0, 0x00, 0x2c, 0xf9, 0x00, 0x7e, 0xd3,
    0x00, 0x00, 0x00, 0x00, 0x00, 0x00, 0x00, 0x00,
    0x00, 0x00, 0x00, 0x00, 0x00, 0x00, 0x01, 0x6a,
    0xdf, 0xfd, 0x92, 0x00, 0x00, 0xff, 0xff, 0xff,
    0xff, 0xf4, 0x00, 0x0a, 0xff, 0xff, 0xff, 0xff,
    0xe1, 0x00, 0x3a, 0x53, 0x13, 0xcf, 0xff, 0x60,
    0x00, 0x00, 0x00, 0x01, 0xff, 0xf9, 0x00, 0x18,
    0xdf, 0xec, 0x5f, 0xff, 0xa0, 0x2e, 0xff, 0xff,
    0xff, 0xff, 0xfb, 0x0c, 0xff, 0xff, 0xcd, 0xff,
    0xff, 0xb2, 0xff, 0xfd, 0x10, 0x06, 0xff, 0xfb,
    0x3f, 0xff, 0x90, 0x00, 0x0f, 0xff, 0xb2, 0xff,
    0xfe, 0x10, 0x07, 0xff, 0xfb, 0x0c, 0xff, 0xff,
    0xde, 0xff, 0xff, 0xb0, 0x2f, 0xff, 0xff, 0xff,
    0xff, 0xfb, 0x00, 0x19, 0xdf, 0xeb, 0x55, 0xff,
    0xb0,

    /* U+00E5 "å" */
    0x00, 0x00, 0x00, 0x01, 0x00, 0x00, 0x00, 0x00,
    0x01, 0xbf, 0xfc, 0x20, 0x00, 0x00, 0x00, 0xbf,
    0xff, 0xfe, 0x00, 0x00, 0x00, 0x0f, 0xf4, 0x2f,
    0xf3, 0x00, 0x00, 0x00, 0xff, 0x64, 0xff, 0x30,
    0x00, 0x00, 0x09, 0xff, 0xff, 0xd0, 0x00, 0x00,
    0x00, 0x09, 0xef, 0xa1, 0x00, 0x00, 0x00, 0x00,
    0x00, 0x00, 0x00, 0x00, 0x00, 0x00, 0x00, 0x00,
    0x00, 0x00, 0x00, 0x01, 0x6a, 0xdf, 0xfd, 0x92,
    0x00, 0x00, 0xff, 0xff, 0xff, 0xff, 0xf4, 0x00,
    0x0a, 0xff, 0xff, 0xff, 0xff, 0xe1, 0x00, 0x3a,
    0x53, 0x13, 0xcf, 0xff, 0x60, 0x00, 0x00, 0x00,
    0x01, 0xff, 0xf9, 0x00, 0x18, 0xdf, 0xec, 0x5f,
    0xff, 0xa0, 0x2e, 0xff, 0xff, 0xff, 0xff, 0xfb,
    0x0c, 0xff, 0xff, 0xcd, 0xff, 0xff, 0xb2, 0xff,
    0xfd, 0x10, 0x06, 0xff, 0xfb, 0x3f, 0xff, 0x90,
    0x00, 0x0f, 0xff, 0xb2, 0xff, 0xfe, 0x10, 0x07,
    0xff, 0xfb, 0x0c, 0xff, 0xff, 0xde, 0xff, 0xff,
    0xb0, 0x2f, 0xff, 0xff, 0xff, 0xff, 0xfb, 0x00,
    0x19, 0xdf, 0xeb, 0x55, 0xff, 0xb0,

    /* U+00E6 "æ" */
    0x00, 0x16, 0xae, 0xff, 0xd8, 0x10, 0x5b, 0xef,
    0xda, 0x30, 0x00, 0x00, 0xef, 0xff, 0xff, 0xff,
    0xec, 0xff, 0xff, 0xff, 0xf6, 0x00, 0x00, 0xaf,
    0xff, 0xff, 0xff, 0xff, 0xff, 0xff, 0xff, 0xff,
    0x40, 0x00, 0x3a, 0x53, 0x13, 0xcf, 0xff, 0xfb,
    0x32, 0x5e, 0xff, 0xc0, 0x00, 0x00, 0x00, 0x00,
    0x2f, 0xff, 0xf0, 0x00, 0x05, 0xff, 0xf1, 0x00,
    0x18, 0xdf, 0xeb, 0x6f, 0xff, 0xf8, 0x88, 0x8a,
    0xff, 0xf4, 0x02, 0xef, 0xff, 0xff, 0xff, 0xff,
    0xff, 0xff, 0xff, 0xff, 0xf5, 0x0c, 0xff, 0xff,
    0xcd, 0xff, 0xff, 0xff, 0xff, 0xff, 0xff, 0xf5,
    0x2f, 0xff, 0xd1, 0x00, 0x6f, 0xff, 0xf0, 0x00,
    0x00, 0x00, 0x00, 0x3f, 0xff, 0x90, 0x00, 0x0f,
    0xff, 0xf0, 0x00, 0x00, 0x99, 0x10, 0x2f, 0xff,
    0xe2, 0x00, 0x6f, 0xff, 0xfc, 0x31, 0x29, 0xff,
    0xe1, 0x0d, 0xff, 0xff, 0xde, 0xff, 0xff, 0xff,
    0xff, 0xff, 0xff, 0x90, 0x03, 0xef, 0xff, 0xff,
    0xfd, 0x2a, 0xff, 0xff, 0xff, 0xfa, 0x00, 0x00,
    0x19, 0xdf, 0xfd, 0x71, 0x00, 0x4b, 0xef, 0xeb,
    0x40, 0x00,

    /* U+00E7 "ç" */
    0x00, 0x00, 0x4a, 0xdf, 0xfc, 0x60, 0x00, 0x00,
    0x1b, 0xff, 0xff, 0xff, 0xfd, 0x20, 0x00, 0xcf,
    0xff, 0xff, 0xff, 0xff, 0xe1, 0x06, 0xff, 0xff,
    0xc9, 0xaf, 0xff, 0xf9, 0x0d, 0xff, 0xf6, 0x00,
    0x02, 0xef, 0xa3, 0x1f, 0xff, 0xc0, 0x00, 0x00,
    0x31, 0x00, 0x3f, 0xff, 0x80, 0x00, 0x00, 0x00,
    0x00, 0x3f, 0xff, 0x80, 0x00, 0x00, 0x00, 0x00,
    0x1f, 0xff, 0xc0, 0x00, 0x00, 0x31, 0x00, 0x0c,
    0xff, 0xf7, 0x00, 0x03, 0xff, 0xb4, 0x06, 0xff,
    0xff, 0xda, 0xbf, 0xff, 0xf9, 0x00, 0xbf, 0xff,
    0xff, 0xff, 0xff, 0xe1, 0x00, 0x0a, 0xff, 0xff,
    0xff, 0xfd, 0x10, 0x00, 0x00, 0x4a, 0xff, 0xfc,
    0x60, 0x00, 0x00, 0x00, 0x01, 0xff, 0x40, 0x00,
    0x00, 0x00, 0x00, 0x05, 0xff, 0xfc, 0x00, 0x00,
    0x00, 0x00, 0x03, 0x78, 0xef, 0x50, 0x00, 0x00,
    0x00, 0x06, 0x10, 0xdf, 0x50, 0x00, 0x00, 0x00,
    0x6f, 0xff, 0xff, 0x10, 0x00, 0x00, 0x00, 0x3a,
    0xde, 0xb3, 0x00, 0x00,

    /* U+00E8 "è" */
    0x00, 0x00, 0x01, 0x00, 0x00, 0x00, 0x00, 0x00,
    0x00, 0x0b, 0xd1, 0x00, 0x00, 0x00, 0x00, 0x00,
    0x07, 0xff, 0xd2, 0x00, 0x00, 0x00, 0x00, 0x00,
    0x0a, 0xff, 0xe2, 0x00, 0x00, 0x00, 0x00, 0x00,
    0x09, 0xff, 0xe2, 0x00, 0x00, 0x00, 0x00, 0x00,
    0x07, 0xfb, 0x00, 0x00, 0x00, 0x00, 0x00, 0x00,
    0x05, 0x00, 0x00, 0x00, 0x00, 0x00, 0x00, 0x00,
    0x00, 0x00, 0x00, 0x00, 0x00, 0x00, 0x5b, 0xef,
    0xeb, 0x50, 0x00, 0x00, 0x01, 0xbf, 0xff, 0xff,
    0xff, 0xc1, 0x00, 0x00, 0xcf, 0xff, 0xfe, 0xff,
    0xff, 0xd0, 0x00, 0x6f, 0xff, 0x91, 0x00, 0x6f,
    0xff, 0x80, 0x0d, 0xff, 0xa0, 0x00, 0x00, 0x9f,
    0xfe, 0x01, 0xff, 0xff, 0xcc, 0xcc, 0xcf, 0xff,
    0xf3, 0x3f, 0xff, 0xff, 0xff, 0xff, 0xff, 0xff,
    0x43, 0xff, 0xff, 0xff, 0xff, 0xff, 0xff, 0xf5,
    0x1f, 0xff, 0x50, 0x00, 0x00, 0x00, 0x00, 0x00,
    0xdf, 0xfb, 0x00, 0x00, 0x02, 0xc4, 0x00, 0x07,
    0xff, 0xfa, 0x20, 0x05, 0xef, 0xf9, 0x00, 0x0c,
    0xff, 0xff, 0xff, 0xff, 0xff, 0x20, 0x00, 0x1c,
    0xff, 0xff, 0xff, 0xfe, 0x30, 0x00, 0x00, 0x05,
    0xbe, 0xfe, 0xc7, 0x10, 0x00,

    /* U+00E9 "é" */
    0x00, 0x00, 0x00, 0x00, 0x00, 0x00, 0x00, 0x00,
    0x00, 0x00, 0x00, 0x01, 0xcc, 0x00, 0x00, 0x00,
    0x00, 0x00, 0x01, 0xdf, 0xf8, 0x00, 0x00, 0x00,
    0x00, 0x02, 0xdf, 0xfa, 0x00, 0x00, 0x00, 0x00,
    0x02, 0xef, 0xf9, 0x00, 0x00, 0x00, 0x00, 0x00,
    0x0a, 0xf8, 0x00, 0x00, 0x00, 0x00, 0x00, 0x00,
    0x05, 0x00, 0x00, 0x00, 0x00, 0x00, 0x00, 0x00,
    0x00, 0x00, 0x00, 0x00, 0x00, 0x00, 0x5b, 0xef,
    0xeb, 0x50, 0x00, 0x00, 0x01, 0xbf, 0xff, 0xff,
    0xff, 0xc1, 0x00, 0x00, 0xcf, 0xff, 0xfe, 0xff,
    0xff, 0xd0, 0x00, 0x6f, 0xff, 0x91, 0x00, 0x6f,
    0xff, 0x80, 0x0d, 0xff, 0xa0, 0x00, 0x00, 0x9f,
    0xfe, 0x01, 0xff, 0xff, 0xcc, 0xcc, 0xcf, 0xff,
    0xf3, 0x3f, 0xff, 0xff, 0xff, 0xff, 0xff, 0xff,
    0x43, 0xff, 0xff, 0xff, 0xff, 0xff, 0xff, 0xf5,
    0x1f, 0xff, 0x50, 0x00, 0x00, 0x00, 0x00, 0x00,
    0xdf, 0xfb, 0x00, 0x00, 0x02, 0xc4, 0x00, 0x07,
    0xff, 0xfa, 0x20, 0x05, 0xef, 0xf9, 0x00, 0x0c,
    0xff, 0xff, 0xff, 0xff, 0xff, 0x20, 0x00, 0x1c,
    0xff, 0xff, 0xff, 0xfe, 0x30, 0x00, 0x00, 0x05,
    0xbe, 0xfe, 0xc7, 0x10, 0x00,

    /* U+00EA "ê" */
    0x00, 0x00, 0x00, 0x04, 0x00, 0x00, 0x00, 0x00,
    0x00, 0x00, 0x08, 0xf9, 0x00, 0x00, 0x00, 0x00,
    0x00, 0x09, 0xff, 0xf9, 0x00, 0x00, 0x00, 0x00,
    0x09, 0xff, 0xff, 0xfa, 0x00, 0x00, 0x00, 0x07,
    0xff, 0xd2, 0xcf, 0xf8, 0x00, 0x00, 0x00, 0x0a,
    0xc1, 0x01, 0xdc, 0x00, 0x00, 0x00, 0x00, 0x00,
    0x00, 0x01, 0x00, 0x00, 0x00, 0x00, 0x00, 0x00,
    0x00, 0x00, 0x00, 0x00, 0x00, 0x00, 0x5b, 0xef,
    0xeb, 0x50, 0x00, 0x00, 0x01, 0xbf, 0xff, 0xff,
    0xff, 0xc1, 0x00, 0x00, 0xcf, 0xff, 0xfe, 0xff,
    0xff, 0xd0, 0x00, 0x6f, 0xff, 0x91, 0x00, 0x6f,
    0xff, 0x80, 0x0d, 0xff, 0xa0, 0x00, 0x00, 0x9f,
    0xfe, 0x01, 0xff, 0xff, 0xcc, 0xcc, 0xcf, 0xff,
    0xf3, 0x3f, 0xff, 0xff, 0xff, 0xff, 0xff, 0xff,
    0x43, 0xff, 0xff, 0xff, 0xff, 0xff, 0xff, 0xf5,
    0x1f, 0xff, 0x50, 0x00, 0x00, 0x00, 0x00, 0x00,
    0xdf, 0xfb, 0x00, 0x00, 0x02, 0xc4, 0x00, 0x07,
    0xff, 0xfa, 0x20, 0x05, 0xef, 0xf9, 0x00, 0x0c,
    0xff, 0xff, 0xff, 0xff, 0xff, 0x20, 0x00, 0x1c,
    0xff, 0xff, 0xff, 0xfe, 0x30, 0x00, 0x00, 0x05,
    0xbe, 0xfe, 0xc7, 0x10, 0x00,

    /* U+00EB "ë" */
    0x00, 0x00, 0x21, 0x00, 0x01, 0x20, 0x00, 0x00,
    0x00, 0xbf, 0xf5, 0x03, 0xff, 0xc0, 0x00, 0x00,
    0x3f, 0xff, 0xd0, 0xbf, 0xff, 0x50, 0x00, 0x02,
    0xff, 0xfc, 0x0a, 0xff, 0xf4, 0x00, 0x00, 0x08,
    0xfd, 0x30, 0x2c, 0xf9, 0x00, 0x00, 0x00, 0x00,
    0x00, 0x00, 0x00, 0x00, 0x00, 0x00, 0x00, 0x00,
    0x00, 0x00, 0x00, 0x00, 0x00, 0x00, 0x05, 0xbe,
    0xfe, 0xb5, 0x00, 0x00, 0x00, 0x1b, 0xff, 0xff,
    0xff, 0xfc, 0x10, 0x00, 0x0c, 0xff, 0xff, 0xef,
    0xff, 0xfd, 0x00, 0x06, 0xff, 0xf9, 0x10, 0x06,
    0xff, 0xf8, 0x00, 0xdf, 0xfa, 0x00, 0x00, 0x09,
    0xff, 0xe0, 0x1f, 0xff, 0xfc, 0xcc, 0xcc, 0xff,
    0xff, 0x33, 0xff, 0xff, 0xff, 0xff, 0xff, 0xff,
    0xf4, 0x3f, 0xff, 0xff, 0xff, 0xff, 0xff, 0xff,
    0x51, 0xff, 0xf5, 0x00, 0x00, 0x00, 0x00, 0x00,
    0x0d, 0xff, 0xb0, 0x00, 0x00, 0x2c, 0x40, 0x00,
    0x7f, 0xff, 0xa2, 0x00, 0x5e, 0xff, 0x90, 0x00,
    0xcf, 0xff, 0xff, 0xff, 0xff, 0xf2, 0x00, 0x01,
    0xcf, 0xff, 0xff, 0xff, 0xe3, 0x00, 0x00, 0x00,
    0x5b, 0xef, 0xec, 0x71, 0x00, 0x00,

    /* U+00EC "ì" */
    0x03, 0x20, 0x00, 0x03, 0xfe, 0x30, 0x00, 0x7f,
    0xff, 0x40, 0x00, 0x7f, 0xff, 0x50, 0x00, 0x5f,
    0xff, 0x10, 0x00, 0x4f, 0x50, 0x00, 0x00, 0x10,
    0x00, 0x00, 0x00, 0x00, 0x00, 0x6f, 0xff, 0x40,
    0x06, 0xff, 0xf4, 0x00, 0x6f, 0xff, 0x40, 0x06,
    0xff, 0xf4, 0x00, 0x6f, 0xff, 0x40, 0x06, 0xff,
    0xf4, 0x00, 0x6f, 0xff, 0x40, 0x06, 0xff, 0xf4,
    0x00, 0x6f, 0xff, 0x40, 0x06, 0xff, 0xf4, 0x00,
    0x6f, 0xff, 0x40, 0x06, 0xff, 0xf4, 0x00, 0x6f,
    0xff, 0x40, 0x06, 0xff, 0xf4,

    /* U+00ED "í" */
    0x00, 0x00, 0x42, 0x00, 0x00, 0x5f, 0xe2, 0x00,
    0x6f, 0xff, 0x50, 0x7f, 0xff, 0x40, 0x3f, 0xff,
    0x30, 0x00, 0x7e, 0x30, 0x00, 0x00, 0x10, 0x00,
    0x00, 0x00, 0x00, 0x00, 0x6f, 0xff, 0x40, 0x06,
    0xff, 0xf4, 0x00, 0x6f, 0xff, 0x40, 0x06, 0xff,
    0xf4, 0x00, 0x6f, 0xff, 0x40, 0x06, 0xff, 0xf4,
    0x00, 0x6f, 0xff, 0x40, 0x06, 0xff, 0xf4, 0x00,
    0x6f, 0xff, 0x40, 0x06, 0xff, 0xf4, 0x00, 0x6f,
    0xff, 0x40, 0x06, 0xff, 0xf4, 0x00, 0x6f, 0xff,
    0x40, 0x06, 0xff, 0xf4, 0x00,

    /* U+00EE "î" */
    0x00, 0x00, 0x10, 0x00, 0x00, 0x00, 0x4e, 0x30,
    0x00, 0x00, 0x4f, 0xfe, 0x20, 0x00, 0x3f, 0xff,
    0xfe, 0x20, 0x1f, 0xff, 0xaf, 0xfe, 0x00, 0x7f,
    0x60, 0x7f, 0x50, 0x00, 0x20, 0x00, 0x10, 0x00,
    0x00, 0x00, 0x00, 0x00, 0x00, 0x6f, 0xff, 0x40,
    0x00, 0x06, 0xff, 0xf4, 0x00, 0x00, 0x6f, 0xff,
    0x40, 0x00, 0x06, 0xff, 0xf4, 0x00, 0x00, 0x6f,
    0xff, 0x40, 0x00, 0x06, 0xff, 0xf4, 0x00, 0x00,
    0x6f, 0xff, 0x40, 0x00, 0x06, 0xff, 0xf4, 0x00,
    0x00, 0x6f, 0xff, 0x40, 0x00, 0x06, 0xff, 0xf4,
    0x00, 0x00, 0x6f, 0xff, 0x40, 0x00, 0x06, 0xff,
    0xf4, 0x00, 0x00, 0x6f, 0xff, 0x40, 0x00, 0x06,
    0xff, 0xf4, 0x00,

    /* U+00EF "ï" */
    0x3d, 0xe7, 0x08, 0xfd, 0x3d, 0xff, 0xf5, 0xff,
    0xfc, 0xef, 0xff, 0x7f, 0xff, 0xd6, 0xff, 0xb0,
    0xcf, 0xf5, 0x01, 0x20, 0x00, 0x21, 0x00, 0x00,
    0x00, 0x00, 0x00, 0x00, 0x6f, 0xff, 0x40, 0x00,
    0x06, 0xff, 0xf4, 0x00, 0x00, 0x6f, 0xff, 0x40,
    0x00, 0x06, 0xff, 0xf4, 0x00, 0x00, 0x6f, 0xff,
    0x40, 0x00, 0x06, 0xff, 0xf4, 0x00, 0x00, 0x6f,
    0xff, 0x40, 0x00, 0x06, 0xff, 0xf4, 0x00, 0x00,
    0x6f, 0xff, 0x40, 0x00, 0x06, 0xff, 0xf4, 0x00,
    0x00, 0x6f, 0xff, 0x40, 0x00, 0x06, 0xff, 0xf4,
    0x00, 0x00, 0x6f, 0xff, 0x40, 0x00, 0x06, 0xff,
    0xf4, 0x00,

    /* U+00F0 "ð" */
    0x00, 0x24, 0x00, 0x00, 0x05, 0x00, 0x00, 0x00,
    0xbf, 0xfa, 0x31, 0xdf, 0x50, 0x00, 0x02, 0xff,
    0xff, 0xff, 0xff, 0xb0, 0x00, 0x02, 0x8d, 0xff,
    0xff, 0xff, 0x00, 0x00, 0x00, 0x00, 0x9f, 0xff,
    0xff, 0x70, 0x00, 0x00, 0x08, 0xff, 0xff, 0xff,
    0xf5, 0x00, 0x00, 0x02, 0xfe, 0x31, 0xcf, 0xfe,
    0x10, 0x00, 0x00, 0x41, 0x00, 0x1e, 0xff, 0x80,
    0x00, 0x06, 0xce, 0xfc, 0x66, 0xff, 0xe0, 0x01,
    0xcf, 0xff, 0xff, 0xfc, 0xef, 0xf3, 0x0c, 0xff,
    0xff, 0xff, 0xff, 0xff, 0xf7, 0x5f, 0xff, 0xfb,
    0x78, 0xef, 0xff, 0xf9, 0xbf, 0xff, 0x60, 0x00,
    0x0c, 0xff, 0xfa, 0xef, 0xfd, 0x00, 0x00, 0x03,
    0xff, 0xf9, 0xff, 0xfa, 0x00, 0x00, 0x01, 0xff,
    0xf8, 0xdf, 0xfc, 0x00, 0x00, 0x03, 0xff, 0xf5,
    0xaf, 0xff, 0x40, 0x00, 0x0b, 0xff, 0xf0, 0x4f,
    0xff, 0xf8, 0x46, 0xcf, 0xff, 0x90, 0x0a, 0xff,
    0xff, 0xff, 0xff, 0xfe, 0x00, 0x00, 0xaf, 0xff,
    0xff, 0xff, 0xd1, 0x00, 0x00, 0x04, 0xae, 0xfe,
    0xb6, 0x00, 0x00,

    /* U+00F1 "ñ" */
    0x00, 0x09, 0xee, 0xa4, 0x19, 0xb5, 0x00, 0x00,
    0xbf, 0xff, 0xff, 0xff, 0xfc, 0x00, 0x03, 0xff,
    0xfd, 0xff, 0xff, 0xf2, 0x00, 0x00, 0x28, 0x10,
    0x28, 0xb9, 0x20, 0x00, 0x00, 0x00, 0x00, 0x00,
    0x00, 0x00, 0x00, 0x00, 0x00, 0x00, 0x00, 0x00,
    0x00, 0x00, 0x7f, 0xf7, 0x03, 0x9d, 0xfe, 0xb3,
    0x00, 0x7f, 0xfc, 0xaf, 0xff, 0xff, 0xff, 0x20,
    0x7f, 0xff, 0xff, 0xff, 0xff, 0xff, 0xa0, 0x7f,
    0xff, 0xff, 0xc9, 0xcf, 0xff, 0xe0, 0x7f, 0xff,
    0xf3, 0x00, 0x0d, 0xff, 0xf0, 0x7f, 0xff, 0x50,
    0x00, 0x0a, 0xff, 0xf0, 0x7f, 0xff, 0x30, 0x00,
    0x09, 0xff, 0xf1, 0x7f, 0xff, 0x30, 0x00, 0x09,
    0xff, 0xf1, 0x7f, 0xff, 0x30, 0x00, 0x09, 0xff,
    0xf1, 0x7f, 0xff, 0x30, 0x00, 0x09, 0xff, 0xf1,
    0x7f, 0xff, 0x30, 0x00, 0x09, 0xff, 0xf1, 0x7f,
    0xff, 0x30, 0x00, 0x09, 0xff, 0xf1, 0x7f, 0xff,
    0x30, 0x00, 0x09, 0xff, 0xf1, 0x7f, 0xff, 0x30,
    0x00, 0x09, 0xff, 0xf1,

    /* U+00F2 "ò" */
    0x00, 0x00, 0x01, 0x00, 0x00, 0x00, 0x00, 0x00,
    0x00, 0x00, 0x7f, 0x40, 0x00, 0x00, 0x00, 0x00,
    0x00, 0x02, 0xff, 0xf5, 0x00, 0x00, 0x00, 0x00,
    0x00, 0x00, 0x5f, 0xff, 0x60, 0x00, 0x00, 0x00,
    0x00, 0x00, 0x04, 0xff, 0xf6, 0x00, 0x00, 0x00,
    0x00, 0x00, 0x00, 0x3f, 0xe2, 0x00, 0x00, 0x00,
    0x00, 0x00, 0x00, 0x03, 0x20, 0x00, 0x00, 0x00,
    0x00, 0x00, 0x00, 0x00, 0x00, 0x00, 0x00, 0x00,
    0x00, 0x00, 0x39, 0xdf, 0xed, 0x82, 0x00, 0x00,
    0x00, 0x0a, 0xff, 0xff, 0xff, 0xff, 0x70, 0x00,
    0x00, 0xbf, 0xff, 0xff, 0xff, 0xff, 0xf7, 0x00,
    0x06, 0xff, 0xff, 0xd9, 0xae, 0xff, 0xff, 0x30,
    0x0c, 0xff, 0xf8, 0x00, 0x00, 0xbf, 0xff, 0x90,
    0x1f, 0xff, 0xd0, 0x00, 0x00, 0x1f, 0xff, 0xd0,
    0x3f, 0xff, 0x90, 0x00, 0x00, 0x0c, 0xff, 0xf0,
    0x3f, 0xff, 0x90, 0x00, 0x00, 0x0c, 0xff, 0xf0,
    0x1f, 0xff, 0xd0, 0x00, 0x00, 0x1f, 0xff, 0xd0,
    0x0d, 0xff, 0xf8, 0x00, 0x00, 0xbf, 0xff, 0x90,
    0x06, 0xff, 0xff, 0xda, 0xae, 0xff, 0xff, 0x30,
    0x00, 0xbf, 0xff, 0xff, 0xff, 0xff, 0xf7, 0x00,
    0x00, 0x0a, 0xff, 0xff, 0xff, 0xff, 0x70, 0x00,
    0x00, 0x00, 0x3a, 0xdf, 0xed, 0x82, 0x00, 0x00,

    /* U+00F3 "ó" */
    0x00, 0x00, 0x00, 0x00, 0x00, 0x10, 0x00, 0x00,
    0x00, 0x00, 0x00, 0x00, 0x08, 0xe3, 0x00, 0x00,
    0x00, 0x00, 0x00, 0x00, 0x9f, 0xfd, 0x00, 0x00,
    0x00, 0x00, 0x00, 0x0a, 0xff, 0xe2, 0x00, 0x00,
    0x00, 0x00, 0x00, 0xbf, 0xfd, 0x10, 0x00, 0x00,
    0x00, 0x00, 0x00, 0x5f, 0xc1, 0x00, 0x00, 0x00,
    0x00, 0x00, 0x00, 0x04, 0x00, 0x00, 0x00, 0x00,
    0x00, 0x00, 0x00, 0x00, 0x00, 0x00, 0x00, 0x00,
    0x00, 0x00, 0x39, 0xdf, 0xed, 0x82, 0x00, 0x00,
    0x00, 0x0a, 0xff, 0xff, 0xff, 0xff, 0x70, 0x00,
    0x00, 0xbf, 0xff, 0xff, 0xff, 0xff, 0xf7, 0x00,
    0x06, 0xff, 0xff, 0xd9, 0xae, 0xff, 0xff, 0x30,
    0x0c, 0xff, 0xf8, 0x00, 0x00, 0xbf, 0xff, 0x90,
    0x1f, 0xff, 0xd0, 0x00, 0x00, 0x1f, 0xff, 0xd0,
    0x3f, 0xff, 0x90, 0x00, 0x00, 0x0c, 0xff, 0xf0,
    0x3f, 0xff, 0x90, 0x00, 0x00, 0x0c, 0xff, 0xf0,
    0x1f, 0xff, 0xd0, 0x00, 0x00, 0x1f, 0xff, 0xd0,
    0x0d, 0xff, 0xf8, 0x00, 0x00, 0xbf, 0xff, 0x90,
    0x06, 0xff, 0xff, 0xda, 0xae, 0xff, 0xff, 0x30,
    0x00, 0xbf, 0xff, 0xff, 0xff, 0xff, 0xf7, 0x00,
    0x00, 0x0a, 0xff, 0xff, 0xff, 0xff, 0x70, 0x00,
    0x00, 0x00, 0x3a, 0xdf, 0xed, 0x82, 0x00, 0x00,

    /* U+00F4 "ô" */
    0x00, 0x00, 0x00, 0x02, 0x10, 0x00, 0x00, 0x00,
    0x00, 0x00, 0x00, 0x3f, 0xd1, 0x00, 0x00, 0x00,
    0x00, 0x00, 0x04, 0xff, 0xfd, 0x10, 0x00, 0x00,
    0x00, 0x00, 0x4f, 0xff, 0xff, 0xe2, 0x00, 0x00,
    0x00, 0x01, 0xff, 0xf4, 0x8f, 0xfd, 0x00, 0x00,
    0x00, 0x00, 0x5f, 0x40, 0x09, 0xf3, 0x00, 0x00,
    0x00, 0x00, 0x01, 0x00, 0x00, 0x20, 0x00, 0x00,
    0x00, 0x00, 0x00, 0x00, 0x00, 0x00, 0x00, 0x00,
    0x00, 0x00, 0x39, 0xdf, 0xed, 0x82, 0x00, 0x00,
    0x00, 0x0a, 0xff, 0xff, 0xff, 0xff, 0x70, 0x00,
    0x00, 0xbf, 0xff, 0xff, 0xff, 0xff, 0xf7, 0x00,
    0x06, 0xff, 0xff, 0xd9, 0xae, 0xff, 0xff, 0x30,
    0x0c, 0xff, 0xf8, 0x00, 0x00, 0xbf, 0xff, 0x90,
    0x1f, 0xff, 0xd0, 0x00, 0x00, 0x1f, 0xff, 0xd0,
    0x3f, 0xff, 0x90, 0x00, 0x00, 0x0c, 0xff, 0xf0,
    0x3f, 0xff, 0x90, 0x00, 0x00, 0x0c, 0xff, 0xf0,
    0x1f, 0xff, 0xd0, 0x00, 0x00, 0x1f, 0xff, 0xd0,
    0x0d, 0xff, 0xf8, 0x00, 0x00, 0xbf, 0xff, 0x90,
    0x06, 0xff, 0xff, 0xda, 0xae, 0xff, 0xff, 0x30,
    0x00, 0xbf, 0xff, 0xff, 0xff, 0xff, 0xf7, 0x00,
    0x00, 0x0a, 0xff, 0xff, 0xff, 0xff, 0x70, 0x00,
    0x00, 0x00, 0x3a, 0xdf, 0xed, 0x82, 0x00, 0x00,

    /* U+00F5 "õ" */
    0x00, 0x00, 0x8e, 0xeb, 0x40, 0x8b, 0x50, 0x00,
    0x00, 0x09, 0xff, 0xff, 0xff, 0xff, 0xd0, 0x00,
    0x00, 0x2f, 0xff, 0xdf, 0xff, 0xff, 0x30, 0x00,
    0x00, 0x02, 0x82, 0x02, 0x8b, 0x93, 0x00, 0x00,
    0x00, 0x00, 0x00, 0x00, 0x00, 0x00, 0x00, 0x00,
    0x00, 0x00, 0x00, 0x00, 0x00, 0x00, 0x00, 0x00,
    0x00, 0x00, 0x39, 0xdf, 0xed, 0x82, 0x00, 0x00,
    0x00, 0x0a, 0xff, 0xff, 0xff, 0xff, 0x70, 0x00,
    0x00, 0xbf, 0xff, 0xff, 0xff, 0xff, 0xf7, 0x00,
    0x06, 0xff, 0xff, 0xd9, 0xae, 0xff, 0xff, 0x30,
    0x0c, 0xff, 0xf8, 0x00, 0x00, 0xbf, 0xff, 0x90,
    0x1f, 0xff, 0xd0, 0x00, 0x00, 0x1f, 0xff, 0xd0,
    0x3f, 0xff, 0x90, 0x00, 0x00, 0x0c, 0xff, 0xf0,
    0x3f, 0xff, 0x90, 0x00, 0x00, 0x0c, 0xff, 0xf0,
    0x1f, 0xff, 0xd0, 0x00, 0x00, 0x1f, 0xff, 0xd0,
    0x0d, 0xff, 0xf8, 0x00, 0x00, 0xbf, 0xff, 0x90,
    0x06, 0xff, 0xff, 0xda, 0xae, 0xff, 0xff, 0x30,
    0x00, 0xbf, 0xff, 0xff, 0xff, 0xff, 0xf7, 0x00,
    0x00, 0x0a, 0xff, 0xff, 0xff, 0xff, 0x70, 0x00,
    0x00, 0x00, 0x3a, 0xdf, 0xed, 0x82, 0x00, 0x00,

    /* U+00F6 "ö" */
    0x00, 0x00, 0x12, 0x00, 0x00, 0x20, 0x00, 0x00,
    0x00, 0x06, 0xff, 0x90, 0x0d, 0xfe, 0x30, 0x00,
    0x00, 0x0e, 0xff, 0xf2, 0x6f, 0xff, 0xa0, 0x00,
    0x00, 0x0d, 0xff, 0xf1, 0x5f, 0xff, 0x90, 0x00,
    0x00, 0x04, 0xde, 0x70, 0x0a, 0xfc, 0x10, 0x00,
    0x00, 0x00, 0x00, 0x00, 0x00, 0x00, 0x00, 0x00,
    0x00, 0x00, 0x00, 0x00, 0x00, 0x00, 0x00, 0x00,
    0x00, 0x00, 0x39, 0xdf, 0xed, 0x82, 0x00, 0x00,
    0x00, 0x0a, 0xff, 0xff, 0xff, 0xff, 0x70, 0x00,
    0x00, 0xbf, 0xff, 0xff, 0xff, 0xff, 0xf7, 0x00,
    0x06, 0xff, 0xff, 0xd9, 0xae, 0xff, 0xff, 0x30,
    0x0c, 0xff, 0xf8, 0x00, 0x00, 0xbf, 0xff, 0x90,
    0x1f, 0xff, 0xd0, 0x00, 0x00, 0x1f, 0xff, 0xd0,
    0x3f, 0xff, 0x90, 0x00, 0x00, 0x0c, 0xff, 0xf0,
    0x3f, 0xff, 0x90, 0x00, 0x00, 0x0c, 0xff, 0xf0,
    0x1f, 0xff, 0xd0, 0x00, 0x00, 0x1f, 0xff, 0xd0,
    0x0d, 0xff, 0xf8, 0x00, 0x00, 0xbf, 0xff, 0x90,
    0x06, 0xff, 0xff, 0xda, 0xae, 0xff, 0xff, 0x30,
    0x00, 0xbf, 0xff, 0xff, 0xff, 0xff, 0xf7, 0x00,
    0x00, 0x0a, 0xff, 0xff, 0xff, 0xff, 0x70, 0x00,
    0x00, 0x00, 0x3a, 0xdf, 0xed, 0x82, 0x00, 0x00,

    /* U+00F7 "÷" */
    0x00, 0x00, 0x02, 0x9b, 0x70, 0x00, 0x00, 0x00,
    0x00, 0x00, 0xef, 0xff, 0x90, 0x00, 0x00, 0x00,
    0x00, 0x4f, 0xff, 0xfe, 0x00, 0x00, 0x00, 0x00,
    0x01, 0xff, 0xff, 0xb0, 0x00, 0x00, 0x00, 0x00,
    0x05, 0xdf, 0xb1, 0x00, 0x00, 0x00, 0x00, 0x00,
    0x00, 0x00, 0x00, 0x00, 0x00, 0x57, 0x77, 0x77,
    0x77, 0x77, 0x77, 0x77, 0x3a, 0xff, 0xff, 0xff,
    0xff, 0xff, 0xff, 0xf7, 0xaf, 0xff, 0xff, 0xff,
    0xff, 0xff, 0xff, 0x7a, 0xff, 0xff, 0xff, 0xff,
    0xff, 0xff, 0xf7, 0x00, 0x00, 0x00, 0x00, 0x00,
    0x00, 0x00, 0x00, 0x00, 0x00, 0x29, 0xb7, 0x00,
    0x00, 0x00, 0x00, 0x00, 0x0e, 0xff, 0xf9, 0x00,
    0x00, 0x00, 0x00, 0x04, 0xff, 0xff, 0xe0, 0x00,
    0x00, 0x00, 0x00, 0x1f, 0xff, 0xfb, 0x00, 0x00,
    0x00, 0x00, 0x00, 0x5d, 0xfb, 0x10, 0x00, 0x00,

    /* U+00F8 "ø" */
    0x00, 0x00, 0x00, 0x00, 0x00, 0x00, 0x82, 0x00,
    0x00, 0x00, 0x28, 0xde, 0xfd, 0x9b, 0xfe, 0x30,
    0x00, 0x08, 0xff, 0xff, 0xff, 0xff, 0xfe, 0x10,
    0x00, 0x8f, 0xff, 0xff, 0xff, 0xff, 0xfd, 0x00,
    0x03, 0xff, 0xff, 0x84, 0x5f, 0xff, 0xff, 0x50,
    0x09, 0xff, 0xf2, 0x00, 0xbf, 0xff, 0xff, 0xc0,
    0x0e, 0xff, 0x80, 0x07, 0xff, 0xc7, 0xff, 0xf0,
    0x0f, 0xff, 0x50, 0x4f, 0xfe, 0x13, 0xff, 0xf2,
    0x0f, 0xff, 0x52, 0xff, 0xf3, 0x03, 0xff, 0xf2,
    0x0e, 0xff, 0x9d, 0xff, 0x60, 0x06, 0xff, 0xf0,
    0x09, 0xff, 0xff, 0xfa, 0x00, 0x1e, 0xff, 0xc0,
    0x03, 0xff, 0xff, 0xf5, 0x47, 0xef, 0xff, 0x50,
    0x00, 0xcf, 0xff, 0xff, 0xff, 0xff, 0xfa, 0x00,
    0x02, 0xef, 0xff, 0xff, 0xff, 0xff, 0x90, 0x00,
    0x01, 0xaf, 0xa9, 0xdf, 0xfd, 0x93, 0x00, 0x00,
    0x00, 0x04, 0x00, 0x00, 0x00, 0x00, 0x00, 0x00,

    /* U+00F9 "ù" */
    0x00, 0x01, 0x40, 0x00, 0x00, 0x00, 0x00, 0x01,
    0xef, 0x50, 0x00, 0x00, 0x00, 0x00, 0x4f, 0xff,
    0x60, 0x00, 0x00, 0x00, 0x00, 0x4f, 0xff, 0x80,
    0x00, 0x00, 0x00, 0x00, 0x3e, 0xff, 0x40, 0x00,
    0x00, 0x00, 0x00, 0x2e, 0x70, 0x00, 0x00, 0x00,
    0x00, 0x00, 0x10, 0x00, 0x00, 0x00, 0x00, 0x00,
    0x00, 0x00, 0x00, 0x00, 0x9f, 0xff, 0x10, 0x00,
    0x0c, 0xff, 0xe9, 0xff, 0xf1, 0x00, 0x00, 0xcf,
    0xfe, 0x9f, 0xff, 0x10, 0x00, 0x0c, 0xff, 0xe9,
    0xff, 0xf1, 0x00, 0x00, 0xcf, 0xfe, 0x9f, 0xff,
    0x10, 0x00, 0x0c, 0xff, 0xe9, 0xff, 0xf1, 0x00,
    0x00, 0xcf, 0xfe, 0x9f, 0xff, 0x10, 0x00, 0x0c,
    0xff, 0xe9, 0xff, 0xf1, 0x00, 0x00, 0xcf, 0xfe,
    0x9f, 0xff, 0x10, 0x00, 0x0f, 0xff, 0xe8, 0xff,
    0xf5, 0x00, 0x09, 0xff, 0xfe, 0x6f, 0xff, 0xfb,
    0xbf, 0xff, 0xff, 0xe2, 0xff, 0xff, 0xff, 0xff,
    0xff, 0xfe, 0x08, 0xff, 0xff, 0xff, 0xe9, 0xff,
    0xe0, 0x06, 0xcf, 0xfd, 0x70, 0x0f, 0xfe,

    /* U+00FA "ú" */
    0x00, 0x00, 0x00, 0x00, 0x24, 0x00, 0x00, 0x00,
    0x00, 0x00, 0x3e, 0xf4, 0x00, 0x00, 0x00, 0x00,
    0x3f, 0xff, 0x80, 0x00, 0x00, 0x00, 0x4f, 0xff,
    0x70, 0x00, 0x00, 0x00, 0x1f, 0xff, 0x60, 0x00,
    0x00, 0x00, 0x00, 0x4f, 0x50, 0x00, 0x00, 0x00,
    0x00, 0x00, 0x10, 0x00, 0x00, 0x00, 0x00, 0x00,
    0x00, 0x00, 0x00, 0x00, 0x9f, 0xff, 0x10, 0x00,
    0x0c, 0xff, 0xe9, 0xff, 0xf1, 0x00, 0x00, 0xcf,
    0xfe, 0x9f, 0xff, 0x10, 0x00, 0x0c, 0xff, 0xe9,
    0xff, 0xf1, 0x00, 0x00, 0xcf, 0xfe, 0x9f, 0xff,
    0x10, 0x00, 0x0c, 0xff, 0xe9, 0xff, 0xf1, 0x00,
    0x00, 0xcf, 0xfe, 0x9f, 0xff, 0x10, 0x00, 0x0c,
    0xff, 0xe9, 0xff, 0xf1, 0x00, 0x00, 0xcf, 0xfe,
    0x9f, 0xff, 0x10, 0x00, 0x0f, 0xff, 0xe8, 0xff,
    0xf5, 0x00, 0x09, 0xff, 0xfe, 0x6f, 0xff, 0xfb,
    0xbf, 0xff, 0xff, 0xe2, 0xff, 0xff, 0xff, 0xff,
    0xff, 0xfe, 0x08, 0xff, 0xff, 0xff, 0xe9, 0xff,
    0xe0, 0x06, 0xcf, 0xfd, 0x70, 0x0f, 0xfe,

    /* U+00FB "û" */
    0x00, 0x00, 0x00, 0x40, 0x00, 0x00, 0x00, 0x00,
    0x00, 0x6f, 0xa0, 0x00, 0x00, 0x00, 0x00, 0x8f,
    0xff, 0xb0, 0x00, 0x00, 0x00, 0x9f, 0xff, 0xff,
    0xc1, 0x00, 0x00, 0x5f, 0xfd, 0x2a, 0xff, 0x90,
    0x00, 0x00, 0x7d, 0x10, 0x09, 0xb0, 0x00, 0x00,
    0x00, 0x00, 0x00, 0x00, 0x00, 0x00, 0x00, 0x00,
    0x00, 0x00, 0x00, 0x00, 0x9f, 0xff, 0x10, 0x00,
    0x0c, 0xff, 0xe9, 0xff, 0xf1, 0x00, 0x00, 0xcf,
    0xfe, 0x9f, 0xff, 0x10, 0x00, 0x0c, 0xff, 0xe9,
    0xff, 0xf1, 0x00, 0x00, 0xcf, 0xfe, 0x9f, 0xff,
    0x10, 0x00, 0x0c, 0xff, 0xe9, 0xff, 0xf1, 0x00,
    0x00, 0xcf, 0xfe, 0x9f, 0xff, 0x10, 0x00, 0x0c,
    0xff, 0xe9, 0xff, 0xf1, 0x00, 0x00, 0xcf, 0xfe,
    0x9f, 0xff, 0x10, 0x00, 0x0f, 0xff, 0xe8, 0xff,
    0xf5, 0x00, 0x09, 0xff, 0xfe, 0x6f, 0xff, 0xfb,
    0xbf, 0xff, 0xff, 0xe2, 0xff, 0xff, 0xff, 0xff,
    0xff, 0xfe, 0x08, 0xff, 0xff, 0xff, 0xe9, 0xff,
    0xe0, 0x06, 0xcf, 0xfd, 0x70, 0x0f, 0xfe,

    /* U+00FC "ü" */
    0x00, 0x02, 0x10, 0x00, 0x02, 0x00, 0x00, 0x0a,
    0xff, 0x60, 0x3e, 0xfd, 0x10, 0x02, 0xff, 0xfe,
    0x09, 0xff, 0xf7, 0x00, 0x1f, 0xff, 0xd0, 0x9f,
    0xff, 0x60, 0x00, 0x6e, 0xe4, 0x01, 0xcf, 0xa0,
    0x00, 0x00, 0x00, 0x00, 0x00, 0x00, 0x00, 0x00,
    0x00, 0x00, 0x00, 0x00, 0x00, 0x09, 0xff, 0xf1,
    0x00, 0x00, 0xcf, 0xfe, 0x9f, 0xff, 0x10, 0x00,
    0x0c, 0xff, 0xe9, 0xff, 0xf1, 0x00, 0x00, 0xcf,
    0xfe, 0x9f, 0xff, 0x10, 0x00, 0x0c, 0xff, 0xe9,
    0xff, 0xf1, 0x00, 0x00, 0xcf, 0xfe, 0x9f, 0xff,
    0x10, 0x00, 0x0c, 0xff, 0xe9, 0xff, 0xf1, 0x00,
    0x00, 0xcf, 0xfe, 0x9f, 0xff, 0x10, 0x00, 0x0c,
    0xff, 0xe9, 0xff, 0xf1, 0x00, 0x00, 0xff, 0xfe,
    0x8f, 0xff, 0x50, 0x00, 0x9f, 0xff, 0xe6, 0xff,
    0xff, 0xbb, 0xff, 0xff, 0xfe, 0x2f, 0xff, 0xff,
    0xff, 0xff, 0xff, 0xe0, 0x8f, 0xff, 0xff, 0xfe,
    0x9f, 0xfe, 0x00, 0x6c, 0xff, 0xd7, 0x00, 0xff,
    0xe0,

    /* U+00FD "ý" */
    0x00, 0x00, 0x00, 0x00, 0x03, 0x20, 0x00, 0x00,
    0x00, 0x00, 0x00, 0x04, 0xfe, 0x20, 0x00, 0x00,
    0x00, 0x00, 0x05, 0xff, 0xf6, 0x00, 0x00, 0x00,
    0x00, 0x06, 0xff, 0xf5, 0x00, 0x00, 0x00, 0x00,
    0x02, 0xff, 0xf4, 0x00, 0x00, 0x00, 0x00, 0x00,
    0x06, 0xe3, 0x00, 0x00, 0x00, 0x00, 0x00, 0x00,
    0x01, 0x00, 0x00, 0x00, 0x00, 0x00, 0x00, 0x00,
    0x00, 0x00, 0x00, 0x00, 0x7f, 0xff, 0x40, 0x00,
    0x00, 0x3f, 0xff, 0x81, 0xff, 0xfb, 0x00, 0x00,
    0x0a, 0xff, 0xf1, 0x09, 0xff, 0xf2, 0x00, 0x01,
    0xff, 0xfa, 0x00, 0x2f, 0xff, 0x90, 0x00, 0x8f,
    0xff, 0x30, 0x00, 0xbf, 0xff, 0x10, 0x0e, 0xff,
    0xc0, 0x00, 0x04, 0xff, 0xf7, 0x06, 0xff, 0xf5,
    0x00, 0x00, 0x0d, 0xff, 0xe0, 0xdf, 0xfe, 0x00,
    0x00, 0x00, 0x6f, 0xff, 0xaf, 0xff, 0x70, 0x00,
    0x00, 0x00, 0xef, 0xff, 0xff, 0xf0, 0x00, 0x00,
    0x00, 0x08, 0xff, 0xff, 0xf9, 0x00, 0x00, 0x00,
    0x00, 0x1f, 0xff, 0xff, 0x20, 0x00, 0x00, 0x00,
    0x00, 0xbf, 0xff, 0xb0, 0x00, 0x00, 0x00, 0x00,
    0x0a, 0xff, 0xf3, 0x00, 0x00, 0x00, 0x00, 0x00,
    0xef, 0xfc, 0x00, 0x00, 0x00, 0x00, 0x00, 0x6f,
    0xff, 0x50, 0x00, 0x00, 0x00, 0x00, 0x0d, 0xff,
    0xe0, 0x00, 0x00, 0x00, 0x00, 0x04, 0xff, 0xf7,
    0x00, 0x00, 0x00, 0x00, 0x00, 0xbf, 0xff, 0x10,
    0x00, 0x00, 0x00, 0x00, 0x2f, 0xff, 0x90, 0x00,
    0x00, 0x00, 0x00,

    /* U+00FE "þ" */
    0x7f, 0xff, 0x30, 0x00, 0x00, 0x00, 0x00, 0x07,
    0xff, 0xf3, 0x00, 0x00, 0x00, 0x00, 0x00, 0x7f,
    0xff, 0x30, 0x00, 0x00, 0x00, 0x00, 0x07, 0xff,
    0xf3, 0x00, 0x00, 0x00, 0x00, 0x00, 0x7f, 0xff,
    0x30, 0x00, 0x00, 0x00, 0x00, 0x07, 0xff, 0xf4,
    0x7c, 0xfe, 0xc6, 0x00, 0x00, 0x7f, 0xff, 0xff,
    0xff, 0xff, 0xfd, 0x20, 0x07, 0xff, 0xff, 0xff,
    0xff, 0xff, 0xfd, 0x00, 0x7f, 0xff, 0xff, 0xca,
    0xef, 0xff, 0xf7, 0x07, 0xff, 0xfe, 0x30, 0x00,
    0x9f, 0xff, 0xd0, 0x7f, 0xff, 0x60, 0x00, 0x00,
    0xdf, 0xff, 0x17, 0xff, 0xf2, 0x00, 0x00, 0x09,
    0xff, 0xf2, 0x7f, 0xff, 0x10, 0x00, 0x00, 0x8f,
    0xff, 0x27, 0xff, 0xf5, 0x00, 0x00, 0x0c, 0xff,
    0xf1, 0x7f, 0xff, 0xd1, 0x00, 0x05, 0xff, 0xfd,
    0x07, 0xff, 0xff, 0xe8, 0x7a, 0xff, 0xff, 0x70,
    0x7f, 0xff, 0xff, 0xff, 0xff, 0xff, 0xd0, 0x07,
    0xff, 0xff, 0xff, 0xff, 0xff, 0xd1, 0x00, 0x7f,
    0xff, 0x57, 0xdf, 0xec, 0x60, 0x00, 0x07, 0xff,
    0xf3, 0x00, 0x00, 0x00, 0x00, 0x00, 0x7f, 0xff,
    0x30, 0x00, 0x00, 0x00, 0x00, 0x07, 0xff, 0xf3,
    0x00, 0x00, 0x00, 0x00, 0x00, 0x7f, 0xff, 0x30,
    0x00, 0x00, 0x00, 0x00, 0x07, 0xff, 0xf3, 0x00,
    0x00, 0x00, 0x00, 0x00,

    /* U+00FF "ÿ" */
    0x00, 0x00, 0x21, 0x00, 0x01, 0x20, 0x00, 0x00,
    0x00, 0xbf, 0xf4, 0x04, 0xff, 0xc0, 0x00, 0x00,
    0x4f, 0xff, 0xc0, 0xcf, 0xff, 0x40, 0x00, 0x03,
    0xff, 0xfb, 0x0b, 0xff, 0xf3, 0x00, 0x00, 0x08,
    0xfd, 0x20, 0x2d, 0xf8, 0x00, 0x00, 0x00, 0x00,
    0x00, 0x00, 0x00, 0x00, 0x00, 0x00, 0x00, 0x00,
    0x00, 0x00, 0x00, 0x00, 0x07, 0xff, 0xf4, 0x00,
    0x00, 0x03, 0xff, 0xf8, 0x1f, 0xff, 0xb0, 0x00,
    0x00, 0xaf, 0xff, 0x10, 0x9f, 0xff, 0x20, 0x00,
    0x1f, 0xff, 0xa0, 0x02, 0xff, 0xf9, 0x00, 0x08,
    0xff, 0xf3, 0x00, 0x0b, 0xff, 0xf1, 0x00, 0xef,
    0xfc, 0x00, 0x00, 0x4f, 0xff, 0x70, 0x6f, 0xff,
    0x50, 0x00, 0x00, 0xdf, 0xfe, 0x0d, 0xff, 0xe0,
    0x00, 0x00, 0x06, 0xff, 0xfa, 0xff, 0xf7, 0x00,
    0x00, 0x00, 0x0e, 0xff, 0xff, 0xff, 0x00, 0x00,
    0x00, 0x00, 0x8f, 0xff, 0xff, 0x90, 0x00, 0x00,
    0x00, 0x01, 0xff, 0xff, 0xf2, 0x00, 0x00, 0x00,
    0x00, 0x0b, 0xff, 0xfb, 0x00, 0x00, 0x00, 0x00,
    0x00, 0xaf, 0xff, 0x30, 0x00, 0x00, 0x00, 0x00,
    0x0e, 0xff, 0xc0, 0x00, 0x00, 0x00, 0x00, 0x06,
    0xff, 0xf5, 0x00, 0x00, 0x00, 0x00, 0x00, 0xdf,
    0xfe, 0x00, 0x00, 0x00, 0x00, 0x00, 0x4f, 0xff,
    0x70, 0x00, 0x00, 0x00, 0x00, 0x0b, 0xff, 0xf1,
    0x00, 0x00, 0x00, 0x00, 0x02, 0xff, 0xf9, 0x00,
    0x00, 0x00, 0x00
};

/*---------------------
 *  GLYPH DESCRIPTION
 *--------------------*/

static const lv_font_fmt_txt_glyph_dsc_t glyph_dsc[] = {
    {.bitmap_index = 0, .adv_w = 0, .box_w = 0, .box_h = 0, .ofs_x = 0, .ofs_y = 0} /* id = 0 reserved */,
    {.bitmap_index = 0, .adv_w = 116, .box_w = 0, .box_h = 0, .ofs_x = 0, .ofs_y = 0},
    {.bitmap_index = 0, .adv_w = 129, .box_w = 6, .box_h = 20, .ofs_x = 1, .ofs_y = 0},
    {.bitmap_index = 60, .adv_w = 161, .box_w = 10, .box_h = 9, .ofs_x = 0, .ofs_y = 10},
    {.bitmap_index = 105, .adv_w = 303, .box_w = 18, .box_h = 19, .ofs_x = 0, .ofs_y = 0},
    {.bitmap_index = 276, .adv_w = 245, .box_w = 15, .box_h = 25, .ofs_x = 0, .ofs_y = -3},
    {.bitmap_index = 464, .adv_w = 340, .box_w = 21, .box_h = 20, .ofs_x = 0, .ofs_y = -1},
    {.bitmap_index = 674, .adv_w = 289, .box_w = 17, .box_h = 21, .ofs_x = 1, .ofs_y = 0},
    {.bitmap_index = 853, .adv_w = 82, .box_w = 5, .box_h = 9, .ofs_x = 0, .ofs_y = 10},
    {.bitmap_index = 876, .adv_w = 157, .box_w = 9, .box_h = 28, .ofs_x = 1, .ofs_y = -5},
    {.bitmap_index = 1002, .adv_w = 157, .box_w = 9, .box_h = 28, .ofs_x = 0, .ofs_y = -5},
    {.bitmap_index = 1128, .adv_w = 199, .box_w = 12, .box_h = 12, .ofs_x = 0, .ofs_y = 9},
    {.bitmap_index = 1200, .adv_w = 300, .box_w = 15, .box_h = 14, .ofs_x = 2, .ofs_y = 3},
    {.bitmap_index = 1305, .adv_w = 126, .box_w = 6, .box_h = 10, .ofs_x = 1, .ofs_y = -5},
    {.bitmap_index = 1335, .adv_w = 165, .box_w = 10, .box_h = 4, .ofs_x = 0, .ofs_y = 6},
    {.bitmap_index = 1355, .adv_w = 124, .box_w = 6, .box_h = 6, .ofs_x = 1, .ofs_y = 0},
    {.bitmap_index = 1373, .adv_w = 215, .box_w = 15, .box_h = 24, .ofs_x = -1, .ofs_y = -3},
    {.bitmap_index = 1553, .adv_w = 249, .box_w = 15, .box_h = 19, .ofs_x = 0, .ofs_y = 0},
    {.bitmap_index = 1696, .adv_w = 161, .box_w = 8, .box_h = 19, .ofs_x = 0, .ofs_y = 0},
    {.bitmap_index = 1772, .adv_w = 228, .box_w = 14, .box_h = 19, .ofs_x = 0, .ofs_y = 0},
    {.bitmap_index = 1905, .adv_w = 233, .box_w = 14, .box_h = 19, .ofs_x = 0, .ofs_y = 0},
    {.bitmap_index = 2038, .adv_w = 257, .box_w = 16, .box_h = 19, .ofs_x = 0, .ofs_y = 0},
    {.bitmap_index = 2190, .adv_w = 237, .box_w = 14, .box_h = 19, .ofs_x = 1, .ofs_y = 0},
    {.bitmap_index = 2323, .adv_w = 247, .box_w = 15, .box_h = 19, .ofs_x = 0, .ofs_y = 0},
    {.bitmap_index = 2466, .adv_w = 220, .box_w = 14, .box_h = 19, .ofs_x = 0, .ofs_y = 0},
    {.bitmap_index = 2599, .adv_w = 244, .box_w = 14, .box_h = 19, .ofs_x = 1, .ofs_y = 0},
    {.bitmap_index = 2732, .adv_w = 247, .box_w = 15, .box_h = 19, .ofs_x = 0, .ofs_y = 0},
    {.bitmap_index = 2875, .adv_w = 124, .box_w = 6, .box_h = 14, .ofs_x = 1, .ofs_y = 0},
    {.bitmap_index = 2917, .adv_w = 126, .box_w = 6, .box_h = 19, .ofs_x = 1, .ofs_y = -5},
    {.bitmap_index = 2974, .adv_w = 300, .box_w = 13, .box_h = 16, .ofs_x = 3, .ofs_y = 0},
    {.bitmap_index = 3078, .adv_w = 300, .box_w = 13, .box_h = 9, .ofs_x = 3, .ofs_y = 4},
    {.bitmap_index = 3137, .adv_w = 300, .box_w = 13, .box_h = 16, .ofs_x = 3, .ofs_y = 0},
    {.bitmap_index = 3241, .adv_w = 242, .box_w = 14, .box_h = 20, .ofs_x = 0, .ofs_y = 0},
    {.bitmap_index = 3381, .adv_w = 382, .box_w = 22, .box_h = 23, .ofs_x = 1, .ofs_y = -2},
    {.bitmap_index = 3634, .adv_w = 294, .box_w = 18, .box_h = 19, .ofs_x = 0, .ofs_y = 0},
    {.bitmap_index = 3805, .adv_w = 266, .box_w = 15, .box_h = 19, .ofs_x = 1, .ofs_y = 0},
    {.bitmap_index = 3948, .adv_w = 314, .box_w = 20, .box_h = 19, .ofs_x = 0, .ofs_y = 0},
    {.bitmap_index = 4138, .adv_w = 299, .box_w = 17, .box_h = 19, .ofs_x = 1, .ofs_y = 0},
    {.bitmap_index = 4300, .adv_w = 242, .box_w = 13, .box_h = 19, .ofs_x = 1, .ofs_y = 0},
    {.bitmap_index = 4424, .adv_w = 231, .box_w = 13, .box_h = 19, .ofs_x = 1, .ofs_y = 0},
    {.bitmap_index = 4548, .adv_w = 322, .box_w = 20, .box_h = 19, .ofs_x = 0, .ofs_y = 0},
    {.bitmap_index = 4738, .adv_w = 307, .box_w = 17, .box_h = 19, .ofs_x = 1, .ofs_y = 0},
    {.bitmap_index = 4900, .adv_w = 120, .box_w = 5, .box_h = 19, .ofs_x = 1, .ofs_y = 0},
    {.bitmap_index = 4948, .adv_w = 243, .box_w = 14, .box_h = 19, .ofs_x = 0, .ofs_y = 0},
    {.bitmap_index = 5081, .adv_w = 280, .box_w = 17, .box_h = 19, .ofs_x = 1, .ofs_y = 0},
    {.bitmap_index = 5243, .adv_w = 223, .box_w = 13, .box_h = 19, .ofs_x = 1, .ofs_y = 0},
    {.bitmap_index = 5367, .adv_w = 389, .box_w = 24, .box_h = 19, .ofs_x = 0, .ofs_y = 0},
    {.bitmap_index = 5595, .adv_w = 322, .box_w = 18, .box_h = 19, .ofs_x = 1, .ofs_y = 0},
    {.bitmap_index = 5766, .adv_w = 336, .box_w = 21, .box_h = 19, .ofs_x = 0, .ofs_y = 0},
    {.bitmap_index = 5966, .adv_w = 261, .box_w = 15, .box_h = 19, .ofs_x = 1, .ofs_y = 0},
    {.bitmap_index = 6109, .adv_w = 336, .box_w = 21, .box_h = 20, .ofs_x = 0, .ofs_y = -1},
    {.bitmap_index = 6319, .adv_w = 272, .box_w = 16, .box_h = 19, .ofs_x = 1, .ofs_y = 0},
    {.bitmap_index = 6471, .adv_w = 253, .box_w = 16, .box_h = 19, .ofs_x = 0, .ofs_y = 0},
    {.bitmap_index = 6623, .adv_w = 254, .box_w = 16, .box_h = 19, .ofs_x = 0, .ofs_y = 0},
    {.bitmap_index = 6775, .adv_w = 302, .box_w = 17, .box_h = 19, .ofs_x = 1, .ofs_y = 0},
    {.bitmap_index = 6937, .adv_w = 288, .box_w = 18, .box_h = 19, .ofs_x = 0, .ofs_y = 0},
    {.bitmap_index = 7108, .adv_w = 439, .box_w = 28, .box_h = 19, .ofs_x = 0, .ofs_y = 0},
    {.bitmap_index = 7374, .adv_w = 296, .box_w = 19, .box_h = 19, .ofs_x = 0, .ofs_y = 0},
    {.bitmap_index = 7555, .adv_w = 264, .box_w = 18, .box_h = 19, .ofs_x = -1, .ofs_y = 0},
    {.bitmap_index = 7726, .adv_w = 256, .box_w = 15, .box_h = 19, .ofs_x = 1, .ofs_y = 0},
    {.bitmap_index = 7869, .adv_w = 146, .box_w = 8, .box_h = 26, .ofs_x = 1, .ofs_y = -4},
    {.bitmap_index = 7973, .adv_w = 215, .box_w = 15, .box_h = 24, .ofs_x = -1, .ofs_y = -3},
    {.bitmap_index = 8153, .adv_w = 143, .box_w = 8, .box_h = 26, .ofs_x = 0, .ofs_y = -4},
    {.bitmap_index = 8257, .adv_w = 300, .box_w = 13, .box_h = 8, .ofs_x = 3, .ofs_y = 8},
    {.bitmap_index = 8309, .adv_w = 247, .box_w = 15, .box_h = 3, .ofs_x = 0, .ofs_y = -3},
    {.bitmap_index = 8332, .adv_w = 248, .box_w = 7, .box_h = 7, .ofs_x = 4, .ofs_y = 15},
    {.bitmap_index = 8357, .adv_w = 225, .box_w = 13, .box_h = 14, .ofs_x = 0, .ofs_y = 0},
    {.bitmap_index = 8448, .adv_w = 256, .box_w = 15, .box_h = 19, .ofs_x = 1, .ofs_y = 0},
    {.bitmap_index = 8591, .adv_w = 228, .box_w = 14, .box_h = 14, .ofs_x = 0, .ofs_y = 0},
    {.bitmap_index = 8689, .adv_w = 256, .box_w = 15, .box_h = 19, .ofs_x = 0, .ofs_y = 0},
    {.bitmap_index = 8832, .adv_w = 241, .box_w = 15, .box_h = 14, .ofs_x = 0, .ofs_y = 0},
    {.bitmap_index = 8937, .adv_w = 148, .box_w = 10, .box_h = 19, .ofs_x = 0, .ofs_y = 0},
    {.bitmap_index = 9032, .adv_w = 258, .box_w = 15, .box_h = 19, .ofs_x = 0, .ofs_y = -5},
    {.bitmap_index = 9175, .adv_w = 248, .box_w = 14, .box_h = 19, .ofs_x = 1, .ofs_y = 0},
    {.bitmap_index = 9308, .adv_w = 111, .box_w = 5, .box_h = 20, .ofs_x = 1, .ofs_y = 0},
    {.bitmap_index = 9358, .adv_w = 113, .box_w = 7, .box_h = 26, .ofs_x = -1, .ofs_y = -5},
    {.bitmap_index = 9449, .adv_w = 222, .box_w = 14, .box_h = 19, .ofs_x = 1, .ofs_y = 0},
    {.bitmap_index = 9582, .adv_w = 118, .box_w = 6, .box_h = 19, .ofs_x = 1, .ofs_y = 0},
    {.bitmap_index = 9639, .adv_w = 378, .box_w = 22, .box_h = 14, .ofs_x = 1, .ofs_y = 0},
    {.bitmap_index = 9793, .adv_w = 248, .box_w = 14, .box_h = 14, .ofs_x = 1, .ofs_y = 0},
    {.bitmap_index = 9891, .adv_w = 253, .box_w = 16, .box_h = 14, .ofs_x = 0, .ofs_y = 0},
    {.bitmap_index = 10003, .adv_w = 256, .box_w = 15, .box_h = 19, .ofs_x = 1, .ofs_y = -5},
    {.bitmap_index = 10146, .adv_w = 256, .box_w = 15, .box_h = 19, .ofs_x = 0, .ofs_y = -5},
    {.bitmap_index = 10289, .adv_w = 161, .box_w = 9, .box_h = 14, .ofs_x = 1, .ofs_y = 0},
    {.bitmap_index = 10352, .adv_w = 199, .box_w = 12, .box_h = 14, .ofs_x = 0, .ofs_y = 0},
    {.bitmap_index = 10436, .adv_w = 172, .box_w = 10, .box_h = 17, .ofs_x = 0, .ofs_y = 0},
    {.bitmap_index = 10521, .adv_w = 248, .box_w = 13, .box_h = 14, .ofs_x = 1, .ofs_y = 0},
    {.bitmap_index = 10612, .adv_w = 232, .box_w = 15, .box_h = 14, .ofs_x = 0, .ofs_y = 0},
    {.bitmap_index = 10717, .adv_w = 336, .box_w = 21, .box_h = 14, .ofs_x = 0, .ofs_y = 0},
    {.bitmap_index = 10864, .adv_w = 231, .box_w = 15, .box_h = 14, .ofs_x = 0, .ofs_y = 0},
    {.bitmap_index = 10969, .adv_w = 239, .box_w = 15, .box_h = 19, .ofs_x = 0, .ofs_y = -5},
    {.bitmap_index = 11112, .adv_w = 211, .box_w = 12, .box_h = 14, .ofs_x = 1, .ofs_y = 0},
    {.bitmap_index = 11196, .adv_w = 145, .box_w = 7, .box_h = 27, .ofs_x = 1, .ofs_y = -4},
    {.bitmap_index = 11291, .adv_w = 117, .box_w = 5, .box_h = 27, .ofs_x = 1, .ofs_y = -3},
    {.bitmap_index = 11359, .adv_w = 145, .box_w = 7, .box_h = 27, .ofs_x = 1, .ofs_y = -4},
    {.bitmap_index = 11454, .adv_w = 300, .box_w = 17, .box_h = 7, .ofs_x = 1, .ofs_y = 5},
    {.bitmap_index = 11514, .adv_w = 116, .box_w = 0, .box_h = 0, .ofs_x = 0, .ofs_y = 0},
    {.bitmap_index = 11514, .adv_w = 129, .box_w = 6, .box_h = 20, .ofs_x = 1, .ofs_y = -5},
    {.bitmap_index = 11574, .adv_w = 236, .box_w = 15, .box_h = 19, .ofs_x = 0, .ofs_y = 0},
    {.bitmap_index = 11717, .adv_w = 234, .box_w = 13, .box_h = 19, .ofs_x = 1, .ofs_y = 0},
    {.bitmap_index = 11841, .adv_w = 263, .box_w = 16, .box_h = 16, .ofs_x = 0, .ofs_y = 1},
    {.bitmap_index = 11969, .adv_w = 248, .box_w = 16, .box_h = 18, .ofs_x = 0, .ofs_y = 0},
    {.bitmap_index = 12113, .adv_w = 117, .box_w = 5, .box_h = 27, .ofs_x = 1, .ofs_y = -3},
    {.bitmap_index = 12181, .adv_w = 239, .box_w = 15, .box_h = 25, .ofs_x = 0, .ofs_y = -4},
    {.bitmap_index = 12369, .adv_w = 248, .box_w = 11, .box_h = 5, .ofs_x = 2, .ofs_y = 16},
    {.bitmap_index = 12397, .adv_w = 299, .box_w = 17, .box_h = 17, .ofs_x = 1, .ofs_y = 5},
    {.bitmap_index = 12542, .adv_w = 168, .box_w = 10, .box_h = 11, .ofs_x = 0, .ofs_y = 9},
    {.bitmap_index = 12597, .adv_w = 257, .box_w = 15, .box_h = 12, .ofs_x = 1, .ofs_y = 2},
    {.bitmap_index = 12687, .adv_w = 300, .box_w = 15, .box_h = 9, .ofs_x = 2, .ofs_y = 2},
    {.bitmap_index = 12755, .adv_w = 299, .box_w = 17, .box_h = 17, .ofs_x = 1, .ofs_y = 5},
    {.bitmap_index = 12900, .adv_w = 248, .box_w = 9, .box_h = 3, .ofs_x = 3, .ofs_y = 16},
    {.bitmap_index = 12914, .adv_w = 179, .box_w = 11, .box_h = 10, .ofs_x = 0, .ofs_y = 9},
    {.bitmap_index = 12969, .adv_w = 300, .box_w = 15, .box_h = 18, .ofs_x = 2, .ofs_y = 0},
    {.bitmap_index = 13104, .adv_w = 158, .box_w = 10, .box_h = 12, .ofs_x = 0, .ofs_y = 10},
    {.bitmap_index = 13164, .adv_w = 154, .box_w = 10, .box_h = 12, .ofs_x = 0, .ofs_y = 10},
    {.bitmap_index = 13224, .adv_w = 248, .box_w = 8, .box_h = 7, .ofs_x = 4, .ofs_y = 15},
    {.bitmap_index = 13252, .adv_w = 248, .box_w = 13, .box_h = 19, .ofs_x = 1, .ofs_y = -5},
    {.bitmap_index = 13376, .adv_w = 312, .box_w = 18, .box_h = 24, .ofs_x = 1, .ofs_y = -4},
    {.bitmap_index = 13592, .adv_w = 124, .box_w = 6, .box_h = 6, .ofs_x = 1, .ofs_y = 5},
    {.bitmap_index = 13610, .adv_w = 248, .box_w = 7, .box_h = 6, .ofs_x = 4, .ofs_y = -6},
    {.bitmap_index = 13631, .adv_w = 108, .box_w = 6, .box_h = 12, .ofs_x = 0, .ofs_y = 10},
    {.bitmap_index = 13667, .adv_w = 194, .box_w = 12, .box_h = 11, .ofs_x = 0, .ofs_y = 9},
    {.bitmap_index = 13733, .adv_w = 257, .box_w = 16, .box_h = 12, .ofs_x = 0, .ofs_y = 2},
    {.bitmap_index = 13829, .adv_w = 389, .box_w = 24, .box_h = 22, .ofs_x = 0, .ofs_y = -2},
    {.bitmap_index = 14093, .adv_w = 383, .box_w = 24, .box_h = 22, .ofs_x = 0, .ofs_y = -2},
    {.bitmap_index = 14357, .adv_w = 430, .box_w = 27, .box_h = 22, .ofs_x = 0, .ofs_y = -2},
    {.bitmap_index = 14654, .adv_w = 226, .box_w = 14, .box_h = 20, .ofs_x = 1, .ofs_y = -5},
    {.bitmap_index = 14794, .adv_w = 294, .box_w = 18, .box_h = 27, .ofs_x = 0, .ofs_y = 0},
    {.bitmap_index = 15037, .adv_w = 294, .box_w = 18, .box_h = 27, .ofs_x = 0, .ofs_y = 0},
    {.bitmap_index = 15280, .adv_w = 294, .box_w = 18, .box_h = 27, .ofs_x = 0, .ofs_y = 0},
    {.bitmap_index = 15523, .adv_w = 294, .box_w = 18, .box_h = 26, .ofs_x = 0, .ofs_y = 0},
    {.bitmap_index = 15757, .adv_w = 294, .box_w = 18, .box_h = 26, .ofs_x = 0, .ofs_y = 0},
    {.bitmap_index = 15991, .adv_w = 294, .box_w = 18, .box_h = 28, .ofs_x = 0, .ofs_y = 0},
    {.bitmap_index = 16243, .adv_w = 380, .box_w = 23, .box_h = 19, .ofs_x = 0, .ofs_y = 0},
    {.bitmap_index = 16462, .adv_w = 314, .box_w = 20, .box_h = 25, .ofs_x = 0, .ofs_y = -6},
    {.bitmap_index = 16712, .adv_w = 242, .box_w = 13, .box_h = 27, .ofs_x = 1, .ofs_y = 0},
    {.bitmap_index = 16888, .adv_w = 242, .box_w = 13, .box_h = 27, .ofs_x = 1, .ofs_y = 0},
    {.bitmap_index = 17064, .adv_w = 242, .box_w = 13, .box_h = 27, .ofs_x = 1, .ofs_y = 0},
    {.bitmap_index = 17240, .adv_w = 242, .box_w = 13, .box_h = 26, .ofs_x = 1, .ofs_y = 0},
    {.bitmap_index = 17409, .adv_w = 120, .box_w = 7, .box_h = 27, .ofs_x = -1, .ofs_y = 0},
    {.bitmap_index = 17504, .adv_w = 120, .box_w = 7, .box_h = 27, .ofs_x = 1, .ofs_y = 0},
    {.bitmap_index = 17599, .adv_w = 120, .box_w = 9, .box_h = 27, .ofs_x = -1, .ofs_y = 0},
    {.bitmap_index = 17721, .adv_w = 120, .box_w = 10, .box_h = 26, .ofs_x = -1, .ofs_y = 0},
    {.bitmap_index = 17851, .adv_w = 317, .box_w = 19, .box_h = 19, .ofs_x = 0, .ofs_y = 0},
    {.bitmap_index = 18032, .adv_w = 322, .box_w = 18, .box_h = 26, .ofs_x = 1, .ofs_y = 0},
    {.bitmap_index = 18266, .adv_w = 336, .box_w = 21, .box_h = 27, .ofs_x = 0, .ofs_y = 0},
    {.bitmap_index = 18550, .adv_w = 336, .box_w = 21, .box_h = 27, .ofs_x = 0, .ofs_y = 0},
    {.bitmap_index = 18834, .adv_w = 336, .box_w = 21, .box_h = 27, .ofs_x = 0, .ofs_y = 0},
    {.bitmap_index = 19118, .adv_w = 336, .box_w = 21, .box_h = 26, .ofs_x = 0, .ofs_y = 0},
    {.bitmap_index = 19391, .adv_w = 336, .box_w = 21, .box_h = 26, .ofs_x = 0, .ofs_y = 0},
    {.bitmap_index = 19664, .adv_w = 300, .box_w = 14, .box_h = 14, .ofs_x = 2, .ofs_y = 3},
    {.bitmap_index = 19762, .adv_w = 336, .box_w = 21, .box_h = 21, .ofs_x = 0, .ofs_y = -1},
    {.bitmap_index = 19983, .adv_w = 302, .box_w = 17, .box_h = 27, .ofs_x = 1, .ofs_y = 0},
    {.bitmap_index = 20213, .adv_w = 302, .box_w = 17, .box_h = 27, .ofs_x = 1, .ofs_y = 0},
    {.bitmap_index = 20443, .adv_w = 302, .box_w = 17, .box_h = 27, .ofs_x = 1, .ofs_y = 0},
    {.bitmap_index = 20673, .adv_w = 302, .box_w = 17, .box_h = 26, .ofs_x = 1, .ofs_y = 0},
    {.bitmap_index = 20894, .adv_w = 264, .box_w = 18, .box_h = 27, .ofs_x = -1, .ofs_y = 0},
    {.bitmap_index = 21137, .adv_w = 261, .box_w = 15, .box_h = 19, .ofs_x = 1, .ofs_y = 0},
    {.bitmap_index = 21280, .adv_w = 261, .box_w = 15, .box_h = 19, .ofs_x = 1, .ofs_y = 0},
    {.bitmap_index = 21423, .adv_w = 225, .box_w = 13, .box_h = 22, .ofs_x = 0, .ofs_y = 0},
    {.bitmap_index = 21566, .adv_w = 225, .box_w = 13, .box_h = 22, .ofs_x = 0, .ofs_y = 0},
    {.bitmap_index = 21709, .adv_w = 225, .box_w = 13, .box_h = 22, .ofs_x = 0, .ofs_y = 0},
    {.bitmap_index = 21852, .adv_w = 225, .box_w = 13, .box_h = 21, .ofs_x = 0, .ofs_y = 0},
    {.bitmap_index = 21989, .adv_w = 225, .box_w = 13, .box_h = 21, .ofs_x = 0, .ofs_y = 0},
    {.bitmap_index = 22126, .adv_w = 225, .box_w = 13, .box_h = 23, .ofs_x = 0, .ofs_y = 0},
    {.bitmap_index = 22276, .adv_w = 353, .box_w = 22, .box_h = 14, .ofs_x = 0, .ofs_y = 0},
    {.bitmap_index = 22430, .adv_w = 228, .box_w = 14, .box_h = 20, .ofs_x = 0, .ofs_y = -6},
    {.bitmap_index = 22570, .adv_w = 241, .box_w = 15, .box_h = 22, .ofs_x = 0, .ofs_y = 0},
    {.bitmap_index = 22735, .adv_w = 241, .box_w = 15, .box_h = 22, .ofs_x = 0, .ofs_y = 0},
    {.bitmap_index = 22900, .adv_w = 241, .box_w = 15, .box_h = 22, .ofs_x = 0, .ofs_y = 0},
    {.bitmap_index = 23065, .adv_w = 241, .box_w = 15, .box_h = 21, .ofs_x = 0, .ofs_y = 0},
    {.bitmap_index = 23223, .adv_w = 111, .box_w = 7, .box_h = 22, .ofs_x = -1, .ofs_y = 0},
    {.bitmap_index = 23300, .adv_w = 111, .box_w = 7, .box_h = 22, .ofs_x = 1, .ofs_y = 0},
    {.bitmap_index = 23377, .adv_w = 111, .box_w = 9, .box_h = 22, .ofs_x = -1, .ofs_y = 0},
    {.bitmap_index = 23476, .adv_w = 111, .box_w = 9, .box_h = 20, .ofs_x = -1, .ofs_y = 0},
    {.bitmap_index = 23566, .adv_w = 250, .box_w = 14, .box_h = 21, .ofs_x = 1, .ofs_y = 0},
    {.bitmap_index = 23713, .adv_w = 248, .box_w = 14, .box_h = 20, .ofs_x = 1, .ofs_y = 0},
    {.bitmap_index = 23853, .adv_w = 253, .box_w = 16, .box_h = 22, .ofs_x = 0, .ofs_y = 0},
    {.bitmap_index = 24029, .adv_w = 253, .box_w = 16, .box_h = 22, .ofs_x = 0, .ofs_y = 0},
    {.bitmap_index = 24205, .adv_w = 253, .box_w = 16, .box_h = 22, .ofs_x = 0, .ofs_y = 0},
    {.bitmap_index = 24381, .adv_w = 253, .box_w = 16, .box_h = 20, .ofs_x = 0, .ofs_y = 0},
    {.bitmap_index = 24541, .adv_w = 253, .box_w = 16, .box_h = 21, .ofs_x = 0, .ofs_y = 0},
    {.bitmap_index = 24709, .adv_w = 300, .box_w = 15, .box_h = 16, .ofs_x = 2, .ofs_y = 2},
    {.bitmap_index = 24829, .adv_w = 258, .box_w = 16, .box_h = 16, .ofs_x = 0, .ofs_y = -1},
    {.bitmap_index = 24957, .adv_w = 248, .box_w = 13, .box_h = 22, .ofs_x = 1, .ofs_y = 0},
    {.bitmap_index = 25100, .adv_w = 248, .box_w = 13, .box_h = 22, .ofs_x = 1, .ofs_y = 0},
    {.bitmap_index = 25243, .adv_w = 248, .box_w = 13, .box_h = 22, .ofs_x = 1, .ofs_y = 0},
    {.bitmap_index = 25386, .adv_w = 248, .box_w = 13, .box_h = 21, .ofs_x = 1, .ofs_y = 0},
    {.bitmap_index = 25523, .adv_w = 239, .box_w = 15, .box_h = 27, .ofs_x = 0, .ofs_y = -5},
    {.bitmap_index = 25726, .adv_w = 256, .box_w = 15, .box_h = 24, .ofs_x = 1, .ofs_y = -5},
    {.bitmap_index = 25906, .adv_w = 239, .box_w = 15, .box_h = 26, .ofs_x = 0, .ofs_y = -5}
};

/*---------------------
 *  CHARACTER MAPPING
 *--------------------*/



/*Collect the unicode lists and glyph_id offsets*/
static const lv_font_fmt_txt_cmap_t cmaps[] =
{
    {
        .range_start = 32, .range_length = 95, .glyph_id_start = 1,
        .unicode_list = NULL, .glyph_id_ofs_list = NULL, .list_length = 0, .type = LV_FONT_FMT_TXT_CMAP_FORMAT0_TINY
    },
    {
        .range_start = 160, .range_length = 13, .glyph_id_start = 96,
        .unicode_list = NULL, .glyph_id_ofs_list = NULL, .list_length = 0, .type = LV_FONT_FMT_TXT_CMAP_FORMAT0_TINY
    },
    {
        .range_start = 174, .range_length = 82, .glyph_id_start = 109,
        .unicode_list = NULL, .glyph_id_ofs_list = NULL, .list_length = 0, .type = LV_FONT_FMT_TXT_CMAP_FORMAT0_TINY
    }
};



/*--------------------
 *  ALL CUSTOM DATA
 *--------------------*/

#if LVGL_VERSION_MAJOR == 8
/*Store all the custom data of the font*/
static  lv_font_fmt_txt_glyph_cache_t cache;
#endif

#if LVGL_VERSION_MAJOR >= 8
static const lv_font_fmt_txt_dsc_t font_dsc = {
#else
static lv_font_fmt_txt_dsc_t font_dsc = {
#endif
    .glyph_bitmap = glyph_bitmap,
    .glyph_dsc = glyph_dsc,
    .cmaps = cmaps,
    .kern_dsc = NULL,
    .kern_scale = 0,
    .cmap_num = 3,
    .bpp = 4,
    .kern_classes = 0,
    .bitmap_format = 0,
#if LVGL_VERSION_MAJOR == 8
    .cache = &cache
#endif

};



/*-----------------
 *  PUBLIC FONT
 *----------------*/

/*Initialize a public general font descriptor*/
#if LVGL_VERSION_MAJOR >= 8
const lv_font_t font_semibold_28_data = {
#else
lv_font_t font_semibold_28_data = {
#endif
    .get_glyph_dsc = lv_font_get_glyph_dsc_fmt_txt,    /*Function pointer to get glyph's data*/
    .get_glyph_bitmap = lv_font_get_bitmap_fmt_txt,    /*Function pointer to get glyph's bitmap*/
    .line_height = 34,          /*The maximum line height required by the font*/
    .base_line = 6,             /*Baseline measured from the bottom of the line*/
#if LV_VERSION_CHECK(9, 6, 0) || LVGL_VERSION_MAJOR >= 10
    .cap_height = 19,           /*Cap height of the font*/
    .x_height = 14,               /*x-height of the font*/
#endif
#if !(LVGL_VERSION_MAJOR == 6 && LVGL_VERSION_MINOR == 0)
    .subpx = LV_FONT_SUBPX_NONE,
#endif
#if LV_VERSION_CHECK(7, 4, 0) || LVGL_VERSION_MAJOR >= 8
    .underline_position = -5,
    .underline_thickness = 2,
#endif

#if LV_VERSION_CHECK(9, 3, 0)
    .static_bitmap = 1,    /*Bitmaps are stored as const so they are always static if not compressed */
#endif

    .dsc = &font_dsc,          /*The custom font data. Will be accessed by `get_glyph_bitmap/dsc` */
#if LV_VERSION_CHECK(8, 2, 0) || LVGL_VERSION_MAJOR >= 9
    .fallback = NULL,
#endif
    .user_data = NULL,
};



#endif /*#if FONT_SEMIBOLD_28_DATA*/
