/*******************************************************************************
 * Size: 28 px
 * Bpp: 4
 * Opts: --font /fonts/Gabarito-Medium.ttf -o /fonts/font_medium_28_data.c --size 28 --bpp 4 --format lvgl --no-compress --range 0x20-0x7F, 0xA0-0xFF
 ******************************************************************************/

#ifdef __has_include
    #if __has_include("lvgl.h")
        #ifndef LV_LVGL_H_INCLUDE_SIMPLE
            #define LV_LVGL_H_INCLUDE_SIMPLE
        #endif
    #endif
#endif

#ifdef LV_LVGL_H_INCLUDE_SIMPLE
    #include "lvgl.h"
#else
    #include "lvgl/lvgl.h"
#endif



#ifndef FONT_MEDIUM_28_DATA
#define FONT_MEDIUM_28_DATA 1
#endif

#if FONT_MEDIUM_28_DATA

/*-----------------
 *    BITMAPS
 *----------------*/

/*Store the image of the glyphs*/
static LV_ATTRIBUTE_LARGE_CONST const uint8_t glyph_bitmap[] = {
    /* U+0020 " " */

    /* U+0021 "!" */
    0x0e, 0xff, 0xf0, 0x0e, 0xff, 0xf0, 0x0d, 0xff,
    0xf0, 0x0d, 0xff, 0xe0, 0x0c, 0xff, 0xe0, 0x0c,
    0xff, 0xd0, 0x0b, 0xff, 0xd0, 0x0b, 0xff, 0xc0,
    0x0a, 0xff, 0xc0, 0x0a, 0xff, 0xb0, 0x08, 0xff,
    0xa0, 0x07, 0xff, 0x90, 0x06, 0xff, 0x70, 0x04,
    0xcc, 0x50, 0x00, 0x00, 0x00, 0x01, 0x89, 0x20,
    0x0d, 0xff, 0xe1, 0x3f, 0xff, 0xf5, 0x1f, 0xff,
    0xf3, 0x05, 0xee, 0x60,

    /* U+0022 "\"" */
    0x3f, 0xff, 0x0a, 0xff, 0x83, 0xff, 0xf0, 0xaf,
    0xf8, 0x3f, 0xff, 0x0a, 0xff, 0x83, 0xff, 0xf0,
    0xaf, 0xf8, 0x1f, 0xff, 0x08, 0xff, 0x80, 0xef,
    0xf0, 0x5f, 0xf8, 0x0b, 0xff, 0x02, 0xff, 0x80,
    0x8f, 0xf0, 0x0f, 0xf8, 0x01, 0x43, 0x00, 0x34,
    0x20,

    /* U+0023 "#" */
    0x00, 0x00, 0x0a, 0xff, 0x10, 0x08, 0xff, 0x30,
    0x00, 0x00, 0x00, 0xdf, 0xe0, 0x00, 0xbf, 0xf1,
    0x00, 0x00, 0x00, 0x0f, 0xfb, 0x00, 0x0e, 0xfd,
    0x00, 0x00, 0x00, 0x03, 0xff, 0x80, 0x01, 0xff,
    0xa0, 0x00, 0x04, 0x88, 0xef, 0xfd, 0x88, 0xcf,
    0xff, 0x88, 0x40, 0x9f, 0xff, 0xff, 0xff, 0xff,
    0xff, 0xff, 0xf9, 0x09, 0xff, 0xff, 0xff, 0xff,
    0xff, 0xff, 0xff, 0x90, 0x00, 0x0f, 0xfc, 0x00,
    0x0d, 0xfe, 0x00, 0x00, 0x00, 0x02, 0xff, 0x90,
    0x00, 0xff, 0xb0, 0x00, 0x00, 0x00, 0x5f, 0xf6,
    0x00, 0x3f, 0xf8, 0x00, 0x00, 0x00, 0x08, 0xff,
    0x30, 0x06, 0xff, 0x50, 0x00, 0x07, 0x88, 0xff,
    0xf8, 0x88, 0xff, 0xfa, 0x88, 0x10, 0xff, 0xff,
    0xff, 0xff, 0xff, 0xff, 0xff, 0xf3, 0x0f, 0xff,
    0xff, 0xff, 0xff, 0xff, 0xff, 0xff, 0x30, 0x00,
    0x5f, 0xf7, 0x00, 0x2f, 0xf9, 0x00, 0x00, 0x00,
    0x08, 0xff, 0x40, 0x05, 0xff, 0x60, 0x00, 0x00,
    0x00, 0xbf, 0xf1, 0x00, 0x8f, 0xf3, 0x00, 0x00,
    0x00, 0x0e, 0xfe, 0x00, 0x0b, 0xff, 0x00, 0x00,
    0x00, 0x01, 0xff, 0xb0, 0x00, 0xef, 0xd0, 0x00,
    0x00, 0x00,

    /* U+0024 "$" */
    0x00, 0x00, 0x07, 0x86, 0x00, 0x00, 0x00, 0x00,
    0x00, 0xef, 0xc0, 0x00, 0x00, 0x00, 0x00, 0x0e,
    0xfc, 0x00, 0x00, 0x00, 0x00, 0x05, 0xff, 0xf6,
    0x10, 0x00, 0x00, 0x4e, 0xff, 0xff, 0xff, 0x80,
    0x00, 0x4f, 0xff, 0xff, 0xff, 0xff, 0xc0, 0x0e,
    0xff, 0xfa, 0x8a, 0xef, 0xff, 0x74, 0xff, 0xf2,
    0x00, 0x01, 0xbf, 0x70, 0x6f, 0xfd, 0x00, 0x00,
    0x00, 0x20, 0x05, 0xff, 0xf2, 0x00, 0x00, 0x00,
    0x00, 0x1f, 0xff, 0xe6, 0x10, 0x00, 0x00, 0x00,
    0x7f, 0xff, 0xff, 0xc7, 0x20, 0x00, 0x00, 0x6e,
    0xff, 0xff, 0xff, 0xa1, 0x00, 0x00, 0x05, 0xae,
    0xff, 0xff, 0xd1, 0x00, 0x00, 0x00, 0x03, 0xbf,
    0xff, 0x90, 0x00, 0x00, 0x00, 0x00, 0xbf, 0xfe,
    0x00, 0x60, 0x00, 0x00, 0x05, 0xff, 0xf5, 0xef,
    0x80, 0x00, 0x00, 0x8f, 0xfd, 0xaf, 0xff, 0xb4,
    0x12, 0x7f, 0xff, 0x81, 0xef, 0xff, 0xff, 0xff,
    0xff, 0xe1, 0x03, 0xef, 0xff, 0xff, 0xff, 0xd2,
    0x00, 0x00, 0x6b, 0xff, 0xfb, 0x60, 0x00, 0x00,
    0x00, 0x0e, 0xfc, 0x00, 0x00, 0x00, 0x00, 0x00,
    0xef, 0xc0, 0x00, 0x00, 0x00, 0x00, 0x0e, 0xfc,
    0x00, 0x00, 0x00,

    /* U+0025 "%" */
    0x00, 0x2a, 0xef, 0xb4, 0x00, 0x00, 0x00, 0x00,
    0x78, 0x00, 0x00, 0x4f, 0xff, 0xff, 0xf6, 0x00,
    0x00, 0x00, 0x5f, 0xfa, 0x00, 0x0e, 0xff, 0xa9,
    0xff, 0xf1, 0x00, 0x00, 0x3f, 0xff, 0x30, 0x04,
    0xff, 0x80, 0x05, 0xff, 0x60, 0x00, 0x2e, 0xff,
    0x40, 0x00, 0x5f, 0xf6, 0x00, 0x2f, 0xf7, 0x00,
    0x1d, 0xff, 0x60, 0x00, 0x02, 0xff, 0xc2, 0x1a,
    0xff, 0x40, 0x0c, 0xff, 0x80, 0x00, 0x00, 0x0a,
    0xff, 0xff, 0xff, 0xc0, 0x0a, 0xff, 0xa0, 0x00,
    0x00, 0x00, 0x0b, 0xff, 0xff, 0xc1, 0x08, 0xff,
    0xc0, 0x00, 0x00, 0x00, 0x00, 0x03, 0x77, 0x40,
    0x06, 0xff, 0xd1, 0x00, 0x00, 0x00, 0x00, 0x00,
    0x00, 0x00, 0x04, 0xff, 0xe2, 0x00, 0x00, 0x00,
    0x00, 0x00, 0x00, 0x00, 0x03, 0xff, 0xf3, 0x00,
    0x57, 0x61, 0x00, 0x00, 0x00, 0x00, 0x02, 0xef,
    0xf4, 0x04, 0xef, 0xff, 0xf7, 0x00, 0x00, 0x00,
    0x01, 0xdf, 0xf6, 0x02, 0xff, 0xff, 0xff, 0xf5,
    0x00, 0x00, 0x00, 0xcf, 0xf8, 0x00, 0x9f, 0xf7,
    0x04, 0xff, 0xd0, 0x00, 0x00, 0xaf, 0xfa, 0x00,
    0x0c, 0xfe, 0x00, 0x0a, 0xff, 0x00, 0x00, 0x8f,
    0xfc, 0x00, 0x00, 0xbf, 0xf1, 0x00, 0xcf, 0xf0,
    0x00, 0x6f, 0xfd, 0x10, 0x00, 0x06, 0xff, 0xd9,
    0xcf, 0xfa, 0x00, 0x1e, 0xfe, 0x20, 0x00, 0x00,
    0x0b, 0xff, 0xff, 0xfe, 0x10, 0x00, 0x2c, 0x30,
    0x00, 0x00, 0x00, 0x07, 0xdf, 0xe9, 0x10, 0x00,

    /* U+0026 "&" */
    0x00, 0x00, 0x00, 0x12, 0x10, 0x00, 0x00, 0x00,
    0x00, 0x00, 0x19, 0xff, 0xff, 0xd6, 0x00, 0x00,
    0x00, 0x00, 0x1d, 0xff, 0xff, 0xff, 0xfb, 0x00,
    0x00, 0x00, 0x0a, 0xff, 0xff, 0xff, 0xff, 0xd1,
    0x00, 0x00, 0x01, 0xff, 0xfc, 0x20, 0x2a, 0xc1,
    0x00, 0x00, 0x00, 0x5f, 0xff, 0x10, 0x00, 0x00,
    0x00, 0x00, 0x00, 0x06, 0xff, 0xe0, 0x00, 0x00,
    0x00, 0x00, 0x00, 0x00, 0x3f, 0xff, 0x30, 0x00,
    0x00, 0x00, 0x00, 0x00, 0x00, 0xdf, 0xfe, 0x51,
    0x00, 0x00, 0x00, 0x00, 0x00, 0x03, 0xff, 0xff,
    0xff, 0xff, 0xff, 0xff, 0xf8, 0x00, 0x0a, 0xff,
    0xff, 0xff, 0xff, 0xff, 0xff, 0x80, 0x0c, 0xff,
    0xff, 0xff, 0xff, 0xff, 0xff, 0xf7, 0x0a, 0xff,
    0xe5, 0x10, 0x00, 0x6f, 0xfd, 0x00, 0x02, 0xff,
    0xf4, 0x00, 0x00, 0x06, 0xff, 0xd0, 0x00, 0x5f,
    0xff, 0x00, 0x00, 0x00, 0x7f, 0xfc, 0x00, 0x06,
    0xff, 0xf0, 0x00, 0x00, 0x0a, 0xff, 0xb0, 0x00,
    0x3f, 0xff, 0x60, 0x00, 0x02, 0xff, 0xf7, 0x00,
    0x00, 0xdf, 0xff, 0x95, 0x46, 0xef, 0xff, 0x20,
    0x00, 0x04, 0xff, 0xff, 0xff, 0xff, 0xff, 0x80,
    0x00, 0x00, 0x05, 0xff, 0xff, 0xff, 0xff, 0x90,
    0x00, 0x00, 0x00, 0x01, 0x8c, 0xef, 0xda, 0x30,
    0x00, 0x00, 0x00,

    /* U+0027 "'" */
    0x3f, 0xff, 0x3f, 0xff, 0x3f, 0xff, 0x3f, 0xff,
    0x1f, 0xff, 0x0e, 0xff, 0x0b, 0xff, 0x08, 0xff,
    0x01, 0x43,

    /* U+0028 "(" */
    0x00, 0x00, 0x00, 0x20, 0x00, 0x00, 0x00, 0x8f,
    0x60, 0x00, 0x00, 0x6f, 0xff, 0x50, 0x00, 0x3f,
    0xff, 0xc0, 0x00, 0x0d, 0xff, 0xe1, 0x00, 0x06,
    0xff, 0xf4, 0x00, 0x00, 0xdf, 0xfb, 0x00, 0x00,
    0x4f, 0xff, 0x20, 0x00, 0x09, 0xff, 0xc0, 0x00,
    0x00, 0xdf, 0xf7, 0x00, 0x00, 0x0f, 0xff, 0x30,
    0x00, 0x03, 0xff, 0xf0, 0x00, 0x00, 0x4f, 0xfe,
    0x00, 0x00, 0x05, 0xff, 0xe0, 0x00, 0x00, 0x4f,
    0xfe, 0x00, 0x00, 0x03, 0xff, 0xf0, 0x00, 0x00,
    0x2f, 0xff, 0x10, 0x00, 0x00, 0xff, 0xf4, 0x00,
    0x00, 0x0c, 0xff, 0x80, 0x00, 0x00, 0x8f, 0xfd,
    0x00, 0x00, 0x02, 0xff, 0xf4, 0x00, 0x00, 0x0c,
    0xff, 0xd0, 0x00, 0x00, 0x4f, 0xff, 0x60, 0x00,
    0x00, 0xbf, 0xff, 0x30, 0x00, 0x01, 0xef, 0xfe,
    0x10, 0x00, 0x04, 0xff, 0xf3, 0x00, 0x00, 0x05,
    0xe3, 0x00, 0x00, 0x00, 0x00, 0x00,

    /* U+0029 ")" */
    0x00, 0x20, 0x00, 0x00, 0x00, 0x8f, 0x50, 0x00,
    0x00, 0x8f, 0xff, 0x40, 0x00, 0x01, 0xdf, 0xfe,
    0x10, 0x00, 0x02, 0xff, 0xfa, 0x00, 0x00, 0x07,
    0xff, 0xf3, 0x00, 0x00, 0x0d, 0xff, 0xa0, 0x00,
    0x00, 0x5f, 0xff, 0x10, 0x00, 0x00, 0xef, 0xf6,
    0x00, 0x00, 0x0a, 0xff, 0x90, 0x00, 0x00, 0x6f,
    0xfd, 0x00, 0x00, 0x03, 0xff, 0xf0, 0x00, 0x00,
    0x1f, 0xff, 0x00, 0x00, 0x01, 0xff, 0xf1, 0x00,
    0x00, 0x1f, 0xff, 0x10, 0x00, 0x02, 0xff, 0xf0,
    0x00, 0x00, 0x4f, 0xff, 0x00, 0x00, 0x06, 0xff,
    0xc0, 0x00, 0x00, 0xbf, 0xf9, 0x00, 0x00, 0x1f,
    0xff, 0x50, 0x00, 0x07, 0xff, 0xe0, 0x00, 0x00,
    0xef, 0xf9, 0x00, 0x00, 0x9f, 0xff, 0x10, 0x00,
    0x5f, 0xff, 0x80, 0x00, 0x3f, 0xff, 0xc0, 0x00,
    0x06, 0xff, 0xe2, 0x00, 0x00, 0x05, 0xe3, 0x00,
    0x00, 0x00, 0x00, 0x00, 0x00, 0x00,

    /* U+002A "*" */
    0x00, 0x04, 0x00, 0x12, 0x00, 0x00, 0x2c, 0xf3,
    0x09, 0xf9, 0x00, 0x01, 0xef, 0xa1, 0xff, 0x90,
    0x00, 0x03, 0xff, 0xaf, 0xd0, 0x00, 0x97, 0x5a,
    0xff, 0xf7, 0x68, 0x5f, 0xff, 0xff, 0xff, 0xff,
    0xf9, 0xdc, 0xac, 0xff, 0xf9, 0xbc, 0x70, 0x01,
    0xef, 0xdf, 0xa0, 0x00, 0x00, 0xbf, 0xd3, 0xff,
    0x60, 0x00, 0x3f, 0xf6, 0x0b, 0xfd, 0x00, 0x00,
    0x29, 0x00, 0x37, 0x00, 0x00,

    /* U+002B "+" */
    0x00, 0x00, 0x02, 0x88, 0x60, 0x00, 0x00, 0x00,
    0x00, 0x00, 0x4f, 0xfc, 0x00, 0x00, 0x00, 0x00,
    0x00, 0x04, 0xff, 0xc0, 0x00, 0x00, 0x00, 0x00,
    0x00, 0x4f, 0xfc, 0x00, 0x00, 0x00, 0x00, 0x00,
    0x04, 0xff, 0xc0, 0x00, 0x00, 0x00, 0x00, 0x00,
    0x4f, 0xfc, 0x00, 0x00, 0x00, 0x4f, 0xff, 0xff,
    0xff, 0xff, 0xff, 0xff, 0x14, 0xff, 0xff, 0xff,
    0xff, 0xff, 0xff, 0xf1, 0x4f, 0xff, 0xff, 0xff,
    0xff, 0xff, 0xff, 0x10, 0x00, 0x00, 0x4f, 0xfc,
    0x00, 0x00, 0x00, 0x00, 0x00, 0x04, 0xff, 0xc0,
    0x00, 0x00, 0x00, 0x00, 0x00, 0x4f, 0xfc, 0x00,
    0x00, 0x00, 0x00, 0x00, 0x04, 0xff, 0xc0, 0x00,
    0x00, 0x00, 0x00, 0x00, 0x4f, 0xfc, 0x00, 0x00,
    0x00,

    /* U+002C "," */
    0x1a, 0xfd, 0x40, 0x8f, 0xff, 0xf1, 0x0a, 0xff,
    0xf5, 0x01, 0xff, 0xf5, 0x00, 0xff, 0xf2, 0x02,
    0xff, 0xc0, 0x09, 0xff, 0x30, 0x4f, 0xf7, 0x00,
    0x6f, 0x60, 0x00, 0x01, 0x00, 0x00,

    /* U+002D "-" */
    0x1f, 0xff, 0xff, 0xff, 0xf7, 0x1f, 0xff, 0xff,
    0xff, 0xf7, 0x1f, 0xff, 0xff, 0xff, 0xf7,

    /* U+002E "." */
    0x06, 0xdc, 0x20, 0x5f, 0xff, 0xe0, 0x9f, 0xff,
    0xf3, 0x6f, 0xff, 0xf1, 0x08, 0xfd, 0x30,

    /* U+002F "/" */
    0x00, 0x00, 0x00, 0x00, 0x00, 0x30, 0x00, 0x00,
    0x00, 0x00, 0x00, 0x01, 0xff, 0x80, 0x00, 0x00,
    0x00, 0x00, 0x07, 0xff, 0xb0, 0x00, 0x00, 0x00,
    0x00, 0x0e, 0xff, 0x40, 0x00, 0x00, 0x00, 0x00,
    0x7f, 0xfc, 0x00, 0x00, 0x00, 0x00, 0x00, 0xef,
    0xf4, 0x00, 0x00, 0x00, 0x00, 0x07, 0xff, 0xc0,
    0x00, 0x00, 0x00, 0x00, 0x0e, 0xff, 0x40, 0x00,
    0x00, 0x00, 0x00, 0x6f, 0xfd, 0x00, 0x00, 0x00,
    0x00, 0x00, 0xef, 0xf5, 0x00, 0x00, 0x00, 0x00,
    0x06, 0xff, 0xd0, 0x00, 0x00, 0x00, 0x00, 0x0d,
    0xff, 0x50, 0x00, 0x00, 0x00, 0x00, 0x5f, 0xfd,
    0x00, 0x00, 0x00, 0x00, 0x00, 0xdf, 0xf6, 0x00,
    0x00, 0x00, 0x00, 0x05, 0xff, 0xe0, 0x00, 0x00,
    0x00, 0x00, 0x0c, 0xff, 0x60, 0x00, 0x00, 0x00,
    0x00, 0x4f, 0xfe, 0x00, 0x00, 0x00, 0x00, 0x00,
    0xcf, 0xf6, 0x00, 0x00, 0x00, 0x00, 0x04, 0xff,
    0xe0, 0x00, 0x00, 0x00, 0x00, 0x0c, 0xff, 0x70,
    0x00, 0x00, 0x00, 0x00, 0x3f, 0xfe, 0x00, 0x00,
    0x00, 0x00, 0x00, 0xbf, 0xf7, 0x00, 0x00, 0x00,
    0x00, 0x00, 0x4c, 0xf0, 0x00, 0x00, 0x00, 0x00,
    0x00, 0x00, 0x10, 0x00, 0x00, 0x00, 0x00, 0x00,

    /* U+0030 "0" */
    0x00, 0x01, 0x9d, 0xfe, 0xb4, 0x00, 0x00, 0x00,
    0x3f, 0xff, 0xff, 0xff, 0x80, 0x00, 0x02, 0xff,
    0xff, 0xff, 0xff, 0xf7, 0x00, 0x0b, 0xff, 0xf8,
    0x35, 0xef, 0xff, 0x10, 0x2f, 0xff, 0x60, 0x00,
    0x2f, 0xff, 0x80, 0x7f, 0xfe, 0x00, 0x00, 0x0a,
    0xff, 0xc0, 0xbf, 0xf9, 0x00, 0x00, 0x05, 0xff,
    0xf1, 0xdf, 0xf6, 0x00, 0x00, 0x02, 0xff, 0xf3,
    0xef, 0xf5, 0x00, 0x00, 0x00, 0xff, 0xf4, 0xff,
    0xf4, 0x00, 0x00, 0x00, 0xff, 0xf5, 0xef, 0xf5,
    0x00, 0x00, 0x00, 0xff, 0xf4, 0xdf, 0xf6, 0x00,
    0x00, 0x01, 0xff, 0xf3, 0xbf, 0xf9, 0x00, 0x00,
    0x04, 0xff, 0xf1, 0x7f, 0xfd, 0x00, 0x00, 0x09,
    0xff, 0xd0, 0x3f, 0xff, 0x50, 0x00, 0x1f, 0xff,
    0x80, 0x0b, 0xff, 0xf7, 0x35, 0xdf, 0xff, 0x10,
    0x02, 0xff, 0xff, 0xff, 0xff, 0xf7, 0x00, 0x00,
    0x3f, 0xff, 0xff, 0xff, 0x80, 0x00, 0x00, 0x02,
    0x9e, 0xfe, 0xb4, 0x00, 0x00,

    /* U+0031 "1" */
    0x00, 0x00, 0x0e, 0xfa, 0x00, 0x00, 0x9f, 0xfa,
    0x02, 0x5b, 0xff, 0xfa, 0x1f, 0xff, 0xff, 0xfa,
    0x1f, 0xff, 0xff, 0xfa, 0x1f, 0xd9, 0xbf, 0xfa,
    0x00, 0x00, 0x9f, 0xfa, 0x00, 0x00, 0x9f, 0xfa,
    0x00, 0x00, 0x9f, 0xfa, 0x00, 0x00, 0x9f, 0xfa,
    0x00, 0x00, 0x9f, 0xfa, 0x00, 0x00, 0x9f, 0xfa,
    0x00, 0x00, 0x9f, 0xfa, 0x00, 0x00, 0x9f, 0xfa,
    0x00, 0x00, 0x9f, 0xfa, 0x00, 0x00, 0x9f, 0xfa,
    0x00, 0x00, 0x9f, 0xfa, 0x00, 0x00, 0x9f, 0xfa,
    0x00, 0x00, 0x9f, 0xfa,

    /* U+0032 "2" */
    0x00, 0x00, 0x6c, 0xff, 0xd8, 0x10, 0x00, 0x00,
    0x2d, 0xff, 0xff, 0xff, 0xe4, 0x00, 0x01, 0xdf,
    0xff, 0xff, 0xff, 0xfe, 0x10, 0x0b, 0xff, 0xf9,
    0x33, 0x9f, 0xff, 0x60, 0x08, 0xff, 0x50, 0x00,
    0x0c, 0xff, 0xa0, 0x00, 0x35, 0x00, 0x00, 0x08,
    0xff, 0xa0, 0x00, 0x00, 0x00, 0x00, 0x0a, 0xff,
    0x90, 0x00, 0x00, 0x00, 0x00, 0x1f, 0xff, 0x40,
    0x00, 0x00, 0x00, 0x00, 0xbf, 0xfd, 0x00, 0x00,
    0x00, 0x00, 0x08, 0xff, 0xf5, 0x00, 0x00, 0x00,
    0x00, 0x6f, 0xff, 0x90, 0x00, 0x00, 0x00, 0x04,
    0xff, 0xfc, 0x00, 0x00, 0x00, 0x00, 0x3f, 0xff,
    0xd1, 0x00, 0x00, 0x00, 0x02, 0xef, 0xfe, 0x10,
    0x00, 0x00, 0x00, 0x2e, 0xff, 0xf3, 0x00, 0x00,
    0x00, 0x01, 0xdf, 0xff, 0x51, 0x11, 0x11, 0x10,
    0x09, 0xff, 0xff, 0xff, 0xff, 0xff, 0xf0, 0x0a,
    0xff, 0xff, 0xff, 0xff, 0xff, 0xf0, 0x0a, 0xff,
    0xff, 0xff, 0xff, 0xff, 0xf0,

    /* U+0033 "3" */
    0x00, 0x01, 0x8c, 0xef, 0xd9, 0x20, 0x00, 0x00,
    0x5e, 0xff, 0xff, 0xff, 0xf4, 0x00, 0x06, 0xff,
    0xff, 0xff, 0xff, 0xfe, 0x00, 0x07, 0xff, 0xc5,
    0x23, 0x9f, 0xff, 0x60, 0x00, 0x47, 0x00, 0x00,
    0x0c, 0xff, 0x80, 0x00, 0x00, 0x00, 0x00, 0x0b,
    0xff, 0x80, 0x00, 0x00, 0x00, 0x00, 0x7f, 0xff,
    0x40, 0x00, 0x00, 0x6c, 0xdf, 0xff, 0xfb, 0x00,
    0x00, 0x00, 0x7f, 0xff, 0xff, 0xc0, 0x00, 0x00,
    0x00, 0x7f, 0xff, 0xff, 0xf8, 0x00, 0x00, 0x00,
    0x00, 0x02, 0x8f, 0xff, 0x70, 0x00, 0x00, 0x00,
    0x00, 0x05, 0xff, 0xf1, 0x00, 0x00, 0x00, 0x00,
    0x00, 0xff, 0xf4, 0x00, 0x00, 0x00, 0x00, 0x00,
    0xff, 0xf5, 0x00, 0xc7, 0x00, 0x00, 0x05, 0xff,
    0xf4, 0x0c, 0xff, 0xc5, 0x23, 0x7f, 0xff, 0xe0,
    0x0b, 0xff, 0xff, 0xff, 0xff, 0xff, 0x60, 0x00,
    0x9f, 0xff, 0xff, 0xff, 0xf8, 0x00, 0x00, 0x03,
    0x9d, 0xff, 0xda, 0x30, 0x00,

    /* U+0034 "4" */
    0x00, 0x00, 0x5f, 0xfe, 0x00, 0x00, 0x00, 0x00,
    0x00, 0x0b, 0xff, 0x80, 0x00, 0x00, 0x00, 0x00,
    0x02, 0xff, 0xf2, 0x00, 0x00, 0x00, 0x00, 0x00,
    0x8f, 0xfc, 0x00, 0x00, 0x00, 0x00, 0x00, 0x0e,
    0xff, 0x60, 0x00, 0x00, 0x00, 0x00, 0x05, 0xff,
    0xf0, 0x00, 0x00, 0x00, 0x00, 0x00, 0xbf, 0xf9,
    0x00, 0x05, 0x73, 0x00, 0x00, 0x2f, 0xff, 0x30,
    0x00, 0xef, 0x70, 0x00, 0x08, 0xff, 0xd0, 0x00,
    0x5f, 0xf7, 0x00, 0x00, 0xef, 0xf6, 0x00, 0x0b,
    0xff, 0x70, 0x00, 0x5f, 0xff, 0x10, 0x01, 0xff,
    0xf7, 0x00, 0x0b, 0xff, 0xff, 0xff, 0xff, 0xff,
    0xff, 0xf1, 0xff, 0xff, 0xff, 0xff, 0xff, 0xff,
    0xff, 0x1f, 0xff, 0xff, 0xff, 0xff, 0xff, 0xff,
    0xf1, 0x22, 0x22, 0x22, 0x22, 0xff, 0xf9, 0x22,
    0x00, 0x00, 0x00, 0x00, 0x0d, 0xff, 0x70, 0x00,
    0x00, 0x00, 0x00, 0x00, 0xdf, 0xf7, 0x00, 0x00,
    0x00, 0x00, 0x00, 0x0d, 0xff, 0x70, 0x00, 0x00,
    0x00, 0x00, 0x00, 0xdf, 0xf7, 0x00, 0x00,

    /* U+0035 "5" */
    0x4f, 0xff, 0xff, 0xff, 0xff, 0xfb, 0x04, 0xff,
    0xff, 0xff, 0xff, 0xff, 0xb0, 0x4f, 0xff, 0xff,
    0xff, 0xff, 0xfb, 0x04, 0xff, 0xf2, 0x22, 0x22,
    0x22, 0x10, 0x4f, 0xfd, 0x00, 0x00, 0x00, 0x00,
    0x04, 0xff, 0xd0, 0x00, 0x00, 0x00, 0x00, 0x4f,
    0xfd, 0x7c, 0xef, 0xc6, 0x00, 0x04, 0xff, 0xff,
    0xff, 0xff, 0xfc, 0x10, 0x4f, 0xff, 0xff, 0xff,
    0xff, 0xfb, 0x04, 0xff, 0xfb, 0x54, 0x7e, 0xff,
    0xf4, 0x17, 0xb7, 0x00, 0x00, 0x2f, 0xff, 0xa0,
    0x00, 0x00, 0x00, 0x00, 0x9f, 0xfd, 0x00, 0x00,
    0x00, 0x00, 0x07, 0xff, 0xe0, 0x00, 0x00, 0x00,
    0x00, 0x9f, 0xfc, 0x02, 0xc3, 0x00, 0x00, 0x1f,
    0xff, 0xa6, 0xff, 0xf8, 0x32, 0x5e, 0xff, 0xf3,
    0x4f, 0xff, 0xff, 0xff, 0xff, 0xfa, 0x00, 0x4e,
    0xff, 0xff, 0xff, 0xfa, 0x00, 0x00, 0x17, 0xce,
    0xfe, 0xb4, 0x00, 0x00,

    /* U+0036 "6" */
    0x00, 0x00, 0x05, 0xbe, 0xfe, 0xc7, 0x10, 0x00,
    0x00, 0x1c, 0xff, 0xff, 0xff, 0xff, 0x60, 0x00,
    0x0d, 0xff, 0xff, 0xff, 0xff, 0xfa, 0x00, 0x09,
    0xff, 0xfc, 0x51, 0x25, 0xcd, 0x00, 0x02, 0xff,
    0xfc, 0x00, 0x00, 0x00, 0x10, 0x00, 0x7f, 0xff,
    0x20, 0x00, 0x00, 0x00, 0x00, 0x0b, 0xff, 0xb0,
    0x00, 0x00, 0x00, 0x00, 0x00, 0xff, 0xf7, 0x17,
    0xdf, 0xec, 0x60, 0x00, 0x0f, 0xff, 0x7e, 0xff,
    0xff, 0xff, 0xc1, 0x01, 0xff, 0xff, 0xff, 0xff,
    0xff, 0xff, 0xb0, 0x2f, 0xff, 0xfc, 0x40, 0x04,
    0xdf, 0xff, 0x21, 0xff, 0xfe, 0x10, 0x00, 0x02,
    0xff, 0xf7, 0x0f, 0xff, 0xa0, 0x00, 0x00, 0x0c,
    0xff, 0x90, 0xcf, 0xfa, 0x00, 0x00, 0x00, 0xcf,
    0xf8, 0x08, 0xff, 0xe1, 0x00, 0x00, 0x2f, 0xff,
    0x60, 0x1f, 0xff, 0xd5, 0x12, 0x6e, 0xff, 0xf1,
    0x00, 0x7f, 0xff, 0xff, 0xff, 0xff, 0xf7, 0x00,
    0x00, 0x8f, 0xff, 0xff, 0xff, 0xf8, 0x00, 0x00,
    0x00, 0x29, 0xde, 0xfd, 0x93, 0x00, 0x00,

    /* U+0037 "7" */
    0x4f, 0xff, 0xff, 0xff, 0xff, 0xff, 0xf1, 0x4f,
    0xff, 0xff, 0xff, 0xff, 0xff, 0xf1, 0x4f, 0xff,
    0xff, 0xff, 0xff, 0xff, 0xf1, 0x02, 0x22, 0x22,
    0x22, 0x2d, 0xff, 0xc0, 0x00, 0x00, 0x00, 0x00,
    0x3f, 0xff, 0x40, 0x00, 0x00, 0x00, 0x00, 0xaf,
    0xfc, 0x00, 0x00, 0x00, 0x00, 0x02, 0xff, 0xf5,
    0x00, 0x00, 0x00, 0x00, 0x0a, 0xff, 0xd0, 0x00,
    0x00, 0x00, 0x00, 0x2f, 0xff, 0x60, 0x00, 0x00,
    0x00, 0x00, 0xaf, 0xfe, 0x00, 0x00, 0x00, 0x00,
    0x02, 0xff, 0xf6, 0x00, 0x00, 0x00, 0x00, 0x09,
    0xff, 0xe0, 0x00, 0x00, 0x00, 0x00, 0x1f, 0xff,
    0x70, 0x00, 0x00, 0x00, 0x00, 0x9f, 0xff, 0x10,
    0x00, 0x00, 0x00, 0x01, 0xff, 0xf8, 0x00, 0x00,
    0x00, 0x00, 0x08, 0xff, 0xf1, 0x00, 0x00, 0x00,
    0x00, 0x1f, 0xff, 0x90, 0x00, 0x00, 0x00, 0x00,
    0x8f, 0xff, 0x20, 0x00, 0x00, 0x00, 0x01, 0xff,
    0xfa, 0x00, 0x00, 0x00, 0x00,

    /* U+0038 "8" */
    0x00, 0x05, 0xbe, 0xfe, 0xc6, 0x00, 0x00, 0x0b,
    0xff, 0xff, 0xff, 0xfc, 0x00, 0x09, 0xff, 0xff,
    0xff, 0xff, 0xfa, 0x00, 0xff, 0xfc, 0x52, 0x4c,
    0xff, 0xf1, 0x3f, 0xff, 0x10, 0x00, 0x0f, 0xff,
    0x32, 0xff, 0xf0, 0x00, 0x00, 0xff, 0xf3, 0x0d,
    0xff, 0xb2, 0x02, 0xbf, 0xfe, 0x00, 0x4f, 0xff,
    0xff, 0xff, 0xff, 0x50, 0x00, 0x5f, 0xff, 0xff,
    0xff, 0x60, 0x00, 0x1c, 0xff, 0xff, 0xff, 0xfd,
    0x20, 0x0d, 0xff, 0xc3, 0x13, 0xbf, 0xfe, 0x06,
    0xff, 0xd0, 0x00, 0x00, 0xdf, 0xf7, 0xaf, 0xf9,
    0x00, 0x00, 0x08, 0xff, 0xbc, 0xff, 0x90, 0x00,
    0x00, 0x8f, 0xfd, 0xaf, 0xfd, 0x00, 0x00, 0x0d,
    0xff, 0xb6, 0xff, 0xfc, 0x52, 0x4c, 0xff, 0xf7,
    0x0d, 0xff, 0xff, 0xff, 0xff, 0xfe, 0x10, 0x2d,
    0xff, 0xff, 0xff, 0xfd, 0x20, 0x00, 0x06, 0xce,
    0xfe, 0xc7, 0x00, 0x00,

    /* U+0039 "9" */
    0x00, 0x00, 0x7c, 0xef, 0xdb, 0x50, 0x00, 0x00,
    0x03, 0xef, 0xff, 0xff, 0xff, 0xd2, 0x00, 0x01,
    0xef, 0xff, 0xff, 0xff, 0xff, 0xd0, 0x00, 0x9f,
    0xff, 0x92, 0x12, 0x9f, 0xff, 0x80, 0x0f, 0xff,
    0x90, 0x00, 0x00, 0x8f, 0xfe, 0x01, 0xff, 0xf3,
    0x00, 0x00, 0x03, 0xff, 0xf3, 0x2f, 0xff, 0x30,
    0x00, 0x00, 0x3f, 0xff, 0x60, 0xff, 0xf9, 0x00,
    0x00, 0x09, 0xff, 0xf8, 0x0c, 0xff, 0xf9, 0x20,
    0x28, 0xff, 0xff, 0x90, 0x4f, 0xff, 0xff, 0xff,
    0xff, 0xff, 0xf8, 0x00, 0x7f, 0xff, 0xff, 0xff,
    0x7d, 0xff, 0x70, 0x00, 0x3a, 0xdf, 0xda, 0x30,
    0xff, 0xf6, 0x00, 0x00, 0x00, 0x00, 0x00, 0x4f,
    0xff, 0x20, 0x00, 0x00, 0x00, 0x00, 0x0b, 0xff,
    0xe0, 0x00, 0x01, 0x00, 0x00, 0x05, 0xff, 0xf8,
    0x00, 0x07, 0xf8, 0x31, 0x28, 0xff, 0xff, 0x10,
    0x03, 0xff, 0xff, 0xff, 0xff, 0xff, 0x50, 0x00,
    0x2c, 0xff, 0xff, 0xff, 0xff, 0x50, 0x00, 0x00,
    0x04, 0xae, 0xff, 0xc8, 0x10, 0x00, 0x00,

    /* U+003A ":" */
    0x08, 0xfd, 0x30, 0x6f, 0xff, 0xf1, 0x9f, 0xff,
    0xf3, 0x5f, 0xff, 0xe0, 0x06, 0xdc, 0x20, 0x00,
    0x00, 0x00, 0x00, 0x00, 0x00, 0x00, 0x00, 0x00,
    0x00, 0x00, 0x00, 0x06, 0xdc, 0x20, 0x5f, 0xff,
    0xe0, 0x9f, 0xff, 0xf3, 0x6f, 0xff, 0xf1, 0x08,
    0xfd, 0x30,

    /* U+003B ";" */
    0x08, 0xfd, 0x30, 0x6f, 0xff, 0xf1, 0x9f, 0xff,
    0xf3, 0x5f, 0xff, 0xe0, 0x06, 0xdc, 0x20, 0x00,
    0x00, 0x00, 0x00, 0x00, 0x00, 0x00, 0x00, 0x00,
    0x00, 0x00, 0x00, 0x2c, 0xff, 0x50, 0x8f, 0xff,
    0xf1, 0x09, 0xff, 0xf5, 0x01, 0xff, 0xf5, 0x00,
    0xff, 0xf2, 0x02, 0xff, 0xb0, 0x0a, 0xff, 0x20,
    0x5f, 0xf5, 0x00, 0x5e, 0x50, 0x00, 0x00, 0x00,
    0x00,

    /* U+003C "<" */
    0x00, 0x00, 0x00, 0x00, 0x00, 0x60, 0x00, 0x00,
    0x00, 0x00, 0x03, 0xdf, 0x80, 0x00, 0x00, 0x00,
    0x19, 0xff, 0xff, 0x10, 0x00, 0x00, 0x6e, 0xff,
    0xfd, 0x40, 0x00, 0x02, 0xcf, 0xff, 0xf7, 0x00,
    0x00, 0x08, 0xff, 0xff, 0xb2, 0x00, 0x00, 0x3d,
    0xff, 0xfe, 0x50, 0x00, 0x00, 0x08, 0xff, 0xfd,
    0x00, 0x00, 0x00, 0x00, 0x6f, 0xff, 0xfa, 0x10,
    0x00, 0x00, 0x00, 0x3d, 0xff, 0xfe, 0x60, 0x00,
    0x00, 0x00, 0x07, 0xff, 0xff, 0xc2, 0x00, 0x00,
    0x00, 0x02, 0xbf, 0xff, 0xf8, 0x00, 0x00, 0x00,
    0x00, 0x5e, 0xff, 0xfe, 0x10, 0x00, 0x00, 0x00,
    0x09, 0xff, 0xb0, 0x00, 0x00, 0x00, 0x00, 0x03,
    0xc2, 0x00,

    /* U+003D "=" */
    0xcf, 0xff, 0xff, 0xff, 0xff, 0xff, 0x9c, 0xff,
    0xff, 0xff, 0xff, 0xff, 0xf9, 0x9c, 0xcc, 0xcc,
    0xcc, 0xcc, 0xcc, 0x60, 0x00, 0x00, 0x00, 0x00,
    0x00, 0x00, 0x00, 0x00, 0x00, 0x00, 0x00, 0x00,
    0x09, 0xcc, 0xcc, 0xcc, 0xcc, 0xcc, 0xc7, 0xcf,
    0xff, 0xff, 0xff, 0xff, 0xff, 0x9c, 0xff, 0xff,
    0xff, 0xff, 0xff, 0xf9,

    /* U+003E ">" */
    0x02, 0x10, 0x00, 0x00, 0x00, 0x00, 0x00, 0xcf,
    0x70, 0x00, 0x00, 0x00, 0x00, 0x5f, 0xff, 0xd3,
    0x00, 0x00, 0x00, 0x00, 0x6e, 0xff, 0xfa, 0x10,
    0x00, 0x00, 0x00, 0x19, 0xff, 0xfe, 0x60, 0x00,
    0x00, 0x00, 0x03, 0xdf, 0xff, 0xc3, 0x00, 0x00,
    0x00, 0x00, 0x7f, 0xff, 0xf9, 0x00, 0x00, 0x00,
    0x00, 0x1e, 0xff, 0xf5, 0x00, 0x00, 0x00, 0x19,
    0xff, 0xff, 0x30, 0x00, 0x00, 0x5e, 0xff, 0xfb,
    0x20, 0x00, 0x02, 0xbf, 0xff, 0xe4, 0x00, 0x00,
    0x08, 0xff, 0xff, 0x80, 0x00, 0x00, 0x3d, 0xff,
    0xfb, 0x20, 0x00, 0x00, 0x01, 0xff, 0xe5, 0x00,
    0x00, 0x00, 0x00, 0x07, 0x90, 0x00, 0x00, 0x00,
    0x00, 0x00,

    /* U+003F "?" */
    0x00, 0x00, 0x00, 0x02, 0x10, 0x00, 0x00, 0x00,
    0x01, 0x8d, 0xff, 0xfe, 0x80, 0x00, 0x00, 0x4e,
    0xff, 0xff, 0xff, 0xfd, 0x20, 0x06, 0xff, 0xff,
    0xff, 0xff, 0xff, 0xd0, 0x0c, 0xff, 0xe7, 0x20,
    0x3b, 0xff, 0xf5, 0x01, 0xdc, 0x10, 0x00, 0x00,
    0xdf, 0xfb, 0x00, 0x20, 0x00, 0x00, 0x00, 0x8f,
    0xfd, 0x00, 0x00, 0x00, 0x00, 0x00, 0x8f, 0xfc,
    0x00, 0x00, 0x00, 0x00, 0x00, 0xef, 0xf9, 0x00,
    0x00, 0x00, 0x00, 0x0b, 0xff, 0xf4, 0x00, 0x00,
    0x00, 0x02, 0xcf, 0xff, 0xa0, 0x00, 0x00, 0x00,
    0x7f, 0xff, 0xfb, 0x00, 0x00, 0x00, 0x0b, 0xff,
    0xff, 0x90, 0x00, 0x00, 0x00, 0x06, 0xff, 0xe5,
    0x00, 0x00, 0x00, 0x00, 0x00, 0xc9, 0x10, 0x00,
    0x00, 0x00, 0x00, 0x00, 0x00, 0x00, 0x00, 0x00,
    0x00, 0x00, 0x00, 0x69, 0x40, 0x00, 0x00, 0x00,
    0x00, 0x09, 0xff, 0xf4, 0x00, 0x00, 0x00, 0x00,
    0x0e, 0xff, 0xfa, 0x00, 0x00, 0x00, 0x00, 0x0c,
    0xff, 0xf7, 0x00, 0x00, 0x00, 0x00, 0x02, 0xcf,
    0xa0, 0x00, 0x00,

    /* U+0040 "@" */
    0x00, 0x00, 0x00, 0x05, 0x9d, 0xef, 0xec, 0x72,
    0x00, 0x00, 0x00, 0x00, 0x00, 0x06, 0xef, 0xff,
    0xff, 0xff, 0xff, 0xa2, 0x00, 0x00, 0x00, 0x00,
    0xaf, 0xff, 0xff, 0xee, 0xff, 0xff, 0xfe, 0x40,
    0x00, 0x00, 0x0c, 0xff, 0xfc, 0x50, 0x00, 0x02,
    0x8e, 0xff, 0xf4, 0x00, 0x00, 0xaf, 0xff, 0x60,
    0x00, 0x00, 0x00, 0x01, 0xcf, 0xff, 0x10, 0x04,
    0xff, 0xf4, 0x00, 0x03, 0x64, 0x00, 0x66, 0x1d,
    0xff, 0x90, 0x0c, 0xff, 0x80, 0x04, 0xdf, 0xff,
    0xd6, 0xfe, 0x03, 0xff, 0xf0, 0x2f, 0xfe, 0x00,
    0x4f, 0xff, 0xff, 0xff, 0xfb, 0x00, 0xcf, 0xf5,
    0x7f, 0xf9, 0x01, 0xef, 0xf9, 0x12, 0xff, 0xf8,
    0x00, 0x8f, 0xf7, 0xaf, 0xf5, 0x06, 0xff, 0xc0,
    0x00, 0xff, 0xf4, 0x00, 0x7f, 0xf7, 0xbf, 0xf3,
    0x0b, 0xff, 0x60, 0x00, 0xff, 0xf1, 0x00, 0x8f,
    0xf6, 0xcf, 0xf3, 0x0d, 0xff, 0x30, 0x00, 0xff,
    0xe0, 0x00, 0xbf, 0xf3, 0xaf, 0xf5, 0x0d, 0xff,
    0x40, 0x08, 0xff, 0xe0, 0x03, 0xff, 0xe0, 0x9f,
    0xf8, 0x09, 0xff, 0xd7, 0xaf, 0xff, 0xf9, 0x8f,
    0xff, 0x50, 0x4f, 0xfe, 0x01, 0xef, 0xff, 0xff,
    0x9f, 0xff, 0xff, 0xf7, 0x00, 0x0e, 0xff, 0x70,
    0x2b, 0xfe, 0xb3, 0x05, 0xcf, 0xea, 0x30, 0x00,
    0x07, 0xff, 0xf4, 0x00, 0x00, 0x00, 0x00, 0x00,
    0x00, 0x00, 0x00, 0x00, 0xdf, 0xff, 0x60, 0x00,
    0x00, 0x00, 0x00, 0x7a, 0x00, 0x00, 0x00, 0x2e,
    0xff, 0xfc, 0x51, 0x00, 0x02, 0x6d, 0xff, 0x50,
    0x00, 0x00, 0x02, 0xdf, 0xff, 0xff, 0xfe, 0xff,
    0xff, 0xff, 0x90, 0x00, 0x00, 0x00, 0x08, 0xff,
    0xff, 0xff, 0xff, 0xff, 0xd6, 0x00, 0x00, 0x00,
    0x00, 0x00, 0x16, 0xad, 0xef, 0xed, 0x95, 0x00,
    0x00, 0x00,

    /* U+0041 "A" */
    0x00, 0x00, 0x00, 0x0e, 0xff, 0xf7, 0x00, 0x00,
    0x00, 0x00, 0x00, 0x00, 0x4f, 0xff, 0xfd, 0x00,
    0x00, 0x00, 0x00, 0x00, 0x00, 0xaf, 0xff, 0xff,
    0x30, 0x00, 0x00, 0x00, 0x00, 0x00, 0xff, 0xfe,
    0xff, 0x80, 0x00, 0x00, 0x00, 0x00, 0x05, 0xff,
    0xe5, 0xff, 0xe0, 0x00, 0x00, 0x00, 0x00, 0x0b,
    0xff, 0x80, 0xff, 0xf3, 0x00, 0x00, 0x00, 0x00,
    0x1f, 0xff, 0x20, 0xaf, 0xf9, 0x00, 0x00, 0x00,
    0x00, 0x6f, 0xfd, 0x00, 0x4f, 0xfe, 0x00, 0x00,
    0x00, 0x00, 0xcf, 0xf7, 0x00, 0x0e, 0xff, 0x40,
    0x00, 0x00, 0x02, 0xff, 0xf2, 0x00, 0x09, 0xff,
    0xa0, 0x00, 0x00, 0x08, 0xff, 0xc0, 0x00, 0x03,
    0xff, 0xf0, 0x00, 0x00, 0x0d, 0xff, 0x70, 0x00,
    0x00, 0xef, 0xf5, 0x00, 0x00, 0x3f, 0xff, 0xff,
    0xff, 0xff, 0xff, 0xfb, 0x00, 0x00, 0x9f, 0xff,
    0xff, 0xff, 0xff, 0xff, 0xff, 0x10, 0x00, 0xef,
    0xff, 0xff, 0xff, 0xff, 0xff, 0xff, 0x60, 0x04,
    0xff, 0xf0, 0x00, 0x00, 0x00, 0x08, 0xff, 0xc0,
    0x0a, 0xff, 0xa0, 0x00, 0x00, 0x00, 0x02, 0xff,
    0xf1, 0x0f, 0xff, 0x40, 0x00, 0x00, 0x00, 0x00,
    0xdf, 0xf7, 0x5f, 0xfe, 0x00, 0x00, 0x00, 0x00,
    0x00, 0x7f, 0xfd,

    /* U+0042 "B" */
    0xef, 0xff, 0xff, 0xfe, 0xd9, 0x20, 0x00, 0xef,
    0xff, 0xff, 0xff, 0xff, 0xf6, 0x00, 0xef, 0xff,
    0xff, 0xff, 0xff, 0xff, 0x20, 0xef, 0xf7, 0x11,
    0x13, 0xaf, 0xff, 0x90, 0xef, 0xf6, 0x00, 0x00,
    0x0c, 0xff, 0xb0, 0xef, 0xf6, 0x00, 0x00, 0x08,
    0xff, 0xc0, 0xef, 0xf6, 0x00, 0x00, 0x0a, 0xff,
    0xa0, 0xef, 0xf6, 0x00, 0x01, 0x7f, 0xff, 0x40,
    0xef, 0xff, 0xff, 0xff, 0xff, 0xf9, 0x00, 0xef,
    0xff, 0xff, 0xff, 0xff, 0xf1, 0x00, 0xef, 0xff,
    0xee, 0xef, 0xff, 0xfe, 0x20, 0xef, 0xf6, 0x00,
    0x00, 0x1b, 0xff, 0xd0, 0xef, 0xf6, 0x00, 0x00,
    0x01, 0xff, 0xf3, 0xef, 0xf6, 0x00, 0x00, 0x00,
    0xef, 0xf6, 0xef, 0xf6, 0x00, 0x00, 0x03, 0xff,
    0xf5, 0xef, 0xf7, 0x11, 0x12, 0x5e, 0xff, 0xf2,
    0xef, 0xff, 0xff, 0xff, 0xff, 0xff, 0xc0, 0xef,
    0xff, 0xff, 0xff, 0xff, 0xfd, 0x10, 0xef, 0xff,
    0xff, 0xff, 0xeb, 0x60, 0x00,

    /* U+0043 "C" */
    0x00, 0x00, 0x00, 0x39, 0xde, 0xff, 0xd9, 0x40,
    0x00, 0x00, 0x00, 0x00, 0x2c, 0xff, 0xff, 0xff,
    0xff, 0xfc, 0x20, 0x00, 0x00, 0x04, 0xff, 0xff,
    0xff, 0xff, 0xff, 0xff, 0xf4, 0x00, 0x00, 0x3f,
    0xff, 0xfd, 0x64, 0x23, 0x7d, 0xff, 0xff, 0x20,
    0x00, 0xdf, 0xff, 0x70, 0x00, 0x00, 0x00, 0x7f,
    0xff, 0xc0, 0x06, 0xff, 0xf6, 0x00, 0x00, 0x00,
    0x00, 0x06, 0xe9, 0x40, 0x0c, 0xff, 0xc0, 0x00,
    0x00, 0x00, 0x00, 0x00, 0x00, 0x00, 0x0f, 0xff,
    0x60, 0x00, 0x00, 0x00, 0x00, 0x00, 0x00, 0x00,
    0x2f, 0xff, 0x20, 0x00, 0x00, 0x00, 0x00, 0x00,
    0x00, 0x00, 0x3f, 0xff, 0x10, 0x00, 0x00, 0x00,
    0x00, 0x00, 0x00, 0x00, 0x3f, 0xff, 0x20, 0x00,
    0x00, 0x00, 0x00, 0x00, 0x00, 0x00, 0x0f, 0xff,
    0x60, 0x00, 0x00, 0x00, 0x00, 0x00, 0x00, 0x00,
    0x0d, 0xff, 0xc0, 0x00, 0x00, 0x00, 0x00, 0x00,
    0x00, 0x00, 0x07, 0xff, 0xf6, 0x00, 0x00, 0x00,
    0x00, 0x06, 0xe9, 0x40, 0x01, 0xef, 0xff, 0x70,
    0x00, 0x00, 0x00, 0x7f, 0xff, 0xc0, 0x00, 0x3f,
    0xff, 0xfd, 0x63, 0x23, 0x7d, 0xff, 0xff, 0x20,
    0x00, 0x05, 0xff, 0xff, 0xff, 0xff, 0xff, 0xff,
    0xf4, 0x00, 0x00, 0x00, 0x2d, 0xff, 0xff, 0xff,
    0xff, 0xfc, 0x20, 0x00, 0x00, 0x00, 0x00, 0x4a,
    0xdf, 0xff, 0xd9, 0x40, 0x00, 0x00,

    /* U+0044 "D" */
    0xef, 0xff, 0xff, 0xff, 0xd9, 0x40, 0x00, 0x00,
    0x0e, 0xff, 0xff, 0xff, 0xff, 0xff, 0xd2, 0x00,
    0x00, 0xef, 0xff, 0xff, 0xff, 0xff, 0xff, 0xf5,
    0x00, 0x0e, 0xff, 0x71, 0x11, 0x36, 0xcf, 0xff,
    0xf3, 0x00, 0xef, 0xf6, 0x00, 0x00, 0x00, 0x7f,
    0xff, 0xd0, 0x0e, 0xff, 0x60, 0x00, 0x00, 0x00,
    0x7f, 0xff, 0x50, 0xef, 0xf6, 0x00, 0x00, 0x00,
    0x00, 0xef, 0xfb, 0x0e, 0xff, 0x60, 0x00, 0x00,
    0x00, 0x08, 0xff, 0xe0, 0xef, 0xf6, 0x00, 0x00,
    0x00, 0x00, 0x6f, 0xff, 0x0e, 0xff, 0x60, 0x00,
    0x00, 0x00, 0x04, 0xff, 0xf1, 0xef, 0xf6, 0x00,
    0x00, 0x00, 0x00, 0x5f, 0xff, 0x0e, 0xff, 0x60,
    0x00, 0x00, 0x00, 0x08, 0xff, 0xe0, 0xef, 0xf6,
    0x00, 0x00, 0x00, 0x00, 0xdf, 0xfb, 0x0e, 0xff,
    0x60, 0x00, 0x00, 0x00, 0x6f, 0xff, 0x60, 0xef,
    0xf6, 0x00, 0x00, 0x00, 0x6f, 0xff, 0xe0, 0x0e,
    0xff, 0x71, 0x11, 0x36, 0xcf, 0xff, 0xf5, 0x00,
    0xef, 0xff, 0xff, 0xff, 0xff, 0xff, 0xf6, 0x00,
    0x0e, 0xff, 0xff, 0xff, 0xff, 0xff, 0xd4, 0x00,
    0x00, 0xef, 0xff, 0xff, 0xff, 0xda, 0x50, 0x00,
    0x00, 0x00,

    /* U+0045 "E" */
    0xef, 0xff, 0xff, 0xff, 0xff, 0xfe, 0xef, 0xff,
    0xff, 0xff, 0xff, 0xfe, 0xef, 0xff, 0xff, 0xff,
    0xff, 0xfe, 0xef, 0xf7, 0x11, 0x11, 0x11, 0x11,
    0xef, 0xf6, 0x00, 0x00, 0x00, 0x00, 0xef, 0xf6,
    0x00, 0x00, 0x00, 0x00, 0xef, 0xf6, 0x00, 0x00,
    0x00, 0x00, 0xef, 0xf7, 0x11, 0x11, 0x11, 0x00,
    0xef, 0xff, 0xff, 0xff, 0xff, 0x40, 0xef, 0xff,
    0xff, 0xff, 0xff, 0x40, 0xef, 0xff, 0xff, 0xff,
    0xff, 0x40, 0xef, 0xf6, 0x00, 0x00, 0x00, 0x00,
    0xef, 0xf6, 0x00, 0x00, 0x00, 0x00, 0xef, 0xf6,
    0x00, 0x00, 0x00, 0x00, 0xef, 0xf6, 0x00, 0x00,
    0x00, 0x00, 0xef, 0xf7, 0x11, 0x11, 0x11, 0x11,
    0xef, 0xff, 0xff, 0xff, 0xff, 0xfe, 0xef, 0xff,
    0xff, 0xff, 0xff, 0xfe, 0xef, 0xff, 0xff, 0xff,
    0xff, 0xfe,

    /* U+0046 "F" */
    0xef, 0xff, 0xff, 0xff, 0xff, 0xfb, 0xef, 0xff,
    0xff, 0xff, 0xff, 0xfb, 0xef, 0xff, 0xff, 0xff,
    0xff, 0xfb, 0xef, 0xf7, 0x11, 0x11, 0x11, 0x10,
    0xef, 0xf6, 0x00, 0x00, 0x00, 0x00, 0xef, 0xf6,
    0x00, 0x00, 0x00, 0x00, 0xef, 0xf6, 0x00, 0x00,
    0x00, 0x00, 0xef, 0xf6, 0x00, 0x00, 0x00, 0x00,
    0xef, 0xff, 0xff, 0xff, 0xff, 0x20, 0xef, 0xff,
    0xff, 0xff, 0xff, 0x20, 0xef, 0xff, 0xff, 0xff,
    0xff, 0x20, 0xef, 0xf7, 0x11, 0x11, 0x11, 0x00,
    0xef, 0xf6, 0x00, 0x00, 0x00, 0x00, 0xef, 0xf6,
    0x00, 0x00, 0x00, 0x00, 0xef, 0xf6, 0x00, 0x00,
    0x00, 0x00, 0xef, 0xf6, 0x00, 0x00, 0x00, 0x00,
    0xef, 0xf6, 0x00, 0x00, 0x00, 0x00, 0xef, 0xf6,
    0x00, 0x00, 0x00, 0x00, 0xef, 0xf6, 0x00, 0x00,
    0x00, 0x00,

    /* U+0047 "G" */
    0x00, 0x00, 0x00, 0x39, 0xde, 0xff, 0xd9, 0x40,
    0x00, 0x00, 0x00, 0x00, 0x2c, 0xff, 0xff, 0xff,
    0xff, 0xfc, 0x20, 0x00, 0x00, 0x04, 0xff, 0xff,
    0xff, 0xff, 0xff, 0xff, 0xe3, 0x00, 0x00, 0x3f,
    0xff, 0xfd, 0x64, 0x23, 0x7c, 0xff, 0xff, 0x20,
    0x00, 0xdf, 0xff, 0x70, 0x00, 0x00, 0x00, 0x6f,
    0xff, 0xc0, 0x06, 0xff, 0xf6, 0x00, 0x00, 0x00,
    0x00, 0x05, 0xc7, 0x20, 0x0c, 0xff, 0xc0, 0x00,
    0x00, 0x00, 0x00, 0x00, 0x00, 0x00, 0x0f, 0xff,
    0x60, 0x00, 0x00, 0x00, 0x00, 0x00, 0x00, 0x00,
    0x2f, 0xff, 0x20, 0x00, 0x00, 0x00, 0x00, 0x00,
    0x00, 0x00, 0x3f, 0xff, 0x10, 0x00, 0x00, 0xdf,
    0xff, 0xff, 0xff, 0xf9, 0x3f, 0xff, 0x20, 0x00,
    0x00, 0xdf, 0xff, 0xff, 0xff, 0xfb, 0x1f, 0xff,
    0x50, 0x00, 0x00, 0xdf, 0xff, 0xff, 0xff, 0xf9,
    0x0d, 0xff, 0xc0, 0x00, 0x00, 0x00, 0x00, 0x00,
    0xdf, 0xf7, 0x07, 0xff, 0xf6, 0x00, 0x00, 0x00,
    0x00, 0x07, 0xff, 0xf2, 0x00, 0xef, 0xff, 0x60,
    0x00, 0x00, 0x00, 0x7f, 0xff, 0x90, 0x00, 0x3f,
    0xff, 0xfc, 0x63, 0x13, 0x6d, 0xff, 0xfd, 0x10,
    0x00, 0x05, 0xff, 0xff, 0xff, 0xff, 0xff, 0xff,
    0xd2, 0x00, 0x00, 0x00, 0x2d, 0xff, 0xff, 0xff,
    0xff, 0xfa, 0x10, 0x00, 0x00, 0x00, 0x00, 0x4a,
    0xdf, 0xfe, 0xc8, 0x20, 0x00, 0x00,

    /* U+0048 "H" */
    0xef, 0xf6, 0x00, 0x00, 0x00, 0x00, 0xff, 0xf3,
    0xef, 0xf6, 0x00, 0x00, 0x00, 0x00, 0xff, 0xf3,
    0xef, 0xf6, 0x00, 0x00, 0x00, 0x00, 0xff, 0xf3,
    0xef, 0xf6, 0x00, 0x00, 0x00, 0x00, 0xff, 0xf3,
    0xef, 0xf6, 0x00, 0x00, 0x00, 0x00, 0xff, 0xf3,
    0xef, 0xf6, 0x00, 0x00, 0x00, 0x00, 0xff, 0xf3,
    0xef, 0xf6, 0x00, 0x00, 0x00, 0x00, 0xff, 0xf3,
    0xef, 0xf6, 0x00, 0x00, 0x00, 0x00, 0xff, 0xf3,
    0xef, 0xff, 0xff, 0xff, 0xff, 0xff, 0xff, 0xf3,
    0xef, 0xff, 0xff, 0xff, 0xff, 0xff, 0xff, 0xf3,
    0xef, 0xff, 0xff, 0xff, 0xff, 0xff, 0xff, 0xf3,
    0xef, 0xf7, 0x11, 0x11, 0x11, 0x12, 0xff, 0xf3,
    0xef, 0xf6, 0x00, 0x00, 0x00, 0x00, 0xff, 0xf3,
    0xef, 0xf6, 0x00, 0x00, 0x00, 0x00, 0xff, 0xf3,
    0xef, 0xf6, 0x00, 0x00, 0x00, 0x00, 0xff, 0xf3,
    0xef, 0xf6, 0x00, 0x00, 0x00, 0x00, 0xff, 0xf3,
    0xef, 0xf6, 0x00, 0x00, 0x00, 0x00, 0xff, 0xf3,
    0xef, 0xf6, 0x00, 0x00, 0x00, 0x00, 0xff, 0xf3,
    0xef, 0xf6, 0x00, 0x00, 0x00, 0x00, 0xff, 0xf3,

    /* U+0049 "I" */
    0xef, 0xf6, 0xef, 0xf6, 0xef, 0xf6, 0xef, 0xf6,
    0xef, 0xf6, 0xef, 0xf6, 0xef, 0xf6, 0xef, 0xf6,
    0xef, 0xf6, 0xef, 0xf6, 0xef, 0xf6, 0xef, 0xf6,
    0xef, 0xf6, 0xef, 0xf6, 0xef, 0xf6, 0xef, 0xf6,
    0xef, 0xf6, 0xef, 0xf6, 0xef, 0xf6,

    /* U+004A "J" */
    0x00, 0x00, 0x00, 0x00, 0x4f, 0xff, 0x00, 0x00,
    0x00, 0x00, 0x04, 0xff, 0xf0, 0x00, 0x00, 0x00,
    0x00, 0x4f, 0xff, 0x00, 0x00, 0x00, 0x00, 0x04,
    0xff, 0xf0, 0x00, 0x00, 0x00, 0x00, 0x4f, 0xff,
    0x00, 0x00, 0x00, 0x00, 0x04, 0xff, 0xf0, 0x00,
    0x00, 0x00, 0x00, 0x4f, 0xff, 0x00, 0x00, 0x00,
    0x00, 0x04, 0xff, 0xf0, 0x00, 0x00, 0x00, 0x00,
    0x4f, 0xff, 0x00, 0x00, 0x00, 0x00, 0x04, 0xff,
    0xf0, 0x00, 0x00, 0x00, 0x00, 0x4f, 0xff, 0x00,
    0x00, 0x00, 0x00, 0x04, 0xff, 0xf0, 0xdf, 0xf6,
    0x00, 0x00, 0x4f, 0xff, 0x0d, 0xff, 0x70, 0x00,
    0x05, 0xff, 0xf0, 0xbf, 0xfb, 0x00, 0x00, 0x9f,
    0xfd, 0x07, 0xff, 0xf9, 0x32, 0x7f, 0xff, 0x80,
    0x1e, 0xff, 0xff, 0xff, 0xff, 0xf2, 0x00, 0x4e,
    0xff, 0xff, 0xff, 0xf4, 0x00, 0x00, 0x18, 0xdf,
    0xfd, 0x82, 0x00, 0x00,

    /* U+004B "K" */
    0xef, 0xf6, 0x00, 0x00, 0x00, 0x7f, 0xff, 0x90,
    0xef, 0xf6, 0x00, 0x00, 0x06, 0xff, 0xf9, 0x00,
    0xef, 0xf6, 0x00, 0x00, 0x6f, 0xff, 0xa0, 0x00,
    0xef, 0xf6, 0x00, 0x05, 0xff, 0xfb, 0x00, 0x00,
    0xef, 0xf6, 0x00, 0x4f, 0xff, 0xc0, 0x00, 0x00,
    0xef, 0xf6, 0x03, 0xff, 0xfc, 0x00, 0x00, 0x00,
    0xef, 0xf6, 0x3f, 0xff, 0xd1, 0x00, 0x00, 0x00,
    0xef, 0xf8, 0xef, 0xfd, 0x10, 0x00, 0x00, 0x00,
    0xef, 0xff, 0xff, 0xe1, 0x00, 0x00, 0x00, 0x00,
    0xef, 0xff, 0xff, 0x60, 0x00, 0x00, 0x00, 0x00,
    0xef, 0xff, 0xff, 0xf3, 0x00, 0x00, 0x00, 0x00,
    0xef, 0xf9, 0xff, 0xff, 0x30, 0x00, 0x00, 0x00,
    0xef, 0xf6, 0x3f, 0xff, 0xe2, 0x00, 0x00, 0x00,
    0xef, 0xf6, 0x04, 0xff, 0xfe, 0x10, 0x00, 0x00,
    0xef, 0xf6, 0x00, 0x5f, 0xff, 0xd1, 0x00, 0x00,
    0xef, 0xf6, 0x00, 0x06, 0xff, 0xfd, 0x10, 0x00,
    0xef, 0xf6, 0x00, 0x00, 0x7f, 0xff, 0xc0, 0x00,
    0xef, 0xf6, 0x00, 0x00, 0x08, 0xff, 0xfb, 0x00,
    0xef, 0xf6, 0x00, 0x00, 0x00, 0x9f, 0xff, 0xa0,

    /* U+004C "L" */
    0xef, 0xf6, 0x00, 0x00, 0x00, 0x00, 0xef, 0xf6,
    0x00, 0x00, 0x00, 0x00, 0xef, 0xf6, 0x00, 0x00,
    0x00, 0x00, 0xef, 0xf6, 0x00, 0x00, 0x00, 0x00,
    0xef, 0xf6, 0x00, 0x00, 0x00, 0x00, 0xef, 0xf6,
    0x00, 0x00, 0x00, 0x00, 0xef, 0xf6, 0x00, 0x00,
    0x00, 0x00, 0xef, 0xf6, 0x00, 0x00, 0x00, 0x00,
    0xef, 0xf6, 0x00, 0x00, 0x00, 0x00, 0xef, 0xf6,
    0x00, 0x00, 0x00, 0x00, 0xef, 0xf6, 0x00, 0x00,
    0x00, 0x00, 0xef, 0xf6, 0x00, 0x00, 0x00, 0x00,
    0xef, 0xf6, 0x00, 0x00, 0x00, 0x00, 0xef, 0xf6,
    0x00, 0x00, 0x00, 0x00, 0xef, 0xf6, 0x00, 0x00,
    0x00, 0x00, 0xef, 0xf7, 0x11, 0x11, 0x11, 0x10,
    0xef, 0xff, 0xff, 0xff, 0xff, 0xf5, 0xef, 0xff,
    0xff, 0xff, 0xff, 0xf5, 0xef, 0xff, 0xff, 0xff,
    0xff, 0xf5,

    /* U+004D "M" */
    0x00, 0x00, 0xcf, 0xf6, 0x00, 0x00, 0x00, 0x00,
    0x0e, 0xff, 0x30, 0x00, 0x00, 0x00, 0xff, 0xfc,
    0x00, 0x00, 0x00, 0x00, 0x5f, 0xff, 0x60, 0x00,
    0x00, 0x02, 0xff, 0xff, 0x20, 0x00, 0x00, 0x00,
    0xbf, 0xff, 0x90, 0x00, 0x00, 0x05, 0xff, 0xff,
    0x70, 0x00, 0x00, 0x01, 0xff, 0xff, 0xb0, 0x00,
    0x00, 0x08, 0xff, 0xff, 0xd0, 0x00, 0x00, 0x06,
    0xff, 0xff, 0xe0, 0x00, 0x00, 0x0a, 0xff, 0xff,
    0xf3, 0x00, 0x00, 0x0c, 0xff, 0xff, 0xf1, 0x00,
    0x00, 0x0d, 0xff, 0x9f, 0xf9, 0x00, 0x00, 0x2f,
    0xfd, 0xcf, 0xf4, 0x00, 0x00, 0x0f, 0xff, 0x2f,
    0xfe, 0x00, 0x00, 0x8f, 0xf8, 0xaf, 0xf7, 0x00,
    0x00, 0x3f, 0xfe, 0x0c, 0xff, 0x40, 0x00, 0xdf,
    0xf3, 0x7f, 0xfa, 0x00, 0x00, 0x6f, 0xfc, 0x07,
    0xff, 0xa0, 0x03, 0xff, 0xe0, 0x5f, 0xfd, 0x00,
    0x00, 0x9f, 0xf9, 0x02, 0xff, 0xf0, 0x09, 0xff,
    0x80, 0x2f, 0xff, 0x00, 0x00, 0xcf, 0xf7, 0x00,
    0xcf, 0xf6, 0x0f, 0xff, 0x20, 0x0f, 0xff, 0x30,
    0x00, 0xff, 0xf4, 0x00, 0x6f, 0xfb, 0x5f, 0xfd,
    0x00, 0x0d, 0xff, 0x60, 0x02, 0xff, 0xf1, 0x00,
    0x1f, 0xff, 0xcf, 0xf7, 0x00, 0x0b, 0xff, 0x90,
    0x05, 0xff, 0xf0, 0x00, 0x0a, 0xff, 0xff, 0xf1,
    0x00, 0x08, 0xff, 0xc0, 0x07, 0xff, 0xc0, 0x00,
    0x05, 0xff, 0xff, 0xb0, 0x00, 0x05, 0xff, 0xe0,
    0x0a, 0xff, 0x90, 0x00, 0x00, 0xef, 0xff, 0x50,
    0x00, 0x03, 0xff, 0xf1, 0x0d, 0xff, 0x70, 0x00,
    0x00, 0x9f, 0xff, 0x00, 0x00, 0x00, 0xff, 0xf4,
    0x0f, 0xff, 0x40, 0x00, 0x00, 0x3f, 0xfa, 0x00,
    0x00, 0x00, 0xdf, 0xf7,

    /* U+004E "N" */
    0xef, 0xf5, 0x00, 0x00, 0x00, 0x00, 0x0f, 0xff,
    0x4e, 0xff, 0xf2, 0x00, 0x00, 0x00, 0x00, 0xff,
    0xf4, 0xef, 0xff, 0xd0, 0x00, 0x00, 0x00, 0x0f,
    0xff, 0x4e, 0xff, 0xff, 0x90, 0x00, 0x00, 0x00,
    0xff, 0xf4, 0xef, 0xff, 0xff, 0x60, 0x00, 0x00,
    0x0f, 0xff, 0x4e, 0xff, 0xff, 0xff, 0x20, 0x00,
    0x00, 0xff, 0xf4, 0xef, 0xf8, 0xff, 0xfd, 0x00,
    0x00, 0x0f, 0xff, 0x4e, 0xff, 0x66, 0xff, 0xfa,
    0x00, 0x00, 0xff, 0xf4, 0xef, 0xf6, 0x09, 0xff,
    0xf6, 0x00, 0x0f, 0xff, 0x4e, 0xff, 0x60, 0x0d,
    0xff, 0xf3, 0x00, 0xff, 0xf4, 0xef, 0xf6, 0x00,
    0x2f, 0xff, 0xd0, 0x0f, 0xff, 0x4e, 0xff, 0x60,
    0x00, 0x5f, 0xff, 0xa0, 0xff, 0xf4, 0xef, 0xf6,
    0x00, 0x00, 0x8f, 0xff, 0x6f, 0xff, 0x4e, 0xff,
    0x60, 0x00, 0x00, 0xcf, 0xff, 0xff, 0xf4, 0xef,
    0xf6, 0x00, 0x00, 0x01, 0xef, 0xff, 0xff, 0x4e,
    0xff, 0x60, 0x00, 0x00, 0x04, 0xff, 0xff, 0xf4,
    0xef, 0xf6, 0x00, 0x00, 0x00, 0x08, 0xff, 0xff,
    0x4e, 0xff, 0x60, 0x00, 0x00, 0x00, 0x0b, 0xff,
    0xf4, 0xef, 0xf6, 0x00, 0x00, 0x00, 0x00, 0x1e,
    0xff, 0x40,

    /* U+004F "O" */
    0x00, 0x00, 0x00, 0x38, 0xce, 0xfe, 0xd9, 0x40,
    0x00, 0x00, 0x00, 0x00, 0x02, 0xbf, 0xff, 0xff,
    0xff, 0xff, 0xc3, 0x00, 0x00, 0x00, 0x04, 0xef,
    0xff, 0xff, 0xff, 0xff, 0xff, 0xf6, 0x00, 0x00,
    0x03, 0xff, 0xff, 0xe8, 0x43, 0x46, 0xcf, 0xff,
    0xf5, 0x00, 0x00, 0xdf, 0xff, 0x80, 0x00, 0x00,
    0x00, 0x5f, 0xff, 0xf1, 0x00, 0x6f, 0xff, 0x70,
    0x00, 0x00, 0x00, 0x00, 0x4f, 0xff, 0x90, 0x0c,
    0xff, 0xc0, 0x00, 0x00, 0x00, 0x00, 0x00, 0x9f,
    0xfe, 0x00, 0xff, 0xf6, 0x00, 0x00, 0x00, 0x00,
    0x00, 0x02, 0xff, 0xf3, 0x2f, 0xff, 0x20, 0x00,
    0x00, 0x00, 0x00, 0x00, 0x0f, 0xff, 0x53, 0xff,
    0xf1, 0x00, 0x00, 0x00, 0x00, 0x00, 0x00, 0xef,
    0xf6, 0x2f, 0xff, 0x20, 0x00, 0x00, 0x00, 0x00,
    0x00, 0x0f, 0xff, 0x50, 0xff, 0xf6, 0x00, 0x00,
    0x00, 0x00, 0x00, 0x03, 0xff, 0xf3, 0x0c, 0xff,
    0xc0, 0x00, 0x00, 0x00, 0x00, 0x00, 0x9f, 0xfe,
    0x00, 0x6f, 0xff, 0x70, 0x00, 0x00, 0x00, 0x00,
    0x4f, 0xff, 0x90, 0x00, 0xdf, 0xff, 0x80, 0x00,
    0x00, 0x00, 0x5f, 0xff, 0xf1, 0x00, 0x02, 0xff,
    0xff, 0xe8, 0x43, 0x46, 0xcf, 0xff, 0xf5, 0x00,
    0x00, 0x04, 0xef, 0xff, 0xff, 0xff, 0xff, 0xff,
    0xf6, 0x00, 0x00, 0x00, 0x01, 0xbf, 0xff, 0xff,
    0xff, 0xff, 0xc3, 0x00, 0x00, 0x00, 0x00, 0x00,
    0x38, 0xce, 0xfe, 0xd9, 0x40, 0x00, 0x00, 0x00,

    /* U+0050 "P" */
    0xef, 0xff, 0xff, 0xfe, 0xd8, 0x20, 0x00, 0xef,
    0xff, 0xff, 0xff, 0xff, 0xf5, 0x00, 0xef, 0xff,
    0xff, 0xff, 0xff, 0xff, 0x40, 0xef, 0xf7, 0x11,
    0x13, 0x8f, 0xff, 0xe0, 0xef, 0xf6, 0x00, 0x00,
    0x04, 0xff, 0xf5, 0xef, 0xf6, 0x00, 0x00, 0x00,
    0xdf, 0xf8, 0xef, 0xf6, 0x00, 0x00, 0x00, 0xbf,
    0xfa, 0xef, 0xf6, 0x00, 0x00, 0x00, 0xdf, 0xf8,
    0xef, 0xf6, 0x00, 0x00, 0x04, 0xff, 0xf5, 0xef,
    0xf6, 0x00, 0x02, 0x7f, 0xff, 0xf0, 0xef, 0xff,
    0xff, 0xff, 0xff, 0xff, 0x60, 0xef, 0xff, 0xff,
    0xff, 0xff, 0xf7, 0x00, 0xef, 0xff, 0xff, 0xff,
    0xea, 0x30, 0x00, 0xef, 0xf7, 0x11, 0x10, 0x00,
    0x00, 0x00, 0xef, 0xf6, 0x00, 0x00, 0x00, 0x00,
    0x00, 0xef, 0xf6, 0x00, 0x00, 0x00, 0x00, 0x00,
    0xef, 0xf6, 0x00, 0x00, 0x00, 0x00, 0x00, 0xef,
    0xf6, 0x00, 0x00, 0x00, 0x00, 0x00, 0xef, 0xf6,
    0x00, 0x00, 0x00, 0x00, 0x00,

    /* U+0051 "Q" */
    0x00, 0x00, 0x00, 0x38, 0xce, 0xfe, 0xd9, 0x40,
    0x00, 0x00, 0x00, 0x00, 0x02, 0xbf, 0xff, 0xff,
    0xff, 0xff, 0xc3, 0x00, 0x00, 0x00, 0x04, 0xef,
    0xff, 0xff, 0xff, 0xff, 0xff, 0xf6, 0x00, 0x00,
    0x03, 0xff, 0xff, 0xe8, 0x43, 0x46, 0xcf, 0xff,
    0xf5, 0x00, 0x00, 0xdf, 0xff, 0x80, 0x00, 0x00,
    0x00, 0x5f, 0xff, 0xf1, 0x00, 0x6f, 0xff, 0x70,
    0x00, 0x00, 0x00, 0x00, 0x4f, 0xff, 0x90, 0x0c,
    0xff, 0xc0, 0x00, 0x00, 0x00, 0x00, 0x00, 0x9f,
    0xfe, 0x00, 0xff, 0xf6, 0x00, 0x00, 0x00, 0x00,
    0x00, 0x02, 0xff, 0xf3, 0x2f, 0xff, 0x20, 0x00,
    0x00, 0x00, 0x00, 0x00, 0x0f, 0xff, 0x53, 0xff,
    0xf1, 0x00, 0x00, 0x00, 0x00, 0x00, 0x00, 0xef,
    0xf6, 0x2f, 0xff, 0x20, 0x00, 0x00, 0x02, 0x22,
    0x00, 0x0f, 0xff, 0x50, 0xff, 0xf6, 0x00, 0x00,
    0x00, 0xdf, 0xf7, 0x03, 0xff, 0xf3, 0x0c, 0xff,
    0xc0, 0x00, 0x00, 0x04, 0xff, 0xf1, 0x9f, 0xfe,
    0x00, 0x6f, 0xff, 0x70, 0x00, 0x00, 0x0b, 0xff,
    0xff, 0xff, 0x90, 0x00, 0xdf, 0xff, 0x80, 0x00,
    0x00, 0x1f, 0xff, 0xff, 0xf1, 0x00, 0x02, 0xff,
    0xff, 0xe8, 0x43, 0x46, 0xff, 0xff, 0xf5, 0x00,
    0x00, 0x04, 0xef, 0xff, 0xff, 0xff, 0xff, 0xff,
    0xfe, 0x00, 0x00, 0x00, 0x01, 0xbf, 0xff, 0xff,
    0xff, 0xff, 0xff, 0xf1, 0x00, 0x00, 0x00, 0x00,
    0x38, 0xce, 0xfe, 0xd9, 0x4a, 0xff, 0xb0, 0x00,
    0x00, 0x00, 0x00, 0x00, 0x00, 0x00, 0x00, 0x1f,
    0xff, 0x40,

    /* U+0052 "R" */
    0xef, 0xff, 0xff, 0xff, 0xd9, 0x30, 0x00, 0x0e,
    0xff, 0xff, 0xff, 0xff, 0xff, 0x80, 0x00, 0xef,
    0xff, 0xff, 0xff, 0xff, 0xff, 0x70, 0x0e, 0xff,
    0x71, 0x11, 0x36, 0xef, 0xff, 0x20, 0xef, 0xf6,
    0x00, 0x00, 0x01, 0xff, 0xf8, 0x0e, 0xff, 0x60,
    0x00, 0x00, 0x09, 0xff, 0xc0, 0xef, 0xf6, 0x00,
    0x00, 0x00, 0x8f, 0xfd, 0x0e, 0xff, 0x60, 0x00,
    0x00, 0x09, 0xff, 0xc0, 0xef, 0xf6, 0x00, 0x00,
    0x02, 0xff, 0xf9, 0x0e, 0xff, 0x71, 0x11, 0x37,
    0xef, 0xff, 0x20, 0xef, 0xff, 0xff, 0xff, 0xff,
    0xff, 0x80, 0x0e, 0xff, 0xff, 0xff, 0xff, 0xff,
    0x80, 0x00, 0xef, 0xff, 0xff, 0xff, 0xff, 0x80,
    0x00, 0x0e, 0xff, 0x60, 0x00, 0xaf, 0xfd, 0x00,
    0x00, 0xef, 0xf6, 0x00, 0x01, 0xff, 0xf7, 0x00,
    0x0e, 0xff, 0x60, 0x00, 0x08, 0xff, 0xf1, 0x00,
    0xef, 0xf6, 0x00, 0x00, 0x0e, 0xff, 0xa0, 0x0e,
    0xff, 0x60, 0x00, 0x00, 0x5f, 0xff, 0x30, 0xef,
    0xf6, 0x00, 0x00, 0x00, 0xcf, 0xfc, 0x00,

    /* U+0053 "S" */
    0x00, 0x00, 0x39, 0xdf, 0xfd, 0xa3, 0x00, 0x00,
    0x00, 0x9f, 0xff, 0xff, 0xff, 0xfa, 0x00, 0x00,
    0x8f, 0xff, 0xff, 0xff, 0xff, 0xfb, 0x00, 0x0f,
    0xff, 0xd5, 0x33, 0x6d, 0xff, 0xc1, 0x03, 0xff,
    0xf1, 0x00, 0x00, 0x0a, 0x70, 0x00, 0x4f, 0xff,
    0x00, 0x00, 0x00, 0x00, 0x00, 0x02, 0xff, 0xf7,
    0x00, 0x00, 0x00, 0x00, 0x00, 0x0c, 0xff, 0xfb,
    0x51, 0x00, 0x00, 0x00, 0x00, 0x2d, 0xff, 0xff,
    0xfc, 0x81, 0x00, 0x00, 0x00, 0x19, 0xff, 0xff,
    0xff, 0xf9, 0x00, 0x00, 0x00, 0x00, 0x5a, 0xef,
    0xff, 0xfc, 0x00, 0x00, 0x00, 0x00, 0x00, 0x3c,
    0xff, 0xf6, 0x00, 0x00, 0x00, 0x00, 0x00, 0x0c,
    0xff, 0xb0, 0x07, 0xc0, 0x00, 0x00, 0x00, 0x8f,
    0xfc, 0x0d, 0xff, 0xb0, 0x00, 0x00, 0x0b, 0xff,
    0xb0, 0x8f, 0xff, 0xd6, 0x31, 0x3a, 0xff, 0xf7,
    0x00, 0xbf, 0xff, 0xff, 0xff, 0xff, 0xfd, 0x00,
    0x00, 0x9f, 0xff, 0xff, 0xff, 0xfc, 0x10, 0x00,
    0x00, 0x29, 0xdf, 0xfe, 0xb5, 0x00, 0x00,

    /* U+0054 "T" */
    0xbf, 0xff, 0xff, 0xff, 0xff, 0xff, 0xff, 0xf7,
    0xbf, 0xff, 0xff, 0xff, 0xff, 0xff, 0xff, 0xf7,
    0xbf, 0xff, 0xff, 0xff, 0xff, 0xff, 0xff, 0xf7,
    0x01, 0x11, 0x11, 0xff, 0xf7, 0x11, 0x11, 0x10,
    0x00, 0x00, 0x00, 0xef, 0xf6, 0x00, 0x00, 0x00,
    0x00, 0x00, 0x00, 0xef, 0xf6, 0x00, 0x00, 0x00,
    0x00, 0x00, 0x00, 0xef, 0xf6, 0x00, 0x00, 0x00,
    0x00, 0x00, 0x00, 0xef, 0xf6, 0x00, 0x00, 0x00,
    0x00, 0x00, 0x00, 0xef, 0xf6, 0x00, 0x00, 0x00,
    0x00, 0x00, 0x00, 0xef, 0xf6, 0x00, 0x00, 0x00,
    0x00, 0x00, 0x00, 0xef, 0xf6, 0x00, 0x00, 0x00,
    0x00, 0x00, 0x00, 0xef, 0xf6, 0x00, 0x00, 0x00,
    0x00, 0x00, 0x00, 0xef, 0xf6, 0x00, 0x00, 0x00,
    0x00, 0x00, 0x00, 0xef, 0xf6, 0x00, 0x00, 0x00,
    0x00, 0x00, 0x00, 0xef, 0xf6, 0x00, 0x00, 0x00,
    0x00, 0x00, 0x00, 0xef, 0xf6, 0x00, 0x00, 0x00,
    0x00, 0x00, 0x00, 0xef, 0xf6, 0x00, 0x00, 0x00,
    0x00, 0x00, 0x00, 0xef, 0xf6, 0x00, 0x00, 0x00,
    0x00, 0x00, 0x00, 0xef, 0xf6, 0x00, 0x00, 0x00,

    /* U+0055 "U" */
    0xff, 0xf4, 0x00, 0x00, 0x00, 0x03, 0xff, 0xf0,
    0xff, 0xf4, 0x00, 0x00, 0x00, 0x03, 0xff, 0xf0,
    0xff, 0xf4, 0x00, 0x00, 0x00, 0x03, 0xff, 0xf0,
    0xff, 0xf4, 0x00, 0x00, 0x00, 0x03, 0xff, 0xf0,
    0xff, 0xf4, 0x00, 0x00, 0x00, 0x03, 0xff, 0xf0,
    0xff, 0xf4, 0x00, 0x00, 0x00, 0x03, 0xff, 0xf0,
    0xff, 0xf4, 0x00, 0x00, 0x00, 0x03, 0xff, 0xf0,
    0xff, 0xf4, 0x00, 0x00, 0x00, 0x03, 0xff, 0xf0,
    0xff, 0xf4, 0x00, 0x00, 0x00, 0x03, 0xff, 0xf0,
    0xff, 0xf4, 0x00, 0x00, 0x00, 0x03, 0xff, 0xf0,
    0xff, 0xf4, 0x00, 0x00, 0x00, 0x03, 0xff, 0xf0,
    0xff, 0xf4, 0x00, 0x00, 0x00, 0x03, 0xff, 0xf0,
    0xef, 0xf6, 0x00, 0x00, 0x00, 0x05, 0xff, 0xe0,
    0xcf, 0xfb, 0x00, 0x00, 0x00, 0x0a, 0xff, 0xd0,
    0x7f, 0xff, 0x50, 0x00, 0x00, 0x4f, 0xff, 0x80,
    0x1f, 0xff, 0xf9, 0x42, 0x38, 0xff, 0xff, 0x20,
    0x05, 0xff, 0xff, 0xff, 0xff, 0xff, 0xf6, 0x00,
    0x00, 0x6f, 0xff, 0xff, 0xff, 0xff, 0x60, 0x00,
    0x00, 0x01, 0x7c, 0xef, 0xec, 0x71, 0x00, 0x00,

    /* U+0056 "V" */
    0x9f, 0xfb, 0x00, 0x00, 0x00, 0x00, 0x00, 0xbf,
    0xf9, 0x3f, 0xff, 0x10, 0x00, 0x00, 0x00, 0x01,
    0xff, 0xf3, 0x0d, 0xff, 0x70, 0x00, 0x00, 0x00,
    0x06, 0xff, 0xd0, 0x08, 0xff, 0xc0, 0x00, 0x00,
    0x00, 0x0c, 0xff, 0x80, 0x02, 0xff, 0xf2, 0x00,
    0x00, 0x00, 0x2f, 0xff, 0x20, 0x00, 0xdf, 0xf7,
    0x00, 0x00, 0x00, 0x7f, 0xfd, 0x00, 0x00, 0x7f,
    0xfd, 0x00, 0x00, 0x00, 0xdf, 0xf7, 0x00, 0x00,
    0x1f, 0xff, 0x30, 0x00, 0x02, 0xff, 0xf1, 0x00,
    0x00, 0x0c, 0xff, 0x80, 0x00, 0x08, 0xff, 0xc0,
    0x00, 0x00, 0x06, 0xff, 0xe0, 0x00, 0x0e, 0xff,
    0x60, 0x00, 0x00, 0x01, 0xff, 0xf3, 0x00, 0x3f,
    0xff, 0x10, 0x00, 0x00, 0x00, 0xbf, 0xf9, 0x00,
    0x9f, 0xfb, 0x00, 0x00, 0x00, 0x00, 0x5f, 0xfe,
    0x00, 0xef, 0xf5, 0x00, 0x00, 0x00, 0x00, 0x0f,
    0xff, 0x44, 0xff, 0xf0, 0x00, 0x00, 0x00, 0x00,
    0x0a, 0xff, 0xaa, 0xff, 0xa0, 0x00, 0x00, 0x00,
    0x00, 0x04, 0xff, 0xff, 0xff, 0x40, 0x00, 0x00,
    0x00, 0x00, 0x00, 0xef, 0xff, 0xfe, 0x00, 0x00,
    0x00, 0x00, 0x00, 0x00, 0x9f, 0xff, 0xf9, 0x00,
    0x00, 0x00, 0x00, 0x00, 0x00, 0x3f, 0xff, 0xf3,
    0x00, 0x00, 0x00,

    /* U+0057 "W" */
    0x6f, 0xfe, 0x00, 0x00, 0x00, 0x01, 0xff, 0xf6,
    0x00, 0x00, 0x00, 0x09, 0xff, 0xa1, 0xff, 0xf2,
    0x00, 0x00, 0x00, 0x6f, 0xff, 0xa0, 0x00, 0x00,
    0x00, 0xef, 0xf6, 0x0d, 0xff, 0x60, 0x00, 0x00,
    0x0b, 0xff, 0xff, 0x00, 0x00, 0x00, 0x2f, 0xff,
    0x10, 0x9f, 0xfa, 0x00, 0x00, 0x00, 0xff, 0xff,
    0xf4, 0x00, 0x00, 0x06, 0xff, 0xd0, 0x04, 0xff,
    0xe0, 0x00, 0x00, 0x4f, 0xff, 0xff, 0x90, 0x00,
    0x00, 0xaf, 0xf9, 0x00, 0x0f, 0xff, 0x30, 0x00,
    0x09, 0xff, 0xcf, 0xfd, 0x00, 0x00, 0x0e, 0xff,
    0x40, 0x00, 0xbf, 0xf7, 0x00, 0x00, 0xef, 0xf3,
    0xff, 0xf2, 0x00, 0x03, 0xff, 0xf0, 0x00, 0x07,
    0xff, 0xb0, 0x00, 0x3f, 0xfe, 0x0a, 0xff, 0x70,
    0x00, 0x7f, 0xfb, 0x00, 0x00, 0x3f, 0xff, 0x00,
    0x08, 0xff, 0x90, 0x5f, 0xfc, 0x00, 0x0b, 0xff,
    0x70, 0x00, 0x00, 0xef, 0xf4, 0x00, 0xdf, 0xf4,
    0x00, 0xff, 0xf1, 0x00, 0xff, 0xf3, 0x00, 0x00,
    0x0a, 0xff, 0x80, 0x2f, 0xff, 0x00, 0x0b, 0xff,
    0x60, 0x4f, 0xfe, 0x00, 0x00, 0x00, 0x6f, 0xfc,
    0x07, 0xff, 0xa0, 0x00, 0x6f, 0xfb, 0x08, 0xff,
    0xa0, 0x00, 0x00, 0x01, 0xff, 0xf1, 0xbf, 0xf5,
    0x00, 0x01, 0xff, 0xf0, 0xcf, 0xf5, 0x00, 0x00,
    0x00, 0x0d, 0xff, 0x6f, 0xff, 0x10, 0x00, 0x0c,
    0xff, 0x6f, 0xff, 0x10, 0x00, 0x00, 0x00, 0x8f,
    0xff, 0xff, 0xc0, 0x00, 0x00, 0x7f, 0xff, 0xff,
    0xd0, 0x00, 0x00, 0x00, 0x04, 0xff, 0xff, 0xf7,
    0x00, 0x00, 0x03, 0xff, 0xff, 0xf8, 0x00, 0x00,
    0x00, 0x00, 0x0f, 0xff, 0xff, 0x20, 0x00, 0x00,
    0x0e, 0xff, 0xff, 0x40, 0x00, 0x00, 0x00, 0x00,
    0xbf, 0xff, 0xd0, 0x00, 0x00, 0x00, 0x9f, 0xff,
    0xf0, 0x00, 0x00, 0x00, 0x00, 0x07, 0xff, 0xf8,
    0x00, 0x00, 0x00, 0x04, 0xff, 0xfb, 0x00, 0x00,
    0x00,

    /* U+0058 "X" */
    0x2f, 0xff, 0xb0, 0x00, 0x00, 0x00, 0x04, 0xff,
    0xf9, 0x07, 0xff, 0xf6, 0x00, 0x00, 0x00, 0x0e,
    0xff, 0xd0, 0x00, 0xbf, 0xff, 0x20, 0x00, 0x00,
    0xaf, 0xff, 0x30, 0x00, 0x1e, 0xff, 0xc0, 0x00,
    0x05, 0xff, 0xf7, 0x00, 0x00, 0x05, 0xff, 0xf7,
    0x00, 0x1e, 0xff, 0xc0, 0x00, 0x00, 0x00, 0x9f,
    0xff, 0x20, 0xbf, 0xff, 0x20, 0x00, 0x00, 0x00,
    0x0d, 0xff, 0xc6, 0xff, 0xf5, 0x00, 0x00, 0x00,
    0x00, 0x03, 0xff, 0xff, 0xff, 0xa0, 0x00, 0x00,
    0x00, 0x00, 0x00, 0x7f, 0xff, 0xfe, 0x10, 0x00,
    0x00, 0x00, 0x00, 0x00, 0x1f, 0xff, 0xf6, 0x00,
    0x00, 0x00, 0x00, 0x00, 0x00, 0xbf, 0xff, 0xfd,
    0x00, 0x00, 0x00, 0x00, 0x00, 0x06, 0xff, 0xff,
    0xff, 0x90, 0x00, 0x00, 0x00, 0x00, 0x2f, 0xff,
    0xa8, 0xff, 0xf4, 0x00, 0x00, 0x00, 0x00, 0xdf,
    0xfe, 0x10, 0xcf, 0xfe, 0x10, 0x00, 0x00, 0x08,
    0xff, 0xf4, 0x00, 0x2f, 0xff, 0xb0, 0x00, 0x00,
    0x4f, 0xff, 0x90, 0x00, 0x06, 0xff, 0xf7, 0x00,
    0x01, 0xef, 0xfd, 0x00, 0x00, 0x00, 0xbf, 0xff,
    0x30, 0x0a, 0xff, 0xf3, 0x00, 0x00, 0x00, 0x1e,
    0xff, 0xd0, 0x6f, 0xff, 0x80, 0x00, 0x00, 0x00,
    0x04, 0xff, 0xf9,

    /* U+0059 "Y" */
    0x0c, 0xff, 0xd0, 0x00, 0x00, 0x00, 0x0c, 0xff,
    0xb0, 0x3f, 0xff, 0x50, 0x00, 0x00, 0x05, 0xff,
    0xf3, 0x00, 0xbf, 0xfd, 0x00, 0x00, 0x00, 0xdf,
    0xfa, 0x00, 0x03, 0xff, 0xf5, 0x00, 0x00, 0x5f,
    0xff, 0x20, 0x00, 0x0a, 0xff, 0xd0, 0x00, 0x0d,
    0xff, 0x90, 0x00, 0x00, 0x2f, 0xff, 0x50, 0x05,
    0xff, 0xf1, 0x00, 0x00, 0x00, 0xaf, 0xfd, 0x00,
    0xdf, 0xf9, 0x00, 0x00, 0x00, 0x02, 0xff, 0xf5,
    0x5f, 0xff, 0x10, 0x00, 0x00, 0x00, 0x09, 0xff,
    0xdd, 0xff, 0x80, 0x00, 0x00, 0x00, 0x00, 0x1f,
    0xff, 0xff, 0xe1, 0x00, 0x00, 0x00, 0x00, 0x00,
    0x8f, 0xff, 0xf7, 0x00, 0x00, 0x00, 0x00, 0x00,
    0x01, 0xff, 0xff, 0x00, 0x00, 0x00, 0x00, 0x00,
    0x00, 0x0c, 0xff, 0xb0, 0x00, 0x00, 0x00, 0x00,
    0x00, 0x00, 0xaf, 0xf9, 0x00, 0x00, 0x00, 0x00,
    0x00, 0x00, 0x0a, 0xff, 0x90, 0x00, 0x00, 0x00,
    0x00, 0x00, 0x00, 0xaf, 0xf9, 0x00, 0x00, 0x00,
    0x00, 0x00, 0x00, 0x0a, 0xff, 0x90, 0x00, 0x00,
    0x00, 0x00, 0x00, 0x00, 0xaf, 0xf9, 0x00, 0x00,
    0x00, 0x00, 0x00, 0x00, 0x0a, 0xff, 0x90, 0x00,
    0x00, 0x00,

    /* U+005A "Z" */
    0x7f, 0xff, 0xff, 0xff, 0xff, 0xff, 0xfa, 0x7f,
    0xff, 0xff, 0xff, 0xff, 0xff, 0xfa, 0x7f, 0xff,
    0xff, 0xff, 0xff, 0xff, 0xf9, 0x01, 0x11, 0x11,
    0x11, 0x1b, 0xff, 0xe1, 0x00, 0x00, 0x00, 0x00,
    0x5f, 0xff, 0x50, 0x00, 0x00, 0x00, 0x01, 0xef,
    0xf9, 0x00, 0x00, 0x00, 0x00, 0x0b, 0xff, 0xd0,
    0x00, 0x00, 0x00, 0x00, 0x7f, 0xff, 0x30, 0x00,
    0x00, 0x00, 0x03, 0xff, 0xf8, 0x00, 0x00, 0x00,
    0x00, 0x0d, 0xff, 0xc0, 0x00, 0x00, 0x00, 0x00,
    0x9f, 0xff, 0x20, 0x00, 0x00, 0x00, 0x04, 0xff,
    0xf6, 0x00, 0x00, 0x00, 0x00, 0x1e, 0xff, 0xb0,
    0x00, 0x00, 0x00, 0x00, 0xbf, 0xfe, 0x10, 0x00,
    0x00, 0x00, 0x06, 0xff, 0xf5, 0x00, 0x00, 0x00,
    0x00, 0x2f, 0xff, 0xb1, 0x11, 0x11, 0x11, 0x11,
    0xaf, 0xff, 0xff, 0xff, 0xff, 0xff, 0xfc, 0xbf,
    0xff, 0xff, 0xff, 0xff, 0xff, 0xfc, 0xbf, 0xff,
    0xff, 0xff, 0xff, 0xff, 0xfc,

    /* U+005B "[" */
    0xff, 0xff, 0xff, 0x6f, 0xff, 0xff, 0xf6, 0xff,
    0xff, 0xff, 0x5f, 0xff, 0x40, 0x00, 0xff, 0xf4,
    0x00, 0x0f, 0xff, 0x40, 0x00, 0xff, 0xf4, 0x00,
    0x0f, 0xff, 0x40, 0x00, 0xff, 0xf4, 0x00, 0x0f,
    0xff, 0x40, 0x00, 0xff, 0xf4, 0x00, 0x0f, 0xff,
    0x40, 0x00, 0xff, 0xf4, 0x00, 0x0f, 0xff, 0x40,
    0x00, 0xff, 0xf4, 0x00, 0x0f, 0xff, 0x40, 0x00,
    0xff, 0xf4, 0x00, 0x0f, 0xff, 0x40, 0x00, 0xff,
    0xf4, 0x00, 0x0f, 0xff, 0x40, 0x00, 0xff, 0xf4,
    0x00, 0x0f, 0xff, 0x40, 0x00, 0xff, 0xf4, 0x00,
    0x0f, 0xff, 0xff, 0xf5, 0xff, 0xff, 0xff, 0x6f,
    0xff, 0xff, 0xf6,

    /* U+005C "\\" */
    0x00, 0x40, 0x00, 0x00, 0x00, 0x00, 0x00, 0x7e,
    0xf1, 0x00, 0x00, 0x00, 0x00, 0x00, 0xaf, 0xf9,
    0x00, 0x00, 0x00, 0x00, 0x00, 0x2f, 0xff, 0x10,
    0x00, 0x00, 0x00, 0x00, 0x0a, 0xff, 0x90, 0x00,
    0x00, 0x00, 0x00, 0x02, 0xff, 0xf1, 0x00, 0x00,
    0x00, 0x00, 0x00, 0xbf, 0xf8, 0x00, 0x00, 0x00,
    0x00, 0x00, 0x3f, 0xff, 0x10, 0x00, 0x00, 0x00,
    0x00, 0x0b, 0xff, 0x80, 0x00, 0x00, 0x00, 0x00,
    0x03, 0xff, 0xe0, 0x00, 0x00, 0x00, 0x00, 0x00,
    0xbf, 0xf7, 0x00, 0x00, 0x00, 0x00, 0x00, 0x4f,
    0xfe, 0x00, 0x00, 0x00, 0x00, 0x00, 0x0c, 0xff,
    0x70, 0x00, 0x00, 0x00, 0x00, 0x04, 0xff, 0xe0,
    0x00, 0x00, 0x00, 0x00, 0x00, 0xcf, 0xf6, 0x00,
    0x00, 0x00, 0x00, 0x00, 0x5f, 0xfe, 0x00, 0x00,
    0x00, 0x00, 0x00, 0x0d, 0xff, 0x60, 0x00, 0x00,
    0x00, 0x00, 0x05, 0xff, 0xd0, 0x00, 0x00, 0x00,
    0x00, 0x00, 0xdf, 0xf5, 0x00, 0x00, 0x00, 0x00,
    0x00, 0x5f, 0xfd, 0x00, 0x00, 0x00, 0x00, 0x00,
    0x0d, 0xff, 0x50, 0x00, 0x00, 0x00, 0x00, 0x06,
    0xff, 0xd0, 0x00, 0x00, 0x00, 0x00, 0x00, 0xec,
    0x50, 0x00, 0x00, 0x00, 0x00, 0x00, 0x10, 0x00,

    /* U+005D "]" */
    0xaf, 0xff, 0xff, 0xba, 0xff, 0xff, 0xfb, 0xaf,
    0xff, 0xff, 0xb0, 0x00, 0x9f, 0xfb, 0x00, 0x09,
    0xff, 0xb0, 0x00, 0x9f, 0xfb, 0x00, 0x09, 0xff,
    0xb0, 0x00, 0x9f, 0xfb, 0x00, 0x09, 0xff, 0xb0,
    0x00, 0x9f, 0xfb, 0x00, 0x09, 0xff, 0xb0, 0x00,
    0x9f, 0xfb, 0x00, 0x09, 0xff, 0xb0, 0x00, 0x9f,
    0xfb, 0x00, 0x09, 0xff, 0xb0, 0x00, 0x9f, 0xfb,
    0x00, 0x09, 0xff, 0xb0, 0x00, 0x9f, 0xfb, 0x00,
    0x09, 0xff, 0xb0, 0x00, 0x9f, 0xfb, 0x00, 0x09,
    0xff, 0xb0, 0x00, 0x9f, 0xfb, 0x00, 0x09, 0xff,
    0xb9, 0xff, 0xff, 0xfb, 0xaf, 0xff, 0xff, 0xba,
    0xff, 0xff, 0xfb,

    /* U+005E "^" */
    0x00, 0x00, 0x00, 0x40, 0x00, 0x00, 0x00, 0x00,
    0x00, 0xbf, 0x80, 0x00, 0x00, 0x00, 0x01, 0xdf,
    0xff, 0xa0, 0x00, 0x00, 0x02, 0xef, 0xff, 0xff,
    0xc1, 0x00, 0x04, 0xff, 0xfa, 0x2d, 0xff, 0xd1,
    0x04, 0xff, 0xf8, 0x00, 0x0b, 0xff, 0xe1, 0x0c,
    0xf5, 0x00, 0x00, 0x09, 0xf9, 0x00, 0x13, 0x00,
    0x00, 0x00, 0x04, 0x00,

    /* U+005F "_" */
    0x5a, 0xaa, 0xaa, 0xaa, 0xaa, 0xaa, 0xaa, 0x88,
    0xff, 0xff, 0xff, 0xff, 0xff, 0xff, 0xfd, 0x8f,
    0xff, 0xff, 0xff, 0xff, 0xff, 0xff, 0xd0,

    /* U+0060 "`" */
    0x00, 0x00, 0x00, 0x00, 0x9c, 0x10, 0x00, 0x3f,
    0xfd, 0x10, 0x00, 0x5f, 0xfe, 0x20, 0x00, 0x4f,
    0xfe, 0x20, 0x00, 0x3f, 0xb0, 0x00, 0x00, 0x20,
    0x00,

    /* U+0061 "a" */
    0x00, 0x16, 0xbe, 0xff, 0xd8, 0x10, 0x00, 0x0d,
    0xff, 0xff, 0xff, 0xfe, 0x20, 0x00, 0x7f, 0xfd,
    0xce, 0xff, 0xfc, 0x00, 0x00, 0x30, 0x00, 0x06,
    0xff, 0xf2, 0x00, 0x02, 0x7a, 0x97, 0x1e, 0xff,
    0x50, 0x07, 0xff, 0xff, 0xff, 0xff, 0xf6, 0x06,
    0xff, 0xff, 0xff, 0xff, 0xff, 0x60, 0xdf, 0xfd,
    0x30, 0x2a, 0xff, 0xf6, 0x1f, 0xff, 0x50, 0x00,
    0x0f, 0xff, 0x61, 0xff, 0xf3, 0x00, 0x00, 0xef,
    0xf6, 0x0f, 0xff, 0xa0, 0x00, 0x5f, 0xff, 0x60,
    0xaf, 0xff, 0xeb, 0xcf, 0xff, 0xf6, 0x01, 0xdf,
    0xff, 0xff, 0xff, 0xff, 0x60, 0x00, 0x8d, 0xfe,
    0xc5, 0x3f, 0xf6,

    /* U+0062 "b" */
    0x5f, 0xfe, 0x00, 0x00, 0x00, 0x00, 0x00, 0x05,
    0xff, 0xe0, 0x00, 0x00, 0x00, 0x00, 0x00, 0x5f,
    0xfe, 0x00, 0x00, 0x00, 0x00, 0x00, 0x05, 0xff,
    0xe0, 0x00, 0x00, 0x00, 0x00, 0x00, 0x5f, 0xfe,
    0x00, 0x00, 0x00, 0x00, 0x00, 0x05, 0xff, 0xe1,
    0x8d, 0xfe, 0xc6, 0x00, 0x00, 0x5f, 0xff, 0xef,
    0xff, 0xff, 0xfc, 0x10, 0x05, 0xff, 0xff, 0xff,
    0xff, 0xff, 0xfc, 0x00, 0x5f, 0xff, 0xf7, 0x00,
    0x2b, 0xff, 0xf6, 0x05, 0xff, 0xf7, 0x00, 0x00,
    0x0e, 0xff, 0xb0, 0x5f, 0xff, 0x00, 0x00, 0x00,
    0x6f, 0xff, 0x05, 0xff, 0xf0, 0x00, 0x00, 0x04,
    0xff, 0xf1, 0x5f, 0xff, 0x00, 0x00, 0x00, 0x4f,
    0xff, 0x15, 0xff, 0xf0, 0x00, 0x00, 0x07, 0xff,
    0xf0, 0x5f, 0xff, 0x70, 0x00, 0x00, 0xef, 0xfb,
    0x05, 0xff, 0xff, 0x70, 0x02, 0xbf, 0xff, 0x50,
    0x5f, 0xff, 0xff, 0xff, 0xff, 0xff, 0xb0, 0x05,
    0xff, 0xae, 0xff, 0xff, 0xff, 0xc1, 0x00, 0x5f,
    0xf3, 0x18, 0xdf, 0xec, 0x60, 0x00, 0x00,

    /* U+0063 "c" */
    0x00, 0x00, 0x4a, 0xdf, 0xfc, 0x60, 0x00, 0x00,
    0x0a, 0xff, 0xff, 0xff, 0xfd, 0x10, 0x00, 0xaf,
    0xff, 0xff, 0xff, 0xff, 0xe1, 0x05, 0xff, 0xfd,
    0x52, 0x4a, 0xff, 0xf9, 0x0b, 0xff, 0xd0, 0x00,
    0x00, 0x9e, 0x82, 0x0f, 0xff, 0x60, 0x00, 0x00,
    0x00, 0x00, 0x1f, 0xff, 0x20, 0x00, 0x00, 0x00,
    0x00, 0x1f, 0xff, 0x20, 0x00, 0x00, 0x00, 0x00,
    0x0f, 0xff, 0x60, 0x00, 0x00, 0x00, 0x00, 0x0b,
    0xff, 0xd0, 0x00, 0x00, 0x9e, 0x92, 0x05, 0xff,
    0xfd, 0x52, 0x4a, 0xff, 0xf8, 0x00, 0xaf, 0xff,
    0xff, 0xff, 0xff, 0xd0, 0x00, 0x0a, 0xff, 0xff,
    0xff, 0xfd, 0x10, 0x00, 0x00, 0x4a, 0xdf, 0xfc,
    0x60, 0x00,

    /* U+0064 "d" */
    0x00, 0x00, 0x00, 0x00, 0x00, 0x0f, 0xff, 0x50,
    0x00, 0x00, 0x00, 0x00, 0x00, 0xff, 0xf5, 0x00,
    0x00, 0x00, 0x00, 0x00, 0x0f, 0xff, 0x50, 0x00,
    0x00, 0x00, 0x00, 0x00, 0xff, 0xf5, 0x00, 0x00,
    0x00, 0x00, 0x00, 0x0f, 0xff, 0x50, 0x00, 0x06,
    0xce, 0xfd, 0x81, 0xff, 0xf5, 0x00, 0x1c, 0xff,
    0xff, 0xff, 0xef, 0xff, 0x50, 0x0c, 0xff, 0xff,
    0xff, 0xff, 0xff, 0xf5, 0x06, 0xff, 0xfb, 0x20,
    0x07, 0xff, 0xff, 0x50, 0xcf, 0xfd, 0x00, 0x00,
    0x08, 0xff, 0xf5, 0x0f, 0xff, 0x60, 0x00, 0x00,
    0x0f, 0xff, 0x51, 0xff, 0xf3, 0x00, 0x00, 0x00,
    0xff, 0xf5, 0x1f, 0xff, 0x30, 0x00, 0x00, 0x0f,
    0xff, 0x50, 0xff, 0xf6, 0x00, 0x00, 0x00, 0xff,
    0xf5, 0x0c, 0xff, 0xd0, 0x00, 0x00, 0x8f, 0xff,
    0x50, 0x6f, 0xff, 0xb2, 0x00, 0x7f, 0xff, 0xf5,
    0x00, 0xcf, 0xff, 0xff, 0xff, 0xff, 0xff, 0x50,
    0x01, 0xcf, 0xff, 0xff, 0xfe, 0xaf, 0xf5, 0x00,
    0x00, 0x6c, 0xef, 0xd7, 0x14, 0xff, 0x50,

    /* U+0065 "e" */
    0x00, 0x00, 0x4a, 0xdf, 0xeb, 0x60, 0x00, 0x00,
    0x00, 0xaf, 0xff, 0xff, 0xff, 0xd2, 0x00, 0x00,
    0xbf, 0xff, 0xc9, 0xaf, 0xff, 0xe1, 0x00, 0x5f,
    0xff, 0x40, 0x00, 0x1d, 0xff, 0x90, 0x0b, 0xff,
    0x60, 0x00, 0x00, 0x3f, 0xff, 0x00, 0xff, 0xff,
    0xff, 0xff, 0xff, 0xff, 0xf3, 0x1f, 0xff, 0xff,
    0xff, 0xff, 0xff, 0xff, 0x51, 0xff, 0xf8, 0x88,
    0x88, 0x88, 0x88, 0x82, 0x0f, 0xff, 0x20, 0x00,
    0x00, 0x00, 0x00, 0x00, 0xcf, 0xf7, 0x00, 0x00,
    0x00, 0xc7, 0x00, 0x05, 0xff, 0xf5, 0x00, 0x01,
    0xcf, 0xf9, 0x00, 0x0b, 0xff, 0xfe, 0xbc, 0xff,
    0xff, 0x20, 0x00, 0x1b, 0xff, 0xff, 0xff, 0xfe,
    0x30, 0x00, 0x00, 0x05, 0xbe, 0xfe, 0xc7, 0x10,
    0x00,

    /* U+0066 "f" */
    0x00, 0x00, 0x5c, 0xff, 0xa0, 0x00, 0x7f, 0xff,
    0xfc, 0x00, 0x0f, 0xff, 0xff, 0xc0, 0x03, 0xff,
    0xf8, 0x22, 0x00, 0x4f, 0xff, 0x00, 0x05, 0xff,
    0xff, 0xff, 0xf7, 0x5f, 0xff, 0xff, 0xff, 0x75,
    0xff, 0xff, 0xff, 0xf7, 0x00, 0x5f, 0xff, 0x00,
    0x00, 0x05, 0xff, 0xf0, 0x00, 0x00, 0x5f, 0xff,
    0x00, 0x00, 0x05, 0xff, 0xf0, 0x00, 0x00, 0x5f,
    0xff, 0x00, 0x00, 0x05, 0xff, 0xf0, 0x00, 0x00,
    0x5f, 0xff, 0x00, 0x00, 0x05, 0xff, 0xf0, 0x00,
    0x00, 0x5f, 0xff, 0x00, 0x00, 0x05, 0xff, 0xf0,
    0x00, 0x00, 0x5f, 0xff, 0x00, 0x00,

    /* U+0067 "g" */
    0x00, 0x00, 0x6b, 0xef, 0xd9, 0x22, 0xff, 0x60,
    0x01, 0xcf, 0xff, 0xff, 0xff, 0xbf, 0xf6, 0x00,
    0xcf, 0xff, 0xfd, 0xef, 0xff, 0xff, 0x60, 0x6f,
    0xff, 0xa1, 0x00, 0x3d, 0xff, 0xf6, 0x0c, 0xff,
    0xc0, 0x00, 0x00, 0x3f, 0xff, 0x60, 0xff, 0xf6,
    0x00, 0x00, 0x00, 0xff, 0xf6, 0x0f, 0xff, 0x40,
    0x00, 0x00, 0x0f, 0xff, 0x60, 0xef, 0xf7, 0x00,
    0x00, 0x00, 0xff, 0xf6, 0x0b, 0xff, 0xd0, 0x00,
    0x00, 0x4f, 0xff, 0x60, 0x5f, 0xff, 0xc4, 0x01,
    0x6f, 0xff, 0xf6, 0x00, 0xbf, 0xff, 0xff, 0xff,
    0xff, 0xff, 0x60, 0x00, 0xaf, 0xff, 0xff, 0xfe,
    0xff, 0xf6, 0x00, 0x00, 0x39, 0xbc, 0xa6, 0x0d,
    0xff, 0x50, 0x00, 0x00, 0x00, 0x00, 0x00, 0xff,
    0xf3, 0x00, 0x19, 0x80, 0x00, 0x00, 0x5f, 0xff,
    0x00, 0x1f, 0xff, 0x80, 0x00, 0x4e, 0xff, 0xa0,
    0x00, 0x7f, 0xff, 0xfd, 0xef, 0xff, 0xe1, 0x00,
    0x00, 0x9f, 0xff, 0xff, 0xff, 0xe3, 0x00, 0x00,
    0x00, 0x4a, 0xef, 0xec, 0x71, 0x00, 0x00,

    /* U+0068 "h" */
    0x5f, 0xfe, 0x00, 0x00, 0x00, 0x00, 0x05, 0xff,
    0xe0, 0x00, 0x00, 0x00, 0x00, 0x5f, 0xfe, 0x00,
    0x00, 0x00, 0x00, 0x05, 0xff, 0xe0, 0x00, 0x00,
    0x00, 0x00, 0x5f, 0xfe, 0x00, 0x00, 0x00, 0x00,
    0x05, 0xff, 0xe0, 0x39, 0xdf, 0xeb, 0x20, 0x5f,
    0xff, 0x9f, 0xff, 0xff, 0xfe, 0x15, 0xff, 0xff,
    0xff, 0xff, 0xff, 0xf8, 0x5f, 0xff, 0xfd, 0x53,
    0x5e, 0xff, 0xb5, 0xff, 0xf7, 0x00, 0x00, 0x7f,
    0xfd, 0x5f, 0xff, 0x00, 0x00, 0x05, 0xff, 0xe5,
    0xff, 0xe0, 0x00, 0x00, 0x5f, 0xfe, 0x5f, 0xfe,
    0x00, 0x00, 0x05, 0xff, 0xe5, 0xff, 0xe0, 0x00,
    0x00, 0x5f, 0xfe, 0x5f, 0xfe, 0x00, 0x00, 0x05,
    0xff, 0xe5, 0xff, 0xe0, 0x00, 0x00, 0x5f, 0xfe,
    0x5f, 0xfe, 0x00, 0x00, 0x05, 0xff, 0xe5, 0xff,
    0xe0, 0x00, 0x00, 0x5f, 0xfe, 0x5f, 0xfe, 0x00,
    0x00, 0x05, 0xff, 0xe0,

    /* U+0069 "i" */
    0x1c, 0xf9, 0x09, 0xff, 0xf4, 0x9f, 0xff, 0x42,
    0xdf, 0xb0, 0x00, 0x00, 0x00, 0x00, 0x00, 0x4f,
    0xff, 0x04, 0xff, 0xf0, 0x4f, 0xff, 0x04, 0xff,
    0xf0, 0x4f, 0xff, 0x04, 0xff, 0xf0, 0x4f, 0xff,
    0x04, 0xff, 0xf0, 0x4f, 0xff, 0x04, 0xff, 0xf0,
    0x4f, 0xff, 0x04, 0xff, 0xf0, 0x4f, 0xff, 0x04,
    0xff, 0xf0,

    /* U+006A "j" */
    0x00, 0x00, 0x00, 0x00, 0x01, 0xcf, 0xc1, 0x00,
    0x6f, 0xff, 0x70, 0x06, 0xff, 0xf7, 0x00, 0x0b,
    0xfb, 0x00, 0x00, 0x00, 0x00, 0x00, 0x00, 0x00,
    0x00, 0x02, 0xff, 0xf2, 0x00, 0x2f, 0xff, 0x20,
    0x02, 0xff, 0xf2, 0x00, 0x2f, 0xff, 0x20, 0x02,
    0xff, 0xf2, 0x00, 0x2f, 0xff, 0x20, 0x02, 0xff,
    0xf2, 0x00, 0x2f, 0xff, 0x20, 0x02, 0xff, 0xf2,
    0x00, 0x2f, 0xff, 0x20, 0x02, 0xff, 0xf2, 0x00,
    0x2f, 0xff, 0x20, 0x02, 0xff, 0xf2, 0x00, 0x2f,
    0xff, 0x20, 0x02, 0xff, 0xf1, 0x00, 0x5f, 0xff,
    0x11, 0xef, 0xff, 0xe0, 0x1f, 0xff, 0xf7, 0x00,
    0xef, 0xe7, 0x00,

    /* U+006B "k" */
    0x5f, 0xfe, 0x00, 0x00, 0x00, 0x00, 0x05, 0xff,
    0xe0, 0x00, 0x00, 0x00, 0x00, 0x5f, 0xfe, 0x00,
    0x00, 0x00, 0x00, 0x05, 0xff, 0xe0, 0x00, 0x00,
    0x00, 0x00, 0x5f, 0xfe, 0x00, 0x00, 0x00, 0x00,
    0x05, 0xff, 0xe0, 0x00, 0x09, 0xff, 0xf3, 0x5f,
    0xfe, 0x00, 0x08, 0xff, 0xf4, 0x05, 0xff, 0xe0,
    0x06, 0xff, 0xf6, 0x00, 0x5f, 0xfe, 0x05, 0xff,
    0xf7, 0x00, 0x05, 0xff, 0xe3, 0xff, 0xf9, 0x00,
    0x00, 0x5f, 0xff, 0xff, 0xfb, 0x00, 0x00, 0x05,
    0xff, 0xff, 0xff, 0x00, 0x00, 0x00, 0x5f, 0xff,
    0xff, 0xf5, 0x00, 0x00, 0x05, 0xff, 0xeb, 0xff,
    0xf3, 0x00, 0x00, 0x5f, 0xfe, 0x0d, 0xff, 0xe1,
    0x00, 0x05, 0xff, 0xe0, 0x2e, 0xff, 0xc0, 0x00,
    0x5f, 0xfe, 0x00, 0x4f, 0xff, 0x90, 0x05, 0xff,
    0xe0, 0x00, 0x6f, 0xff, 0x60, 0x5f, 0xfe, 0x00,
    0x00, 0x9f, 0xff, 0x40,

    /* U+006C "l" */
    0x5f, 0xfe, 0x00, 0x5f, 0xfe, 0x00, 0x5f, 0xfe,
    0x00, 0x5f, 0xfe, 0x00, 0x5f, 0xfe, 0x00, 0x5f,
    0xfe, 0x00, 0x5f, 0xfe, 0x00, 0x5f, 0xfe, 0x00,
    0x5f, 0xfe, 0x00, 0x5f, 0xfe, 0x00, 0x5f, 0xfe,
    0x00, 0x5f, 0xfe, 0x00, 0x5f, 0xfe, 0x00, 0x5f,
    0xfe, 0x00, 0x5f, 0xfe, 0x00, 0x4f, 0xff, 0x30,
    0x3f, 0xff, 0xf4, 0x0d, 0xff, 0xf4, 0x02, 0xcf,
    0xe3,

    /* U+006D "m" */
    0x5f, 0xf3, 0x05, 0xbe, 0xfd, 0x80, 0x01, 0x8d,
    0xff, 0xc4, 0x00, 0x5f, 0xfa, 0xcf, 0xff, 0xff,
    0xfa, 0x5f, 0xff, 0xff, 0xff, 0x40, 0x5f, 0xff,
    0xff, 0xff, 0xff, 0xff, 0xff, 0xff, 0xff, 0xff,
    0xb0, 0x5f, 0xff, 0xfb, 0x43, 0x9f, 0xff, 0xfe,
    0x83, 0x4d, 0xff, 0xf0, 0x5f, 0xff, 0x60, 0x00,
    0x0d, 0xff, 0xf2, 0x00, 0x04, 0xff, 0xf0, 0x5f,
    0xff, 0x00, 0x00, 0x0b, 0xff, 0xa0, 0x00, 0x02,
    0xff, 0xf1, 0x5f, 0xfe, 0x00, 0x00, 0x0b, 0xff,
    0x80, 0x00, 0x02, 0xff, 0xf2, 0x5f, 0xfe, 0x00,
    0x00, 0x0b, 0xff, 0x80, 0x00, 0x02, 0xff, 0xf2,
    0x5f, 0xfe, 0x00, 0x00, 0x0b, 0xff, 0x80, 0x00,
    0x02, 0xff, 0xf2, 0x5f, 0xfe, 0x00, 0x00, 0x0b,
    0xff, 0x80, 0x00, 0x02, 0xff, 0xf2, 0x5f, 0xfe,
    0x00, 0x00, 0x0b, 0xff, 0x80, 0x00, 0x02, 0xff,
    0xf2, 0x5f, 0xfe, 0x00, 0x00, 0x0b, 0xff, 0x80,
    0x00, 0x02, 0xff, 0xf2, 0x5f, 0xfe, 0x00, 0x00,
    0x0b, 0xff, 0x80, 0x00, 0x02, 0xff, 0xf2, 0x5f,
    0xfe, 0x00, 0x00, 0x0b, 0xff, 0x80, 0x00, 0x02,
    0xff, 0xf2,

    /* U+006E "n" */
    0x5f, 0xf3, 0x03, 0xae, 0xfe, 0xb2, 0x05, 0xff,
    0x9b, 0xff, 0xff, 0xff, 0xe1, 0x5f, 0xff, 0xff,
    0xff, 0xff, 0xff, 0x85, 0xff, 0xff, 0xd5, 0x35,
    0xef, 0xfb, 0x5f, 0xff, 0x70, 0x00, 0x07, 0xff,
    0xd5, 0xff, 0xf0, 0x00, 0x00, 0x5f, 0xfe, 0x5f,
    0xfe, 0x00, 0x00, 0x05, 0xff, 0xe5, 0xff, 0xe0,
    0x00, 0x00, 0x5f, 0xfe, 0x5f, 0xfe, 0x00, 0x00,
    0x05, 0xff, 0xe5, 0xff, 0xe0, 0x00, 0x00, 0x5f,
    0xfe, 0x5f, 0xfe, 0x00, 0x00, 0x05, 0xff, 0xe5,
    0xff, 0xe0, 0x00, 0x00, 0x5f, 0xfe, 0x5f, 0xfe,
    0x00, 0x00, 0x05, 0xff, 0xe5, 0xff, 0xe0, 0x00,
    0x00, 0x5f, 0xfe,

    /* U+006F "o" */
    0x00, 0x00, 0x39, 0xdf, 0xed, 0x82, 0x00, 0x00,
    0x00, 0x9f, 0xff, 0xff, 0xff, 0xf7, 0x00, 0x00,
    0xaf, 0xff, 0xff, 0xff, 0xff, 0xf7, 0x00, 0x4f,
    0xff, 0xe6, 0x23, 0x7e, 0xff, 0xf2, 0x0b, 0xff,
    0xe1, 0x00, 0x00, 0x2f, 0xff, 0x80, 0xff, 0xf6,
    0x00, 0x00, 0x00, 0x9f, 0xfc, 0x1f, 0xff, 0x30,
    0x00, 0x00, 0x05, 0xff, 0xe1, 0xff, 0xf3, 0x00,
    0x00, 0x00, 0x5f, 0xfe, 0x0f, 0xff, 0x60, 0x00,
    0x00, 0x09, 0xff, 0xd0, 0xbf, 0xfe, 0x10, 0x00,
    0x02, 0xff, 0xf8, 0x04, 0xff, 0xfe, 0x62, 0x37,
    0xef, 0xff, 0x20, 0x0a, 0xff, 0xff, 0xff, 0xff,
    0xff, 0x70, 0x00, 0x09, 0xff, 0xff, 0xff, 0xff,
    0x70, 0x00, 0x00, 0x03, 0x9d, 0xff, 0xd8, 0x20,
    0x00,

    /* U+0070 "p" */
    0x5f, 0xf3, 0x18, 0xdf, 0xec, 0x60, 0x00, 0x05,
    0xff, 0xae, 0xff, 0xff, 0xff, 0xc1, 0x00, 0x5f,
    0xff, 0xff, 0xff, 0xff, 0xff, 0xc0, 0x05, 0xff,
    0xff, 0x70, 0x02, 0xbf, 0xff, 0x50, 0x5f, 0xff,
    0x70, 0x00, 0x00, 0xef, 0xfb, 0x05, 0xff, 0xf0,
    0x00, 0x00, 0x07, 0xff, 0xf0, 0x5f, 0xff, 0x00,
    0x00, 0x00, 0x4f, 0xff, 0x15, 0xff, 0xf0, 0x00,
    0x00, 0x04, 0xff, 0xf1, 0x5f, 0xff, 0x00, 0x00,
    0x00, 0x6f, 0xff, 0x05, 0xff, 0xf7, 0x00, 0x00,
    0x0e, 0xff, 0xb0, 0x5f, 0xff, 0xf7, 0x00, 0x2b,
    0xff, 0xf5, 0x05, 0xff, 0xff, 0xff, 0xff, 0xff,
    0xfc, 0x00, 0x5f, 0xff, 0xef, 0xff, 0xff, 0xfc,
    0x10, 0x05, 0xff, 0xe1, 0x8d, 0xfe, 0xc6, 0x00,
    0x00, 0x5f, 0xfe, 0x00, 0x00, 0x00, 0x00, 0x00,
    0x05, 0xff, 0xe0, 0x00, 0x00, 0x00, 0x00, 0x00,
    0x5f, 0xfe, 0x00, 0x00, 0x00, 0x00, 0x00, 0x05,
    0xff, 0xe0, 0x00, 0x00, 0x00, 0x00, 0x00, 0x5f,
    0xfe, 0x00, 0x00, 0x00, 0x00, 0x00, 0x00,

    /* U+0071 "q" */
    0x00, 0x00, 0x6c, 0xef, 0xd7, 0x14, 0xff, 0x50,
    0x01, 0xcf, 0xff, 0xff, 0xfe, 0xbf, 0xf5, 0x00,
    0xcf, 0xff, 0xff, 0xff, 0xff, 0xff, 0x50, 0x6f,
    0xff, 0xb2, 0x00, 0x7f, 0xff, 0xf5, 0x0c, 0xff,
    0xd0, 0x00, 0x00, 0x8f, 0xff, 0x50, 0xff, 0xf6,
    0x00, 0x00, 0x00, 0xff, 0xf5, 0x1f, 0xff, 0x30,
    0x00, 0x00, 0x0f, 0xff, 0x51, 0xff, 0xf3, 0x00,
    0x00, 0x00, 0xff, 0xf5, 0x0f, 0xff, 0x60, 0x00,
    0x00, 0x0f, 0xff, 0x50, 0xcf, 0xfd, 0x00, 0x00,
    0x08, 0xff, 0xf5, 0x06, 0xff, 0xfb, 0x20, 0x07,
    0xff, 0xff, 0x50, 0x0c, 0xff, 0xff, 0xff, 0xff,
    0xff, 0xf5, 0x00, 0x1c, 0xff, 0xff, 0xff, 0xef,
    0xff, 0x50, 0x00, 0x06, 0xce, 0xfd, 0x81, 0xff,
    0xf5, 0x00, 0x00, 0x00, 0x00, 0x00, 0x0f, 0xff,
    0x50, 0x00, 0x00, 0x00, 0x00, 0x00, 0xff, 0xf5,
    0x00, 0x00, 0x00, 0x00, 0x00, 0x0f, 0xff, 0x50,
    0x00, 0x00, 0x00, 0x00, 0x00, 0xff, 0xf5, 0x00,
    0x00, 0x00, 0x00, 0x00, 0x0f, 0xff, 0x50,

    /* U+0072 "r" */
    0x5f, 0xf3, 0x1a, 0xff, 0x55, 0xff, 0xbf, 0xff,
    0xf5, 0x5f, 0xff, 0xff, 0xff, 0x55, 0xff, 0xfe,
    0x74, 0x31, 0x5f, 0xff, 0x10, 0x00, 0x05, 0xff,
    0xf0, 0x00, 0x00, 0x5f, 0xfe, 0x00, 0x00, 0x05,
    0xff, 0xe0, 0x00, 0x00, 0x5f, 0xfe, 0x00, 0x00,
    0x05, 0xff, 0xe0, 0x00, 0x00, 0x5f, 0xfe, 0x00,
    0x00, 0x05, 0xff, 0xe0, 0x00, 0x00, 0x5f, 0xfe,
    0x00, 0x00, 0x05, 0xff, 0xe0, 0x00, 0x00,

    /* U+0073 "s" */
    0x00, 0x05, 0xce, 0xfd, 0x92, 0x00, 0x00, 0x9f,
    0xff, 0xff, 0xff, 0x60, 0x05, 0xff, 0xfe, 0xef,
    0xff, 0xf2, 0x0a, 0xff, 0x60, 0x02, 0xbd, 0x20,
    0x0a, 0xff, 0x50, 0x00, 0x00, 0x00, 0x07, 0xff,
    0xfa, 0x51, 0x00, 0x00, 0x00, 0xcf, 0xff, 0xff,
    0xb4, 0x00, 0x00, 0x07, 0xdf, 0xff, 0xff, 0x80,
    0x00, 0x00, 0x02, 0x7d, 0xff, 0xf2, 0x00, 0x23,
    0x00, 0x00, 0xdf, 0xf5, 0x05, 0xff, 0x50, 0x00,
    0xef, 0xf3, 0x0a, 0xff, 0xfe, 0xce, 0xff, 0xd0,
    0x00, 0xbf, 0xff, 0xff, 0xff, 0x30, 0x00, 0x05,
    0xbe, 0xfd, 0x91, 0x00,

    /* U+0074 "t" */
    0x00, 0x0a, 0xff, 0x10, 0x00, 0x00, 0x0d, 0xff,
    0x10, 0x00, 0x00, 0x0f, 0xff, 0x10, 0x00, 0x4f,
    0xff, 0xff, 0xff, 0xf1, 0x4f, 0xff, 0xff, 0xff,
    0xf1, 0x3f, 0xff, 0xff, 0xff, 0xf1, 0x00, 0x2f,
    0xff, 0x10, 0x00, 0x00, 0x2f, 0xff, 0x10, 0x00,
    0x00, 0x2f, 0xff, 0x10, 0x00, 0x00, 0x2f, 0xff,
    0x10, 0x00, 0x00, 0x2f, 0xff, 0x10, 0x00, 0x00,
    0x2f, 0xff, 0x10, 0x00, 0x00, 0x2f, 0xff, 0x20,
    0x00, 0x00, 0x1f, 0xff, 0xa2, 0x30, 0x00, 0x0d,
    0xff, 0xff, 0xf1, 0x00, 0x05, 0xff, 0xff, 0xf1,
    0x00, 0x00, 0x4c, 0xff, 0xd0,

    /* U+0075 "u" */
    0x7f, 0xfc, 0x00, 0x00, 0x07, 0xff, 0xc7, 0xff,
    0xc0, 0x00, 0x00, 0x7f, 0xfc, 0x7f, 0xfc, 0x00,
    0x00, 0x07, 0xff, 0xc7, 0xff, 0xc0, 0x00, 0x00,
    0x7f, 0xfc, 0x7f, 0xfc, 0x00, 0x00, 0x07, 0xff,
    0xc7, 0xff, 0xc0, 0x00, 0x00, 0x7f, 0xfc, 0x7f,
    0xfc, 0x00, 0x00, 0x07, 0xff, 0xc7, 0xff, 0xc0,
    0x00, 0x00, 0x7f, 0xfc, 0x6f, 0xfc, 0x00, 0x00,
    0x09, 0xff, 0xc5, 0xff, 0xe0, 0x00, 0x02, 0xff,
    0xfc, 0x4f, 0xff, 0xa4, 0x49, 0xff, 0xff, 0xc0,
    0xff, 0xff, 0xff, 0xff, 0xff, 0xfc, 0x07, 0xff,
    0xff, 0xff, 0xf7, 0xff, 0xc0, 0x06, 0xcf, 0xfd,
    0x81, 0x0c, 0xfc,

    /* U+0076 "v" */
    0x6f, 0xff, 0x10, 0x00, 0x00, 0xaf, 0xfc, 0x1f,
    0xff, 0x60, 0x00, 0x00, 0xff, 0xf6, 0x0a, 0xff,
    0xb0, 0x00, 0x05, 0xff, 0xf0, 0x04, 0xff, 0xf1,
    0x00, 0x0a, 0xff, 0xa0, 0x00, 0xef, 0xf6, 0x00,
    0x0f, 0xff, 0x40, 0x00, 0x8f, 0xfc, 0x00, 0x4f,
    0xfe, 0x00, 0x00, 0x2f, 0xff, 0x20, 0xaf, 0xf9,
    0x00, 0x00, 0x0c, 0xff, 0x70, 0xef, 0xf3, 0x00,
    0x00, 0x05, 0xff, 0xc4, 0xff, 0xd0, 0x00, 0x00,
    0x00, 0xff, 0xfc, 0xff, 0x70, 0x00, 0x00, 0x00,
    0x9f, 0xff, 0xff, 0x10, 0x00, 0x00, 0x00, 0x3f,
    0xff, 0xfc, 0x00, 0x00, 0x00, 0x00, 0x0d, 0xff,
    0xf6, 0x00, 0x00, 0x00, 0x00, 0x07, 0xff, 0xf0,
    0x00, 0x00,

    /* U+0077 "w" */
    0x8f, 0xfa, 0x00, 0x00, 0x2f, 0xfe, 0x00, 0x00,
    0x0e, 0xff, 0x43, 0xff, 0xe0, 0x00, 0x07, 0xff,
    0xf3, 0x00, 0x02, 0xff, 0xe0, 0x0e, 0xff, 0x30,
    0x00, 0xcf, 0xff, 0x80, 0x00, 0x7f, 0xfa, 0x00,
    0xaf, 0xf7, 0x00, 0x1f, 0xff, 0xfd, 0x00, 0x0b,
    0xff, 0x50, 0x05, 0xff, 0xc0, 0x06, 0xff, 0xff,
    0xf2, 0x00, 0xff, 0xf0, 0x00, 0x0f, 0xff, 0x00,
    0xbf, 0xf7, 0xff, 0x70, 0x4f, 0xfb, 0x00, 0x00,
    0xbf, 0xf4, 0x0f, 0xfc, 0x0f, 0xfc, 0x08, 0xff,
    0x60, 0x00, 0x06, 0xff, 0x95, 0xff, 0x70, 0xbf,
    0xf1, 0xdf, 0xf2, 0x00, 0x00, 0x1f, 0xfd, 0xaf,
    0xf2, 0x06, 0xff, 0x8f, 0xfd, 0x00, 0x00, 0x00,
    0xcf, 0xff, 0xfd, 0x00, 0x1f, 0xff, 0xff, 0x80,
    0x00, 0x00, 0x08, 0xff, 0xff, 0x80, 0x00, 0xcf,
    0xff, 0xf3, 0x00, 0x00, 0x00, 0x3f, 0xff, 0xf3,
    0x00, 0x07, 0xff, 0xfe, 0x00, 0x00, 0x00, 0x00,
    0xef, 0xfe, 0x00, 0x00, 0x2f, 0xff, 0x90, 0x00,
    0x00, 0x00, 0x09, 0xff, 0x90, 0x00, 0x00, 0xdf,
    0xf4, 0x00, 0x00,

    /* U+0078 "x" */
    0x4f, 0xff, 0x80, 0x00, 0x07, 0xff, 0xf4, 0x09,
    0xff, 0xf3, 0x00, 0x2f, 0xff, 0xa0, 0x00, 0xdf,
    0xfc, 0x00, 0xbf, 0xfe, 0x10, 0x00, 0x3f, 0xff,
    0x65, 0xff, 0xf4, 0x00, 0x00, 0x08, 0xff, 0xff,
    0xff, 0x90, 0x00, 0x00, 0x00, 0xdf, 0xff, 0xfe,
    0x00, 0x00, 0x00, 0x00, 0x3f, 0xff, 0xf4, 0x00,
    0x00, 0x00, 0x00, 0x4f, 0xff, 0xf4, 0x00, 0x00,
    0x00, 0x00, 0xdf, 0xff, 0xfe, 0x10, 0x00, 0x00,
    0x09, 0xff, 0xff, 0xff, 0xa0, 0x00, 0x00, 0x4f,
    0xff, 0x65, 0xff, 0xf5, 0x00, 0x00, 0xef, 0xfc,
    0x00, 0xbf, 0xfe, 0x10, 0x09, 0xff, 0xf2, 0x00,
    0x1f, 0xff, 0xa0, 0x4f, 0xff, 0x80, 0x00, 0x07,
    0xff, 0xf5,

    /* U+0079 "y" */
    0x6f, 0xfe, 0x00, 0x00, 0x00, 0x4f, 0xff, 0x10,
    0xef, 0xf6, 0x00, 0x00, 0x0c, 0xff, 0x90, 0x08,
    0xff, 0xd0, 0x00, 0x03, 0xff, 0xf2, 0x00, 0x1f,
    0xff, 0x40, 0x00, 0xaf, 0xfb, 0x00, 0x00, 0xaf,
    0xfb, 0x00, 0x1f, 0xff, 0x40, 0x00, 0x03, 0xff,
    0xf2, 0x08, 0xff, 0xd0, 0x00, 0x00, 0x0b, 0xff,
    0x90, 0xef, 0xf6, 0x00, 0x00, 0x00, 0x4f, 0xff,
    0x8f, 0xfe, 0x00, 0x00, 0x00, 0x00, 0xdf, 0xff,
    0xff, 0x70, 0x00, 0x00, 0x00, 0x06, 0xff, 0xff,
    0xf1, 0x00, 0x00, 0x00, 0x00, 0x0e, 0xff, 0xf9,
    0x00, 0x00, 0x00, 0x00, 0x00, 0xbf, 0xff, 0x20,
    0x00, 0x00, 0x00, 0x00, 0x0b, 0xff, 0xb0, 0x00,
    0x00, 0x00, 0x00, 0x01, 0xff, 0xf4, 0x00, 0x00,
    0x00, 0x00, 0x00, 0x8f, 0xfc, 0x00, 0x00, 0x00,
    0x00, 0x00, 0x0f, 0xff, 0x50, 0x00, 0x00, 0x00,
    0x00, 0x07, 0xff, 0xe0, 0x00, 0x00, 0x00, 0x00,
    0x00, 0xef, 0xf7, 0x00, 0x00, 0x00, 0x00, 0x00,
    0x5f, 0xff, 0x10, 0x00, 0x00, 0x00, 0x00,

    /* U+007A "z" */
    0xcf, 0xff, 0xff, 0xff, 0xff, 0xcc, 0xff, 0xff,
    0xff, 0xff, 0xfc, 0xbf, 0xff, 0xff, 0xff, 0xff,
    0xa0, 0x00, 0x00, 0x0a, 0xff, 0xe1, 0x00, 0x00,
    0x06, 0xff, 0xf3, 0x00, 0x00, 0x03, 0xff, 0xf6,
    0x00, 0x00, 0x01, 0xef, 0xf9, 0x00, 0x00, 0x00,
    0xcf, 0xfc, 0x00, 0x00, 0x00, 0x9f, 0xfe, 0x10,
    0x00, 0x00, 0x6f, 0xff, 0x30, 0x00, 0x00, 0x3f,
    0xff, 0x70, 0x00, 0x00, 0x0d, 0xff, 0xff, 0xff,
    0xff, 0xfd, 0xff, 0xff, 0xff, 0xff, 0xff, 0xef,
    0xff, 0xff, 0xff, 0xff, 0xfe,

    /* U+007B "{" */
    0x00, 0x5b, 0xee, 0x90, 0xaf, 0xff, 0xfa, 0x5f,
    0xff, 0xff, 0xa9, 0xff, 0xe3, 0x00, 0x9f, 0xfa,
    0x00, 0x04, 0xff, 0xc0, 0x00, 0x0b, 0xff, 0x50,
    0x00, 0x2f, 0xfe, 0x00, 0x00, 0x7f, 0xf8, 0x00,
    0x00, 0xff, 0xf0, 0x00, 0x0e, 0xff, 0x20, 0x08,
    0xff, 0xf0, 0x5d, 0xff, 0xf8, 0x09, 0xff, 0xfc,
    0x00, 0x6f, 0xff, 0xf6, 0x00, 0x1b, 0xff, 0xe0,
    0x00, 0x0f, 0xff, 0x20, 0x00, 0xff, 0xf1, 0x00,
    0x6f, 0xf9, 0x00, 0x1e, 0xfe, 0x10, 0x0a, 0xff,
    0x60, 0x03, 0xff, 0xd0, 0x00, 0x9f, 0xfa, 0x00,
    0x09, 0xff, 0xe2, 0x00, 0x5f, 0xff, 0xff, 0x90,
    0xbf, 0xff, 0xfa, 0x00, 0x7c, 0xff, 0xa0,

    /* U+007C "|" */
    0x67, 0x71, 0xdf, 0xf3, 0xdf, 0xf3, 0xdf, 0xf3,
    0xdf, 0xf3, 0xdf, 0xf3, 0xdf, 0xf3, 0xdf, 0xf3,
    0xdf, 0xf3, 0xdf, 0xf3, 0xdf, 0xf3, 0xdf, 0xf3,
    0xdf, 0xf3, 0xdf, 0xf3, 0xdf, 0xf3, 0xdf, 0xf3,
    0xdf, 0xf3, 0xdf, 0xf3, 0xdf, 0xf3, 0xdf, 0xf3,
    0xdf, 0xf3, 0xdf, 0xf3, 0xdf, 0xf3, 0xdf, 0xf3,
    0xdf, 0xf3, 0xdf, 0xf3, 0xdf, 0xf3,

    /* U+007D "}" */
    0xae, 0xdb, 0x40, 0x0c, 0xff, 0xff, 0x80, 0xbf,
    0xff, 0xff, 0x30, 0x04, 0xff, 0xf8, 0x00, 0x0c,
    0xff, 0x70, 0x00, 0xef, 0xf3, 0x00, 0x7f, 0xf9,
    0x00, 0x1f, 0xfe, 0x10, 0x0a, 0xff, 0x50, 0x02,
    0xff, 0xe0, 0x00, 0x4f, 0xfd, 0x00, 0x02, 0xff,
    0xf7, 0x00, 0x09, 0xff, 0xfd, 0x40, 0x0e, 0xff,
    0xf8, 0x07, 0xff, 0xff, 0x51, 0xff, 0xfa, 0x10,
    0x4f, 0xfe, 0x00, 0x02, 0xff, 0xd0, 0x00, 0x0b,
    0xff, 0x40, 0x00, 0x2f, 0xfd, 0x00, 0x00, 0x8f,
    0xf8, 0x00, 0x00, 0xef, 0xf2, 0x00, 0x0c, 0xff,
    0x70, 0x03, 0xff, 0xf8, 0xbf, 0xff, 0xff, 0x4c,
    0xff, 0xff, 0xa0, 0xbf, 0xfc, 0x60, 0x00,

    /* U+007E "~" */
    0x00, 0x00, 0x00, 0x00, 0x00, 0x00, 0x00, 0x00,
    0x00, 0x00, 0x39, 0xba, 0x40, 0x00, 0x00, 0xa8,
    0x00, 0x00, 0x7f, 0xff, 0xff, 0xc2, 0x00, 0x6f,
    0xfc, 0x00, 0x5f, 0xff, 0xff, 0xff, 0xfc, 0xcf,
    0xff, 0x50, 0x1e, 0xff, 0x70, 0x19, 0xff, 0xff,
    0xff, 0x80, 0x00, 0x5d, 0x90, 0x00, 0x02, 0xaf,
    0xfd, 0x60, 0x00, 0x00, 0x00, 0x00, 0x00, 0x00,
    0x00, 0x00, 0x00, 0x00,

    /* U+00A0 " " */

    /* U+00A1 "¡" */
    0x05, 0xee, 0x70, 0x1f, 0xff, 0xf3, 0x3f, 0xff,
    0xf5, 0x0d, 0xff, 0xe1, 0x01, 0x89, 0x20, 0x00,
    0x00, 0x00, 0x03, 0xcc, 0x50, 0x06, 0xff, 0x80,
    0x07, 0xff, 0x90, 0x08, 0xff, 0xa0, 0x0a, 0xff,
    0xc0, 0x0a, 0xff, 0xc0, 0x0b, 0xff, 0xd0, 0x0b,
    0xff, 0xd0, 0x0c, 0xff, 0xe0, 0x0c, 0xff, 0xe0,
    0x0c, 0xff, 0xf0, 0x0d, 0xff, 0xf0, 0x0d, 0xff,
    0xf0, 0x0e, 0xff, 0xf0,

    /* U+00A2 "¢" */
    0x00, 0x00, 0x06, 0x88, 0x30, 0x00, 0x00, 0x00,
    0x00, 0x0c, 0xff, 0x60, 0x00, 0x00, 0x00, 0x00,
    0x0c, 0xff, 0x60, 0x00, 0x00, 0x00, 0x01, 0x8f,
    0xff, 0xf9, 0x30, 0x00, 0x00, 0x5f, 0xff, 0xff,
    0xff, 0xf9, 0x00, 0x04, 0xff, 0xff, 0xfe, 0xff,
    0xff, 0x80, 0x0e, 0xff, 0xd3, 0x00, 0x2d, 0xff,
    0xf2, 0x5f, 0xff, 0x20, 0x00, 0x01, 0xef, 0x81,
    0xaf, 0xfa, 0x00, 0x00, 0x00, 0x21, 0x00, 0xcf,
    0xf7, 0x00, 0x00, 0x00, 0x00, 0x00, 0xdf, 0xf6,
    0x00, 0x00, 0x00, 0x00, 0x00, 0xcf, 0xf8, 0x00,
    0x00, 0x00, 0x00, 0x00, 0x9f, 0xfd, 0x00, 0x00,
    0x00, 0x87, 0x00, 0x3f, 0xff, 0x70, 0x00, 0x05,
    0xff, 0xe2, 0x0b, 0xff, 0xfb, 0x66, 0xaf, 0xff,
    0xd0, 0x01, 0xdf, 0xff, 0xff, 0xff, 0xff, 0x30,
    0x00, 0x1b, 0xff, 0xff, 0xff, 0xb2, 0x00, 0x00,
    0x00, 0x2f, 0xff, 0xd2, 0x00, 0x00, 0x00, 0x00,
    0x0c, 0xff, 0x60, 0x00, 0x00, 0x00, 0x00, 0x0c,
    0xff, 0x60, 0x00, 0x00,

    /* U+00A3 "£" */
    0x00, 0x00, 0x00, 0x10, 0x00, 0x00, 0x00, 0x00,
    0x4b, 0xff, 0xfd, 0x81, 0x00, 0x00, 0x8f, 0xff,
    0xff, 0xff, 0xe3, 0x00, 0x4f, 0xff, 0xff, 0xff,
    0xff, 0xe1, 0x0a, 0xff, 0xf6, 0x01, 0x6e, 0xf9,
    0x00, 0xcf, 0xf8, 0x00, 0x00, 0x25, 0x00, 0x0c,
    0xff, 0x60, 0x00, 0x00, 0x00, 0x00, 0x9f, 0xf8,
    0x00, 0x00, 0x00, 0x00, 0x03, 0xff, 0xe0, 0x00,
    0x00, 0x00, 0x0a, 0xef, 0xff, 0xfe, 0xee, 0xe0,
    0x00, 0xcf, 0xff, 0xff, 0xff, 0xff, 0x10, 0x0c,
    0xff, 0xff, 0xff, 0xff, 0xf1, 0x00, 0x00, 0x0a,
    0xff, 0x60, 0x00, 0x00, 0x00, 0x00, 0xcf, 0xf6,
    0x00, 0x00, 0x00, 0x00, 0x1f, 0xff, 0x20, 0x00,
    0x00, 0x00, 0x0b, 0xff, 0xe2, 0x22, 0x22, 0x21,
    0x3c, 0xff, 0xff, 0xff, 0xff, 0xff, 0x89, 0xff,
    0xff, 0xff, 0xff, 0xff, 0xf8, 0x4f, 0xff, 0xff,
    0xff, 0xff, 0xff, 0x80,

    /* U+00A4 "¤" */
    0x00, 0x00, 0x00, 0x00, 0x00, 0x00, 0x00, 0x00,
    0x6d, 0x10, 0x00, 0x00, 0x00, 0x6e, 0x20, 0x6f,
    0xfd, 0x5a, 0xef, 0xd8, 0x7f, 0xfe, 0x25, 0xff,
    0xff, 0xff, 0xff, 0xff, 0xff, 0xd1, 0x05, 0xff,
    0xff, 0xff, 0xff, 0xff, 0xe1, 0x00, 0x0f, 0xff,
    0xc3, 0x16, 0xff, 0xfa, 0x00, 0x04, 0xff, 0xe0,
    0x00, 0x06, 0xff, 0xe0, 0x00, 0x7f, 0xfa, 0x00,
    0x00, 0x0f, 0xff, 0x00, 0x07, 0xff, 0xa0, 0x00,
    0x00, 0xff, 0xf0, 0x00, 0x4f, 0xfe, 0x00, 0x00,
    0x6f, 0xfe, 0x00, 0x00, 0xff, 0xfc, 0x31, 0x6f,
    0xff, 0xa0, 0x00, 0x6f, 0xff, 0xff, 0xff, 0xff,
    0xff, 0x10, 0x6f, 0xff, 0xff, 0xff, 0xff, 0xff,
    0xfd, 0x16, 0xff, 0xd5, 0xae, 0xfd, 0x87, 0xff,
    0xe2, 0x06, 0xd1, 0x00, 0x00, 0x00, 0x06, 0xe2,
    0x00, 0x00, 0x00, 0x00, 0x00, 0x00, 0x00, 0x00,

    /* U+00A5 "¥" */
    0x6f, 0xfb, 0x00, 0x00, 0x00, 0x0b, 0xff, 0x70,
    0xdf, 0xf3, 0x00, 0x00, 0x03, 0xff, 0xe0, 0x05,
    0xff, 0xb0, 0x00, 0x00, 0xbf, 0xf6, 0x00, 0x0d,
    0xff, 0x30, 0x00, 0x3f, 0xfd, 0x00, 0x00, 0x5f,
    0xfb, 0x00, 0x0b, 0xff, 0x50, 0x00, 0x00, 0xcf,
    0xf3, 0x03, 0xff, 0xd0, 0x00, 0x00, 0x04, 0xff,
    0xb0, 0xbf, 0xf4, 0x00, 0x00, 0x00, 0x0c, 0xff,
    0x6f, 0xfc, 0x00, 0x00, 0x0d, 0xff, 0xff, 0xff,
    0xff, 0xff, 0xfd, 0x00, 0xdf, 0xff, 0xff, 0xff,
    0xff, 0xff, 0xd0, 0x0a, 0xdd, 0xdd, 0xff, 0xfd,
    0xdd, 0xdb, 0x00, 0x00, 0x00, 0x2f, 0xff, 0x20,
    0x00, 0x00, 0x0a, 0xcc, 0xcd, 0xff, 0xfd, 0xcc,
    0xca, 0x00, 0xdf, 0xff, 0xff, 0xff, 0xff, 0xff,
    0xd0, 0x0d, 0xff, 0xff, 0xff, 0xff, 0xff, 0xfd,
    0x00, 0x00, 0x00, 0x2f, 0xff, 0x20, 0x00, 0x00,
    0x00, 0x00, 0x02, 0xff, 0xf2, 0x00, 0x00, 0x00,
    0x00, 0x00, 0x2f, 0xff, 0x20, 0x00, 0x00,

    /* U+00A6 "¦" */
    0x78, 0x81, 0xdf, 0xf3, 0xdf, 0xf3, 0xdf, 0xf3,
    0xdf, 0xf3, 0xdf, 0xf3, 0xdf, 0xf3, 0xdf, 0xf3,
    0xdf, 0xf3, 0xdf, 0xf3, 0xdf, 0xf3, 0xdf, 0xf3,
    0x00, 0x00, 0x00, 0x00, 0x00, 0x00, 0x78, 0x81,
    0xdf, 0xf3, 0xdf, 0xf3, 0xdf, 0xf3, 0xdf, 0xf3,
    0xdf, 0xf3, 0xdf, 0xf3, 0xdf, 0xf3, 0xdf, 0xf3,
    0xdf, 0xf3, 0xdf, 0xf3, 0xdf, 0xf3,

    /* U+00A7 "§" */
    0x00, 0x04, 0xbe, 0xfe, 0xb6, 0x00, 0x00, 0x0a,
    0xff, 0xff, 0xff, 0xfd, 0x20, 0x08, 0xff, 0xff,
    0xff, 0xff, 0xfe, 0x10, 0xff, 0xfb, 0x20, 0x28,
    0xff, 0xb1, 0x3f, 0xff, 0x10, 0x00, 0x06, 0x60,
    0x03, 0xff, 0xf2, 0x00, 0x00, 0x00, 0x00, 0x1f,
    0xff, 0xc1, 0x00, 0x00, 0x00, 0x00, 0xaf, 0xff,
    0xfa, 0x50, 0x00, 0x00, 0x01, 0xdf, 0xff, 0xff,
    0xfa, 0x20, 0x00, 0x1d, 0xff, 0xff, 0xff, 0xff,
    0x40, 0x0b, 0xff, 0x83, 0x7c, 0xff, 0xff, 0x12,
    0xff, 0xe0, 0x00, 0x05, 0xff, 0xf7, 0x5f, 0xfe,
    0x00, 0x00, 0x0a, 0xff, 0x93, 0xff, 0xf8, 0x00,
    0x00, 0xbf, 0xf7, 0x0e, 0xff, 0xfd, 0x73, 0x6f,
    0xff, 0x10, 0x4f, 0xff, 0xff, 0xff, 0xff, 0x40,
    0x00, 0x2b, 0xff, 0xff, 0xff, 0xf2, 0x00, 0x00,
    0x01, 0x5a, 0xff, 0xff, 0xe0, 0x00, 0x00, 0x00,
    0x00, 0xaf, 0xff, 0x50, 0x28, 0x00, 0x00, 0x00,
    0xef, 0xf8, 0x7f, 0xf7, 0x00, 0x00, 0x0e, 0xff,
    0x6a, 0xff, 0xf9, 0x20, 0x2a, 0xff, 0xf2, 0x1e,
    0xff, 0xff, 0xff, 0xff, 0xf9, 0x00, 0x3e, 0xff,
    0xff, 0xff, 0xfa, 0x00, 0x00, 0x06, 0xbe, 0xfe,
    0xa4, 0x00, 0x00,

    /* U+00A8 "¨" */
    0x05, 0xed, 0x30, 0x1b, 0xe9, 0x00, 0xef, 0xfd,
    0x07, 0xff, 0xf3, 0x0e, 0xff, 0xd0, 0x8f, 0xff,
    0x30, 0x5e, 0xe4, 0x01, 0xcf, 0x90,

    /* U+00A9 "©" */
    0x00, 0x00, 0x00, 0x02, 0x31, 0x00, 0x00, 0x00,
    0x00, 0x00, 0x03, 0xaf, 0xff, 0xfe, 0x91, 0x00,
    0x00, 0x00, 0x08, 0xff, 0xff, 0xff, 0xff, 0xf5,
    0x00, 0x00, 0x09, 0xff, 0xc5, 0x10, 0x27, 0xef,
    0xf5, 0x00, 0x05, 0xff, 0x80, 0x00, 0x10, 0x01,
    0xcf, 0xf2, 0x00, 0xef, 0xa0, 0x1a, 0xff, 0xfa,
    0x11, 0xef, 0xa0, 0x4f, 0xf1, 0x0c, 0xff, 0xff,
    0xfc, 0x06, 0xff, 0x08, 0xfc, 0x04, 0xff, 0x60,
    0x5c, 0x50, 0x1f, 0xf4, 0xaf, 0xa0, 0x7f, 0xe0,
    0x00, 0x00, 0x00, 0xef, 0x6a, 0xfa, 0x07, 0xfe,
    0x00, 0x00, 0x00, 0x0f, 0xf6, 0x8f, 0xc0, 0x3f,
    0xf8, 0x37, 0xf8, 0x01, 0xff, 0x43, 0xff, 0x30,
    0xaf, 0xff, 0xff, 0xa0, 0x7f, 0xf0, 0x0d, 0xfc,
    0x00, 0x7d, 0xfd, 0x80, 0x2f, 0xf8, 0x00, 0x3f,
    0xfb, 0x10, 0x00, 0x00, 0x3e, 0xfe, 0x10, 0x00,
    0x6f, 0xfe, 0x85, 0x45, 0xaf, 0xfe, 0x30, 0x00,
    0x00, 0x5e, 0xff, 0xff, 0xff, 0xfc, 0x20, 0x00,
    0x00, 0x00, 0x07, 0xce, 0xfe, 0xa5, 0x00, 0x00,
    0x00,

    /* U+00AA "ª" */
    0x00, 0x5b, 0xef, 0xe9, 0x10, 0x02, 0xff, 0xff,
    0xff, 0xd0, 0x00, 0xa8, 0x44, 0xaf, 0xf5, 0x00,
    0x00, 0x00, 0x0f, 0xf9, 0x00, 0x6c, 0xfe, 0x9f,
    0xfa, 0x07, 0xff, 0xff, 0xff, 0xfa, 0x0f, 0xfc,
    0x21, 0x8f, 0xfa, 0x2f, 0xf6, 0x00, 0x0f, 0xfa,
    0x0f, 0xfc, 0x31, 0x8f, 0xfa, 0x07, 0xff, 0xff,
    0xff, 0xfa, 0x00, 0x5c, 0xfe, 0x85, 0xb7,

    /* U+00AB "«" */
    0x00, 0x03, 0xff, 0xf2, 0x04, 0xff, 0xf2, 0x00,
    0x0e, 0xff, 0x60, 0x1e, 0xff, 0x60, 0x00, 0xaf,
    0xfb, 0x00, 0xaf, 0xfb, 0x00, 0x05, 0xff, 0xe1,
    0x06, 0xff, 0xe1, 0x00, 0x2f, 0xff, 0x50, 0x2f,
    0xff, 0x50, 0x00, 0xbf, 0xfb, 0x00, 0xbf, 0xfa,
    0x00, 0x00, 0x5f, 0xfe, 0x10, 0x5f, 0xfe, 0x10,
    0x00, 0x09, 0xff, 0xb0, 0x09, 0xff, 0xb0, 0x00,
    0x00, 0xdf, 0xf7, 0x00, 0xdf, 0xf7, 0x00, 0x00,
    0x3f, 0xff, 0x30, 0x3f, 0xff, 0x30, 0x00, 0x07,
    0xff, 0xd0, 0x07, 0xff, 0xd0, 0x00, 0x00, 0x45,
    0x51, 0x00, 0x45, 0x51,

    /* U+00AC "¬" */
    0x00, 0x00, 0x00, 0x00, 0x00, 0x01, 0x10, 0x2f,
    0xff, 0xff, 0xff, 0xff, 0xff, 0xff, 0x2f, 0xff,
    0xff, 0xff, 0xff, 0xff, 0xff, 0x2f, 0xff, 0xff,
    0xff, 0xff, 0xff, 0xff, 0x00, 0x00, 0x00, 0x00,
    0x00, 0x1f, 0xff, 0x00, 0x00, 0x00, 0x00, 0x00,
    0x1f, 0xff, 0x00, 0x00, 0x00, 0x00, 0x00, 0x1f,
    0xff, 0x00, 0x00, 0x00, 0x00, 0x00, 0x1f, 0xff,
    0x00, 0x00, 0x00, 0x00, 0x00, 0x08, 0x87,

    /* U+00AE "®" */
    0x00, 0x00, 0x00, 0x02, 0x31, 0x00, 0x00, 0x00,
    0x00, 0x00, 0x03, 0xaf, 0xff, 0xfe, 0x91, 0x00,
    0x00, 0x00, 0x08, 0xff, 0xff, 0xff, 0xff, 0xf5,
    0x00, 0x00, 0x09, 0xff, 0xc5, 0x10, 0x27, 0xef,
    0xf5, 0x00, 0x05, 0xff, 0x80, 0x22, 0x10, 0x01,
    0xcf, 0xf2, 0x00, 0xef, 0xa0, 0x9f, 0xff, 0xf8,
    0x01, 0xef, 0xa0, 0x4f, 0xf1, 0x09, 0xff, 0xff,
    0xf7, 0x06, 0xff, 0x08, 0xfc, 0x00, 0x9f, 0x80,
    0x8f, 0xb0, 0x1f, 0xf4, 0xaf, 0xa0, 0x09, 0xf8,
    0x08, 0xfa, 0x00, 0xef, 0x6a, 0xfa, 0x00, 0x9f,
    0xff, 0xff, 0x40, 0x0f, 0xf6, 0x8f, 0xc0, 0x09,
    0xff, 0xff, 0xa0, 0x01, 0xff, 0x43, 0xff, 0x30,
    0x9f, 0x85, 0xfe, 0x00, 0x7f, 0xf0, 0x0d, 0xfc,
    0x07, 0xd6, 0x0a, 0xd6, 0x2f, 0xf8, 0x00, 0x3f,
    0xfb, 0x10, 0x00, 0x00, 0x3e, 0xfe, 0x10, 0x00,
    0x6f, 0xfe, 0x85, 0x45, 0xaf, 0xfe, 0x30, 0x00,
    0x00, 0x5e, 0xff, 0xff, 0xff, 0xfc, 0x20, 0x00,
    0x00, 0x00, 0x07, 0xce, 0xfe, 0xa5, 0x00, 0x00,
    0x00,

    /* U+00AF "¯" */
    0x27, 0x77, 0x77, 0x77, 0x44, 0xff, 0xff, 0xff,
    0xf9, 0x4f, 0xff, 0xff, 0xff, 0x90,

    /* U+00B0 "°" */
    0x00, 0x01, 0x68, 0x72, 0x00, 0x00, 0x05, 0xff,
    0xff, 0xfa, 0x00, 0x05, 0xff, 0xff, 0xff, 0xfa,
    0x00, 0xdf, 0xf5, 0x03, 0xdf, 0xf3, 0x2f, 0xf9,
    0x00, 0x04, 0xff, 0x83, 0xff, 0x70, 0x00, 0x2f,
    0xf9, 0x1f, 0xfd, 0x00, 0x08, 0xff, 0x60, 0x9f,
    0xfd, 0x8b, 0xff, 0xe0, 0x00, 0xcf, 0xff, 0xff,
    0xf4, 0x00, 0x00, 0x7d, 0xfe, 0xa2, 0x00,

    /* U+00B1 "±" */
    0x00, 0x00, 0x02, 0x88, 0x50, 0x00, 0x00, 0x00,
    0x00, 0x00, 0x4f, 0xfb, 0x00, 0x00, 0x00, 0x00,
    0x00, 0x04, 0xff, 0xb0, 0x00, 0x00, 0x00, 0x00,
    0x00, 0x4f, 0xfb, 0x00, 0x00, 0x00, 0x00, 0x00,
    0x04, 0xff, 0xb0, 0x00, 0x00, 0x04, 0xff, 0xff,
    0xff, 0xff, 0xff, 0xff, 0xf1, 0x4f, 0xff, 0xff,
    0xff, 0xff, 0xff, 0xff, 0x14, 0xff, 0xff, 0xff,
    0xff, 0xff, 0xff, 0xf1, 0x00, 0x00, 0x05, 0xff,
    0xc0, 0x00, 0x00, 0x00, 0x00, 0x00, 0x4f, 0xfb,
    0x00, 0x00, 0x00, 0x00, 0x00, 0x04, 0xff, 0xb0,
    0x00, 0x00, 0x00, 0x00, 0x00, 0x4f, 0xfb, 0x00,
    0x00, 0x00, 0x00, 0x00, 0x03, 0xaa, 0x70, 0x00,
    0x00, 0x00, 0x00, 0x00, 0x00, 0x00, 0x00, 0x00,
    0x00, 0x00, 0x00, 0x00, 0x00, 0x00, 0x00, 0x00,
    0x04, 0xff, 0xff, 0xff, 0xff, 0xff, 0xff, 0xf1,
    0x4f, 0xff, 0xff, 0xff, 0xff, 0xff, 0xff, 0x14,
    0xff, 0xff, 0xff, 0xff, 0xff, 0xff, 0xf1,

    /* U+00B2 "²" */
    0x00, 0x5c, 0xfe, 0xa2, 0x00, 0x7f, 0xff, 0xff,
    0xe1, 0x1e, 0xff, 0x9b, 0xff, 0x80, 0x1b, 0x20,
    0x0f, 0xfb, 0x00, 0x00, 0x03, 0xff, 0x90, 0x00,
    0x00, 0xcf, 0xf2, 0x00, 0x00, 0xaf, 0xf7, 0x00,
    0x00, 0x9f, 0xfa, 0x00, 0x00, 0x8f, 0xfc, 0x00,
    0x00, 0x7f, 0xff, 0xa9, 0x98, 0x1f, 0xff, 0xff,
    0xff, 0xe2, 0xff, 0xff, 0xff, 0xfe,

    /* U+00B3 "³" */
    0x01, 0x9e, 0xfd, 0x80, 0x02, 0xef, 0xff, 0xff,
    0xb0, 0x4f, 0xfa, 0x7e, 0xff, 0x20, 0x55, 0x00,
    0x6f, 0xf3, 0x00, 0x00, 0x1b, 0xfe, 0x00, 0x02,
    0xff, 0xff, 0x60, 0x00, 0x2f, 0xff, 0xff, 0x40,
    0x00, 0x01, 0x6f, 0xfb, 0x02, 0x70, 0x00, 0xff,
    0xc2, 0xef, 0xb8, 0xbf, 0xf8, 0x1d, 0xff, 0xff,
    0xfd, 0x10, 0x18, 0xdf, 0xe9, 0x10,

    /* U+00B4 "´" */
    0x00, 0x00, 0x00, 0x00, 0x00, 0x08, 0xd1, 0x00,
    0x09, 0xff, 0x90, 0x0a, 0xff, 0xa0, 0x0b, 0xff,
    0x90, 0x00, 0x7f, 0x80, 0x00, 0x00, 0x30, 0x00,
    0x00,

    /* U+00B5 "µ" */
    0x7f, 0xfc, 0x00, 0x00, 0x07, 0xff, 0xc7, 0xff,
    0xc0, 0x00, 0x00, 0x7f, 0xfc, 0x7f, 0xfc, 0x00,
    0x00, 0x07, 0xff, 0xc7, 0xff, 0xc0, 0x00, 0x00,
    0x7f, 0xfc, 0x7f, 0xfc, 0x00, 0x00, 0x07, 0xff,
    0xc7, 0xff, 0xc0, 0x00, 0x00, 0x7f, 0xfc, 0x7f,
    0xfd, 0x00, 0x00, 0x07, 0xff, 0xcb, 0xff, 0xf0,
    0x00, 0x00, 0x7f, 0xfc, 0xef, 0xff, 0x00, 0x00,
    0x09, 0xff, 0xcd, 0xff, 0xf0, 0x00, 0x02, 0xff,
    0xfc, 0xbf, 0xff, 0xa4, 0x49, 0xff, 0xff, 0xc8,
    0xff, 0xff, 0xff, 0xff, 0xff, 0xfc, 0x7f, 0xff,
    0xff, 0xff, 0xf7, 0xff, 0xc7, 0xff, 0xff, 0xfd,
    0x81, 0x0c, 0xfc, 0x7f, 0xfc, 0x00, 0x00, 0x00,
    0x00, 0x07, 0xff, 0xc0, 0x00, 0x00, 0x00, 0x00,
    0x7f, 0xfc, 0x00, 0x00, 0x00, 0x00, 0x07, 0xff,
    0xc0, 0x00, 0x00, 0x00, 0x00, 0x7f, 0xfc, 0x00,
    0x00, 0x00, 0x00, 0x00,

    /* U+00B6 "¶" */
    0x00, 0x00, 0x28, 0xde, 0xff, 0xff, 0xff, 0xff,
    0xf6, 0x00, 0x09, 0xff, 0xff, 0xff, 0xff, 0xff,
    0xff, 0xf6, 0x00, 0xbf, 0xff, 0xff, 0xff, 0xff,
    0xff, 0xff, 0x50, 0x07, 0xff, 0xff, 0xff, 0xa1,
    0x11, 0xff, 0xf4, 0x00, 0x0f, 0xff, 0xff, 0xff,
    0x90, 0x00, 0xff, 0xf4, 0x00, 0x4f, 0xff, 0xff,
    0xff, 0x90, 0x00, 0xff, 0xf4, 0x00, 0x7f, 0xff,
    0xff, 0xff, 0x90, 0x00, 0xff, 0xf4, 0x00, 0x7f,
    0xff, 0xff, 0xff, 0x90, 0x00, 0xff, 0xf4, 0x00,
    0x6f, 0xff, 0xff, 0xff, 0x90, 0x00, 0xff, 0xf4,
    0x00, 0x3f, 0xff, 0xff, 0xff, 0x90, 0x00, 0xff,
    0xf4, 0x00, 0x0d, 0xff, 0xff, 0xff, 0x90, 0x00,
    0xff, 0xf4, 0x00, 0x06, 0xff, 0xff, 0xff, 0x90,
    0x00, 0xff, 0xf4, 0x00, 0x00, 0x9f, 0xff, 0xff,
    0x90, 0x00, 0xff, 0xf4, 0x00, 0x00, 0x07, 0xff,
    0xff, 0x90, 0x00, 0xff, 0xf4, 0x00, 0x00, 0x00,
    0x17, 0xac, 0x70, 0x00, 0xff, 0xf4, 0x00, 0x00,
    0x00, 0x00, 0x00, 0x00, 0x00, 0xff, 0xf4, 0x00,
    0x00, 0x00, 0x00, 0x00, 0x00, 0x00, 0xff, 0xf4,
    0x00, 0x00, 0x00, 0x00, 0x00, 0x00, 0x00, 0xff,
    0xf3, 0x00, 0x00, 0x00, 0x73, 0x00, 0x00, 0x02,
    0xff, 0xf2, 0x00, 0x00, 0x3e, 0xfd, 0x00, 0x00,
    0x08, 0xff, 0xe0, 0x00, 0x00, 0x1e, 0xff, 0xc3,
    0x01, 0x7f, 0xff, 0x90, 0x00, 0x00, 0x05, 0xff,
    0xff, 0xff, 0xff, 0xff, 0x10, 0x00, 0x00, 0x00,
    0x6f, 0xff, 0xff, 0xff, 0xe4, 0x00, 0x00, 0x00,
    0x00, 0x02, 0x9d, 0xfe, 0xd8, 0x10, 0x00, 0x00,

    /* U+00B7 "·" */
    0x06, 0xdc, 0x20, 0x5f, 0xff, 0xe0, 0x9f, 0xff,
    0xf3, 0x6f, 0xff, 0xf1, 0x08, 0xfd, 0x30,

    /* U+00B8 "¸" */
    0x00, 0xdf, 0x20, 0x00, 0x0f, 0xfe, 0x70, 0x01,
    0x89, 0xef, 0x50, 0x30, 0x07, 0xf7, 0x2f, 0xed,
    0xff, 0x32, 0xad, 0xfd, 0x60,

    /* U+00B9 "¹" */
    0x00, 0x07, 0xfa, 0x00, 0x3e, 0xfa, 0x6b, 0xff,
    0xfa, 0xbf, 0xff, 0xfa, 0xbe, 0xaf, 0xfa, 0x00,
    0x1f, 0xfa, 0x00, 0x1f, 0xfa, 0x00, 0x1f, 0xfa,
    0x00, 0x1f, 0xfa, 0x00, 0x1f, 0xfa, 0x00, 0x1f,
    0xfa, 0x00, 0x1f, 0xfa,

    /* U+00BA "º" */
    0x00, 0x05, 0xbe, 0xfd, 0x70, 0x00, 0x00, 0x9f,
    0xff, 0xff, 0xfd, 0x10, 0x06, 0xff, 0xfb, 0xae,
    0xff, 0xc0, 0x0d, 0xff, 0x50, 0x01, 0xef, 0xf3,
    0x1f, 0xfd, 0x00, 0x00, 0x7f, 0xf7, 0x2f, 0xfb,
    0x00, 0x00, 0x5f, 0xf8, 0x1f, 0xfd, 0x00, 0x00,
    0x7f, 0xf7, 0x0d, 0xff, 0x50, 0x01, 0xef, 0xf3,
    0x06, 0xff, 0xfb, 0xae, 0xff, 0xc0, 0x00, 0x9f,
    0xff, 0xff, 0xfd, 0x10, 0x00, 0x05, 0xbe, 0xfd,
    0x80, 0x00,

    /* U+00BB "»" */
    0x0b, 0xff, 0xa0, 0x0b, 0xff, 0xa0, 0x00, 0x00,
    0x1e, 0xff, 0x50, 0x1e, 0xff, 0x50, 0x00, 0x00,
    0x5f, 0xfe, 0x10, 0x5f, 0xfe, 0x10, 0x00, 0x00,
    0xaf, 0xfc, 0x00, 0xaf, 0xfc, 0x00, 0x00, 0x00,
    0xdf, 0xf7, 0x00, 0xdf, 0xf7, 0x00, 0x00, 0x04,
    0xff, 0xf2, 0x04, 0xff, 0xf2, 0x00, 0x00, 0xaf,
    0xfb, 0x00, 0xaf, 0xfb, 0x00, 0x00, 0x5f, 0xfe,
    0x10, 0x5f, 0xfe, 0x10, 0x00, 0x1f, 0xff, 0x40,
    0x1f, 0xff, 0x40, 0x00, 0x0c, 0xff, 0x90, 0x0c,
    0xff, 0x90, 0x00, 0x07, 0xff, 0xd0, 0x07, 0xff,
    0xd0, 0x00, 0x00, 0x45, 0x52, 0x00, 0x45, 0x52,
    0x00, 0x00,

    /* U+00BC "¼" */
    0x00, 0x00, 0x00, 0x00, 0x00, 0x00, 0x00, 0x03,
    0x30, 0x00, 0x00, 0x00, 0x00, 0x08, 0xfa, 0x00,
    0x00, 0x00, 0x00, 0x0e, 0xf7, 0x00, 0x00, 0x00,
    0x02, 0x8f, 0xfa, 0x00, 0x00, 0x00, 0x00, 0x9f,
    0xf4, 0x00, 0x00, 0x00, 0xbf, 0xff, 0xfa, 0x00,
    0x00, 0x00, 0x04, 0xff, 0xa0, 0x00, 0x00, 0x00,
    0xbf, 0xff, 0xfa, 0x00, 0x00, 0x00, 0x0e, 0xfe,
    0x10, 0x00, 0x00, 0x00, 0x56, 0x3f, 0xfa, 0x00,
    0x00, 0x00, 0x9f, 0xf4, 0x00, 0x00, 0x00, 0x00,
    0x00, 0x1f, 0xfa, 0x00, 0x00, 0x04, 0xff, 0xa0,
    0x00, 0x00, 0x00, 0x00, 0x00, 0x1f, 0xfa, 0x00,
    0x00, 0x0e, 0xfe, 0x10, 0x00, 0x00, 0x00, 0x00,
    0x00, 0x1f, 0xfa, 0x00, 0x00, 0x9f, 0xf4, 0x00,
    0x11, 0x10, 0x00, 0x00, 0x00, 0x1f, 0xfa, 0x00,
    0x04, 0xff, 0xa0, 0x00, 0xff, 0xa0, 0x00, 0x00,
    0x00, 0x1f, 0xfa, 0x00, 0x0d, 0xfe, 0x10, 0x04,
    0xff, 0x50, 0x00, 0x00, 0x00, 0x1f, 0xfa, 0x00,
    0x9f, 0xf5, 0x00, 0x0a, 0xff, 0x00, 0x00, 0x00,
    0x00, 0x03, 0x32, 0x03, 0xff, 0xa0, 0x00, 0x0e,
    0xfa, 0x04, 0xc8, 0x00, 0x00, 0x00, 0x00, 0x0d,
    0xfe, 0x10, 0x00, 0x4f, 0xf5, 0x08, 0xfb, 0x00,
    0x00, 0x00, 0x00, 0x9f, 0xf5, 0x00, 0x00, 0x9f,
    0xf0, 0x0b, 0xfb, 0x00, 0x00, 0x00, 0x03, 0xff,
    0xa0, 0x00, 0x00, 0xef, 0xf9, 0x9f, 0xff, 0x91,
    0x00, 0x00, 0x0d, 0xfe, 0x10, 0x00, 0x04, 0xff,
    0xff, 0xff, 0xff, 0xf3, 0x00, 0x00, 0x8f, 0xf5,
    0x00, 0x00, 0x05, 0xff, 0xff, 0xff, 0xff, 0xf3,
    0x00, 0x03, 0xff, 0xa0, 0x00, 0x00, 0x00, 0x00,
    0x00, 0x0f, 0xfb, 0x00, 0x00, 0x0d, 0xfe, 0x10,
    0x00, 0x00, 0x00, 0x00, 0x00, 0x0f, 0xfb, 0x00,
    0x00, 0x4f, 0xf5, 0x00, 0x00, 0x00, 0x00, 0x00,
    0x00, 0x07, 0x85, 0x00, 0x00, 0x03, 0x80, 0x00,
    0x00, 0x00, 0x00, 0x00, 0x00, 0x00, 0x00, 0x00,

    /* U+00BD "½" */
    0x00, 0x00, 0x00, 0x00, 0x00, 0x00, 0x00, 0x03,
    0x30, 0x00, 0x00, 0x00, 0x00, 0xaf, 0xa0, 0x00,
    0x00, 0x00, 0x01, 0xef, 0x80, 0x00, 0x00, 0x6a,
    0xef, 0xfa, 0x00, 0x00, 0x00, 0x00, 0xaf, 0xf3,
    0x00, 0x00, 0x0b, 0xff, 0xff, 0xa0, 0x00, 0x00,
    0x00, 0x5f, 0xf7, 0x00, 0x00, 0x00, 0xbe, 0xaf,
    0xfa, 0x00, 0x00, 0x00, 0x1e, 0xfc, 0x00, 0x00,
    0x00, 0x00, 0x01, 0xff, 0xa0, 0x00, 0x00, 0x0a,
    0xff, 0x20, 0x00, 0x00, 0x00, 0x00, 0x1f, 0xfa,
    0x00, 0x00, 0x05, 0xff, 0x70, 0x00, 0x00, 0x00,
    0x00, 0x01, 0xff, 0xa0, 0x00, 0x01, 0xef, 0xc0,
    0x00, 0x00, 0x00, 0x00, 0x00, 0x1f, 0xfa, 0x00,
    0x00, 0xbf, 0xf2, 0x00, 0x15, 0x75, 0x10, 0x00,
    0x01, 0xff, 0xa0, 0x00, 0x6f, 0xf6, 0x00, 0x5f,
    0xff, 0xfe, 0x40, 0x00, 0x1f, 0xfa, 0x00, 0x2f,
    0xfc, 0x00, 0x4f, 0xff, 0xff, 0xff, 0x10, 0x01,
    0xff, 0xa0, 0x0c, 0xff, 0x20, 0x01, 0xcf, 0x50,
    0x8f, 0xf5, 0x00, 0x05, 0x53, 0x07, 0xff, 0x60,
    0x00, 0x00, 0x20, 0x06, 0xff, 0x40, 0x00, 0x00,
    0x02, 0xff, 0xb0, 0x00, 0x00, 0x00, 0x01, 0xef,
    0xe0, 0x00, 0x00, 0x00, 0xcf, 0xf1, 0x00, 0x00,
    0x00, 0x00, 0xcf, 0xf4, 0x00, 0x00, 0x00, 0x7f,
    0xf5, 0x00, 0x00, 0x00, 0x00, 0xbf, 0xf6, 0x00,
    0x00, 0x00, 0x2f, 0xfb, 0x00, 0x00, 0x00, 0x00,
    0xbf, 0xf7, 0x00, 0x00, 0x00, 0x0d, 0xfe, 0x10,
    0x00, 0x00, 0x00, 0xbf, 0xff, 0x99, 0x94, 0x00,
    0x08, 0xff, 0x50, 0x00, 0x00, 0x00, 0x7f, 0xff,
    0xff, 0xff, 0x80, 0x03, 0xff, 0xa0, 0x00, 0x00,
    0x00, 0x08, 0xff, 0xff, 0xff, 0xf8, 0x00, 0x1b,
    0xe1, 0x00, 0x00, 0x00, 0x00, 0x00, 0x00, 0x00,
    0x00, 0x00, 0x00, 0x01, 0x00, 0x00, 0x00, 0x00,
    0x00, 0x00, 0x00, 0x00, 0x00,

    /* U+00BE "¾" */
    0x00, 0x00, 0x00, 0x00, 0x00, 0x00, 0x00, 0x00,
    0x00, 0x30, 0x00, 0x00, 0x00, 0x01, 0x9e, 0xfd,
    0x80, 0x00, 0x00, 0x00, 0x00, 0x03, 0xfc, 0x20,
    0x00, 0x00, 0x2e, 0xff, 0xff, 0xfb, 0x00, 0x00,
    0x00, 0x00, 0x0d, 0xfe, 0x10, 0x00, 0x00, 0x4f,
    0xfa, 0x7e, 0xff, 0x20, 0x00, 0x00, 0x00, 0x9f,
    0xf4, 0x00, 0x00, 0x00, 0x05, 0x50, 0x06, 0xff,
    0x20, 0x00, 0x00, 0x03, 0xff, 0x90, 0x00, 0x00,
    0x00, 0x00, 0x00, 0x2c, 0xfe, 0x00, 0x00, 0x00,
    0x0d, 0xfe, 0x00, 0x00, 0x00, 0x00, 0x00, 0x2f,
    0xff, 0xf6, 0x00, 0x00, 0x00, 0x9f, 0xf4, 0x00,
    0x00, 0x00, 0x00, 0x00, 0x2f, 0xff, 0xff, 0x40,
    0x00, 0x04, 0xff, 0x90, 0x00, 0x00, 0x00, 0x00,
    0x00, 0x00, 0x05, 0xff, 0xb0, 0x00, 0x0d, 0xfe,
    0x00, 0x00, 0x00, 0x00, 0x00, 0x02, 0x70, 0x00,
    0xff, 0xc0, 0x00, 0x9f, 0xf4, 0x00, 0x4d, 0xd4,
    0x00, 0x00, 0x2e, 0xfb, 0x8c, 0xff, 0x80, 0x04,
    0xff, 0x90, 0x00, 0xaf, 0xf0, 0x00, 0x00, 0x1d,
    0xff, 0xff, 0xfd, 0x10, 0x0e, 0xfe, 0x00, 0x00,
    0xff, 0xa0, 0x00, 0x00, 0x01, 0x8d, 0xfe, 0x91,
    0x00, 0x9f, 0xf4, 0x00, 0x05, 0xff, 0x40, 0x24,
    0x10, 0x00, 0x00, 0x00, 0x00, 0x04, 0xff, 0x90,
    0x00, 0x0a, 0xff, 0x00, 0xdf, 0x40, 0x00, 0x00,
    0x00, 0x00, 0x0e, 0xfd, 0x00, 0x00, 0x0f, 0xf9,
    0x01, 0xff, 0x40, 0x00, 0x00, 0x00, 0x00, 0x9f,
    0xf4, 0x00, 0x00, 0x5f, 0xfd, 0x9e, 0xff, 0xd7,
    0x00, 0x00, 0x00, 0x04, 0xff, 0x90, 0x00, 0x00,
    0xbf, 0xff, 0xff, 0xff, 0xfc, 0x00, 0x00, 0x00,
    0x0e, 0xfd, 0x00, 0x00, 0x00, 0xcf, 0xff, 0xff,
    0xff, 0xfc, 0x00, 0x00, 0x00, 0xaf, 0xf3, 0x00,
    0x00, 0x00, 0x00, 0x00, 0x06, 0xff, 0x40, 0x00,
    0x00, 0x04, 0xff, 0x90, 0x00, 0x00, 0x00, 0x00,
    0x00, 0x06, 0xff, 0x40, 0x00, 0x00, 0x0b, 0xfd,
    0x00, 0x00, 0x00, 0x00, 0x00, 0x00, 0x03, 0x88,
    0x20, 0x00, 0x00, 0x00, 0x73, 0x00, 0x00, 0x00,
    0x00, 0x00, 0x00, 0x00, 0x00, 0x00,

    /* U+00BF "¿" */
    0x00, 0x00, 0x04, 0x97, 0x00, 0x00, 0x00, 0x00,
    0x00, 0x3f, 0xff, 0xb0, 0x00, 0x00, 0x00, 0x00,
    0x8f, 0xff, 0xf0, 0x00, 0x00, 0x00, 0x00, 0x6f,
    0xff, 0xd0, 0x00, 0x00, 0x00, 0x00, 0x09, 0xfd,
    0x30, 0x00, 0x00, 0x00, 0x00, 0x00, 0x00, 0x00,
    0x00, 0x00, 0x00, 0x00, 0x00, 0x16, 0x00, 0x00,
    0x00, 0x00, 0x00, 0x06, 0xff, 0x30, 0x00, 0x00,
    0x00, 0x01, 0xbf, 0xff, 0xd0, 0x00, 0x00, 0x00,
    0x3e, 0xff, 0xff, 0x60, 0x00, 0x00, 0x02, 0xff,
    0xff, 0xb2, 0x00, 0x00, 0x00, 0x0c, 0xff, 0xf8,
    0x00, 0x00, 0x00, 0x00, 0x4f, 0xff, 0x70, 0x00,
    0x00, 0x00, 0x00, 0x9f, 0xfd, 0x00, 0x00, 0x00,
    0x00, 0x00, 0xbf, 0xfa, 0x00, 0x00, 0x00, 0x00,
    0x00, 0xaf, 0xfb, 0x00, 0x00, 0x00, 0x15, 0x00,
    0x7f, 0xff, 0x20, 0x00, 0x03, 0xef, 0x40, 0x2f,
    0xff, 0xe6, 0x34, 0xaf, 0xff, 0xe0, 0x08, 0xff,
    0xff, 0xff, 0xff, 0xff, 0x50, 0x00, 0x9f, 0xff,
    0xff, 0xff, 0xd3, 0x00, 0x00, 0x04, 0xae, 0xfe,
    0xb5, 0x00, 0x00,

    /* U+00C0 "À" */
    0x00, 0x00, 0x00, 0x30, 0x00, 0x00, 0x00, 0x00,
    0x00, 0x00, 0x00, 0x05, 0xfb, 0x00, 0x00, 0x00,
    0x00, 0x00, 0x00, 0x00, 0x08, 0xff, 0xc1, 0x00,
    0x00, 0x00, 0x00, 0x00, 0x00, 0x00, 0x7f, 0xfd,
    0x10, 0x00, 0x00, 0x00, 0x00, 0x00, 0x00, 0x06,
    0xff, 0xb0, 0x00, 0x00, 0x00, 0x00, 0x00, 0x00,
    0x00, 0x5d, 0x20, 0x00, 0x00, 0x00, 0x00, 0x00,
    0x00, 0x00, 0x00, 0x00, 0x00, 0x00, 0x00, 0x00,
    0x00, 0x00, 0x00, 0x00, 0x00, 0x00, 0x00, 0x00,
    0x00, 0x00, 0x00, 0x0e, 0xff, 0xf7, 0x00, 0x00,
    0x00, 0x00, 0x00, 0x00, 0x4f, 0xff, 0xfd, 0x00,
    0x00, 0x00, 0x00, 0x00, 0x00, 0xaf, 0xff, 0xff,
    0x30, 0x00, 0x00, 0x00, 0x00, 0x00, 0xff, 0xfe,
    0xff, 0x80, 0x00, 0x00, 0x00, 0x00, 0x05, 0xff,
    0xe5, 0xff, 0xe0, 0x00, 0x00, 0x00, 0x00, 0x0b,
    0xff, 0x80, 0xff, 0xf3, 0x00, 0x00, 0x00, 0x00,
    0x1f, 0xff, 0x20, 0xaf, 0xf9, 0x00, 0x00, 0x00,
    0x00, 0x6f, 0xfd, 0x00, 0x4f, 0xfe, 0x00, 0x00,
    0x00, 0x00, 0xcf, 0xf7, 0x00, 0x0e, 0xff, 0x40,
    0x00, 0x00, 0x02, 0xff, 0xf2, 0x00, 0x09, 0xff,
    0xa0, 0x00, 0x00, 0x08, 0xff, 0xc0, 0x00, 0x03,
    0xff, 0xf0, 0x00, 0x00, 0x0d, 0xff, 0x70, 0x00,
    0x00, 0xef, 0xf5, 0x00, 0x00, 0x3f, 0xff, 0xff,
    0xff, 0xff, 0xff, 0xfb, 0x00, 0x00, 0x9f, 0xff,
    0xff, 0xff, 0xff, 0xff, 0xff, 0x10, 0x00, 0xef,
    0xff, 0xff, 0xff, 0xff, 0xff, 0xff, 0x60, 0x04,
    0xff, 0xf0, 0x00, 0x00, 0x00, 0x08, 0xff, 0xc0,
    0x0a, 0xff, 0xa0, 0x00, 0x00, 0x00, 0x02, 0xff,
    0xf1, 0x0f, 0xff, 0x40, 0x00, 0x00, 0x00, 0x00,
    0xdf, 0xf7, 0x5f, 0xfe, 0x00, 0x00, 0x00, 0x00,
    0x00, 0x7f, 0xfd,

    /* U+00C1 "Á" */
    0x00, 0x00, 0x00, 0x00, 0x00, 0x03, 0x00, 0x00,
    0x00, 0x00, 0x00, 0x00, 0x00, 0x00, 0x4f, 0xc0,
    0x00, 0x00, 0x00, 0x00, 0x00, 0x00, 0x06, 0xff,
    0xe2, 0x00, 0x00, 0x00, 0x00, 0x00, 0x00, 0x7f,
    0xfd, 0x10, 0x00, 0x00, 0x00, 0x00, 0x00, 0x04,
    0xff, 0xc1, 0x00, 0x00, 0x00, 0x00, 0x00, 0x00,
    0x00, 0x8b, 0x00, 0x00, 0x00, 0x00, 0x00, 0x00,
    0x00, 0x00, 0x00, 0x00, 0x00, 0x00, 0x00, 0x00,
    0x00, 0x00, 0x00, 0x00, 0x00, 0x00, 0x00, 0x00,
    0x00, 0x00, 0x00, 0x0e, 0xff, 0xf7, 0x00, 0x00,
    0x00, 0x00, 0x00, 0x00, 0x4f, 0xff, 0xfd, 0x00,
    0x00, 0x00, 0x00, 0x00, 0x00, 0xaf, 0xff, 0xff,
    0x30, 0x00, 0x00, 0x00, 0x00, 0x00, 0xff, 0xfe,
    0xff, 0x80, 0x00, 0x00, 0x00, 0x00, 0x05, 0xff,
    0xe5, 0xff, 0xe0, 0x00, 0x00, 0x00, 0x00, 0x0b,
    0xff, 0x80, 0xff, 0xf3, 0x00, 0x00, 0x00, 0x00,
    0x1f, 0xff, 0x20, 0xaf, 0xf9, 0x00, 0x00, 0x00,
    0x00, 0x6f, 0xfd, 0x00, 0x4f, 0xfe, 0x00, 0x00,
    0x00, 0x00, 0xcf, 0xf7, 0x00, 0x0e, 0xff, 0x40,
    0x00, 0x00, 0x02, 0xff, 0xf2, 0x00, 0x09, 0xff,
    0xa0, 0x00, 0x00, 0x08, 0xff, 0xc0, 0x00, 0x03,
    0xff, 0xf0, 0x00, 0x00, 0x0d, 0xff, 0x70, 0x00,
    0x00, 0xef, 0xf5, 0x00, 0x00, 0x3f, 0xff, 0xff,
    0xff, 0xff, 0xff, 0xfb, 0x00, 0x00, 0x9f, 0xff,
    0xff, 0xff, 0xff, 0xff, 0xff, 0x10, 0x00, 0xef,
    0xff, 0xff, 0xff, 0xff, 0xff, 0xff, 0x60, 0x04,
    0xff, 0xf0, 0x00, 0x00, 0x00, 0x08, 0xff, 0xc0,
    0x0a, 0xff, 0xa0, 0x00, 0x00, 0x00, 0x02, 0xff,
    0xf1, 0x0f, 0xff, 0x40, 0x00, 0x00, 0x00, 0x00,
    0xdf, 0xf7, 0x5f, 0xfe, 0x00, 0x00, 0x00, 0x00,
    0x00, 0x7f, 0xfd,

    /* U+00C2 "Â" */
    0x00, 0x00, 0x00, 0x00, 0x16, 0x00, 0x00, 0x00,
    0x00, 0x00, 0x00, 0x00, 0x01, 0xdf, 0x80, 0x00,
    0x00, 0x00, 0x00, 0x00, 0x00, 0x2e, 0xff, 0xf8,
    0x00, 0x00, 0x00, 0x00, 0x00, 0x02, 0xef, 0xfd,
    0xff, 0x90, 0x00, 0x00, 0x00, 0x00, 0x08, 0xff,
    0x30, 0xaf, 0xf2, 0x00, 0x00, 0x00, 0x00, 0x00,
    0x93, 0x00, 0x0a, 0x40, 0x00, 0x00, 0x00, 0x00,
    0x00, 0x00, 0x00, 0x00, 0x00, 0x00, 0x00, 0x00,
    0x00, 0x00, 0x00, 0x00, 0x00, 0x00, 0x00, 0x00,
    0x00, 0x00, 0x00, 0x0e, 0xff, 0xf7, 0x00, 0x00,
    0x00, 0x00, 0x00, 0x00, 0x4f, 0xff, 0xfd, 0x00,
    0x00, 0x00, 0x00, 0x00, 0x00, 0xaf, 0xff, 0xff,
    0x30, 0x00, 0x00, 0x00, 0x00, 0x00, 0xff, 0xfe,
    0xff, 0x80, 0x00, 0x00, 0x00, 0x00, 0x05, 0xff,
    0xe5, 0xff, 0xe0, 0x00, 0x00, 0x00, 0x00, 0x0b,
    0xff, 0x80, 0xff, 0xf3, 0x00, 0x00, 0x00, 0x00,
    0x1f, 0xff, 0x20, 0xaf, 0xf9, 0x00, 0x00, 0x00,
    0x00, 0x6f, 0xfd, 0x00, 0x4f, 0xfe, 0x00, 0x00,
    0x00, 0x00, 0xcf, 0xf7, 0x00, 0x0e, 0xff, 0x40,
    0x00, 0x00, 0x02, 0xff, 0xf2, 0x00, 0x09, 0xff,
    0xa0, 0x00, 0x00, 0x08, 0xff, 0xc0, 0x00, 0x03,
    0xff, 0xf0, 0x00, 0x00, 0x0d, 0xff, 0x70, 0x00,
    0x00, 0xef, 0xf5, 0x00, 0x00, 0x3f, 0xff, 0xff,
    0xff, 0xff, 0xff, 0xfb, 0x00, 0x00, 0x9f, 0xff,
    0xff, 0xff, 0xff, 0xff, 0xff, 0x10, 0x00, 0xef,
    0xff, 0xff, 0xff, 0xff, 0xff, 0xff, 0x60, 0x04,
    0xff, 0xf0, 0x00, 0x00, 0x00, 0x08, 0xff, 0xc0,
    0x0a, 0xff, 0xa0, 0x00, 0x00, 0x00, 0x02, 0xff,
    0xf1, 0x0f, 0xff, 0x40, 0x00, 0x00, 0x00, 0x00,
    0xdf, 0xf7, 0x5f, 0xfe, 0x00, 0x00, 0x00, 0x00,
    0x00, 0x7f, 0xfd,

    /* U+00C3 "Ã" */
    0x00, 0x00, 0x00, 0x46, 0x30, 0x00, 0x30, 0x00,
    0x00, 0x00, 0x00, 0x0b, 0xff, 0xfb, 0x23, 0xfd,
    0x20, 0x00, 0x00, 0x00, 0x7f, 0xff, 0xff, 0xff,
    0xff, 0x10, 0x00, 0x00, 0x00, 0x5e, 0xb1, 0x5e,
    0xff, 0xf5, 0x00, 0x00, 0x00, 0x00, 0x00, 0x10,
    0x00, 0x56, 0x20, 0x00, 0x00, 0x00, 0x00, 0x00,
    0x00, 0x00, 0x00, 0x00, 0x00, 0x00, 0x00, 0x00,
    0x00, 0x00, 0x00, 0x00, 0x00, 0x00, 0x00, 0x00,
    0x00, 0x00, 0x0e, 0xff, 0xf7, 0x00, 0x00, 0x00,
    0x00, 0x00, 0x00, 0x4f, 0xff, 0xfd, 0x00, 0x00,
    0x00, 0x00, 0x00, 0x00, 0xaf, 0xff, 0xff, 0x30,
    0x00, 0x00, 0x00, 0x00, 0x00, 0xff, 0xfe, 0xff,
    0x80, 0x00, 0x00, 0x00, 0x00, 0x05, 0xff, 0xe5,
    0xff, 0xe0, 0x00, 0x00, 0x00, 0x00, 0x0b, 0xff,
    0x80, 0xff, 0xf3, 0x00, 0x00, 0x00, 0x00, 0x1f,
    0xff, 0x20, 0xaf, 0xf9, 0x00, 0x00, 0x00, 0x00,
    0x6f, 0xfd, 0x00, 0x4f, 0xfe, 0x00, 0x00, 0x00,
    0x00, 0xcf, 0xf7, 0x00, 0x0e, 0xff, 0x40, 0x00,
    0x00, 0x02, 0xff, 0xf2, 0x00, 0x09, 0xff, 0xa0,
    0x00, 0x00, 0x08, 0xff, 0xc0, 0x00, 0x03, 0xff,
    0xf0, 0x00, 0x00, 0x0d, 0xff, 0x70, 0x00, 0x00,
    0xef, 0xf5, 0x00, 0x00, 0x3f, 0xff, 0xff, 0xff,
    0xff, 0xff, 0xfb, 0x00, 0x00, 0x9f, 0xff, 0xff,
    0xff, 0xff, 0xff, 0xff, 0x10, 0x00, 0xef, 0xff,
    0xff, 0xff, 0xff, 0xff, 0xff, 0x60, 0x04, 0xff,
    0xf0, 0x00, 0x00, 0x00, 0x08, 0xff, 0xc0, 0x0a,
    0xff, 0xa0, 0x00, 0x00, 0x00, 0x02, 0xff, 0xf1,
    0x0f, 0xff, 0x40, 0x00, 0x00, 0x00, 0x00, 0xdf,
    0xf7, 0x5f, 0xfe, 0x00, 0x00, 0x00, 0x00, 0x00,
    0x7f, 0xfd,

    /* U+00C4 "Ä" */
    0x00, 0x00, 0x09, 0xfb, 0x00, 0x4e, 0xe4, 0x00,
    0x00, 0x00, 0x00, 0x4f, 0xff, 0x70, 0xdf, 0xfd,
    0x00, 0x00, 0x00, 0x00, 0x4f, 0xff, 0x70, 0xdf,
    0xfd, 0x00, 0x00, 0x00, 0x00, 0x09, 0xfb, 0x00,
    0x4e, 0xe4, 0x00, 0x00, 0x00, 0x00, 0x00, 0x00,
    0x00, 0x00, 0x00, 0x00, 0x00, 0x00, 0x00, 0x00,
    0x00, 0x00, 0x00, 0x00, 0x00, 0x00, 0x00, 0x00,
    0x00, 0x0e, 0xff, 0xf7, 0x00, 0x00, 0x00, 0x00,
    0x00, 0x00, 0x4f, 0xff, 0xfd, 0x00, 0x00, 0x00,
    0x00, 0x00, 0x00, 0xaf, 0xff, 0xff, 0x30, 0x00,
    0x00, 0x00, 0x00, 0x00, 0xff, 0xfe, 0xff, 0x80,
    0x00, 0x00, 0x00, 0x00, 0x05, 0xff, 0xe5, 0xff,
    0xe0, 0x00, 0x00, 0x00, 0x00, 0x0b, 0xff, 0x80,
    0xff, 0xf3, 0x00, 0x00, 0x00, 0x00, 0x1f, 0xff,
    0x20, 0xaf, 0xf9, 0x00, 0x00, 0x00, 0x00, 0x6f,
    0xfd, 0x00, 0x4f, 0xfe, 0x00, 0x00, 0x00, 0x00,
    0xcf, 0xf7, 0x00, 0x0e, 0xff, 0x40, 0x00, 0x00,
    0x02, 0xff, 0xf2, 0x00, 0x09, 0xff, 0xa0, 0x00,
    0x00, 0x08, 0xff, 0xc0, 0x00, 0x03, 0xff, 0xf0,
    0x00, 0x00, 0x0d, 0xff, 0x70, 0x00, 0x00, 0xef,
    0xf5, 0x00, 0x00, 0x3f, 0xff, 0xff, 0xff, 0xff,
    0xff, 0xfb, 0x00, 0x00, 0x9f, 0xff, 0xff, 0xff,
    0xff, 0xff, 0xff, 0x10, 0x00, 0xef, 0xff, 0xff,
    0xff, 0xff, 0xff, 0xff, 0x60, 0x04, 0xff, 0xf0,
    0x00, 0x00, 0x00, 0x08, 0xff, 0xc0, 0x0a, 0xff,
    0xa0, 0x00, 0x00, 0x00, 0x02, 0xff, 0xf1, 0x0f,
    0xff, 0x40, 0x00, 0x00, 0x00, 0x00, 0xdf, 0xf7,
    0x5f, 0xfe, 0x00, 0x00, 0x00, 0x00, 0x00, 0x7f,
    0xfd,

    /* U+00C5 "Å" */
    0x00, 0x00, 0x00, 0x06, 0xef, 0xb2, 0x00, 0x00,
    0x00, 0x00, 0x00, 0x00, 0x5f, 0xff, 0xfe, 0x00,
    0x00, 0x00, 0x00, 0x00, 0x00, 0xbf, 0x71, 0xdf,
    0x40, 0x00, 0x00, 0x00, 0x00, 0x00, 0xbf, 0x71,
    0xdf, 0x40, 0x00, 0x00, 0x00, 0x00, 0x00, 0x5f,
    0xff, 0xfe, 0x00, 0x00, 0x00, 0x00, 0x00, 0x00,
    0x06, 0xdf, 0xb2, 0x00, 0x00, 0x00, 0x00, 0x00,
    0x00, 0x00, 0x00, 0x00, 0x00, 0x00, 0x00, 0x00,
    0x00, 0x00, 0x00, 0x00, 0x00, 0x00, 0x00, 0x00,
    0x00, 0x00, 0x00, 0x0e, 0xff, 0xf7, 0x00, 0x00,
    0x00, 0x00, 0x00, 0x00, 0x4f, 0xff, 0xfd, 0x00,
    0x00, 0x00, 0x00, 0x00, 0x00, 0xaf, 0xff, 0xff,
    0x30, 0x00, 0x00, 0x00, 0x00, 0x00, 0xff, 0xfe,
    0xff, 0x80, 0x00, 0x00, 0x00, 0x00, 0x05, 0xff,
    0xe5, 0xff, 0xe0, 0x00, 0x00, 0x00, 0x00, 0x0b,
    0xff, 0x80, 0xff, 0xf3, 0x00, 0x00, 0x00, 0x00,
    0x1f, 0xff, 0x20, 0xaf, 0xf9, 0x00, 0x00, 0x00,
    0x00, 0x6f, 0xfd, 0x00, 0x4f, 0xfe, 0x00, 0x00,
    0x00, 0x00, 0xcf, 0xf7, 0x00, 0x0e, 0xff, 0x40,
    0x00, 0x00, 0x02, 0xff, 0xf2, 0x00, 0x09, 0xff,
    0xa0, 0x00, 0x00, 0x08, 0xff, 0xc0, 0x00, 0x03,
    0xff, 0xf0, 0x00, 0x00, 0x0d, 0xff, 0x70, 0x00,
    0x00, 0xef, 0xf5, 0x00, 0x00, 0x3f, 0xff, 0xff,
    0xff, 0xff, 0xff, 0xfb, 0x00, 0x00, 0x9f, 0xff,
    0xff, 0xff, 0xff, 0xff, 0xff, 0x10, 0x00, 0xef,
    0xff, 0xff, 0xff, 0xff, 0xff, 0xff, 0x60, 0x04,
    0xff, 0xf0, 0x00, 0x00, 0x00, 0x08, 0xff, 0xc0,
    0x0a, 0xff, 0xa0, 0x00, 0x00, 0x00, 0x02, 0xff,
    0xf1, 0x0f, 0xff, 0x40, 0x00, 0x00, 0x00, 0x00,
    0xdf, 0xf7, 0x5f, 0xfe, 0x00, 0x00, 0x00, 0x00,
    0x00, 0x7f, 0xfd,

    /* U+00C6 "Æ" */
    0x00, 0x00, 0x00, 0x03, 0xff, 0xff, 0xff, 0xff,
    0xff, 0xff, 0xf9, 0x00, 0x00, 0x00, 0x00, 0x9f,
    0xff, 0xff, 0xff, 0xff, 0xff, 0xff, 0x90, 0x00,
    0x00, 0x00, 0x0f, 0xff, 0xff, 0xff, 0xff, 0xff,
    0xff, 0xf9, 0x00, 0x00, 0x00, 0x06, 0xff, 0xfa,
    0xff, 0xc1, 0x11, 0x11, 0x11, 0x00, 0x00, 0x00,
    0x00, 0xcf, 0xf9, 0x8f, 0xfc, 0x00, 0x00, 0x00,
    0x00, 0x00, 0x00, 0x00, 0x3f, 0xff, 0x26, 0xff,
    0xd0, 0x00, 0x00, 0x00, 0x00, 0x00, 0x00, 0x09,
    0xff, 0xc0, 0x5f, 0xff, 0x00, 0x00, 0x00, 0x00,
    0x00, 0x00, 0x00, 0xff, 0xf5, 0x03, 0xff, 0xf0,
    0x00, 0x00, 0x00, 0x00, 0x00, 0x00, 0x6f, 0xfe,
    0x00, 0x2f, 0xff, 0xff, 0xff, 0xff, 0x80, 0x00,
    0x00, 0x0c, 0xff, 0x80, 0x00, 0xff, 0xff, 0xff,
    0xff, 0xf8, 0x00, 0x00, 0x02, 0xff, 0xf2, 0x00,
    0x0f, 0xff, 0xff, 0xff, 0xff, 0x80, 0x00, 0x00,
    0xdf, 0xff, 0xff, 0xff, 0xff, 0xf6, 0x00, 0x00,
    0x00, 0x00, 0x00, 0x0f, 0xff, 0xff, 0xff, 0xff,
    0xff, 0x70, 0x00, 0x00, 0x00, 0x00, 0x05, 0xff,
    0xff, 0xff, 0xff, 0xff, 0xf9, 0x00, 0x00, 0x00,
    0x00, 0x00, 0xcf, 0xf9, 0x11, 0x11, 0x1a, 0xff,
    0xa0, 0x00, 0x00, 0x00, 0x00, 0x2f, 0xff, 0x20,
    0x00, 0x00, 0x7f, 0xfd, 0x11, 0x11, 0x11, 0x10,
    0x08, 0xff, 0xb0, 0x00, 0x00, 0x06, 0xff, 0xff,
    0xff, 0xff, 0xff, 0x20, 0xef, 0xf4, 0x00, 0x00,
    0x00, 0x4f, 0xff, 0xff, 0xff, 0xff, 0xf2, 0x5f,
    0xfe, 0x00, 0x00, 0x00, 0x03, 0xff, 0xff, 0xff,
    0xff, 0xff, 0x20,

    /* U+00C7 "Ç" */
    0x00, 0x00, 0x00, 0x39, 0xde, 0xff, 0xd9, 0x40,
    0x00, 0x00, 0x00, 0x00, 0x2c, 0xff, 0xff, 0xff,
    0xff, 0xfc, 0x20, 0x00, 0x00, 0x04, 0xff, 0xff,
    0xff, 0xff, 0xff, 0xff, 0xf4, 0x00, 0x00, 0x3f,
    0xff, 0xfd, 0x64, 0x23, 0x7d, 0xff, 0xff, 0x20,
    0x00, 0xdf, 0xff, 0x70, 0x00, 0x00, 0x00, 0x7f,
    0xff, 0xc0, 0x06, 0xff, 0xf6, 0x00, 0x00, 0x00,
    0x00, 0x06, 0xe9, 0x40, 0x0c, 0xff, 0xc0, 0x00,
    0x00, 0x00, 0x00, 0x00, 0x00, 0x00, 0x0f, 0xff,
    0x60, 0x00, 0x00, 0x00, 0x00, 0x00, 0x00, 0x00,
    0x2f, 0xff, 0x20, 0x00, 0x00, 0x00, 0x00, 0x00,
    0x00, 0x00, 0x3f, 0xff, 0x10, 0x00, 0x00, 0x00,
    0x00, 0x00, 0x00, 0x00, 0x3f, 0xff, 0x20, 0x00,
    0x00, 0x00, 0x00, 0x00, 0x00, 0x00, 0x0f, 0xff,
    0x60, 0x00, 0x00, 0x00, 0x00, 0x00, 0x00, 0x00,
    0x0d, 0xff, 0xc0, 0x00, 0x00, 0x00, 0x00, 0x00,
    0x00, 0x00, 0x07, 0xff, 0xf6, 0x00, 0x00, 0x00,
    0x00, 0x06, 0xe9, 0x40, 0x01, 0xef, 0xff, 0x70,
    0x00, 0x00, 0x00, 0x7f, 0xff, 0xc0, 0x00, 0x3f,
    0xff, 0xfd, 0x63, 0x23, 0x7d, 0xff, 0xff, 0x20,
    0x00, 0x05, 0xff, 0xff, 0xff, 0xff, 0xff, 0xff,
    0xf4, 0x00, 0x00, 0x00, 0x2d, 0xff, 0xff, 0xff,
    0xff, 0xfc, 0x20, 0x00, 0x00, 0x00, 0x00, 0x4a,
    0xdf, 0xff, 0xd9, 0x40, 0x00, 0x00, 0x00, 0x00,
    0x00, 0x00, 0x3f, 0xf4, 0x00, 0x00, 0x00, 0x00,
    0x00, 0x00, 0x00, 0x00, 0x6e, 0xff, 0xc0, 0x00,
    0x00, 0x00, 0x00, 0x00, 0x00, 0x00, 0x10, 0x0c,
    0xf3, 0x00, 0x00, 0x00, 0x00, 0x00, 0x00, 0x06,
    0xfd, 0xdf, 0xf1, 0x00, 0x00, 0x00, 0x00, 0x00,
    0x00, 0x04, 0xbe, 0xfc, 0x40, 0x00, 0x00, 0x00,

    /* U+00C8 "È" */
    0x00, 0x04, 0x00, 0x00, 0x00, 0x00, 0x00, 0x9f,
    0x70, 0x00, 0x00, 0x00, 0x00, 0xcf, 0xf8, 0x00,
    0x00, 0x00, 0x00, 0x0b, 0xff, 0xa0, 0x00, 0x00,
    0x00, 0x00, 0xaf, 0xf7, 0x00, 0x00, 0x00, 0x00,
    0x09, 0xb0, 0x00, 0x00, 0x00, 0x00, 0x00, 0x00,
    0x00, 0x00, 0x00, 0x00, 0x00, 0x00, 0x00, 0x00,
    0xef, 0xff, 0xff, 0xff, 0xff, 0xfe, 0xef, 0xff,
    0xff, 0xff, 0xff, 0xfe, 0xef, 0xff, 0xff, 0xff,
    0xff, 0xfe, 0xef, 0xf7, 0x11, 0x11, 0x11, 0x11,
    0xef, 0xf6, 0x00, 0x00, 0x00, 0x00, 0xef, 0xf6,
    0x00, 0x00, 0x00, 0x00, 0xef, 0xf6, 0x00, 0x00,
    0x00, 0x00, 0xef, 0xf7, 0x11, 0x11, 0x11, 0x00,
    0xef, 0xff, 0xff, 0xff, 0xff, 0x40, 0xef, 0xff,
    0xff, 0xff, 0xff, 0x40, 0xef, 0xff, 0xff, 0xff,
    0xff, 0x40, 0xef, 0xf6, 0x00, 0x00, 0x00, 0x00,
    0xef, 0xf6, 0x00, 0x00, 0x00, 0x00, 0xef, 0xf6,
    0x00, 0x00, 0x00, 0x00, 0xef, 0xf6, 0x00, 0x00,
    0x00, 0x00, 0xef, 0xf7, 0x11, 0x11, 0x11, 0x11,
    0xef, 0xff, 0xff, 0xff, 0xff, 0xfe, 0xef, 0xff,
    0xff, 0xff, 0xff, 0xfe, 0xef, 0xff, 0xff, 0xff,
    0xff, 0xfe,

    /* U+00C9 "É" */
    0x00, 0x00, 0x00, 0x00, 0x40, 0x00, 0x00, 0x00,
    0x00, 0x08, 0xf8, 0x00, 0x00, 0x00, 0x00, 0xaf,
    0xfb, 0x00, 0x00, 0x00, 0x0b, 0xff, 0xa0, 0x00,
    0x00, 0x00, 0x8f, 0xf9, 0x00, 0x00, 0x00, 0x00,
    0x0c, 0x70, 0x00, 0x00, 0x00, 0x00, 0x00, 0x00,
    0x00, 0x00, 0x00, 0x00, 0x00, 0x00, 0x00, 0x00,
    0xef, 0xff, 0xff, 0xff, 0xff, 0xfe, 0xef, 0xff,
    0xff, 0xff, 0xff, 0xfe, 0xef, 0xff, 0xff, 0xff,
    0xff, 0xfe, 0xef, 0xf7, 0x11, 0x11, 0x11, 0x11,
    0xef, 0xf6, 0x00, 0x00, 0x00, 0x00, 0xef, 0xf6,
    0x00, 0x00, 0x00, 0x00, 0xef, 0xf6, 0x00, 0x00,
    0x00, 0x00, 0xef, 0xf7, 0x11, 0x11, 0x11, 0x00,
    0xef, 0xff, 0xff, 0xff, 0xff, 0x40, 0xef, 0xff,
    0xff, 0xff, 0xff, 0x40, 0xef, 0xff, 0xff, 0xff,
    0xff, 0x40, 0xef, 0xf6, 0x00, 0x00, 0x00, 0x00,
    0xef, 0xf6, 0x00, 0x00, 0x00, 0x00, 0xef, 0xf6,
    0x00, 0x00, 0x00, 0x00, 0xef, 0xf6, 0x00, 0x00,
    0x00, 0x00, 0xef, 0xf7, 0x11, 0x11, 0x11, 0x11,
    0xef, 0xff, 0xff, 0xff, 0xff, 0xfe, 0xef, 0xff,
    0xff, 0xff, 0xff, 0xfe, 0xef, 0xff, 0xff, 0xff,
    0xff, 0xfe,

    /* U+00CA "Ê" */
    0x00, 0x00, 0x04, 0x40, 0x00, 0x00, 0x00, 0x00,
    0x4f, 0xf4, 0x00, 0x00, 0x00, 0x04, 0xff, 0xff,
    0x40, 0x00, 0x00, 0x5f, 0xfe, 0xef, 0xf5, 0x00,
    0x00, 0xcf, 0xd1, 0x1d, 0xfd, 0x00, 0x00, 0x1a,
    0x10, 0x01, 0xb1, 0x00, 0x00, 0x00, 0x00, 0x00,
    0x00, 0x00, 0x00, 0x00, 0x00, 0x00, 0x00, 0x00,
    0xef, 0xff, 0xff, 0xff, 0xff, 0xfe, 0xef, 0xff,
    0xff, 0xff, 0xff, 0xfe, 0xef, 0xff, 0xff, 0xff,
    0xff, 0xfe, 0xef, 0xf7, 0x11, 0x11, 0x11, 0x11,
    0xef, 0xf6, 0x00, 0x00, 0x00, 0x00, 0xef, 0xf6,
    0x00, 0x00, 0x00, 0x00, 0xef, 0xf6, 0x00, 0x00,
    0x00, 0x00, 0xef, 0xf7, 0x11, 0x11, 0x11, 0x00,
    0xef, 0xff, 0xff, 0xff, 0xff, 0x40, 0xef, 0xff,
    0xff, 0xff, 0xff, 0x40, 0xef, 0xff, 0xff, 0xff,
    0xff, 0x40, 0xef, 0xf6, 0x00, 0x00, 0x00, 0x00,
    0xef, 0xf6, 0x00, 0x00, 0x00, 0x00, 0xef, 0xf6,
    0x00, 0x00, 0x00, 0x00, 0xef, 0xf6, 0x00, 0x00,
    0x00, 0x00, 0xef, 0xf7, 0x11, 0x11, 0x11, 0x11,
    0xef, 0xff, 0xff, 0xff, 0xff, 0xfe, 0xef, 0xff,
    0xff, 0xff, 0xff, 0xfe, 0xef, 0xff, 0xff, 0xff,
    0xff, 0xfe,

    /* U+00CB "Ë" */
    0x01, 0xcf, 0x80, 0x08, 0xfc, 0x10, 0x09, 0xff,
    0xf2, 0x2f, 0xff, 0x90, 0x09, 0xff, 0xf2, 0x2f,
    0xff, 0x90, 0x01, 0xce, 0x80, 0x08, 0xec, 0x10,
    0x00, 0x00, 0x00, 0x00, 0x00, 0x00, 0x00, 0x00,
    0x00, 0x00, 0x00, 0x00, 0xef, 0xff, 0xff, 0xff,
    0xff, 0xfe, 0xef, 0xff, 0xff, 0xff, 0xff, 0xfe,
    0xef, 0xff, 0xff, 0xff, 0xff, 0xfe, 0xef, 0xf7,
    0x11, 0x11, 0x11, 0x11, 0xef, 0xf6, 0x00, 0x00,
    0x00, 0x00, 0xef, 0xf6, 0x00, 0x00, 0x00, 0x00,
    0xef, 0xf6, 0x00, 0x00, 0x00, 0x00, 0xef, 0xf7,
    0x11, 0x11, 0x11, 0x00, 0xef, 0xff, 0xff, 0xff,
    0xff, 0x40, 0xef, 0xff, 0xff, 0xff, 0xff, 0x40,
    0xef, 0xff, 0xff, 0xff, 0xff, 0x40, 0xef, 0xf6,
    0x00, 0x00, 0x00, 0x00, 0xef, 0xf6, 0x00, 0x00,
    0x00, 0x00, 0xef, 0xf6, 0x00, 0x00, 0x00, 0x00,
    0xef, 0xf6, 0x00, 0x00, 0x00, 0x00, 0xef, 0xf7,
    0x11, 0x11, 0x11, 0x11, 0xef, 0xff, 0xff, 0xff,
    0xff, 0xfe, 0xef, 0xff, 0xff, 0xff, 0xff, 0xfe,
    0xef, 0xff, 0xff, 0xff, 0xff, 0xfe,

    /* U+00CC "Ì" */
    0x01, 0x30, 0x00, 0x00, 0xcf, 0x40, 0x00, 0x2e,
    0xff, 0x50, 0x00, 0x2d, 0xff, 0x60, 0x00, 0x1d,
    0xff, 0x30, 0x00, 0x1c, 0x70, 0x00, 0x00, 0x00,
    0x00, 0x00, 0x00, 0x00, 0x00, 0x0e, 0xff, 0x60,
    0x00, 0xef, 0xf6, 0x00, 0x0e, 0xff, 0x60, 0x00,
    0xef, 0xf6, 0x00, 0x0e, 0xff, 0x60, 0x00, 0xef,
    0xf6, 0x00, 0x0e, 0xff, 0x60, 0x00, 0xef, 0xf6,
    0x00, 0x0e, 0xff, 0x60, 0x00, 0xef, 0xf6, 0x00,
    0x0e, 0xff, 0x60, 0x00, 0xef, 0xf6, 0x00, 0x0e,
    0xff, 0x60, 0x00, 0xef, 0xf6, 0x00, 0x0e, 0xff,
    0x60, 0x00, 0xef, 0xf6, 0x00, 0x0e, 0xff, 0x60,
    0x00, 0xef, 0xf6, 0x00, 0x0e, 0xff, 0x60,

    /* U+00CD "Í" */
    0x00, 0x00, 0x03, 0x00, 0x00, 0x0c, 0xf4, 0x00,
    0x1d, 0xff, 0x70, 0x2d, 0xff, 0x60, 0x0c, 0xff,
    0x50, 0x00, 0x2d, 0x40, 0x00, 0x00, 0x00, 0x00,
    0x00, 0x00, 0x00, 0x00, 0x0e, 0xff, 0x60, 0x00,
    0xef, 0xf6, 0x00, 0x0e, 0xff, 0x60, 0x00, 0xef,
    0xf6, 0x00, 0x0e, 0xff, 0x60, 0x00, 0xef, 0xf6,
    0x00, 0x0e, 0xff, 0x60, 0x00, 0xef, 0xf6, 0x00,
    0x0e, 0xff, 0x60, 0x00, 0xef, 0xf6, 0x00, 0x0e,
    0xff, 0x60, 0x00, 0xef, 0xf6, 0x00, 0x0e, 0xff,
    0x60, 0x00, 0xef, 0xf6, 0x00, 0x0e, 0xff, 0x60,
    0x00, 0xef, 0xf6, 0x00, 0x0e, 0xff, 0x60, 0x00,
    0xef, 0xf6, 0x00, 0x0e, 0xff, 0x60, 0x00,

    /* U+00CE "Î" */
    0x00, 0x02, 0x00, 0x00, 0x00, 0x3f, 0x90, 0x00,
    0x02, 0xef, 0xf8, 0x00, 0x1e, 0xff, 0xff, 0x60,
    0xbf, 0xf4, 0xcf, 0xf2, 0x1c, 0x50, 0x1d, 0x50,
    0x00, 0x00, 0x00, 0x00, 0x00, 0x00, 0x00, 0x00,
    0x00, 0xef, 0xf6, 0x00, 0x00, 0xef, 0xf6, 0x00,
    0x00, 0xef, 0xf6, 0x00, 0x00, 0xef, 0xf6, 0x00,
    0x00, 0xef, 0xf6, 0x00, 0x00, 0xef, 0xf6, 0x00,
    0x00, 0xef, 0xf6, 0x00, 0x00, 0xef, 0xf6, 0x00,
    0x00, 0xef, 0xf6, 0x00, 0x00, 0xef, 0xf6, 0x00,
    0x00, 0xef, 0xf6, 0x00, 0x00, 0xef, 0xf6, 0x00,
    0x00, 0xef, 0xf6, 0x00, 0x00, 0xef, 0xf6, 0x00,
    0x00, 0xef, 0xf6, 0x00, 0x00, 0xef, 0xf6, 0x00,
    0x00, 0xef, 0xf6, 0x00, 0x00, 0xef, 0xf6, 0x00,
    0x00, 0xef, 0xf6, 0x00,

    /* U+00CF "Ï" */
    0x0a, 0xfb, 0x15, 0xee, 0x44, 0xff, 0xf7, 0xef,
    0xfc, 0x4f, 0xff, 0x7e, 0xff, 0xc0, 0x9f, 0xb1,
    0x5e, 0xd3, 0x00, 0x00, 0x00, 0x00, 0x00, 0x00,
    0x00, 0x00, 0x00, 0x00, 0x0e, 0xff, 0x60, 0x00,
    0x00, 0xef, 0xf6, 0x00, 0x00, 0x0e, 0xff, 0x60,
    0x00, 0x00, 0xef, 0xf6, 0x00, 0x00, 0x0e, 0xff,
    0x60, 0x00, 0x00, 0xef, 0xf6, 0x00, 0x00, 0x0e,
    0xff, 0x60, 0x00, 0x00, 0xef, 0xf6, 0x00, 0x00,
    0x0e, 0xff, 0x60, 0x00, 0x00, 0xef, 0xf6, 0x00,
    0x00, 0x0e, 0xff, 0x60, 0x00, 0x00, 0xef, 0xf6,
    0x00, 0x00, 0x0e, 0xff, 0x60, 0x00, 0x00, 0xef,
    0xf6, 0x00, 0x00, 0x0e, 0xff, 0x60, 0x00, 0x00,
    0xef, 0xf6, 0x00, 0x00, 0x0e, 0xff, 0x60, 0x00,
    0x00, 0xef, 0xf6, 0x00, 0x00, 0x0e, 0xff, 0x60,
    0x00,

    /* U+00D0 "Ð" */
    0x00, 0x3f, 0xff, 0xff, 0xff, 0xec, 0x82, 0x00,
    0x00, 0x00, 0x03, 0xff, 0xff, 0xff, 0xff, 0xff,
    0xf9, 0x00, 0x00, 0x00, 0x3f, 0xff, 0xff, 0xff,
    0xff, 0xff, 0xfd, 0x20, 0x00, 0x03, 0xff, 0xf1,
    0x11, 0x24, 0x8e, 0xff, 0xfc, 0x00, 0x00, 0x3f,
    0xff, 0x00, 0x00, 0x00, 0x1b, 0xff, 0xf8, 0x00,
    0x03, 0xff, 0xf0, 0x00, 0x00, 0x00, 0x0c, 0xff,
    0xf0, 0x00, 0x3f, 0xff, 0x00, 0x00, 0x00, 0x00,
    0x4f, 0xff, 0x50, 0x03, 0xff, 0xf0, 0x00, 0x00,
    0x00, 0x00, 0xef, 0xf8, 0x6f, 0xff, 0xff, 0xff,
    0xff, 0x00, 0x00, 0x0b, 0xff, 0xa6, 0xff, 0xff,
    0xff, 0xff, 0xf0, 0x00, 0x00, 0xaf, 0xfb, 0x6f,
    0xff, 0xff, 0xff, 0xff, 0x00, 0x00, 0x0b, 0xff,
    0xa0, 0x03, 0xff, 0xf0, 0x00, 0x00, 0x00, 0x00,
    0xdf, 0xf9, 0x00, 0x3f, 0xff, 0x00, 0x00, 0x00,
    0x00, 0x3f, 0xff, 0x50, 0x03, 0xff, 0xf0, 0x00,
    0x00, 0x00, 0x0c, 0xff, 0xf1, 0x00, 0x3f, 0xff,
    0x00, 0x00, 0x00, 0x1a, 0xff, 0xf9, 0x00, 0x03,
    0xff, 0xf1, 0x11, 0x24, 0x8e, 0xff, 0xfe, 0x10,
    0x00, 0x3f, 0xff, 0xff, 0xff, 0xff, 0xff, 0xfe,
    0x20, 0x00, 0x03, 0xff, 0xff, 0xff, 0xff, 0xff,
    0xfa, 0x10, 0x00, 0x00, 0x3f, 0xff, 0xff, 0xff,
    0xec, 0x82, 0x00, 0x00, 0x00,

    /* U+00D1 "Ñ" */
    0x00, 0x00, 0x04, 0x63, 0x00, 0x03, 0x00, 0x00,
    0x00, 0x00, 0x0b, 0xff, 0xfb, 0x23, 0xfd, 0x20,
    0x00, 0x00, 0x07, 0xff, 0xff, 0xff, 0xff, 0xf1,
    0x00, 0x00, 0x00, 0x5e, 0xb1, 0x5e, 0xff, 0xf5,
    0x00, 0x00, 0x00, 0x00, 0x01, 0x00, 0x05, 0x62,
    0x00, 0x00, 0x00, 0x00, 0x00, 0x00, 0x00, 0x00,
    0x00, 0x00, 0x00, 0x00, 0x00, 0x00, 0x00, 0x00,
    0x00, 0x00, 0x00, 0x0e, 0xff, 0x50, 0x00, 0x00,
    0x00, 0x00, 0xff, 0xf4, 0xef, 0xff, 0x20, 0x00,
    0x00, 0x00, 0x0f, 0xff, 0x4e, 0xff, 0xfd, 0x00,
    0x00, 0x00, 0x00, 0xff, 0xf4, 0xef, 0xff, 0xf9,
    0x00, 0x00, 0x00, 0x0f, 0xff, 0x4e, 0xff, 0xff,
    0xf6, 0x00, 0x00, 0x00, 0xff, 0xf4, 0xef, 0xff,
    0xff, 0xf2, 0x00, 0x00, 0x0f, 0xff, 0x4e, 0xff,
    0x8f, 0xff, 0xd0, 0x00, 0x00, 0xff, 0xf4, 0xef,
    0xf6, 0x6f, 0xff, 0xa0, 0x00, 0x0f, 0xff, 0x4e,
    0xff, 0x60, 0x9f, 0xff, 0x60, 0x00, 0xff, 0xf4,
    0xef, 0xf6, 0x00, 0xdf, 0xff, 0x30, 0x0f, 0xff,
    0x4e, 0xff, 0x60, 0x02, 0xff, 0xfd, 0x00, 0xff,
    0xf4, 0xef, 0xf6, 0x00, 0x05, 0xff, 0xfa, 0x0f,
    0xff, 0x4e, 0xff, 0x60, 0x00, 0x08, 0xff, 0xf6,
    0xff, 0xf4, 0xef, 0xf6, 0x00, 0x00, 0x0c, 0xff,
    0xff, 0xff, 0x4e, 0xff, 0x60, 0x00, 0x00, 0x1e,
    0xff, 0xff, 0xf4, 0xef, 0xf6, 0x00, 0x00, 0x00,
    0x4f, 0xff, 0xff, 0x4e, 0xff, 0x60, 0x00, 0x00,
    0x00, 0x8f, 0xff, 0xf4, 0xef, 0xf6, 0x00, 0x00,
    0x00, 0x00, 0xbf, 0xff, 0x4e, 0xff, 0x60, 0x00,
    0x00, 0x00, 0x01, 0xef, 0xf4,

    /* U+00D2 "Ò" */
    0x00, 0x00, 0x00, 0x00, 0x00, 0x00, 0x00, 0x00,
    0x00, 0x00, 0x00, 0x00, 0x00, 0x00, 0xbb, 0x00,
    0x00, 0x00, 0x00, 0x00, 0x00, 0x00, 0x00, 0x00,
    0x5f, 0xfc, 0x10, 0x00, 0x00, 0x00, 0x00, 0x00,
    0x00, 0x00, 0x00, 0x7f, 0xfd, 0x10, 0x00, 0x00,
    0x00, 0x00, 0x00, 0x00, 0x00, 0x00, 0x6f, 0xfd,
    0x10, 0x00, 0x00, 0x00, 0x00, 0x00, 0x00, 0x00,
    0x00, 0x5f, 0x90, 0x00, 0x00, 0x00, 0x00, 0x00,
    0x00, 0x00, 0x00, 0x00, 0x20, 0x00, 0x00, 0x00,
    0x00, 0x00, 0x00, 0x00, 0x00, 0x00, 0x00, 0x00,
    0x00, 0x00, 0x00, 0x00, 0x00, 0x00, 0x00, 0x38,
    0xce, 0xfe, 0xd9, 0x40, 0x00, 0x00, 0x00, 0x00,
    0x02, 0xbf, 0xff, 0xff, 0xff, 0xff, 0xc3, 0x00,
    0x00, 0x00, 0x04, 0xef, 0xff, 0xff, 0xff, 0xff,
    0xff, 0xf6, 0x00, 0x00, 0x03, 0xff, 0xff, 0xe8,
    0x43, 0x46, 0xcf, 0xff, 0xf5, 0x00, 0x00, 0xdf,
    0xff, 0x80, 0x00, 0x00, 0x00, 0x5f, 0xff, 0xf1,
    0x00, 0x6f, 0xff, 0x70, 0x00, 0x00, 0x00, 0x00,
    0x4f, 0xff, 0x90, 0x0c, 0xff, 0xc0, 0x00, 0x00,
    0x00, 0x00, 0x00, 0x9f, 0xfe, 0x00, 0xff, 0xf6,
    0x00, 0x00, 0x00, 0x00, 0x00, 0x02, 0xff, 0xf3,
    0x2f, 0xff, 0x20, 0x00, 0x00, 0x00, 0x00, 0x00,
    0x0f, 0xff, 0x53, 0xff, 0xf1, 0x00, 0x00, 0x00,
    0x00, 0x00, 0x00, 0xef, 0xf6, 0x2f, 0xff, 0x20,
    0x00, 0x00, 0x00, 0x00, 0x00, 0x0f, 0xff, 0x50,
    0xff, 0xf6, 0x00, 0x00, 0x00, 0x00, 0x00, 0x03,
    0xff, 0xf3, 0x0c, 0xff, 0xc0, 0x00, 0x00, 0x00,
    0x00, 0x00, 0x9f, 0xfe, 0x00, 0x6f, 0xff, 0x70,
    0x00, 0x00, 0x00, 0x00, 0x4f, 0xff, 0x90, 0x00,
    0xdf, 0xff, 0x80, 0x00, 0x00, 0x00, 0x5f, 0xff,
    0xf1, 0x00, 0x02, 0xff, 0xff, 0xe8, 0x43, 0x46,
    0xcf, 0xff, 0xf5, 0x00, 0x00, 0x04, 0xef, 0xff,
    0xff, 0xff, 0xff, 0xff, 0xf6, 0x00, 0x00, 0x00,
    0x01, 0xbf, 0xff, 0xff, 0xff, 0xff, 0xc3, 0x00,
    0x00, 0x00, 0x00, 0x00, 0x38, 0xce, 0xfe, 0xd9,
    0x40, 0x00, 0x00, 0x00,

    /* U+00D3 "Ó" */
    0x00, 0x00, 0x00, 0x00, 0x00, 0x00, 0x00, 0x00,
    0x00, 0x00, 0x00, 0x00, 0x00, 0x00, 0x00, 0x00,
    0x0a, 0xc0, 0x00, 0x00, 0x00, 0x00, 0x00, 0x00,
    0x00, 0x00, 0x0b, 0xff, 0x70, 0x00, 0x00, 0x00,
    0x00, 0x00, 0x00, 0x00, 0x1c, 0xff, 0x80, 0x00,
    0x00, 0x00, 0x00, 0x00, 0x00, 0x00, 0x0d, 0xff,
    0x70, 0x00, 0x00, 0x00, 0x00, 0x00, 0x00, 0x00,
    0x00, 0x8f, 0x60, 0x00, 0x00, 0x00, 0x00, 0x00,
    0x00, 0x00, 0x00, 0x00, 0x20, 0x00, 0x00, 0x00,
    0x00, 0x00, 0x00, 0x00, 0x00, 0x00, 0x00, 0x00,
    0x00, 0x00, 0x00, 0x00, 0x00, 0x00, 0x00, 0x38,
    0xce, 0xfe, 0xd9, 0x40, 0x00, 0x00, 0x00, 0x00,
    0x02, 0xbf, 0xff, 0xff, 0xff, 0xff, 0xc3, 0x00,
    0x00, 0x00, 0x04, 0xef, 0xff, 0xff, 0xff, 0xff,
    0xff, 0xf6, 0x00, 0x00, 0x03, 0xff, 0xff, 0xe8,
    0x43, 0x46, 0xcf, 0xff, 0xf5, 0x00, 0x00, 0xdf,
    0xff, 0x80, 0x00, 0x00, 0x00, 0x5f, 0xff, 0xf1,
    0x00, 0x6f, 0xff, 0x70, 0x00, 0x00, 0x00, 0x00,
    0x4f, 0xff, 0x90, 0x0c, 0xff, 0xc0, 0x00, 0x00,
    0x00, 0x00, 0x00, 0x9f, 0xfe, 0x00, 0xff, 0xf6,
    0x00, 0x00, 0x00, 0x00, 0x00, 0x02, 0xff, 0xf3,
    0x2f, 0xff, 0x20, 0x00, 0x00, 0x00, 0x00, 0x00,
    0x0f, 0xff, 0x53, 0xff, 0xf1, 0x00, 0x00, 0x00,
    0x00, 0x00, 0x00, 0xef, 0xf6, 0x2f, 0xff, 0x20,
    0x00, 0x00, 0x00, 0x00, 0x00, 0x0f, 0xff, 0x50,
    0xff, 0xf6, 0x00, 0x00, 0x00, 0x00, 0x00, 0x03,
    0xff, 0xf3, 0x0c, 0xff, 0xc0, 0x00, 0x00, 0x00,
    0x00, 0x00, 0x9f, 0xfe, 0x00, 0x6f, 0xff, 0x70,
    0x00, 0x00, 0x00, 0x00, 0x4f, 0xff, 0x90, 0x00,
    0xdf, 0xff, 0x80, 0x00, 0x00, 0x00, 0x5f, 0xff,
    0xf1, 0x00, 0x02, 0xff, 0xff, 0xe8, 0x43, 0x46,
    0xcf, 0xff, 0xf5, 0x00, 0x00, 0x04, 0xef, 0xff,
    0xff, 0xff, 0xff, 0xff, 0xf6, 0x00, 0x00, 0x00,
    0x01, 0xbf, 0xff, 0xff, 0xff, 0xff, 0xc3, 0x00,
    0x00, 0x00, 0x00, 0x00, 0x38, 0xce, 0xfe, 0xd9,
    0x40, 0x00, 0x00, 0x00,

    /* U+00D4 "Ô" */
    0x00, 0x00, 0x00, 0x00, 0x00, 0x70, 0x00, 0x00,
    0x00, 0x00, 0x00, 0x00, 0x00, 0x00, 0x00, 0xaf,
    0xb0, 0x00, 0x00, 0x00, 0x00, 0x00, 0x00, 0x00,
    0x00, 0xaf, 0xff, 0xb0, 0x00, 0x00, 0x00, 0x00,
    0x00, 0x00, 0x00, 0xaf, 0xfe, 0xff, 0xb0, 0x00,
    0x00, 0x00, 0x00, 0x00, 0x00, 0x4f, 0xf8, 0x08,
    0xff, 0x60, 0x00, 0x00, 0x00, 0x00, 0x00, 0x00,
    0x78, 0x00, 0x09, 0xa0, 0x00, 0x00, 0x00, 0x00,
    0x00, 0x00, 0x00, 0x00, 0x00, 0x00, 0x00, 0x00,
    0x00, 0x00, 0x00, 0x00, 0x00, 0x00, 0x00, 0x00,
    0x00, 0x00, 0x00, 0x00, 0x00, 0x00, 0x00, 0x38,
    0xce, 0xfe, 0xd9, 0x40, 0x00, 0x00, 0x00, 0x00,
    0x02, 0xbf, 0xff, 0xff, 0xff, 0xff, 0xc3, 0x00,
    0x00, 0x00, 0x04, 0xef, 0xff, 0xff, 0xff, 0xff,
    0xff, 0xf6, 0x00, 0x00, 0x03, 0xff, 0xff, 0xe8,
    0x43, 0x46, 0xcf, 0xff, 0xf5, 0x00, 0x00, 0xdf,
    0xff, 0x80, 0x00, 0x00, 0x00, 0x5f, 0xff, 0xf1,
    0x00, 0x6f, 0xff, 0x70, 0x00, 0x00, 0x00, 0x00,
    0x4f, 0xff, 0x90, 0x0c, 0xff, 0xc0, 0x00, 0x00,
    0x00, 0x00, 0x00, 0x9f, 0xfe, 0x00, 0xff, 0xf6,
    0x00, 0x00, 0x00, 0x00, 0x00, 0x02, 0xff, 0xf3,
    0x2f, 0xff, 0x20, 0x00, 0x00, 0x00, 0x00, 0x00,
    0x0f, 0xff, 0x53, 0xff, 0xf1, 0x00, 0x00, 0x00,
    0x00, 0x00, 0x00, 0xef, 0xf6, 0x2f, 0xff, 0x20,
    0x00, 0x00, 0x00, 0x00, 0x00, 0x0f, 0xff, 0x50,
    0xff, 0xf6, 0x00, 0x00, 0x00, 0x00, 0x00, 0x03,
    0xff, 0xf3, 0x0c, 0xff, 0xc0, 0x00, 0x00, 0x00,
    0x00, 0x00, 0x9f, 0xfe, 0x00, 0x6f, 0xff, 0x70,
    0x00, 0x00, 0x00, 0x00, 0x4f, 0xff, 0x90, 0x00,
    0xdf, 0xff, 0x80, 0x00, 0x00, 0x00, 0x5f, 0xff,
    0xf1, 0x00, 0x02, 0xff, 0xff, 0xe8, 0x43, 0x46,
    0xcf, 0xff, 0xf5, 0x00, 0x00, 0x04, 0xef, 0xff,
    0xff, 0xff, 0xff, 0xff, 0xf6, 0x00, 0x00, 0x00,
    0x01, 0xbf, 0xff, 0xff, 0xff, 0xff, 0xc3, 0x00,
    0x00, 0x00, 0x00, 0x00, 0x38, 0xce, 0xfe, 0xd9,
    0x40, 0x00, 0x00, 0x00,

    /* U+00D5 "Õ" */
    0x00, 0x00, 0x00, 0x03, 0x65, 0x10, 0x03, 0x20,
    0x00, 0x00, 0x00, 0x00, 0x00, 0x07, 0xff, 0xff,
    0xa8, 0xff, 0x70, 0x00, 0x00, 0x00, 0x00, 0x03,
    0xff, 0xff, 0xff, 0xff, 0xf2, 0x00, 0x00, 0x00,
    0x00, 0x00, 0x28, 0xb2, 0x28, 0xdf, 0xc3, 0x00,
    0x00, 0x00, 0x00, 0x00, 0x00, 0x00, 0x00, 0x00,
    0x00, 0x00, 0x00, 0x00, 0x00, 0x00, 0x00, 0x00,
    0x00, 0x00, 0x00, 0x00, 0x00, 0x00, 0x00, 0x00,
    0x00, 0x00, 0x00, 0x00, 0x00, 0x00, 0x00, 0x00,
    0x00, 0x00, 0x00, 0x00, 0x03, 0x8c, 0xef, 0xed,
    0x94, 0x00, 0x00, 0x00, 0x00, 0x00, 0x2b, 0xff,
    0xff, 0xff, 0xff, 0xfc, 0x30, 0x00, 0x00, 0x00,
    0x4e, 0xff, 0xff, 0xff, 0xff, 0xff, 0xff, 0x60,
    0x00, 0x00, 0x3f, 0xff, 0xfe, 0x84, 0x34, 0x6c,
    0xff, 0xff, 0x50, 0x00, 0x0d, 0xff, 0xf8, 0x00,
    0x00, 0x00, 0x05, 0xff, 0xff, 0x10, 0x06, 0xff,
    0xf7, 0x00, 0x00, 0x00, 0x00, 0x04, 0xff, 0xf9,
    0x00, 0xcf, 0xfc, 0x00, 0x00, 0x00, 0x00, 0x00,
    0x09, 0xff, 0xe0, 0x0f, 0xff, 0x60, 0x00, 0x00,
    0x00, 0x00, 0x00, 0x2f, 0xff, 0x32, 0xff, 0xf2,
    0x00, 0x00, 0x00, 0x00, 0x00, 0x00, 0xff, 0xf5,
    0x3f, 0xff, 0x10, 0x00, 0x00, 0x00, 0x00, 0x00,
    0x0e, 0xff, 0x62, 0xff, 0xf2, 0x00, 0x00, 0x00,
    0x00, 0x00, 0x00, 0xff, 0xf5, 0x0f, 0xff, 0x60,
    0x00, 0x00, 0x00, 0x00, 0x00, 0x3f, 0xff, 0x30,
    0xcf, 0xfc, 0x00, 0x00, 0x00, 0x00, 0x00, 0x09,
    0xff, 0xe0, 0x06, 0xff, 0xf7, 0x00, 0x00, 0x00,
    0x00, 0x04, 0xff, 0xf9, 0x00, 0x0d, 0xff, 0xf8,
    0x00, 0x00, 0x00, 0x05, 0xff, 0xff, 0x10, 0x00,
    0x2f, 0xff, 0xfe, 0x84, 0x34, 0x6c, 0xff, 0xff,
    0x50, 0x00, 0x00, 0x4e, 0xff, 0xff, 0xff, 0xff,
    0xff, 0xff, 0x60, 0x00, 0x00, 0x00, 0x1b, 0xff,
    0xff, 0xff, 0xff, 0xfc, 0x30, 0x00, 0x00, 0x00,
    0x00, 0x03, 0x8c, 0xef, 0xed, 0x94, 0x00, 0x00,
    0x00,

    /* U+00D6 "Ö" */
    0x00, 0x00, 0x00, 0x6e, 0xd3, 0x01, 0xce, 0x80,
    0x00, 0x00, 0x00, 0x00, 0x00, 0x0f, 0xff, 0xb0,
    0x8f, 0xff, 0x20, 0x00, 0x00, 0x00, 0x00, 0x00,
    0xff, 0xfc, 0x09, 0xff, 0xf2, 0x00, 0x00, 0x00,
    0x00, 0x00, 0x06, 0xed, 0x30, 0x1c, 0xf8, 0x00,
    0x00, 0x00, 0x00, 0x00, 0x00, 0x00, 0x00, 0x00,
    0x00, 0x00, 0x00, 0x00, 0x00, 0x00, 0x00, 0x00,
    0x00, 0x00, 0x00, 0x00, 0x00, 0x00, 0x00, 0x00,
    0x00, 0x00, 0x00, 0x00, 0x00, 0x00, 0x00, 0x00,
    0x00, 0x00, 0x00, 0x00, 0x03, 0x8c, 0xef, 0xed,
    0x94, 0x00, 0x00, 0x00, 0x00, 0x00, 0x2b, 0xff,
    0xff, 0xff, 0xff, 0xfc, 0x30, 0x00, 0x00, 0x00,
    0x4e, 0xff, 0xff, 0xff, 0xff, 0xff, 0xff, 0x60,
    0x00, 0x00, 0x3f, 0xff, 0xfe, 0x84, 0x34, 0x6c,
    0xff, 0xff, 0x50, 0x00, 0x0d, 0xff, 0xf8, 0x00,
    0x00, 0x00, 0x05, 0xff, 0xff, 0x10, 0x06, 0xff,
    0xf7, 0x00, 0x00, 0x00, 0x00, 0x04, 0xff, 0xf9,
    0x00, 0xcf, 0xfc, 0x00, 0x00, 0x00, 0x00, 0x00,
    0x09, 0xff, 0xe0, 0x0f, 0xff, 0x60, 0x00, 0x00,
    0x00, 0x00, 0x00, 0x2f, 0xff, 0x32, 0xff, 0xf2,
    0x00, 0x00, 0x00, 0x00, 0x00, 0x00, 0xff, 0xf5,
    0x3f, 0xff, 0x10, 0x00, 0x00, 0x00, 0x00, 0x00,
    0x0e, 0xff, 0x62, 0xff, 0xf2, 0x00, 0x00, 0x00,
    0x00, 0x00, 0x00, 0xff, 0xf5, 0x0f, 0xff, 0x60,
    0x00, 0x00, 0x00, 0x00, 0x00, 0x3f, 0xff, 0x30,
    0xcf, 0xfc, 0x00, 0x00, 0x00, 0x00, 0x00, 0x09,
    0xff, 0xe0, 0x06, 0xff, 0xf7, 0x00, 0x00, 0x00,
    0x00, 0x04, 0xff, 0xf9, 0x00, 0x0d, 0xff, 0xf8,
    0x00, 0x00, 0x00, 0x05, 0xff, 0xff, 0x10, 0x00,
    0x2f, 0xff, 0xfe, 0x84, 0x34, 0x6c, 0xff, 0xff,
    0x50, 0x00, 0x00, 0x4e, 0xff, 0xff, 0xff, 0xff,
    0xff, 0xff, 0x60, 0x00, 0x00, 0x00, 0x1b, 0xff,
    0xff, 0xff, 0xff, 0xfc, 0x30, 0x00, 0x00, 0x00,
    0x00, 0x03, 0x8c, 0xef, 0xed, 0x94, 0x00, 0x00,
    0x00,

    /* U+00D7 "×" */
    0x03, 0x80, 0x00, 0x00, 0x00, 0x91, 0x03, 0xff,
    0x80, 0x00, 0x00, 0xbf, 0xd1, 0x9f, 0xff, 0x80,
    0x00, 0xbf, 0xff, 0x50, 0x9f, 0xff, 0x80, 0xbf,
    0xff, 0x60, 0x00, 0x9f, 0xff, 0xff, 0xff, 0x60,
    0x00, 0x00, 0x9f, 0xff, 0xff, 0x60, 0x00, 0x00,
    0x00, 0xff, 0xff, 0xf0, 0x00, 0x00, 0x00, 0xbf,
    0xff, 0xff, 0x80, 0x00, 0x00, 0xbf, 0xff, 0xff,
    0xff, 0x80, 0x00, 0xbf, 0xff, 0x60, 0x9f, 0xff,
    0x80, 0x9f, 0xff, 0x60, 0x00, 0xaf, 0xff, 0x62,
    0xef, 0x60, 0x00, 0x00, 0xaf, 0xc1, 0x02, 0x60,
    0x00, 0x00, 0x00, 0x71, 0x00,

    /* U+00D8 "Ø" */
    0x00, 0x00, 0x00, 0x00, 0x00, 0x00, 0x00, 0x00,
    0x39, 0x00, 0x00, 0x00, 0x00, 0x03, 0x8c, 0xef,
    0xed, 0x94, 0x1e, 0xfd, 0x20, 0x00, 0x00, 0x2b,
    0xff, 0xff, 0xff, 0xff, 0xff, 0xff, 0xd0, 0x00,
    0x00, 0x4e, 0xff, 0xff, 0xff, 0xff, 0xff, 0xff,
    0xf2, 0x00, 0x00, 0x3f, 0xff, 0xfe, 0x84, 0x34,
    0x6f, 0xff, 0xff, 0x50, 0x00, 0x0d, 0xff, 0xf8,
    0x00, 0x00, 0x04, 0xff, 0xff, 0xff, 0x10, 0x06,
    0xff, 0xf7, 0x00, 0x00, 0x02, 0xff, 0xfd, 0xff,
    0xf9, 0x00, 0xcf, 0xfc, 0x00, 0x00, 0x01, 0xdf,
    0xfc, 0x09, 0xff, 0xe0, 0x0f, 0xff, 0x60, 0x00,
    0x00, 0xbf, 0xfe, 0x10, 0x2f, 0xff, 0x32, 0xff,
    0xf2, 0x00, 0x00, 0x9f, 0xff, 0x20, 0x00, 0xff,
    0xf5, 0x3f, 0xff, 0x10, 0x00, 0x6f, 0xff, 0x50,
    0x00, 0x0e, 0xff, 0x62, 0xff, 0xf2, 0x00, 0x3f,
    0xff, 0x70, 0x00, 0x00, 0xff, 0xf5, 0x0f, 0xff,
    0x60, 0x1e, 0xff, 0xa0, 0x00, 0x00, 0x3f, 0xff,
    0x30, 0xcf, 0xfc, 0x0d, 0xff, 0xd0, 0x00, 0x00,
    0x09, 0xff, 0xe0, 0x06, 0xff, 0xff, 0xff, 0xe1,
    0x00, 0x00, 0x04, 0xff, 0xf9, 0x00, 0x0d, 0xff,
    0xff, 0xf3, 0x00, 0x00, 0x05, 0xff, 0xff, 0x10,
    0x00, 0x2f, 0xff, 0xff, 0x84, 0x34, 0x6c, 0xff,
    0xff, 0x50, 0x00, 0x03, 0xff, 0xff, 0xff, 0xff,
    0xff, 0xff, 0xff, 0x60, 0x00, 0x01, 0xef, 0xff,
    0xff, 0xff, 0xff, 0xff, 0xfc, 0x30, 0x00, 0x00,
    0x2d, 0xfd, 0x13, 0x8c, 0xef, 0xed, 0x94, 0x00,
    0x00, 0x00, 0x00, 0x09, 0x20, 0x00, 0x00, 0x00,
    0x00, 0x00, 0x00, 0x00, 0x00,

    /* U+00D9 "Ù" */
    0x00, 0x00, 0x21, 0x00, 0x00, 0x00, 0x00, 0x00,
    0x00, 0x02, 0xed, 0x20, 0x00, 0x00, 0x00, 0x00,
    0x00, 0x05, 0xff, 0xe2, 0x00, 0x00, 0x00, 0x00,
    0x00, 0x00, 0x4f, 0xfe, 0x30, 0x00, 0x00, 0x00,
    0x00, 0x00, 0x03, 0xef, 0xe0, 0x00, 0x00, 0x00,
    0x00, 0x00, 0x00, 0x2d, 0x40, 0x00, 0x00, 0x00,
    0x00, 0x00, 0x00, 0x00, 0x00, 0x00, 0x00, 0x00,
    0x00, 0x00, 0x00, 0x00, 0x00, 0x00, 0x00, 0x00,
    0xff, 0xf4, 0x00, 0x00, 0x00, 0x03, 0xff, 0xf0,
    0xff, 0xf4, 0x00, 0x00, 0x00, 0x03, 0xff, 0xf0,
    0xff, 0xf4, 0x00, 0x00, 0x00, 0x03, 0xff, 0xf0,
    0xff, 0xf4, 0x00, 0x00, 0x00, 0x03, 0xff, 0xf0,
    0xff, 0xf4, 0x00, 0x00, 0x00, 0x03, 0xff, 0xf0,
    0xff, 0xf4, 0x00, 0x00, 0x00, 0x03, 0xff, 0xf0,
    0xff, 0xf4, 0x00, 0x00, 0x00, 0x03, 0xff, 0xf0,
    0xff, 0xf4, 0x00, 0x00, 0x00, 0x03, 0xff, 0xf0,
    0xff, 0xf4, 0x00, 0x00, 0x00, 0x03, 0xff, 0xf0,
    0xff, 0xf4, 0x00, 0x00, 0x00, 0x03, 0xff, 0xf0,
    0xff, 0xf4, 0x00, 0x00, 0x00, 0x03, 0xff, 0xf0,
    0xff, 0xf4, 0x00, 0x00, 0x00, 0x03, 0xff, 0xf0,
    0xef, 0xf6, 0x00, 0x00, 0x00, 0x05, 0xff, 0xe0,
    0xcf, 0xfb, 0x00, 0x00, 0x00, 0x0a, 0xff, 0xd0,
    0x7f, 0xff, 0x50, 0x00, 0x00, 0x4f, 0xff, 0x80,
    0x1f, 0xff, 0xf9, 0x42, 0x38, 0xff, 0xff, 0x20,
    0x05, 0xff, 0xff, 0xff, 0xff, 0xff, 0xf6, 0x00,
    0x00, 0x6f, 0xff, 0xff, 0xff, 0xff, 0x60, 0x00,
    0x00, 0x01, 0x7c, 0xef, 0xec, 0x71, 0x00, 0x00,

    /* U+00DA "Ú" */
    0x00, 0x00, 0x00, 0x00, 0x01, 0x20, 0x00, 0x00,
    0x00, 0x00, 0x00, 0x00, 0x2e, 0xe2, 0x00, 0x00,
    0x00, 0x00, 0x00, 0x03, 0xef, 0xf4, 0x00, 0x00,
    0x00, 0x00, 0x00, 0x4f, 0xff, 0x30, 0x00, 0x00,
    0x00, 0x00, 0x01, 0xff, 0xe2, 0x00, 0x00, 0x00,
    0x00, 0x00, 0x00, 0x5d, 0x20, 0x00, 0x00, 0x00,
    0x00, 0x00, 0x00, 0x00, 0x00, 0x00, 0x00, 0x00,
    0x00, 0x00, 0x00, 0x00, 0x00, 0x00, 0x00, 0x00,
    0xff, 0xf4, 0x00, 0x00, 0x00, 0x03, 0xff, 0xf0,
    0xff, 0xf4, 0x00, 0x00, 0x00, 0x03, 0xff, 0xf0,
    0xff, 0xf4, 0x00, 0x00, 0x00, 0x03, 0xff, 0xf0,
    0xff, 0xf4, 0x00, 0x00, 0x00, 0x03, 0xff, 0xf0,
    0xff, 0xf4, 0x00, 0x00, 0x00, 0x03, 0xff, 0xf0,
    0xff, 0xf4, 0x00, 0x00, 0x00, 0x03, 0xff, 0xf0,
    0xff, 0xf4, 0x00, 0x00, 0x00, 0x03, 0xff, 0xf0,
    0xff, 0xf4, 0x00, 0x00, 0x00, 0x03, 0xff, 0xf0,
    0xff, 0xf4, 0x00, 0x00, 0x00, 0x03, 0xff, 0xf0,
    0xff, 0xf4, 0x00, 0x00, 0x00, 0x03, 0xff, 0xf0,
    0xff, 0xf4, 0x00, 0x00, 0x00, 0x03, 0xff, 0xf0,
    0xff, 0xf4, 0x00, 0x00, 0x00, 0x03, 0xff, 0xf0,
    0xef, 0xf6, 0x00, 0x00, 0x00, 0x05, 0xff, 0xe0,
    0xcf, 0xfb, 0x00, 0x00, 0x00, 0x0a, 0xff, 0xd0,
    0x7f, 0xff, 0x50, 0x00, 0x00, 0x4f, 0xff, 0x80,
    0x1f, 0xff, 0xf9, 0x42, 0x38, 0xff, 0xff, 0x20,
    0x05, 0xff, 0xff, 0xff, 0xff, 0xff, 0xf6, 0x00,
    0x00, 0x6f, 0xff, 0xff, 0xff, 0xff, 0x60, 0x00,
    0x00, 0x01, 0x7c, 0xef, 0xec, 0x71, 0x00, 0x00,

    /* U+00DB "Û" */
    0x00, 0x00, 0x00, 0x07, 0x00, 0x00, 0x00, 0x00,
    0x00, 0x00, 0x00, 0xbf, 0xb0, 0x00, 0x00, 0x00,
    0x00, 0x00, 0x0b, 0xff, 0xfb, 0x00, 0x00, 0x00,
    0x00, 0x00, 0xcf, 0xfd, 0xff, 0xb0, 0x00, 0x00,
    0x00, 0x05, 0xff, 0x60, 0x7f, 0xf5, 0x00, 0x00,
    0x00, 0x00, 0x66, 0x00, 0x07, 0x70, 0x00, 0x00,
    0x00, 0x00, 0x00, 0x00, 0x00, 0x00, 0x00, 0x00,
    0x00, 0x00, 0x00, 0x00, 0x00, 0x00, 0x00, 0x00,
    0xff, 0xf4, 0x00, 0x00, 0x00, 0x03, 0xff, 0xf0,
    0xff, 0xf4, 0x00, 0x00, 0x00, 0x03, 0xff, 0xf0,
    0xff, 0xf4, 0x00, 0x00, 0x00, 0x03, 0xff, 0xf0,
    0xff, 0xf4, 0x00, 0x00, 0x00, 0x03, 0xff, 0xf0,
    0xff, 0xf4, 0x00, 0x00, 0x00, 0x03, 0xff, 0xf0,
    0xff, 0xf4, 0x00, 0x00, 0x00, 0x03, 0xff, 0xf0,
    0xff, 0xf4, 0x00, 0x00, 0x00, 0x03, 0xff, 0xf0,
    0xff, 0xf4, 0x00, 0x00, 0x00, 0x03, 0xff, 0xf0,
    0xff, 0xf4, 0x00, 0x00, 0x00, 0x03, 0xff, 0xf0,
    0xff, 0xf4, 0x00, 0x00, 0x00, 0x03, 0xff, 0xf0,
    0xff, 0xf4, 0x00, 0x00, 0x00, 0x03, 0xff, 0xf0,
    0xff, 0xf4, 0x00, 0x00, 0x00, 0x03, 0xff, 0xf0,
    0xef, 0xf6, 0x00, 0x00, 0x00, 0x05, 0xff, 0xe0,
    0xcf, 0xfb, 0x00, 0x00, 0x00, 0x0a, 0xff, 0xd0,
    0x7f, 0xff, 0x50, 0x00, 0x00, 0x4f, 0xff, 0x80,
    0x1f, 0xff, 0xf9, 0x42, 0x38, 0xff, 0xff, 0x20,
    0x05, 0xff, 0xff, 0xff, 0xff, 0xff, 0xf6, 0x00,
    0x00, 0x6f, 0xff, 0xff, 0xff, 0xff, 0x60, 0x00,
    0x00, 0x01, 0x7c, 0xef, 0xec, 0x71, 0x00, 0x00,

    /* U+00DC "Ü" */
    0x00, 0x06, 0xed, 0x20, 0x2c, 0xe7, 0x00, 0x00,
    0x00, 0x1f, 0xff, 0xa0, 0x9f, 0xff, 0x10, 0x00,
    0x00, 0x1f, 0xff, 0xb0, 0xaf, 0xff, 0x10, 0x00,
    0x00, 0x07, 0xfd, 0x20, 0x2d, 0xf7, 0x00, 0x00,
    0x00, 0x00, 0x00, 0x00, 0x00, 0x00, 0x00, 0x00,
    0x00, 0x00, 0x00, 0x00, 0x00, 0x00, 0x00, 0x00,
    0x00, 0x00, 0x00, 0x00, 0x00, 0x00, 0x00, 0x00,
    0xff, 0xf4, 0x00, 0x00, 0x00, 0x03, 0xff, 0xf0,
    0xff, 0xf4, 0x00, 0x00, 0x00, 0x03, 0xff, 0xf0,
    0xff, 0xf4, 0x00, 0x00, 0x00, 0x03, 0xff, 0xf0,
    0xff, 0xf4, 0x00, 0x00, 0x00, 0x03, 0xff, 0xf0,
    0xff, 0xf4, 0x00, 0x00, 0x00, 0x03, 0xff, 0xf0,
    0xff, 0xf4, 0x00, 0x00, 0x00, 0x03, 0xff, 0xf0,
    0xff, 0xf4, 0x00, 0x00, 0x00, 0x03, 0xff, 0xf0,
    0xff, 0xf4, 0x00, 0x00, 0x00, 0x03, 0xff, 0xf0,
    0xff, 0xf4, 0x00, 0x00, 0x00, 0x03, 0xff, 0xf0,
    0xff, 0xf4, 0x00, 0x00, 0x00, 0x03, 0xff, 0xf0,
    0xff, 0xf4, 0x00, 0x00, 0x00, 0x03, 0xff, 0xf0,
    0xff, 0xf4, 0x00, 0x00, 0x00, 0x03, 0xff, 0xf0,
    0xef, 0xf6, 0x00, 0x00, 0x00, 0x05, 0xff, 0xe0,
    0xcf, 0xfb, 0x00, 0x00, 0x00, 0x0a, 0xff, 0xd0,
    0x7f, 0xff, 0x50, 0x00, 0x00, 0x4f, 0xff, 0x80,
    0x1f, 0xff, 0xf9, 0x42, 0x38, 0xff, 0xff, 0x20,
    0x05, 0xff, 0xff, 0xff, 0xff, 0xff, 0xf6, 0x00,
    0x00, 0x6f, 0xff, 0xff, 0xff, 0xff, 0x60, 0x00,
    0x00, 0x01, 0x7c, 0xef, 0xec, 0x71, 0x00, 0x00,

    /* U+00DD "Ý" */
    0x00, 0x00, 0x00, 0x00, 0x00, 0x04, 0x00, 0x00,
    0x00, 0x00, 0x00, 0x00, 0x00, 0x09, 0xf7, 0x00,
    0x00, 0x00, 0x00, 0x00, 0x00, 0x0a, 0xff, 0xb0,
    0x00, 0x00, 0x00, 0x00, 0x00, 0x0b, 0xff, 0x90,
    0x00, 0x00, 0x00, 0x00, 0x00, 0x09, 0xff, 0x80,
    0x00, 0x00, 0x00, 0x00, 0x00, 0x00, 0x1c, 0x70,
    0x00, 0x00, 0x00, 0x00, 0x00, 0x00, 0x00, 0x00,
    0x00, 0x00, 0x00, 0x00, 0x00, 0x00, 0x00, 0x00,
    0x00, 0x00, 0x00, 0x00, 0x0c, 0xff, 0xd0, 0x00,
    0x00, 0x00, 0x0c, 0xff, 0xb0, 0x3f, 0xff, 0x50,
    0x00, 0x00, 0x05, 0xff, 0xf3, 0x00, 0xbf, 0xfd,
    0x00, 0x00, 0x00, 0xdf, 0xfa, 0x00, 0x03, 0xff,
    0xf5, 0x00, 0x00, 0x5f, 0xff, 0x20, 0x00, 0x0a,
    0xff, 0xd0, 0x00, 0x0d, 0xff, 0x90, 0x00, 0x00,
    0x2f, 0xff, 0x50, 0x05, 0xff, 0xf1, 0x00, 0x00,
    0x00, 0xaf, 0xfd, 0x00, 0xdf, 0xf9, 0x00, 0x00,
    0x00, 0x02, 0xff, 0xf5, 0x5f, 0xff, 0x10, 0x00,
    0x00, 0x00, 0x09, 0xff, 0xdd, 0xff, 0x80, 0x00,
    0x00, 0x00, 0x00, 0x1f, 0xff, 0xff, 0xe1, 0x00,
    0x00, 0x00, 0x00, 0x00, 0x8f, 0xff, 0xf7, 0x00,
    0x00, 0x00, 0x00, 0x00, 0x01, 0xff, 0xff, 0x00,
    0x00, 0x00, 0x00, 0x00, 0x00, 0x0c, 0xff, 0xb0,
    0x00, 0x00, 0x00, 0x00, 0x00, 0x00, 0xaf, 0xf9,
    0x00, 0x00, 0x00, 0x00, 0x00, 0x00, 0x0a, 0xff,
    0x90, 0x00, 0x00, 0x00, 0x00, 0x00, 0x00, 0xaf,
    0xf9, 0x00, 0x00, 0x00, 0x00, 0x00, 0x00, 0x0a,
    0xff, 0x90, 0x00, 0x00, 0x00, 0x00, 0x00, 0x00,
    0xaf, 0xf9, 0x00, 0x00, 0x00, 0x00, 0x00, 0x00,
    0x0a, 0xff, 0x90, 0x00, 0x00, 0x00,

    /* U+00DE "Þ" */
    0xef, 0xf6, 0x00, 0x00, 0x00, 0x00, 0x00, 0xef,
    0xf6, 0x00, 0x00, 0x00, 0x00, 0x00, 0xef, 0xf7,
    0x11, 0x10, 0x00, 0x00, 0x00, 0xef, 0xff, 0xff,
    0xff, 0xe9, 0x20, 0x00, 0xef, 0xff, 0xff, 0xff,
    0xff, 0xf6, 0x00, 0xef, 0xff, 0xff, 0xff, 0xff,
    0xff, 0x50, 0xef, 0xf6, 0x00, 0x02, 0x7f, 0xff,
    0xe0, 0xef, 0xf6, 0x00, 0x00, 0x03, 0xff, 0xf5,
    0xef, 0xf6, 0x00, 0x00, 0x00, 0xdf, 0xf8, 0xef,
    0xf6, 0x00, 0x00, 0x00, 0xbf, 0xfa, 0xef, 0xf6,
    0x00, 0x00, 0x00, 0xdf, 0xf8, 0xef, 0xf6, 0x00,
    0x00, 0x04, 0xff, 0xf5, 0xef, 0xf6, 0x00, 0x02,
    0x7f, 0xff, 0xe0, 0xef, 0xff, 0xff, 0xff, 0xff,
    0xff, 0x50, 0xef, 0xff, 0xff, 0xff, 0xff, 0xf7,
    0x00, 0xef, 0xff, 0xff, 0xff, 0xea, 0x30, 0x00,
    0xef, 0xf7, 0x11, 0x10, 0x00, 0x00, 0x00, 0xef,
    0xf6, 0x00, 0x00, 0x00, 0x00, 0x00, 0xef, 0xf6,
    0x00, 0x00, 0x00, 0x00, 0x00,

    /* U+00DF "ß" */
    0x00, 0x02, 0x9d, 0xff, 0xc8, 0x10, 0x00, 0x00,
    0x06, 0xff, 0xff, 0xff, 0xfe, 0x30, 0x00, 0x04,
    0xff, 0xff, 0xff, 0xff, 0xfe, 0x10, 0x00, 0xdf,
    0xff, 0x72, 0x39, 0xff, 0xf6, 0x00, 0x2f, 0xff,
    0x50, 0x00, 0x0e, 0xff, 0x80, 0x04, 0xff, 0xf0,
    0x00, 0x01, 0xff, 0xf5, 0x00, 0x5f, 0xfe, 0x00,
    0x01, 0xdf, 0xfc, 0x00, 0x06, 0xff, 0xe0, 0x00,
    0xdf, 0xfc, 0x00, 0x00, 0x6f, 0xfe, 0x00, 0x6f,
    0xfe, 0x00, 0x00, 0x06, 0xff, 0xe0, 0x07, 0xff,
    0xd0, 0x00, 0x00, 0x6f, 0xfe, 0x00, 0x3f, 0xff,
    0xa0, 0x00, 0x06, 0xff, 0xe0, 0x00, 0x6f, 0xff,
    0xd2, 0x00, 0x6f, 0xfe, 0x00, 0x00, 0x3e, 0xff,
    0xe2, 0x06, 0xff, 0xe0, 0x00, 0x00, 0x1c, 0xff,
    0xb0, 0x6f, 0xfe, 0x00, 0x30, 0x00, 0x1f, 0xff,
    0x06, 0xff, 0xe0, 0x7f, 0x80, 0x02, 0xff, 0xf1,
    0x6f, 0xfe, 0x1e, 0xff, 0xdb, 0xff, 0xfd, 0x06,
    0xff, 0xe0, 0x4e, 0xff, 0xff, 0xff, 0x40, 0x6f,
    0xfe, 0x00, 0x19, 0xdf, 0xea, 0x30, 0x00,

    /* U+00E0 "à" */
    0x00, 0x00, 0x00, 0x00, 0x00, 0x00, 0x00, 0x00,
    0x5e, 0x20, 0x00, 0x00, 0x00, 0x00, 0x1f, 0xfe,
    0x30, 0x00, 0x00, 0x00, 0x00, 0x3e, 0xff, 0x40,
    0x00, 0x00, 0x00, 0x00, 0x2e, 0xff, 0x40, 0x00,
    0x00, 0x00, 0x00, 0x1d, 0xd1, 0x00, 0x00, 0x00,
    0x00, 0x00, 0x11, 0x00, 0x00, 0x00, 0x00, 0x00,
    0x00, 0x00, 0x00, 0x00, 0x00, 0x16, 0xbe, 0xff,
    0xd8, 0x10, 0x00, 0x0d, 0xff, 0xff, 0xff, 0xfe,
    0x20, 0x00, 0x7f, 0xfd, 0xce, 0xff, 0xfc, 0x00,
    0x00, 0x30, 0x00, 0x06, 0xff, 0xf2, 0x00, 0x02,
    0x7a, 0x97, 0x1e, 0xff, 0x50, 0x07, 0xff, 0xff,
    0xff, 0xff, 0xf6, 0x06, 0xff, 0xff, 0xff, 0xff,
    0xff, 0x60, 0xdf, 0xfd, 0x30, 0x2a, 0xff, 0xf6,
    0x1f, 0xff, 0x50, 0x00, 0x0f, 0xff, 0x61, 0xff,
    0xf3, 0x00, 0x00, 0xef, 0xf6, 0x0f, 0xff, 0xa0,
    0x00, 0x5f, 0xff, 0x60, 0xaf, 0xff, 0xeb, 0xcf,
    0xff, 0xf6, 0x01, 0xdf, 0xff, 0xff, 0xff, 0xff,
    0x60, 0x00, 0x8d, 0xfe, 0xc5, 0x3f, 0xf6,

    /* U+00E1 "á" */
    0x00, 0x00, 0x00, 0x00, 0x00, 0x00, 0x00, 0x00,
    0x00, 0x00, 0x04, 0xe3, 0x00, 0x00, 0x00, 0x00,
    0x06, 0xff, 0xd0, 0x00, 0x00, 0x00, 0x07, 0xff,
    0xd1, 0x00, 0x00, 0x00, 0x08, 0xff, 0xc1, 0x00,
    0x00, 0x00, 0x00, 0x3f, 0xb0, 0x00, 0x00, 0x00,
    0x00, 0x00, 0x30, 0x00, 0x00, 0x00, 0x00, 0x00,
    0x00, 0x00, 0x00, 0x00, 0x00, 0x16, 0xbe, 0xff,
    0xd8, 0x10, 0x00, 0x0d, 0xff, 0xff, 0xff, 0xfe,
    0x20, 0x00, 0x7f, 0xfd, 0xce, 0xff, 0xfc, 0x00,
    0x00, 0x30, 0x00, 0x06, 0xff, 0xf2, 0x00, 0x02,
    0x7a, 0x97, 0x1e, 0xff, 0x50, 0x07, 0xff, 0xff,
    0xff, 0xff, 0xf6, 0x06, 0xff, 0xff, 0xff, 0xff,
    0xff, 0x60, 0xdf, 0xfd, 0x30, 0x2a, 0xff, 0xf6,
    0x1f, 0xff, 0x50, 0x00, 0x0f, 0xff, 0x61, 0xff,
    0xf3, 0x00, 0x00, 0xef, 0xf6, 0x0f, 0xff, 0xa0,
    0x00, 0x5f, 0xff, 0x60, 0xaf, 0xff, 0xeb, 0xcf,
    0xff, 0xf6, 0x01, 0xdf, 0xff, 0xff, 0xff, 0xff,
    0x60, 0x00, 0x8d, 0xfe, 0xc5, 0x3f, 0xf6,

    /* U+00E2 "â" */
    0x00, 0x00, 0x00, 0x00, 0x00, 0x00, 0x00, 0x00,
    0x00, 0x0c, 0xa0, 0x00, 0x00, 0x00, 0x00, 0x1c,
    0xff, 0xa0, 0x00, 0x00, 0x00, 0x1d, 0xff, 0xff,
    0xb0, 0x00, 0x00, 0x0d, 0xff, 0x57, 0xff, 0xb0,
    0x00, 0x00, 0x7f, 0x40, 0x07, 0xf4, 0x00, 0x00,
    0x00, 0x10, 0x00, 0x02, 0x00, 0x00, 0x00, 0x00,
    0x00, 0x00, 0x00, 0x00, 0x00, 0x16, 0xbe, 0xff,
    0xd8, 0x10, 0x00, 0x0d, 0xff, 0xff, 0xff, 0xfe,
    0x20, 0x00, 0x7f, 0xfd, 0xce, 0xff, 0xfc, 0x00,
    0x00, 0x30, 0x00, 0x06, 0xff, 0xf2, 0x00, 0x02,
    0x7a, 0x97, 0x1e, 0xff, 0x50, 0x07, 0xff, 0xff,
    0xff, 0xff, 0xf6, 0x06, 0xff, 0xff, 0xff, 0xff,
    0xff, 0x60, 0xdf, 0xfd, 0x30, 0x2a, 0xff, 0xf6,
    0x1f, 0xff, 0x50, 0x00, 0x0f, 0xff, 0x61, 0xff,
    0xf3, 0x00, 0x00, 0xef, 0xf6, 0x0f, 0xff, 0xa0,
    0x00, 0x5f, 0xff, 0x60, 0xaf, 0xff, 0xeb, 0xcf,
    0xff, 0xf6, 0x01, 0xdf, 0xff, 0xff, 0xff, 0xff,
    0x60, 0x00, 0x8d, 0xfe, 0xc5, 0x3f, 0xf6,

    /* U+00E3 "ã" */
    0x00, 0x00, 0x56, 0x10, 0x00, 0x30, 0x00, 0x02,
    0xef, 0xff, 0x81, 0x8f, 0xa0, 0x00, 0xcf, 0xff,
    0xff, 0xff, 0xfb, 0x00, 0x09, 0xf7, 0x18, 0xff,
    0xfe, 0x10, 0x00, 0x01, 0x00, 0x02, 0x65, 0x00,
    0x00, 0x00, 0x00, 0x00, 0x00, 0x00, 0x00, 0x00,
    0x00, 0x00, 0x00, 0x00, 0x00, 0x00, 0x01, 0x6b,
    0xef, 0xfd, 0x81, 0x00, 0x00, 0xdf, 0xff, 0xff,
    0xff, 0xe2, 0x00, 0x07, 0xff, 0xdc, 0xef, 0xff,
    0xc0, 0x00, 0x03, 0x00, 0x00, 0x6f, 0xff, 0x20,
    0x00, 0x27, 0xa9, 0x71, 0xef, 0xf5, 0x00, 0x7f,
    0xff, 0xff, 0xff, 0xff, 0x60, 0x6f, 0xff, 0xff,
    0xff, 0xff, 0xf6, 0x0d, 0xff, 0xd3, 0x02, 0xaf,
    0xff, 0x61, 0xff, 0xf5, 0x00, 0x00, 0xff, 0xf6,
    0x1f, 0xff, 0x30, 0x00, 0x0e, 0xff, 0x60, 0xff,
    0xfa, 0x00, 0x05, 0xff, 0xf6, 0x0a, 0xff, 0xfe,
    0xbc, 0xff, 0xff, 0x60, 0x1d, 0xff, 0xff, 0xff,
    0xff, 0xf6, 0x00, 0x08, 0xdf, 0xec, 0x53, 0xff,
    0x60,

    /* U+00E4 "ä" */
    0x00, 0x2d, 0xf7, 0x00, 0x9f, 0xc1, 0x00, 0x0a,
    0xff, 0xf1, 0x3f, 0xff, 0x80, 0x00, 0xaf, 0xff,
    0x13, 0xff, 0xf8, 0x00, 0x02, 0xce, 0x70, 0x08,
    0xec, 0x10, 0x00, 0x00, 0x00, 0x00, 0x00, 0x00,
    0x00, 0x01, 0x6b, 0xef, 0xfd, 0x81, 0x00, 0x00,
    0xdf, 0xff, 0xff, 0xff, 0xe2, 0x00, 0x07, 0xff,
    0xdc, 0xef, 0xff, 0xc0, 0x00, 0x03, 0x00, 0x00,
    0x6f, 0xff, 0x20, 0x00, 0x27, 0xa9, 0x71, 0xef,
    0xf5, 0x00, 0x7f, 0xff, 0xff, 0xff, 0xff, 0x60,
    0x6f, 0xff, 0xff, 0xff, 0xff, 0xf6, 0x0d, 0xff,
    0xd3, 0x02, 0xaf, 0xff, 0x61, 0xff, 0xf5, 0x00,
    0x00, 0xff, 0xf6, 0x1f, 0xff, 0x30, 0x00, 0x0e,
    0xff, 0x60, 0xff, 0xfa, 0x00, 0x05, 0xff, 0xf6,
    0x0a, 0xff, 0xfe, 0xbc, 0xff, 0xff, 0x60, 0x1d,
    0xff, 0xff, 0xff, 0xff, 0xf6, 0x00, 0x08, 0xdf,
    0xec, 0x53, 0xff, 0x60,

    /* U+00E5 "å" */
    0x00, 0x00, 0x09, 0xfe, 0x90, 0x00, 0x00, 0x00,
    0x0b, 0xff, 0xff, 0x90, 0x00, 0x00, 0x01, 0xff,
    0x23, 0xff, 0x00, 0x00, 0x00, 0x1f, 0xf2, 0x3f,
    0xf0, 0x00, 0x00, 0x00, 0xbf, 0xff, 0xf9, 0x00,
    0x00, 0x00, 0x00, 0x9e, 0xe9, 0x00, 0x00, 0x00,
    0x00, 0x00, 0x00, 0x00, 0x00, 0x00, 0x00, 0x00,
    0x00, 0x00, 0x00, 0x00, 0x00, 0x16, 0xbe, 0xff,
    0xd8, 0x10, 0x00, 0x0d, 0xff, 0xff, 0xff, 0xfe,
    0x20, 0x00, 0x7f, 0xfd, 0xce, 0xff, 0xfc, 0x00,
    0x00, 0x30, 0x00, 0x06, 0xff, 0xf2, 0x00, 0x02,
    0x7a, 0x97, 0x1e, 0xff, 0x50, 0x07, 0xff, 0xff,
    0xff, 0xff, 0xf6, 0x06, 0xff, 0xff, 0xff, 0xff,
    0xff, 0x60, 0xdf, 0xfd, 0x30, 0x2a, 0xff, 0xf6,
    0x1f, 0xff, 0x50, 0x00, 0x0f, 0xff, 0x61, 0xff,
    0xf3, 0x00, 0x00, 0xef, 0xf6, 0x0f, 0xff, 0xa0,
    0x00, 0x5f, 0xff, 0x60, 0xaf, 0xff, 0xeb, 0xcf,
    0xff, 0xf6, 0x01, 0xdf, 0xff, 0xff, 0xff, 0xff,
    0x60, 0x00, 0x8d, 0xfe, 0xc5, 0x3f, 0xf6,

    /* U+00E6 "æ" */
    0x00, 0x16, 0xbe, 0xfe, 0xc7, 0x00, 0x5b, 0xef,
    0xd9, 0x20, 0x00, 0x00, 0xef, 0xff, 0xff, 0xff,
    0xdb, 0xff, 0xff, 0xff, 0xf4, 0x00, 0x00, 0x8f,
    0xfd, 0xce, 0xff, 0xff, 0xff, 0xed, 0xff, 0xfe,
    0x10, 0x00, 0x13, 0x00, 0x00, 0x9f, 0xff, 0xf5,
    0x00, 0x2d, 0xff, 0x80, 0x00, 0x02, 0x7a, 0x96,
    0x1f, 0xff, 0x90, 0x00, 0x05, 0xff, 0xd0, 0x00,
    0x7f, 0xff, 0xff, 0xdf, 0xff, 0xc5, 0x55, 0x58,
    0xff, 0xf0, 0x06, 0xff, 0xff, 0xff, 0xff, 0xff,
    0xff, 0xff, 0xff, 0xff, 0xf0, 0x0d, 0xff, 0xd4,
    0x02, 0xaf, 0xff, 0xff, 0xff, 0xff, 0xff, 0xf0,
    0x1f, 0xff, 0x50, 0x00, 0x0f, 0xff, 0x60, 0x00,
    0x00, 0x00, 0x00, 0x2f, 0xff, 0x40, 0x00, 0x0f,
    0xff, 0xa0, 0x00, 0x00, 0x85, 0x00, 0x0f, 0xff,
    0xb0, 0x00, 0x5f, 0xff, 0xf4, 0x00, 0x05, 0xff,
    0xa0, 0x0a, 0xff, 0xfe, 0xbc, 0xff, 0xff, 0xff,
    0xdb, 0xdf, 0xff, 0x50, 0x01, 0xdf, 0xff, 0xff,
    0xfd, 0x2a, 0xff, 0xff, 0xff, 0xf7, 0x00, 0x00,
    0x18, 0xdf, 0xfc, 0x70, 0x00, 0x5b, 0xef, 0xda,
    0x30, 0x00,

    /* U+00E7 "ç" */
    0x00, 0x00, 0x4a, 0xdf, 0xfc, 0x60, 0x00, 0x00,
    0x0a, 0xff, 0xff, 0xff, 0xfd, 0x10, 0x00, 0xaf,
    0xff, 0xff, 0xff, 0xff, 0xe1, 0x05, 0xff, 0xfd,
    0x52, 0x4a, 0xff, 0xf9, 0x0b, 0xff, 0xd0, 0x00,
    0x00, 0x9e, 0x82, 0x0f, 0xff, 0x60, 0x00, 0x00,
    0x00, 0x00, 0x1f, 0xff, 0x20, 0x00, 0x00, 0x00,
    0x00, 0x1f, 0xff, 0x20, 0x00, 0x00, 0x00, 0x00,
    0x0f, 0xff, 0x60, 0x00, 0x00, 0x00, 0x00, 0x0b,
    0xff, 0xd0, 0x00, 0x00, 0x9e, 0x92, 0x05, 0xff,
    0xfd, 0x52, 0x4a, 0xff, 0xf8, 0x00, 0xaf, 0xff,
    0xff, 0xff, 0xff, 0xd0, 0x00, 0x0a, 0xff, 0xff,
    0xff, 0xfd, 0x10, 0x00, 0x00, 0x4a, 0xff, 0xfc,
    0x60, 0x00, 0x00, 0x00, 0x00, 0xff, 0x50, 0x00,
    0x00, 0x00, 0x00, 0x02, 0xef, 0xfe, 0x10, 0x00,
    0x00, 0x00, 0x01, 0x00, 0x9f, 0x60, 0x00, 0x00,
    0x00, 0x2f, 0xed, 0xff, 0x40, 0x00, 0x00, 0x00,
    0x2a, 0xef, 0xd6, 0x00, 0x00,

    /* U+00E8 "è" */
    0x00, 0x00, 0x00, 0x00, 0x00, 0x00, 0x00, 0x00,
    0x00, 0x0a, 0xb0, 0x00, 0x00, 0x00, 0x00, 0x00,
    0x05, 0xff, 0xc0, 0x00, 0x00, 0x00, 0x00, 0x00,
    0x07, 0xff, 0xd1, 0x00, 0x00, 0x00, 0x00, 0x00,
    0x06, 0xff, 0xd1, 0x00, 0x00, 0x00, 0x00, 0x00,
    0x05, 0xfa, 0x00, 0x00, 0x00, 0x00, 0x00, 0x00,
    0x03, 0x00, 0x00, 0x00, 0x00, 0x00, 0x00, 0x00,
    0x00, 0x00, 0x00, 0x00, 0x00, 0x00, 0x4a, 0xdf,
    0xeb, 0x60, 0x00, 0x00, 0x00, 0xaf, 0xff, 0xff,
    0xff, 0xd2, 0x00, 0x00, 0xbf, 0xff, 0xc9, 0xaf,
    0xff, 0xe1, 0x00, 0x5f, 0xff, 0x40, 0x00, 0x1d,
    0xff, 0x90, 0x0b, 0xff, 0x60, 0x00, 0x00, 0x3f,
    0xff, 0x00, 0xff, 0xff, 0xff, 0xff, 0xff, 0xff,
    0xf3, 0x1f, 0xff, 0xff, 0xff, 0xff, 0xff, 0xff,
    0x51, 0xff, 0xf8, 0x88, 0x88, 0x88, 0x88, 0x82,
    0x0f, 0xff, 0x20, 0x00, 0x00, 0x00, 0x00, 0x00,
    0xcf, 0xf7, 0x00, 0x00, 0x00, 0xc7, 0x00, 0x05,
    0xff, 0xf5, 0x00, 0x01, 0xcf, 0xf9, 0x00, 0x0b,
    0xff, 0xfe, 0xbc, 0xff, 0xff, 0x20, 0x00, 0x1b,
    0xff, 0xff, 0xff, 0xfe, 0x30, 0x00, 0x00, 0x05,
    0xbe, 0xfe, 0xc7, 0x10, 0x00,

    /* U+00E9 "é" */
    0x00, 0x00, 0x00, 0x00, 0x00, 0x00, 0x00, 0x00,
    0x00, 0x00, 0x00, 0x00, 0x9c, 0x00, 0x00, 0x00,
    0x00, 0x00, 0x00, 0xaf, 0xf7, 0x00, 0x00, 0x00,
    0x00, 0x00, 0xbf, 0xf9, 0x00, 0x00, 0x00, 0x00,
    0x00, 0xcf, 0xf8, 0x00, 0x00, 0x00, 0x00, 0x00,
    0x08, 0xf6, 0x00, 0x00, 0x00, 0x00, 0x00, 0x00,
    0x03, 0x00, 0x00, 0x00, 0x00, 0x00, 0x00, 0x00,
    0x00, 0x00, 0x00, 0x00, 0x00, 0x00, 0x4a, 0xdf,
    0xeb, 0x60, 0x00, 0x00, 0x00, 0xaf, 0xff, 0xff,
    0xff, 0xd2, 0x00, 0x00, 0xbf, 0xff, 0xc9, 0xaf,
    0xff, 0xe1, 0x00, 0x5f, 0xff, 0x40, 0x00, 0x1d,
    0xff, 0x90, 0x0b, 0xff, 0x60, 0x00, 0x00, 0x3f,
    0xff, 0x00, 0xff, 0xff, 0xff, 0xff, 0xff, 0xff,
    0xf3, 0x1f, 0xff, 0xff, 0xff, 0xff, 0xff, 0xff,
    0x51, 0xff, 0xf8, 0x88, 0x88, 0x88, 0x88, 0x82,
    0x0f, 0xff, 0x20, 0x00, 0x00, 0x00, 0x00, 0x00,
    0xcf, 0xf7, 0x00, 0x00, 0x00, 0xc7, 0x00, 0x05,
    0xff, 0xf5, 0x00, 0x01, 0xcf, 0xf9, 0x00, 0x0b,
    0xff, 0xfe, 0xbc, 0xff, 0xff, 0x20, 0x00, 0x1b,
    0xff, 0xff, 0xff, 0xfe, 0x30, 0x00, 0x00, 0x05,
    0xbe, 0xfe, 0xc7, 0x10, 0x00,

    /* U+00EA "ê" */
    0x00, 0x00, 0x00, 0x00, 0x00, 0x00, 0x00, 0x00,
    0x00, 0x00, 0x03, 0xe5, 0x00, 0x00, 0x00, 0x00,
    0x00, 0x03, 0xff, 0xf5, 0x00, 0x00, 0x00, 0x00,
    0x04, 0xff, 0xff, 0xf6, 0x00, 0x00, 0x00, 0x03,
    0xff, 0xd2, 0xcf, 0xf6, 0x00, 0x00, 0x00, 0x0b,
    0xd1, 0x00, 0xcd, 0x10, 0x00, 0x00, 0x00, 0x01,
    0x00, 0x00, 0x10, 0x00, 0x00, 0x00, 0x00, 0x00,
    0x00, 0x00, 0x00, 0x00, 0x00, 0x00, 0x4a, 0xdf,
    0xeb, 0x60, 0x00, 0x00, 0x00, 0xaf, 0xff, 0xff,
    0xff, 0xd2, 0x00, 0x00, 0xbf, 0xff, 0xc9, 0xaf,
    0xff, 0xe1, 0x00, 0x5f, 0xff, 0x40, 0x00, 0x1d,
    0xff, 0x90, 0x0b, 0xff, 0x60, 0x00, 0x00, 0x3f,
    0xff, 0x00, 0xff, 0xff, 0xff, 0xff, 0xff, 0xff,
    0xf3, 0x1f, 0xff, 0xff, 0xff, 0xff, 0xff, 0xff,
    0x51, 0xff, 0xf8, 0x88, 0x88, 0x88, 0x88, 0x82,
    0x0f, 0xff, 0x20, 0x00, 0x00, 0x00, 0x00, 0x00,
    0xcf, 0xf7, 0x00, 0x00, 0x00, 0xc7, 0x00, 0x05,
    0xff, 0xf5, 0x00, 0x01, 0xcf, 0xf9, 0x00, 0x0b,
    0xff, 0xfe, 0xbc, 0xff, 0xff, 0x20, 0x00, 0x1b,
    0xff, 0xff, 0xff, 0xfe, 0x30, 0x00, 0x00, 0x05,
    0xbe, 0xfe, 0xc7, 0x10, 0x00,

    /* U+00EB "ë" */
    0x00, 0x05, 0xed, 0x30, 0x1c, 0xf9, 0x00, 0x00,
    0x00, 0xff, 0xfc, 0x08, 0xff, 0xf3, 0x00, 0x00,
    0x0f, 0xff, 0xc0, 0x8f, 0xff, 0x30, 0x00, 0x00,
    0x5e, 0xd3, 0x01, 0xce, 0x80, 0x00, 0x00, 0x00,
    0x00, 0x00, 0x00, 0x00, 0x00, 0x00, 0x00, 0x04,
    0xad, 0xfe, 0xb6, 0x00, 0x00, 0x00, 0x0a, 0xff,
    0xff, 0xff, 0xfd, 0x20, 0x00, 0x0b, 0xff, 0xfc,
    0x9a, 0xff, 0xfe, 0x10, 0x05, 0xff, 0xf4, 0x00,
    0x01, 0xdf, 0xf9, 0x00, 0xbf, 0xf6, 0x00, 0x00,
    0x03, 0xff, 0xf0, 0x0f, 0xff, 0xff, 0xff, 0xff,
    0xff, 0xff, 0x31, 0xff, 0xff, 0xff, 0xff, 0xff,
    0xff, 0xf5, 0x1f, 0xff, 0x88, 0x88, 0x88, 0x88,
    0x88, 0x20, 0xff, 0xf2, 0x00, 0x00, 0x00, 0x00,
    0x00, 0x0c, 0xff, 0x70, 0x00, 0x00, 0x0c, 0x70,
    0x00, 0x5f, 0xff, 0x50, 0x00, 0x1c, 0xff, 0x90,
    0x00, 0xbf, 0xff, 0xeb, 0xcf, 0xff, 0xf2, 0x00,
    0x01, 0xbf, 0xff, 0xff, 0xff, 0xe3, 0x00, 0x00,
    0x00, 0x5b, 0xef, 0xec, 0x71, 0x00, 0x00,

    /* U+00EC "ì" */
    0x03, 0x00, 0x00, 0x04, 0xfb, 0x00, 0x00, 0x7f,
    0xfc, 0x10, 0x00, 0x6f, 0xfd, 0x10, 0x00, 0x5f,
    0xfc, 0x00, 0x00, 0x4d, 0x20, 0x00, 0x00, 0x00,
    0x00, 0x00, 0x00, 0x00, 0x00, 0x4f, 0xff, 0x00,
    0x04, 0xff, 0xf0, 0x00, 0x4f, 0xff, 0x00, 0x04,
    0xff, 0xf0, 0x00, 0x4f, 0xff, 0x00, 0x04, 0xff,
    0xf0, 0x00, 0x4f, 0xff, 0x00, 0x04, 0xff, 0xf0,
    0x00, 0x4f, 0xff, 0x00, 0x04, 0xff, 0xf0, 0x00,
    0x4f, 0xff, 0x00, 0x04, 0xff, 0xf0, 0x00, 0x4f,
    0xff, 0x00, 0x04, 0xff, 0xf0,

    /* U+00ED "í" */
    0x00, 0x00, 0x30, 0x00, 0x00, 0x4f, 0xc0, 0x00,
    0x5f, 0xfe, 0x20, 0x6f, 0xfd, 0x10, 0x3f, 0xfc,
    0x10, 0x00, 0x8b, 0x00, 0x00, 0x00, 0x00, 0x00,
    0x00, 0x00, 0x00, 0x00, 0x4f, 0xff, 0x00, 0x04,
    0xff, 0xf0, 0x00, 0x4f, 0xff, 0x00, 0x04, 0xff,
    0xf0, 0x00, 0x4f, 0xff, 0x00, 0x04, 0xff, 0xf0,
    0x00, 0x4f, 0xff, 0x00, 0x04, 0xff, 0xf0, 0x00,
    0x4f, 0xff, 0x00, 0x04, 0xff, 0xf0, 0x00, 0x4f,
    0xff, 0x00, 0x04, 0xff, 0xf0, 0x00, 0x4f, 0xff,
    0x00, 0x04, 0xff, 0xf0, 0x00,

    /* U+00EE "î" */
    0x00, 0x00, 0x20, 0x00, 0x00, 0x00, 0x8f, 0x30,
    0x00, 0x00, 0x7f, 0xfe, 0x20, 0x00, 0x5f, 0xff,
    0xfe, 0x20, 0x2f, 0xfc, 0x3f, 0xfc, 0x00, 0x5d,
    0x10, 0x5c, 0x10, 0x00, 0x00, 0x00, 0x00, 0x00,
    0x00, 0x00, 0x00, 0x00, 0x00, 0x4f, 0xff, 0x00,
    0x00, 0x04, 0xff, 0xf0, 0x00, 0x00, 0x4f, 0xff,
    0x00, 0x00, 0x04, 0xff, 0xf0, 0x00, 0x00, 0x4f,
    0xff, 0x00, 0x00, 0x04, 0xff, 0xf0, 0x00, 0x00,
    0x4f, 0xff, 0x00, 0x00, 0x04, 0xff, 0xf0, 0x00,
    0x00, 0x4f, 0xff, 0x00, 0x00, 0x04, 0xff, 0xf0,
    0x00, 0x00, 0x4f, 0xff, 0x00, 0x00, 0x04, 0xff,
    0xf0, 0x00, 0x00, 0x4f, 0xff, 0x00, 0x00, 0x04,
    0xff, 0xf0, 0x00,

    /* U+00EF "ï" */
    0x3d, 0xe7, 0x0b, 0xfb, 0x0b, 0xff, 0xf6, 0xff,
    0xf5, 0xbf, 0xff, 0x6f, 0xff, 0x52, 0xde, 0x60,
    0xaf, 0xa0, 0x00, 0x00, 0x00, 0x00, 0x00, 0x04,
    0xff, 0xf0, 0x00, 0x00, 0x4f, 0xff, 0x00, 0x00,
    0x04, 0xff, 0xf0, 0x00, 0x00, 0x4f, 0xff, 0x00,
    0x00, 0x04, 0xff, 0xf0, 0x00, 0x00, 0x4f, 0xff,
    0x00, 0x00, 0x04, 0xff, 0xf0, 0x00, 0x00, 0x4f,
    0xff, 0x00, 0x00, 0x04, 0xff, 0xf0, 0x00, 0x00,
    0x4f, 0xff, 0x00, 0x00, 0x04, 0xff, 0xf0, 0x00,
    0x00, 0x4f, 0xff, 0x00, 0x00, 0x04, 0xff, 0xf0,
    0x00, 0x00, 0x4f, 0xff, 0x00, 0x00,

    /* U+00F0 "ð" */
    0x00, 0x02, 0x00, 0x00, 0x02, 0x00, 0x00, 0x00,
    0x7f, 0xd7, 0x10, 0x7f, 0x50, 0x00, 0x00, 0xef,
    0xff, 0xff, 0xff, 0xc0, 0x00, 0x00, 0x7b, 0xff,
    0xff, 0xfd, 0x00, 0x00, 0x00, 0x00, 0x3f, 0xff,
    0xff, 0x40, 0x00, 0x00, 0x03, 0xef, 0xff, 0xff,
    0xf2, 0x00, 0x00, 0x00, 0xde, 0x30, 0xaf, 0xfc,
    0x00, 0x00, 0x00, 0x21, 0x00, 0x0c, 0xff, 0x50,
    0x00, 0x05, 0xbd, 0xec, 0x63, 0xff, 0xc0, 0x00,
    0xbf, 0xff, 0xff, 0xfb, 0xcf, 0xf1, 0x0a, 0xff,
    0xff, 0xff, 0xff, 0xff, 0xf4, 0x4f, 0xff, 0xd4,
    0x12, 0x7f, 0xff, 0xf7, 0xaf, 0xfe, 0x10, 0x00,
    0x06, 0xff, 0xf8, 0xcf, 0xf8, 0x00, 0x00, 0x00,
    0xef, 0xf7, 0xef, 0xf6, 0x00, 0x00, 0x00, 0xcf,
    0xf6, 0xcf, 0xf8, 0x00, 0x00, 0x00, 0xef, 0xf3,
    0x9f, 0xfe, 0x00, 0x00, 0x05, 0xff, 0xe0, 0x3f,
    0xff, 0xc3, 0x01, 0x6f, 0xff, 0x80, 0x09, 0xff,
    0xff, 0xff, 0xff, 0xfd, 0x00, 0x00, 0x9f, 0xff,
    0xff, 0xff, 0xd1, 0x00, 0x00, 0x04, 0xad, 0xfe,
    0xc6, 0x00, 0x00,

    /* U+00F1 "ñ" */
    0x00, 0x09, 0xed, 0x80, 0x06, 0xa1, 0x00, 0x0b,
    0xff, 0xff, 0xd8, 0xef, 0xb0, 0x02, 0xff, 0xb9,
    0xff, 0xff, 0xf4, 0x00, 0x02, 0x90, 0x02, 0xbf,
    0xd5, 0x00, 0x00, 0x00, 0x00, 0x00, 0x00, 0x00,
    0x00, 0x00, 0x00, 0x00, 0x00, 0x00, 0x00, 0x5f,
    0xf3, 0x03, 0xae, 0xfe, 0xb2, 0x05, 0xff, 0x9b,
    0xff, 0xff, 0xff, 0xe1, 0x5f, 0xff, 0xff, 0xff,
    0xff, 0xff, 0x85, 0xff, 0xff, 0xd5, 0x35, 0xef,
    0xfb, 0x5f, 0xff, 0x70, 0x00, 0x07, 0xff, 0xd5,
    0xff, 0xf0, 0x00, 0x00, 0x5f, 0xfe, 0x5f, 0xfe,
    0x00, 0x00, 0x05, 0xff, 0xe5, 0xff, 0xe0, 0x00,
    0x00, 0x5f, 0xfe, 0x5f, 0xfe, 0x00, 0x00, 0x05,
    0xff, 0xe5, 0xff, 0xe0, 0x00, 0x00, 0x5f, 0xfe,
    0x5f, 0xfe, 0x00, 0x00, 0x05, 0xff, 0xe5, 0xff,
    0xe0, 0x00, 0x00, 0x5f, 0xfe, 0x5f, 0xfe, 0x00,
    0x00, 0x05, 0xff, 0xe5, 0xff, 0xe0, 0x00, 0x00,
    0x5f, 0xfe,

    /* U+00F2 "ò" */
    0x00, 0x00, 0x00, 0x00, 0x00, 0x00, 0x00, 0x00,
    0x00, 0x06, 0xd2, 0x00, 0x00, 0x00, 0x00, 0x00,
    0x01, 0xff, 0xe3, 0x00, 0x00, 0x00, 0x00, 0x00,
    0x03, 0xff, 0xf3, 0x00, 0x00, 0x00, 0x00, 0x00,
    0x03, 0xef, 0xf4, 0x00, 0x00, 0x00, 0x00, 0x00,
    0x02, 0xdd, 0x10, 0x00, 0x00, 0x00, 0x00, 0x00,
    0x01, 0x10, 0x00, 0x00, 0x00, 0x00, 0x00, 0x00,
    0x00, 0x00, 0x00, 0x00, 0x00, 0x00, 0x39, 0xdf,
    0xed, 0x82, 0x00, 0x00, 0x00, 0x9f, 0xff, 0xff,
    0xff, 0xf7, 0x00, 0x00, 0xaf, 0xff, 0xff, 0xff,
    0xff, 0xf7, 0x00, 0x4f, 0xff, 0xe6, 0x23, 0x7e,
    0xff, 0xf2, 0x0b, 0xff, 0xe1, 0x00, 0x00, 0x2f,
    0xff, 0x80, 0xff, 0xf6, 0x00, 0x00, 0x00, 0x9f,
    0xfc, 0x1f, 0xff, 0x30, 0x00, 0x00, 0x05, 0xff,
    0xe1, 0xff, 0xf3, 0x00, 0x00, 0x00, 0x5f, 0xfe,
    0x0f, 0xff, 0x60, 0x00, 0x00, 0x09, 0xff, 0xd0,
    0xbf, 0xfe, 0x10, 0x00, 0x02, 0xff, 0xf8, 0x04,
    0xff, 0xfe, 0x62, 0x37, 0xef, 0xff, 0x20, 0x0a,
    0xff, 0xff, 0xff, 0xff, 0xff, 0x70, 0x00, 0x09,
    0xff, 0xff, 0xff, 0xff, 0x70, 0x00, 0x00, 0x03,
    0x9d, 0xff, 0xd8, 0x20, 0x00,

    /* U+00F3 "ó" */
    0x00, 0x00, 0x00, 0x00, 0x00, 0x00, 0x00, 0x00,
    0x00, 0x00, 0x00, 0x00, 0x5e, 0x20, 0x00, 0x00,
    0x00, 0x00, 0x00, 0x6f, 0xfc, 0x00, 0x00, 0x00,
    0x00, 0x00, 0x8f, 0xfc, 0x10, 0x00, 0x00, 0x00,
    0x00, 0x8f, 0xfb, 0x00, 0x00, 0x00, 0x00, 0x00,
    0x04, 0xfa, 0x00, 0x00, 0x00, 0x00, 0x00, 0x00,
    0x03, 0x00, 0x00, 0x00, 0x00, 0x00, 0x00, 0x00,
    0x00, 0x00, 0x00, 0x00, 0x00, 0x00, 0x39, 0xdf,
    0xed, 0x82, 0x00, 0x00, 0x00, 0x9f, 0xff, 0xff,
    0xff, 0xf7, 0x00, 0x00, 0xaf, 0xff, 0xff, 0xff,
    0xff, 0xf7, 0x00, 0x4f, 0xff, 0xe6, 0x23, 0x7e,
    0xff, 0xf2, 0x0b, 0xff, 0xe1, 0x00, 0x00, 0x2f,
    0xff, 0x80, 0xff, 0xf6, 0x00, 0x00, 0x00, 0x9f,
    0xfc, 0x1f, 0xff, 0x30, 0x00, 0x00, 0x05, 0xff,
    0xe1, 0xff, 0xf3, 0x00, 0x00, 0x00, 0x5f, 0xfe,
    0x0f, 0xff, 0x60, 0x00, 0x00, 0x09, 0xff, 0xd0,
    0xbf, 0xfe, 0x10, 0x00, 0x02, 0xff, 0xf8, 0x04,
    0xff, 0xfe, 0x62, 0x37, 0xef, 0xff, 0x20, 0x0a,
    0xff, 0xff, 0xff, 0xff, 0xff, 0x70, 0x00, 0x09,
    0xff, 0xff, 0xff, 0xff, 0x70, 0x00, 0x00, 0x03,
    0x9d, 0xff, 0xd8, 0x20, 0x00,

    /* U+00F4 "ô" */
    0x00, 0x00, 0x00, 0x00, 0x00, 0x00, 0x00, 0x00,
    0x00, 0x00, 0x00, 0xc9, 0x00, 0x00, 0x00, 0x00,
    0x00, 0x01, 0xcf, 0xfa, 0x00, 0x00, 0x00, 0x00,
    0x01, 0xdf, 0xff, 0xfa, 0x00, 0x00, 0x00, 0x00,
    0xdf, 0xf4, 0x7f, 0xfb, 0x00, 0x00, 0x00, 0x07,
    0xf4, 0x00, 0x7f, 0x40, 0x00, 0x00, 0x00, 0x01,
    0x00, 0x00, 0x20, 0x00, 0x00, 0x00, 0x00, 0x00,
    0x00, 0x00, 0x00, 0x00, 0x00, 0x00, 0x39, 0xdf,
    0xed, 0x82, 0x00, 0x00, 0x00, 0x9f, 0xff, 0xff,
    0xff, 0xf7, 0x00, 0x00, 0xaf, 0xff, 0xff, 0xff,
    0xff, 0xf7, 0x00, 0x4f, 0xff, 0xe6, 0x23, 0x7e,
    0xff, 0xf2, 0x0b, 0xff, 0xe1, 0x00, 0x00, 0x2f,
    0xff, 0x80, 0xff, 0xf6, 0x00, 0x00, 0x00, 0x9f,
    0xfc, 0x1f, 0xff, 0x30, 0x00, 0x00, 0x05, 0xff,
    0xe1, 0xff, 0xf3, 0x00, 0x00, 0x00, 0x5f, 0xfe,
    0x0f, 0xff, 0x60, 0x00, 0x00, 0x09, 0xff, 0xd0,
    0xbf, 0xfe, 0x10, 0x00, 0x02, 0xff, 0xf8, 0x04,
    0xff, 0xfe, 0x62, 0x37, 0xef, 0xff, 0x20, 0x0a,
    0xff, 0xff, 0xff, 0xff, 0xff, 0x70, 0x00, 0x09,
    0xff, 0xff, 0xff, 0xff, 0x70, 0x00, 0x00, 0x03,
    0x9d, 0xff, 0xd8, 0x20, 0x00,

    /* U+00F5 "õ" */
    0x00, 0x00, 0x8e, 0xfb, 0x50, 0x6c, 0x70, 0x00,
    0x00, 0x9f, 0xff, 0xff, 0xff, 0xfb, 0x00, 0x00,
    0x1d, 0xfc, 0x8d, 0xff, 0xfd, 0x10, 0x00, 0x00,
    0x03, 0x00, 0x03, 0x65, 0x00, 0x00, 0x00, 0x00,
    0x00, 0x00, 0x00, 0x00, 0x00, 0x00, 0x00, 0x00,
    0x00, 0x00, 0x00, 0x00, 0x00, 0x00, 0x00, 0x39,
    0xdf, 0xed, 0x82, 0x00, 0x00, 0x00, 0x9f, 0xff,
    0xff, 0xff, 0xf7, 0x00, 0x00, 0xaf, 0xff, 0xff,
    0xff, 0xff, 0xf7, 0x00, 0x4f, 0xff, 0xe6, 0x23,
    0x7e, 0xff, 0xf2, 0x0b, 0xff, 0xe1, 0x00, 0x00,
    0x2f, 0xff, 0x80, 0xff, 0xf6, 0x00, 0x00, 0x00,
    0x9f, 0xfc, 0x1f, 0xff, 0x30, 0x00, 0x00, 0x05,
    0xff, 0xe1, 0xff, 0xf3, 0x00, 0x00, 0x00, 0x5f,
    0xfe, 0x0f, 0xff, 0x60, 0x00, 0x00, 0x09, 0xff,
    0xd0, 0xbf, 0xfe, 0x10, 0x00, 0x02, 0xff, 0xf8,
    0x04, 0xff, 0xfe, 0x62, 0x37, 0xef, 0xff, 0x20,
    0x0a, 0xff, 0xff, 0xff, 0xff, 0xff, 0x70, 0x00,
    0x09, 0xff, 0xff, 0xff, 0xff, 0x70, 0x00, 0x00,
    0x03, 0x9d, 0xff, 0xd8, 0x20, 0x00,

    /* U+00F6 "ö" */
    0x00, 0x02, 0xde, 0x70, 0x09, 0xfb, 0x10, 0x00,
    0x00, 0xaf, 0xff, 0x13, 0xff, 0xf7, 0x00, 0x00,
    0x0a, 0xff, 0xf1, 0x3f, 0xff, 0x70, 0x00, 0x00,
    0x2d, 0xe6, 0x00, 0x9e, 0xb1, 0x00, 0x00, 0x00,
    0x00, 0x00, 0x00, 0x00, 0x00, 0x00, 0x00, 0x03,
    0x9d, 0xfe, 0xd8, 0x20, 0x00, 0x00, 0x09, 0xff,
    0xff, 0xff, 0xff, 0x70, 0x00, 0x0a, 0xff, 0xff,
    0xff, 0xff, 0xff, 0x70, 0x04, 0xff, 0xfe, 0x62,
    0x37, 0xef, 0xff, 0x20, 0xbf, 0xfe, 0x10, 0x00,
    0x02, 0xff, 0xf8, 0x0f, 0xff, 0x60, 0x00, 0x00,
    0x09, 0xff, 0xc1, 0xff, 0xf3, 0x00, 0x00, 0x00,
    0x5f, 0xfe, 0x1f, 0xff, 0x30, 0x00, 0x00, 0x05,
    0xff, 0xe0, 0xff, 0xf6, 0x00, 0x00, 0x00, 0x9f,
    0xfd, 0x0b, 0xff, 0xe1, 0x00, 0x00, 0x2f, 0xff,
    0x80, 0x4f, 0xff, 0xe6, 0x23, 0x7e, 0xff, 0xf2,
    0x00, 0xaf, 0xff, 0xff, 0xff, 0xff, 0xf7, 0x00,
    0x00, 0x9f, 0xff, 0xff, 0xff, 0xf7, 0x00, 0x00,
    0x00, 0x39, 0xdf, 0xfd, 0x82, 0x00, 0x00,

    /* U+00F7 "÷" */
    0x00, 0x00, 0x03, 0xdf, 0xa0, 0x00, 0x00, 0x00,
    0x00, 0x00, 0xdf, 0xff, 0x70, 0x00, 0x00, 0x00,
    0x00, 0x0f, 0xff, 0xf9, 0x00, 0x00, 0x00, 0x00,
    0x00, 0x8f, 0xff, 0x30, 0x00, 0x00, 0x00, 0x00,
    0x00, 0x46, 0x20, 0x00, 0x00, 0x00, 0x00, 0x00,
    0x00, 0x00, 0x00, 0x00, 0x00, 0x9f, 0xff, 0xff,
    0xff, 0xff, 0xff, 0xff, 0x59, 0xff, 0xff, 0xff,
    0xff, 0xff, 0xff, 0xf5, 0x9f, 0xff, 0xff, 0xff,
    0xff, 0xff, 0xff, 0x50, 0x00, 0x00, 0x00, 0x00,
    0x00, 0x00, 0x00, 0x00, 0x00, 0x00, 0x46, 0x20,
    0x00, 0x00, 0x00, 0x00, 0x00, 0x8f, 0xff, 0x30,
    0x00, 0x00, 0x00, 0x00, 0x0f, 0xff, 0xf9, 0x00,
    0x00, 0x00, 0x00, 0x00, 0xdf, 0xff, 0x70, 0x00,
    0x00, 0x00, 0x00, 0x03, 0xdf, 0xa0, 0x00, 0x00,
    0x00,

    /* U+00F8 "ø" */
    0x00, 0x00, 0x00, 0x00, 0x00, 0x07, 0x40, 0x00,
    0x00, 0x28, 0xce, 0xfd, 0xa9, 0xff, 0x50, 0x00,
    0x6f, 0xff, 0xff, 0xff, 0xff, 0xe1, 0x00, 0x5f,
    0xff, 0xff, 0xef, 0xff, 0xfe, 0x00, 0x1f, 0xff,
    0xc3, 0x00, 0xcf, 0xff, 0xf6, 0x07, 0xff, 0xd0,
    0x00, 0x7f, 0xff, 0xff, 0xc0, 0xbf, 0xf6, 0x00,
    0x4f, 0xfc, 0x1f, 0xff, 0x0d, 0xff, 0x30, 0x2e,
    0xfe, 0x10, 0xdf, 0xf2, 0xdf, 0xf3, 0x0d, 0xff,
    0x30, 0x0d, 0xff, 0x2b, 0xff, 0x6a, 0xff, 0x60,
    0x00, 0xff, 0xf1, 0x7f, 0xff, 0xff, 0xa0, 0x00,
    0x8f, 0xfc, 0x01, 0xff, 0xff, 0xf0, 0x01, 0x9f,
    0xff, 0x60, 0x07, 0xff, 0xff, 0xff, 0xff, 0xff,
    0xb0, 0x00, 0xcf, 0xff, 0xff, 0xff, 0xff, 0xa0,
    0x00, 0x0a, 0xf9, 0x8c, 0xef, 0xda, 0x40, 0x00,
    0x00, 0x04, 0x00, 0x00, 0x00, 0x00, 0x00, 0x00,

    /* U+00F9 "ù" */
    0x00, 0x01, 0x20, 0x00, 0x00, 0x00, 0x00, 0x01,
    0xde, 0x30, 0x00, 0x00, 0x00, 0x00, 0x3e, 0xff,
    0x40, 0x00, 0x00, 0x00, 0x00, 0x2e, 0xff, 0x50,
    0x00, 0x00, 0x00, 0x00, 0x2d, 0xff, 0x20, 0x00,
    0x00, 0x00, 0x00, 0x1d, 0x60, 0x00, 0x00, 0x00,
    0x00, 0x00, 0x00, 0x00, 0x00, 0x00, 0x00, 0x00,
    0x00, 0x00, 0x00, 0x00, 0x7f, 0xfc, 0x00, 0x00,
    0x07, 0xff, 0xc7, 0xff, 0xc0, 0x00, 0x00, 0x7f,
    0xfc, 0x7f, 0xfc, 0x00, 0x00, 0x07, 0xff, 0xc7,
    0xff, 0xc0, 0x00, 0x00, 0x7f, 0xfc, 0x7f, 0xfc,
    0x00, 0x00, 0x07, 0xff, 0xc7, 0xff, 0xc0, 0x00,
    0x00, 0x7f, 0xfc, 0x7f, 0xfc, 0x00, 0x00, 0x07,
    0xff, 0xc7, 0xff, 0xc0, 0x00, 0x00, 0x7f, 0xfc,
    0x6f, 0xfc, 0x00, 0x00, 0x09, 0xff, 0xc5, 0xff,
    0xe0, 0x00, 0x02, 0xff, 0xfc, 0x4f, 0xff, 0xa4,
    0x49, 0xff, 0xff, 0xc0, 0xff, 0xff, 0xff, 0xff,
    0xff, 0xfc, 0x07, 0xff, 0xff, 0xff, 0xf7, 0xff,
    0xc0, 0x06, 0xcf, 0xfd, 0x81, 0x0c, 0xfc,

    /* U+00FA "ú" */
    0x00, 0x00, 0x00, 0x00, 0x03, 0x00, 0x00, 0x00,
    0x00, 0x00, 0x1c, 0xf3, 0x00, 0x00, 0x00, 0x00,
    0x2d, 0xff, 0x60, 0x00, 0x00, 0x00, 0x2e, 0xff,
    0x50, 0x00, 0x00, 0x00, 0x0d, 0xff, 0x40, 0x00,
    0x00, 0x00, 0x00, 0x3e, 0x30, 0x00, 0x00, 0x00,
    0x00, 0x00, 0x00, 0x00, 0x00, 0x00, 0x00, 0x00,
    0x00, 0x00, 0x00, 0x00, 0x7f, 0xfc, 0x00, 0x00,
    0x07, 0xff, 0xc7, 0xff, 0xc0, 0x00, 0x00, 0x7f,
    0xfc, 0x7f, 0xfc, 0x00, 0x00, 0x07, 0xff, 0xc7,
    0xff, 0xc0, 0x00, 0x00, 0x7f, 0xfc, 0x7f, 0xfc,
    0x00, 0x00, 0x07, 0xff, 0xc7, 0xff, 0xc0, 0x00,
    0x00, 0x7f, 0xfc, 0x7f, 0xfc, 0x00, 0x00, 0x07,
    0xff, 0xc7, 0xff, 0xc0, 0x00, 0x00, 0x7f, 0xfc,
    0x6f, 0xfc, 0x00, 0x00, 0x09, 0xff, 0xc5, 0xff,
    0xe0, 0x00, 0x02, 0xff, 0xfc, 0x4f, 0xff, 0xa4,
    0x49, 0xff, 0xff, 0xc0, 0xff, 0xff, 0xff, 0xff,
    0xff, 0xfc, 0x07, 0xff, 0xff, 0xff, 0xf7, 0xff,
    0xc0, 0x06, 0xcf, 0xfd, 0x81, 0x0c, 0xfc,

    /* U+00FB "û" */
    0x00, 0x00, 0x00, 0x00, 0x00, 0x00, 0x00, 0x00,
    0x00, 0x3e, 0x60, 0x00, 0x00, 0x00, 0x00, 0x3f,
    0xff, 0x70, 0x00, 0x00, 0x00, 0x4f, 0xff, 0xff,
    0x80, 0x00, 0x00, 0x3f, 0xfd, 0x2a, 0xff, 0x70,
    0x00, 0x00, 0x9d, 0x10, 0x09, 0xc1, 0x00, 0x00,
    0x00, 0x00, 0x00, 0x00, 0x00, 0x00, 0x00, 0x00,
    0x00, 0x00, 0x00, 0x00, 0x7f, 0xfc, 0x00, 0x00,
    0x07, 0xff, 0xc7, 0xff, 0xc0, 0x00, 0x00, 0x7f,
    0xfc, 0x7f, 0xfc, 0x00, 0x00, 0x07, 0xff, 0xc7,
    0xff, 0xc0, 0x00, 0x00, 0x7f, 0xfc, 0x7f, 0xfc,
    0x00, 0x00, 0x07, 0xff, 0xc7, 0xff, 0xc0, 0x00,
    0x00, 0x7f, 0xfc, 0x7f, 0xfc, 0x00, 0x00, 0x07,
    0xff, 0xc7, 0xff, 0xc0, 0x00, 0x00, 0x7f, 0xfc,
    0x6f, 0xfc, 0x00, 0x00, 0x09, 0xff, 0xc5, 0xff,
    0xe0, 0x00, 0x02, 0xff, 0xfc, 0x4f, 0xff, 0xa4,
    0x49, 0xff, 0xff, 0xc0, 0xff, 0xff, 0xff, 0xff,
    0xff, 0xfc, 0x07, 0xff, 0xff, 0xff, 0xf7, 0xff,
    0xc0, 0x06, 0xcf, 0xfd, 0x81, 0x0c, 0xfc,

    /* U+00FC "ü" */
    0x00, 0x5e, 0xe4, 0x01, 0xbf, 0x90, 0x00, 0x0e,
    0xff, 0xd0, 0x7f, 0xff, 0x30, 0x00, 0xef, 0xfd,
    0x07, 0xff, 0xf3, 0x00, 0x05, 0xed, 0x40, 0x1b,
    0xf9, 0x00, 0x00, 0x00, 0x00, 0x00, 0x00, 0x00,
    0x07, 0xff, 0xc0, 0x00, 0x00, 0x7f, 0xfc, 0x7f,
    0xfc, 0x00, 0x00, 0x07, 0xff, 0xc7, 0xff, 0xc0,
    0x00, 0x00, 0x7f, 0xfc, 0x7f, 0xfc, 0x00, 0x00,
    0x07, 0xff, 0xc7, 0xff, 0xc0, 0x00, 0x00, 0x7f,
    0xfc, 0x7f, 0xfc, 0x00, 0x00, 0x07, 0xff, 0xc7,
    0xff, 0xc0, 0x00, 0x00, 0x7f, 0xfc, 0x7f, 0xfc,
    0x00, 0x00, 0x07, 0xff, 0xc6, 0xff, 0xc0, 0x00,
    0x00, 0x9f, 0xfc, 0x5f, 0xfe, 0x00, 0x00, 0x2f,
    0xff, 0xc4, 0xff, 0xfa, 0x44, 0x9f, 0xff, 0xfc,
    0x0f, 0xff, 0xff, 0xff, 0xff, 0xff, 0xc0, 0x7f,
    0xff, 0xff, 0xff, 0x7f, 0xfc, 0x00, 0x6c, 0xff,
    0xd8, 0x10, 0xcf, 0xc0,

    /* U+00FD "ý" */
    0x00, 0x00, 0x00, 0x00, 0x03, 0x00, 0x00, 0x00,
    0x00, 0x00, 0x00, 0x04, 0xfc, 0x00, 0x00, 0x00,
    0x00, 0x00, 0x05, 0xff, 0xe2, 0x00, 0x00, 0x00,
    0x00, 0x07, 0xff, 0xd1, 0x00, 0x00, 0x00, 0x00,
    0x04, 0xff, 0xc1, 0x00, 0x00, 0x00, 0x00, 0x00,
    0x08, 0xb0, 0x00, 0x00, 0x00, 0x00, 0x00, 0x00,
    0x00, 0x00, 0x00, 0x00, 0x00, 0x00, 0x00, 0x00,
    0x00, 0x00, 0x00, 0x00, 0x6f, 0xfe, 0x00, 0x00,
    0x00, 0x4f, 0xff, 0x10, 0xef, 0xf6, 0x00, 0x00,
    0x0c, 0xff, 0x90, 0x08, 0xff, 0xd0, 0x00, 0x03,
    0xff, 0xf2, 0x00, 0x1f, 0xff, 0x40, 0x00, 0xaf,
    0xfb, 0x00, 0x00, 0xaf, 0xfb, 0x00, 0x1f, 0xff,
    0x40, 0x00, 0x03, 0xff, 0xf2, 0x08, 0xff, 0xd0,
    0x00, 0x00, 0x0b, 0xff, 0x90, 0xef, 0xf6, 0x00,
    0x00, 0x00, 0x4f, 0xff, 0x8f, 0xfe, 0x00, 0x00,
    0x00, 0x00, 0xdf, 0xff, 0xff, 0x70, 0x00, 0x00,
    0x00, 0x06, 0xff, 0xff, 0xf1, 0x00, 0x00, 0x00,
    0x00, 0x0e, 0xff, 0xf9, 0x00, 0x00, 0x00, 0x00,
    0x00, 0xbf, 0xff, 0x20, 0x00, 0x00, 0x00, 0x00,
    0x0b, 0xff, 0xb0, 0x00, 0x00, 0x00, 0x00, 0x01,
    0xff, 0xf4, 0x00, 0x00, 0x00, 0x00, 0x00, 0x8f,
    0xfc, 0x00, 0x00, 0x00, 0x00, 0x00, 0x0f, 0xff,
    0x50, 0x00, 0x00, 0x00, 0x00, 0x07, 0xff, 0xe0,
    0x00, 0x00, 0x00, 0x00, 0x00, 0xef, 0xf7, 0x00,
    0x00, 0x00, 0x00, 0x00, 0x5f, 0xff, 0x10, 0x00,
    0x00, 0x00, 0x00,

    /* U+00FE "þ" */
    0x5f, 0xfe, 0x00, 0x00, 0x00, 0x00, 0x00, 0x05,
    0xff, 0xe0, 0x00, 0x00, 0x00, 0x00, 0x00, 0x5f,
    0xfe, 0x00, 0x00, 0x00, 0x00, 0x00, 0x05, 0xff,
    0xe0, 0x00, 0x00, 0x00, 0x00, 0x00, 0x5f, 0xfe,
    0x00, 0x00, 0x00, 0x00, 0x00, 0x05, 0xff, 0xe1,
    0x8d, 0xfe, 0xc6, 0x00, 0x00, 0x5f, 0xff, 0xef,
    0xff, 0xff, 0xfc, 0x10, 0x05, 0xff, 0xff, 0xff,
    0xff, 0xff, 0xfc, 0x00, 0x5f, 0xff, 0xf7, 0x00,
    0x2b, 0xff, 0xf5, 0x05, 0xff, 0xf7, 0x00, 0x00,
    0x0e, 0xff, 0xb0, 0x5f, 0xff, 0x00, 0x00, 0x00,
    0x7f, 0xff, 0x05, 0xff, 0xf0, 0x00, 0x00, 0x04,
    0xff, 0xf1, 0x5f, 0xff, 0x00, 0x00, 0x00, 0x4f,
    0xff, 0x15, 0xff, 0xf0, 0x00, 0x00, 0x06, 0xff,
    0xf0, 0x5f, 0xff, 0x70, 0x00, 0x00, 0xef, 0xfb,
    0x05, 0xff, 0xff, 0x70, 0x02, 0xbf, 0xff, 0x50,
    0x5f, 0xff, 0xff, 0xff, 0xff, 0xff, 0xc0, 0x05,
    0xff, 0xfe, 0xff, 0xff, 0xff, 0xc1, 0x00, 0x5f,
    0xfe, 0x18, 0xdf, 0xec, 0x60, 0x00, 0x05, 0xff,
    0xe0, 0x00, 0x00, 0x00, 0x00, 0x00, 0x5f, 0xfe,
    0x00, 0x00, 0x00, 0x00, 0x00, 0x05, 0xff, 0xe0,
    0x00, 0x00, 0x00, 0x00, 0x00, 0x5f, 0xfe, 0x00,
    0x00, 0x00, 0x00, 0x00, 0x05, 0xff, 0xe0, 0x00,
    0x00, 0x00, 0x00, 0x00,

    /* U+00FF "ÿ" */
    0x00, 0x09, 0xfb, 0x10, 0x4e, 0xe4, 0x00, 0x00,
    0x04, 0xff, 0xf7, 0x0d, 0xff, 0xe0, 0x00, 0x00,
    0x4f, 0xff, 0x70, 0xdf, 0xfe, 0x00, 0x00, 0x00,
    0x9f, 0xb0, 0x04, 0xee, 0x40, 0x00, 0x00, 0x00,
    0x00, 0x00, 0x00, 0x00, 0x00, 0x06, 0xff, 0xe0,
    0x00, 0x00, 0x04, 0xff, 0xf1, 0x0e, 0xff, 0x60,
    0x00, 0x00, 0xcf, 0xf9, 0x00, 0x8f, 0xfd, 0x00,
    0x00, 0x3f, 0xff, 0x20, 0x01, 0xff, 0xf4, 0x00,
    0x0a, 0xff, 0xb0, 0x00, 0x0a, 0xff, 0xb0, 0x01,
    0xff, 0xf4, 0x00, 0x00, 0x3f, 0xff, 0x20, 0x8f,
    0xfd, 0x00, 0x00, 0x00, 0xbf, 0xf9, 0x0e, 0xff,
    0x60, 0x00, 0x00, 0x04, 0xff, 0xf8, 0xff, 0xe0,
    0x00, 0x00, 0x00, 0x0d, 0xff, 0xff, 0xf7, 0x00,
    0x00, 0x00, 0x00, 0x6f, 0xff, 0xff, 0x10, 0x00,
    0x00, 0x00, 0x00, 0xef, 0xff, 0x90, 0x00, 0x00,
    0x00, 0x00, 0x0b, 0xff, 0xf2, 0x00, 0x00, 0x00,
    0x00, 0x00, 0xbf, 0xfb, 0x00, 0x00, 0x00, 0x00,
    0x00, 0x1f, 0xff, 0x40, 0x00, 0x00, 0x00, 0x00,
    0x08, 0xff, 0xc0, 0x00, 0x00, 0x00, 0x00, 0x00,
    0xff, 0xf5, 0x00, 0x00, 0x00, 0x00, 0x00, 0x7f,
    0xfe, 0x00, 0x00, 0x00, 0x00, 0x00, 0x0e, 0xff,
    0x70, 0x00, 0x00, 0x00, 0x00, 0x05, 0xff, 0xf1,
    0x00, 0x00, 0x00, 0x00
};

/*---------------------
 *  GLYPH DESCRIPTION
 *--------------------*/

static const lv_font_fmt_txt_glyph_dsc_t glyph_dsc[] = {
    {.bitmap_index = 0, .adv_w = 0, .box_w = 0, .box_h = 0, .ofs_x = 0, .ofs_y = 0} /* id = 0 reserved */,
    {.bitmap_index = 0, .adv_w = 116, .box_w = 0, .box_h = 0, .ofs_x = 0, .ofs_y = 0},
    {.bitmap_index = 0, .adv_w = 129, .box_w = 6, .box_h = 20, .ofs_x = 1, .ofs_y = 0},
    {.bitmap_index = 60, .adv_w = 148, .box_w = 9, .box_h = 9, .ofs_x = 0, .ofs_y = 10},
    {.bitmap_index = 101, .adv_w = 298, .box_w = 17, .box_h = 19, .ofs_x = 1, .ofs_y = 0},
    {.bitmap_index = 263, .adv_w = 240, .box_w = 13, .box_h = 25, .ofs_x = 1, .ofs_y = -3},
    {.bitmap_index = 426, .adv_w = 332, .box_w = 21, .box_h = 19, .ofs_x = 0, .ofs_y = 0},
    {.bitmap_index = 626, .adv_w = 289, .box_w = 17, .box_h = 21, .ofs_x = 1, .ofs_y = 0},
    {.bitmap_index = 805, .adv_w = 75, .box_w = 4, .box_h = 9, .ofs_x = 0, .ofs_y = 10},
    {.bitmap_index = 823, .adv_w = 157, .box_w = 9, .box_h = 28, .ofs_x = 1, .ofs_y = -5},
    {.bitmap_index = 949, .adv_w = 157, .box_w = 9, .box_h = 28, .ofs_x = 0, .ofs_y = -5},
    {.bitmap_index = 1075, .adv_w = 202, .box_w = 11, .box_h = 11, .ofs_x = 1, .ofs_y = 10},
    {.bitmap_index = 1136, .adv_w = 300, .box_w = 15, .box_h = 14, .ofs_x = 2, .ofs_y = 3},
    {.bitmap_index = 1241, .adv_w = 124, .box_w = 6, .box_h = 10, .ofs_x = 1, .ofs_y = -5},
    {.bitmap_index = 1271, .adv_w = 165, .box_w = 10, .box_h = 3, .ofs_x = 0, .ofs_y = 7},
    {.bitmap_index = 1286, .adv_w = 122, .box_w = 6, .box_h = 5, .ofs_x = 1, .ofs_y = 0},
    {.bitmap_index = 1301, .adv_w = 210, .box_w = 14, .box_h = 24, .ofs_x = 0, .ofs_y = -3},
    {.bitmap_index = 1469, .adv_w = 246, .box_w = 14, .box_h = 19, .ofs_x = 1, .ofs_y = 0},
    {.bitmap_index = 1602, .adv_w = 158, .box_w = 8, .box_h = 19, .ofs_x = 0, .ofs_y = 0},
    {.bitmap_index = 1678, .adv_w = 225, .box_w = 14, .box_h = 19, .ofs_x = 0, .ofs_y = 0},
    {.bitmap_index = 1811, .adv_w = 228, .box_w = 14, .box_h = 19, .ofs_x = 0, .ofs_y = 0},
    {.bitmap_index = 1944, .adv_w = 252, .box_w = 15, .box_h = 19, .ofs_x = 1, .ofs_y = 0},
    {.bitmap_index = 2087, .adv_w = 235, .box_w = 13, .box_h = 19, .ofs_x = 1, .ofs_y = 0},
    {.bitmap_index = 2211, .adv_w = 244, .box_w = 15, .box_h = 19, .ofs_x = 0, .ofs_y = 0},
    {.bitmap_index = 2354, .adv_w = 217, .box_w = 14, .box_h = 19, .ofs_x = 0, .ofs_y = 0},
    {.bitmap_index = 2487, .adv_w = 241, .box_w = 13, .box_h = 19, .ofs_x = 1, .ofs_y = 0},
    {.bitmap_index = 2611, .adv_w = 243, .box_w = 15, .box_h = 19, .ofs_x = 0, .ofs_y = 0},
    {.bitmap_index = 2754, .adv_w = 122, .box_w = 6, .box_h = 14, .ofs_x = 1, .ofs_y = 0},
    {.bitmap_index = 2796, .adv_w = 124, .box_w = 6, .box_h = 19, .ofs_x = 1, .ofs_y = -5},
    {.bitmap_index = 2853, .adv_w = 300, .box_w = 13, .box_h = 15, .ofs_x = 3, .ofs_y = 1},
    {.bitmap_index = 2951, .adv_w = 300, .box_w = 13, .box_h = 8, .ofs_x = 3, .ofs_y = 4},
    {.bitmap_index = 3003, .adv_w = 300, .box_w = 13, .box_h = 15, .ofs_x = 3, .ofs_y = 1},
    {.bitmap_index = 3101, .adv_w = 242, .box_w = 14, .box_h = 21, .ofs_x = 0, .ofs_y = 0},
    {.bitmap_index = 3248, .adv_w = 379, .box_w = 22, .box_h = 22, .ofs_x = 1, .ofs_y = -2},
    {.bitmap_index = 3490, .adv_w = 295, .box_w = 18, .box_h = 19, .ofs_x = 0, .ofs_y = 0},
    {.bitmap_index = 3661, .adv_w = 267, .box_w = 14, .box_h = 19, .ofs_x = 2, .ofs_y = 0},
    {.bitmap_index = 3794, .adv_w = 316, .box_w = 20, .box_h = 19, .ofs_x = 0, .ofs_y = 0},
    {.bitmap_index = 3984, .adv_w = 302, .box_w = 17, .box_h = 19, .ofs_x = 2, .ofs_y = 0},
    {.bitmap_index = 4146, .adv_w = 245, .box_w = 12, .box_h = 19, .ofs_x = 2, .ofs_y = 0},
    {.bitmap_index = 4260, .adv_w = 232, .box_w = 12, .box_h = 19, .ofs_x = 2, .ofs_y = 0},
    {.bitmap_index = 4374, .adv_w = 324, .box_w = 20, .box_h = 19, .ofs_x = 0, .ofs_y = 0},
    {.bitmap_index = 4564, .adv_w = 310, .box_w = 16, .box_h = 19, .ofs_x = 2, .ofs_y = 0},
    {.bitmap_index = 4716, .adv_w = 121, .box_w = 4, .box_h = 19, .ofs_x = 2, .ofs_y = 0},
    {.bitmap_index = 4754, .adv_w = 241, .box_w = 13, .box_h = 19, .ofs_x = 1, .ofs_y = 0},
    {.bitmap_index = 4878, .adv_w = 277, .box_w = 16, .box_h = 19, .ofs_x = 2, .ofs_y = 0},
    {.bitmap_index = 5030, .adv_w = 224, .box_w = 12, .box_h = 19, .ofs_x = 2, .ofs_y = 0},
    {.bitmap_index = 5144, .adv_w = 391, .box_w = 24, .box_h = 19, .ofs_x = 0, .ofs_y = 0},
    {.bitmap_index = 5372, .adv_w = 326, .box_w = 17, .box_h = 19, .ofs_x = 2, .ofs_y = 0},
    {.bitmap_index = 5534, .adv_w = 339, .box_w = 21, .box_h = 19, .ofs_x = 0, .ofs_y = 0},
    {.bitmap_index = 5734, .adv_w = 262, .box_w = 14, .box_h = 19, .ofs_x = 2, .ofs_y = 0},
    {.bitmap_index = 5867, .adv_w = 339, .box_w = 21, .box_h = 20, .ofs_x = 0, .ofs_y = -1},
    {.bitmap_index = 6077, .adv_w = 275, .box_w = 15, .box_h = 19, .ofs_x = 2, .ofs_y = 0},
    {.bitmap_index = 6220, .adv_w = 251, .box_w = 15, .box_h = 19, .ofs_x = 0, .ofs_y = 0},
    {.bitmap_index = 6363, .adv_w = 252, .box_w = 16, .box_h = 19, .ofs_x = 0, .ofs_y = 0},
    {.bitmap_index = 6515, .adv_w = 305, .box_w = 16, .box_h = 19, .ofs_x = 2, .ofs_y = 0},
    {.bitmap_index = 6667, .adv_w = 288, .box_w = 18, .box_h = 19, .ofs_x = 0, .ofs_y = 0},
    {.bitmap_index = 6838, .adv_w = 436, .box_w = 27, .box_h = 19, .ofs_x = 0, .ofs_y = 0},
    {.bitmap_index = 7095, .adv_w = 292, .box_w = 18, .box_h = 19, .ofs_x = 0, .ofs_y = 0},
    {.bitmap_index = 7266, .adv_w = 256, .box_w = 17, .box_h = 19, .ofs_x = -1, .ofs_y = 0},
    {.bitmap_index = 7428, .adv_w = 253, .box_w = 14, .box_h = 19, .ofs_x = 1, .ofs_y = 0},
    {.bitmap_index = 7561, .adv_w = 143, .box_w = 7, .box_h = 26, .ofs_x = 2, .ofs_y = -4},
    {.bitmap_index = 7652, .adv_w = 210, .box_w = 14, .box_h = 24, .ofs_x = 0, .ofs_y = -3},
    {.bitmap_index = 7820, .adv_w = 139, .box_w = 7, .box_h = 26, .ofs_x = 0, .ofs_y = -4},
    {.bitmap_index = 7911, .adv_w = 300, .box_w = 13, .box_h = 8, .ofs_x = 3, .ofs_y = 8},
    {.bitmap_index = 7963, .adv_w = 246, .box_w = 15, .box_h = 3, .ofs_x = 0, .ofs_y = -2},
    {.bitmap_index = 7986, .adv_w = 245, .box_w = 7, .box_h = 7, .ofs_x = 4, .ofs_y = 15},
    {.bitmap_index = 8011, .adv_w = 223, .box_w = 13, .box_h = 14, .ofs_x = 0, .ofs_y = 0},
    {.bitmap_index = 8102, .adv_w = 255, .box_w = 15, .box_h = 19, .ofs_x = 1, .ofs_y = 0},
    {.bitmap_index = 8245, .adv_w = 228, .box_w = 14, .box_h = 14, .ofs_x = 0, .ofs_y = 0},
    {.bitmap_index = 8343, .adv_w = 255, .box_w = 15, .box_h = 19, .ofs_x = 0, .ofs_y = 0},
    {.bitmap_index = 8486, .adv_w = 242, .box_w = 15, .box_h = 14, .ofs_x = 0, .ofs_y = 0},
    {.bitmap_index = 8591, .adv_w = 144, .box_w = 9, .box_h = 19, .ofs_x = 0, .ofs_y = 0},
    {.bitmap_index = 8677, .adv_w = 258, .box_w = 15, .box_h = 19, .ofs_x = 0, .ofs_y = -5},
    {.bitmap_index = 8820, .adv_w = 247, .box_w = 13, .box_h = 19, .ofs_x = 1, .ofs_y = 0},
    {.bitmap_index = 8944, .adv_w = 108, .box_w = 5, .box_h = 20, .ofs_x = 1, .ofs_y = 0},
    {.bitmap_index = 8994, .adv_w = 109, .box_w = 7, .box_h = 26, .ofs_x = -1, .ofs_y = -5},
    {.bitmap_index = 9085, .adv_w = 214, .box_w = 13, .box_h = 19, .ofs_x = 1, .ofs_y = 0},
    {.bitmap_index = 9209, .adv_w = 114, .box_w = 6, .box_h = 19, .ofs_x = 1, .ofs_y = 0},
    {.bitmap_index = 9266, .adv_w = 379, .box_w = 22, .box_h = 14, .ofs_x = 1, .ofs_y = 0},
    {.bitmap_index = 9420, .adv_w = 247, .box_w = 13, .box_h = 14, .ofs_x = 1, .ofs_y = 0},
    {.bitmap_index = 9511, .adv_w = 254, .box_w = 15, .box_h = 14, .ofs_x = 0, .ofs_y = 0},
    {.bitmap_index = 9616, .adv_w = 255, .box_w = 15, .box_h = 19, .ofs_x = 1, .ofs_y = -5},
    {.bitmap_index = 9759, .adv_w = 255, .box_w = 15, .box_h = 19, .ofs_x = 0, .ofs_y = -5},
    {.bitmap_index = 9902, .adv_w = 158, .box_w = 9, .box_h = 14, .ofs_x = 1, .ofs_y = 0},
    {.bitmap_index = 9965, .adv_w = 197, .box_w = 12, .box_h = 14, .ofs_x = 0, .ofs_y = 0},
    {.bitmap_index = 10049, .adv_w = 167, .box_w = 10, .box_h = 17, .ofs_x = 0, .ofs_y = 0},
    {.bitmap_index = 10134, .adv_w = 247, .box_w = 13, .box_h = 14, .ofs_x = 1, .ofs_y = 0},
    {.bitmap_index = 10225, .adv_w = 229, .box_w = 14, .box_h = 14, .ofs_x = 0, .ofs_y = 0},
    {.bitmap_index = 10323, .adv_w = 332, .box_w = 21, .box_h = 14, .ofs_x = 0, .ofs_y = 0},
    {.bitmap_index = 10470, .adv_w = 225, .box_w = 14, .box_h = 14, .ofs_x = 0, .ofs_y = 0},
    {.bitmap_index = 10568, .adv_w = 232, .box_w = 15, .box_h = 19, .ofs_x = 0, .ofs_y = -5},
    {.bitmap_index = 10711, .adv_w = 207, .box_w = 11, .box_h = 14, .ofs_x = 1, .ofs_y = 0},
    {.bitmap_index = 10788, .adv_w = 142, .box_w = 7, .box_h = 27, .ofs_x = 1, .ofs_y = -4},
    {.bitmap_index = 10883, .adv_w = 117, .box_w = 4, .box_h = 27, .ofs_x = 2, .ofs_y = -3},
    {.bitmap_index = 10937, .adv_w = 142, .box_w = 7, .box_h = 27, .ofs_x = 1, .ofs_y = -4},
    {.bitmap_index = 11032, .adv_w = 300, .box_w = 17, .box_h = 7, .ofs_x = 1, .ofs_y = 5},
    {.bitmap_index = 11092, .adv_w = 116, .box_w = 0, .box_h = 0, .ofs_x = 0, .ofs_y = 0},
    {.bitmap_index = 11092, .adv_w = 129, .box_w = 6, .box_h = 20, .ofs_x = 1, .ofs_y = -5},
    {.bitmap_index = 11152, .adv_w = 237, .box_w = 14, .box_h = 20, .ofs_x = 1, .ofs_y = 0},
    {.bitmap_index = 11292, .adv_w = 228, .box_w = 13, .box_h = 19, .ofs_x = 1, .ofs_y = 0},
    {.bitmap_index = 11416, .adv_w = 266, .box_w = 15, .box_h = 16, .ofs_x = 1, .ofs_y = 1},
    {.bitmap_index = 11536, .adv_w = 241, .box_w = 15, .box_h = 18, .ofs_x = 0, .ofs_y = 0},
    {.bitmap_index = 11671, .adv_w = 117, .box_w = 4, .box_h = 27, .ofs_x = 2, .ofs_y = -3},
    {.bitmap_index = 11725, .adv_w = 234, .box_w = 13, .box_h = 25, .ofs_x = 1, .ofs_y = -4},
    {.bitmap_index = 11888, .adv_w = 245, .box_w = 11, .box_h = 4, .ofs_x = 2, .ofs_y = 16},
    {.bitmap_index = 11910, .adv_w = 300, .box_w = 17, .box_h = 17, .ofs_x = 1, .ofs_y = 5},
    {.bitmap_index = 12055, .adv_w = 169, .box_w = 10, .box_h = 11, .ofs_x = 0, .ofs_y = 9},
    {.bitmap_index = 12110, .adv_w = 246, .box_w = 14, .box_h = 12, .ofs_x = 1, .ofs_y = 2},
    {.bitmap_index = 12194, .adv_w = 300, .box_w = 14, .box_h = 9, .ofs_x = 2, .ofs_y = 2},
    {.bitmap_index = 12257, .adv_w = 300, .box_w = 17, .box_h = 17, .ofs_x = 1, .ofs_y = 5},
    {.bitmap_index = 12402, .adv_w = 245, .box_w = 9, .box_h = 3, .ofs_x = 3, .ofs_y = 16},
    {.bitmap_index = 12416, .adv_w = 182, .box_w = 11, .box_h = 10, .ofs_x = 0, .ofs_y = 10},
    {.bitmap_index = 12471, .adv_w = 300, .box_w = 15, .box_h = 18, .ofs_x = 2, .ofs_y = 0},
    {.bitmap_index = 12606, .adv_w = 155, .box_w = 9, .box_h = 12, .ofs_x = 0, .ofs_y = 10},
    {.bitmap_index = 12660, .adv_w = 150, .box_w = 9, .box_h = 12, .ofs_x = 0, .ofs_y = 10},
    {.bitmap_index = 12714, .adv_w = 245, .box_w = 7, .box_h = 7, .ofs_x = 4, .ofs_y = 15},
    {.bitmap_index = 12739, .adv_w = 247, .box_w = 13, .box_h = 19, .ofs_x = 1, .ofs_y = -5},
    {.bitmap_index = 12863, .adv_w = 308, .box_w = 18, .box_h = 24, .ofs_x = 1, .ofs_y = -4},
    {.bitmap_index = 13079, .adv_w = 122, .box_w = 6, .box_h = 5, .ofs_x = 1, .ofs_y = 5},
    {.bitmap_index = 13094, .adv_w = 245, .box_w = 7, .box_h = 6, .ofs_x = 4, .ofs_y = -6},
    {.bitmap_index = 13115, .adv_w = 106, .box_w = 6, .box_h = 12, .ofs_x = 0, .ofs_y = 10},
    {.bitmap_index = 13151, .adv_w = 198, .box_w = 12, .box_h = 11, .ofs_x = 0, .ofs_y = 8},
    {.bitmap_index = 13217, .adv_w = 246, .box_w = 15, .box_h = 12, .ofs_x = 0, .ofs_y = 2},
    {.bitmap_index = 13307, .adv_w = 378, .box_w = 24, .box_h = 22, .ofs_x = 0, .ofs_y = -2},
    {.bitmap_index = 13571, .adv_w = 374, .box_w = 23, .box_h = 22, .ofs_x = 0, .ofs_y = -2},
    {.bitmap_index = 13824, .adv_w = 419, .box_w = 26, .box_h = 22, .ofs_x = 0, .ofs_y = -2},
    {.bitmap_index = 14110, .adv_w = 222, .box_w = 14, .box_h = 21, .ofs_x = 1, .ofs_y = -5},
    {.bitmap_index = 14257, .adv_w = 295, .box_w = 18, .box_h = 27, .ofs_x = 0, .ofs_y = 0},
    {.bitmap_index = 14500, .adv_w = 295, .box_w = 18, .box_h = 27, .ofs_x = 0, .ofs_y = 0},
    {.bitmap_index = 14743, .adv_w = 295, .box_w = 18, .box_h = 27, .ofs_x = 0, .ofs_y = 0},
    {.bitmap_index = 14986, .adv_w = 295, .box_w = 18, .box_h = 26, .ofs_x = 0, .ofs_y = 0},
    {.bitmap_index = 15220, .adv_w = 295, .box_w = 18, .box_h = 25, .ofs_x = 0, .ofs_y = 0},
    {.bitmap_index = 15445, .adv_w = 295, .box_w = 18, .box_h = 27, .ofs_x = 0, .ofs_y = 0},
    {.bitmap_index = 15688, .adv_w = 377, .box_w = 23, .box_h = 19, .ofs_x = 0, .ofs_y = 0},
    {.bitmap_index = 15907, .adv_w = 316, .box_w = 20, .box_h = 24, .ofs_x = 0, .ofs_y = -5},
    {.bitmap_index = 16147, .adv_w = 245, .box_w = 12, .box_h = 27, .ofs_x = 2, .ofs_y = 0},
    {.bitmap_index = 16309, .adv_w = 245, .box_w = 12, .box_h = 27, .ofs_x = 2, .ofs_y = 0},
    {.bitmap_index = 16471, .adv_w = 245, .box_w = 12, .box_h = 27, .ofs_x = 2, .ofs_y = 0},
    {.bitmap_index = 16633, .adv_w = 245, .box_w = 12, .box_h = 25, .ofs_x = 2, .ofs_y = 0},
    {.bitmap_index = 16783, .adv_w = 121, .box_w = 7, .box_h = 27, .ofs_x = -1, .ofs_y = 0},
    {.bitmap_index = 16878, .adv_w = 121, .box_w = 7, .box_h = 27, .ofs_x = 1, .ofs_y = 0},
    {.bitmap_index = 16973, .adv_w = 121, .box_w = 8, .box_h = 27, .ofs_x = 0, .ofs_y = 0},
    {.bitmap_index = 17081, .adv_w = 121, .box_w = 9, .box_h = 25, .ofs_x = -1, .ofs_y = 0},
    {.bitmap_index = 17194, .adv_w = 320, .box_w = 19, .box_h = 19, .ofs_x = 0, .ofs_y = 0},
    {.bitmap_index = 17375, .adv_w = 326, .box_w = 17, .box_h = 26, .ofs_x = 2, .ofs_y = 0},
    {.bitmap_index = 17596, .adv_w = 339, .box_w = 21, .box_h = 27, .ofs_x = 0, .ofs_y = 0},
    {.bitmap_index = 17880, .adv_w = 339, .box_w = 21, .box_h = 27, .ofs_x = 0, .ofs_y = 0},
    {.bitmap_index = 18164, .adv_w = 339, .box_w = 21, .box_h = 27, .ofs_x = 0, .ofs_y = 0},
    {.bitmap_index = 18448, .adv_w = 339, .box_w = 21, .box_h = 26, .ofs_x = 0, .ofs_y = 0},
    {.bitmap_index = 18721, .adv_w = 339, .box_w = 21, .box_h = 26, .ofs_x = 0, .ofs_y = 0},
    {.bitmap_index = 18994, .adv_w = 300, .box_w = 13, .box_h = 13, .ofs_x = 3, .ofs_y = 3},
    {.bitmap_index = 19079, .adv_w = 339, .box_w = 21, .box_h = 21, .ofs_x = 0, .ofs_y = -1},
    {.bitmap_index = 19300, .adv_w = 305, .box_w = 16, .box_h = 27, .ofs_x = 2, .ofs_y = 0},
    {.bitmap_index = 19516, .adv_w = 305, .box_w = 16, .box_h = 27, .ofs_x = 2, .ofs_y = 0},
    {.bitmap_index = 19732, .adv_w = 305, .box_w = 16, .box_h = 27, .ofs_x = 2, .ofs_y = 0},
    {.bitmap_index = 19948, .adv_w = 305, .box_w = 16, .box_h = 26, .ofs_x = 2, .ofs_y = 0},
    {.bitmap_index = 20156, .adv_w = 256, .box_w = 17, .box_h = 27, .ofs_x = -1, .ofs_y = 0},
    {.bitmap_index = 20386, .adv_w = 262, .box_w = 14, .box_h = 19, .ofs_x = 2, .ofs_y = 0},
    {.bitmap_index = 20519, .adv_w = 254, .box_w = 15, .box_h = 19, .ofs_x = 1, .ofs_y = 0},
    {.bitmap_index = 20662, .adv_w = 223, .box_w = 13, .box_h = 22, .ofs_x = 0, .ofs_y = 0},
    {.bitmap_index = 20805, .adv_w = 223, .box_w = 13, .box_h = 22, .ofs_x = 0, .ofs_y = 0},
    {.bitmap_index = 20948, .adv_w = 223, .box_w = 13, .box_h = 22, .ofs_x = 0, .ofs_y = 0},
    {.bitmap_index = 21091, .adv_w = 223, .box_w = 13, .box_h = 21, .ofs_x = 0, .ofs_y = 0},
    {.bitmap_index = 21228, .adv_w = 223, .box_w = 13, .box_h = 19, .ofs_x = 0, .ofs_y = 0},
    {.bitmap_index = 21352, .adv_w = 223, .box_w = 13, .box_h = 22, .ofs_x = 0, .ofs_y = 0},
    {.bitmap_index = 21495, .adv_w = 349, .box_w = 22, .box_h = 14, .ofs_x = 0, .ofs_y = 0},
    {.bitmap_index = 21649, .adv_w = 228, .box_w = 14, .box_h = 19, .ofs_x = 0, .ofs_y = -5},
    {.bitmap_index = 21782, .adv_w = 242, .box_w = 15, .box_h = 22, .ofs_x = 0, .ofs_y = 0},
    {.bitmap_index = 21947, .adv_w = 242, .box_w = 15, .box_h = 22, .ofs_x = 0, .ofs_y = 0},
    {.bitmap_index = 22112, .adv_w = 242, .box_w = 15, .box_h = 22, .ofs_x = 0, .ofs_y = 0},
    {.bitmap_index = 22277, .adv_w = 242, .box_w = 15, .box_h = 19, .ofs_x = 0, .ofs_y = 0},
    {.bitmap_index = 22420, .adv_w = 108, .box_w = 7, .box_h = 22, .ofs_x = -1, .ofs_y = 0},
    {.bitmap_index = 22497, .adv_w = 108, .box_w = 7, .box_h = 22, .ofs_x = 1, .ofs_y = 0},
    {.bitmap_index = 22574, .adv_w = 108, .box_w = 9, .box_h = 22, .ofs_x = -1, .ofs_y = 0},
    {.bitmap_index = 22673, .adv_w = 108, .box_w = 9, .box_h = 19, .ofs_x = -1, .ofs_y = 0},
    {.bitmap_index = 22759, .adv_w = 249, .box_w = 14, .box_h = 21, .ofs_x = 1, .ofs_y = 0},
    {.bitmap_index = 22906, .adv_w = 247, .box_w = 13, .box_h = 20, .ofs_x = 1, .ofs_y = 0},
    {.bitmap_index = 23036, .adv_w = 254, .box_w = 15, .box_h = 22, .ofs_x = 0, .ofs_y = 0},
    {.bitmap_index = 23201, .adv_w = 254, .box_w = 15, .box_h = 22, .ofs_x = 0, .ofs_y = 0},
    {.bitmap_index = 23366, .adv_w = 254, .box_w = 15, .box_h = 22, .ofs_x = 0, .ofs_y = 0},
    {.bitmap_index = 23531, .adv_w = 254, .box_w = 15, .box_h = 20, .ofs_x = 0, .ofs_y = 0},
    {.bitmap_index = 23681, .adv_w = 254, .box_w = 15, .box_h = 19, .ofs_x = 0, .ofs_y = 0},
    {.bitmap_index = 23824, .adv_w = 300, .box_w = 15, .box_h = 15, .ofs_x = 2, .ofs_y = 2},
    {.bitmap_index = 23937, .adv_w = 262, .box_w = 15, .box_h = 16, .ofs_x = 1, .ofs_y = -1},
    {.bitmap_index = 24057, .adv_w = 247, .box_w = 13, .box_h = 22, .ofs_x = 1, .ofs_y = 0},
    {.bitmap_index = 24200, .adv_w = 247, .box_w = 13, .box_h = 22, .ofs_x = 1, .ofs_y = 0},
    {.bitmap_index = 24343, .adv_w = 247, .box_w = 13, .box_h = 22, .ofs_x = 1, .ofs_y = 0},
    {.bitmap_index = 24486, .adv_w = 247, .box_w = 13, .box_h = 19, .ofs_x = 1, .ofs_y = 0},
    {.bitmap_index = 24610, .adv_w = 232, .box_w = 15, .box_h = 27, .ofs_x = 0, .ofs_y = -5},
    {.bitmap_index = 24813, .adv_w = 255, .box_w = 15, .box_h = 24, .ofs_x = 1, .ofs_y = -5},
    {.bitmap_index = 24993, .adv_w = 232, .box_w = 15, .box_h = 24, .ofs_x = 0, .ofs_y = -5}
};

/*---------------------
 *  CHARACTER MAPPING
 *--------------------*/



/*Collect the unicode lists and glyph_id offsets*/
static const lv_font_fmt_txt_cmap_t cmaps[] =
{
    {
        .range_start = 32, .range_length = 95, .glyph_id_start = 1,
        .unicode_list = NULL, .glyph_id_ofs_list = NULL, .list_length = 0, .type = LV_FONT_FMT_TXT_CMAP_FORMAT0_TINY
    },
    {
        .range_start = 160, .range_length = 13, .glyph_id_start = 96,
        .unicode_list = NULL, .glyph_id_ofs_list = NULL, .list_length = 0, .type = LV_FONT_FMT_TXT_CMAP_FORMAT0_TINY
    },
    {
        .range_start = 174, .range_length = 82, .glyph_id_start = 109,
        .unicode_list = NULL, .glyph_id_ofs_list = NULL, .list_length = 0, .type = LV_FONT_FMT_TXT_CMAP_FORMAT0_TINY
    }
};



/*--------------------
 *  ALL CUSTOM DATA
 *--------------------*/

#if LVGL_VERSION_MAJOR == 8
/*Store all the custom data of the font*/
static  lv_font_fmt_txt_glyph_cache_t cache;
#endif

#if LVGL_VERSION_MAJOR >= 8
static const lv_font_fmt_txt_dsc_t font_dsc = {
#else
static lv_font_fmt_txt_dsc_t font_dsc = {
#endif
    .glyph_bitmap = glyph_bitmap,
    .glyph_dsc = glyph_dsc,
    .cmaps = cmaps,
    .kern_dsc = NULL,
    .kern_scale = 0,
    .cmap_num = 3,
    .bpp = 4,
    .kern_classes = 0,
    .bitmap_format = 0,
#if LVGL_VERSION_MAJOR == 8
    .cache = &cache
#endif

};



/*-----------------
 *  PUBLIC FONT
 *----------------*/

/*Initialize a public general font descriptor*/
#if LVGL_VERSION_MAJOR >= 8
const lv_font_t font_medium_28_data = {
#else
lv_font_t font_medium_28_data = {
#endif
    .get_glyph_dsc = lv_font_get_glyph_dsc_fmt_txt,    /*Function pointer to get glyph's data*/
    .get_glyph_bitmap = lv_font_get_bitmap_fmt_txt,    /*Function pointer to get glyph's bitmap*/
    .line_height = 33,          /*The maximum line height required by the font*/
    .base_line = 6,             /*Baseline measured from the bottom of the line*/
#if LV_VERSION_CHECK(9, 6, 0) || LVGL_VERSION_MAJOR >= 10
    .cap_height = 19,           /*Cap height of the font*/
    .x_height = 14,               /*x-height of the font*/
#endif
#if !(LVGL_VERSION_MAJOR == 6 && LVGL_VERSION_MINOR == 0)
    .subpx = LV_FONT_SUBPX_NONE,
#endif
#if LV_VERSION_CHECK(7, 4, 0) || LVGL_VERSION_MAJOR >= 8
    .underline_position = -5,
    .underline_thickness = 2,
#endif

#if LV_VERSION_CHECK(9, 3, 0)
    .static_bitmap = 1,    /*Bitmaps are stored as const so they are always static if not compressed */
#endif

    .dsc = &font_dsc,          /*The custom font data. Will be accessed by `get_glyph_bitmap/dsc` */
#if LV_VERSION_CHECK(8, 2, 0) || LVGL_VERSION_MAJOR >= 9
    .fallback = NULL,
#endif
    .user_data = NULL,
};



#endif /*#if FONT_MEDIUM_28_DATA*/
